comm_id,from_suspect_id,to_suspect_id,comm_type,comm_date,comm_time,duration_seconds,is_encrypted,relevance_score,analyzed
COMM-0000001,VD-000028,VD-000528,E-Mail,2023-07-18,23:39,2629.0,True,10,True
COMM-0000002,VD-000665,VD-000973,Signal,2024-09-29,19:03,1933.0,True,2,False
COMM-0000003,VD-000386,VD-000243,E-Mail,2024-12-05,22:21,,False,9,True
COMM-0000004,VD-000930,VD-000146,Telegram,2023-05-12,01:09,2062.0,True,5,True
COMM-0000005,VD-000634,VD-000878,Telefonat,2024-05-27,19:34,363.0,True,4,True
COMM-0000006,VD-000687,VD-000344,Persönlicher Kontakt,2023-11-12,22:35,,False,4,False
COMM-0000007,VD-000620,VD-000243,Persönlicher Kontakt,2025-10-25,10:36,1537.0,False,8,True
COMM-0000008,VD-000975,VD-000736,Brief,2023-06-14,05:30,1456.0,True,10,False
COMM-0000009,VD-000741,VD-000804,Signal,2024-06-20,22:51,3460.0,False,5,True
COMM-0000010,VD-000616,VD-000143,Social Media,2024-05-29,12:18,483.0,True,1,True
COMM-0000011,VD-000598,VD-000028,Telefonat,2023-12-05,05:46,349.0,True,8,False
COMM-0000012,VD-000951,VD-000386,Persönlicher Kontakt,2024-05-14,19:00,26.0,False,2,True
COMM-0000013,VD-000190,VD-000752,Social Media,2024-02-06,05:06,,False,3,False
COMM-0000014,VD-000186,VD-000763,Telefonat,2025-01-04,04:49,2058.0,True,4,False
COMM-0000015,VD-000567,VD-000667,WhatsApp,2023-09-30,07:33,2231.0,False,6,False
COMM-0000016,VD-000490,VD-000632,Persönlicher Kontakt,2025-05-10,22:12,663.0,True,6,False
COMM-0000017,VD-000059,VD-000057,Telefonat,2023-01-04,00:17,2123.0,True,6,True
COMM-0000018,VD-000889,VD-000807,SMS,2024-09-14,20:21,,False,6,True
COMM-0000019,VD-000759,VD-000207,Signal,2024-03-11,15:02,2385.0,True,7,False
COMM-0000020,VD-000577,VD-000141,Social Media,2023-04-07,21:03,2858.0,False,2,False
COMM-0000021,VD-000459,VD-000950,Telefonat,2023-10-01,03:41,,False,5,True
COMM-0000022,VD-000149,VD-000958,Persönlicher Kontakt,2023-08-23,20:49,1720.0,False,3,False
COMM-0000023,VD-000308,VD-000926,Brief,2024-10-10,13:31,,True,3,False
COMM-0000024,VD-000554,VD-000788,E-Mail,2025-07-18,05:07,973.0,True,6,True
COMM-0000025,VD-000415,VD-000099,E-Mail,2025-10-19,18:47,,False,1,False
COMM-0000026,VD-000795,VD-000937,WhatsApp,2025-02-06,20:24,441.0,True,2,True
COMM-0000027,VD-000222,VD-000861,Brief,2023-10-08,19:09,3446.0,True,5,True
COMM-0000028,VD-000169,VD-000780,Social Media,2023-11-14,06:46,3070.0,False,5,False
COMM-0000029,VD-000777,VD-000275,SMS,2024-08-31,20:08,74.0,False,4,False
COMM-0000030,VD-000731,VD-000968,Social Media,2024-01-18,23:53,970.0,True,6,True
COMM-0000031,VD-000361,VD-000556,E-Mail,2023-06-15,15:47,,False,6,True
COMM-0000032,VD-000578,VD-000847,E-Mail,2025-01-25,07:18,,True,4,True
COMM-0000033,VD-000077,VD-000077,Telegram,2023-07-06,15:02,,True,8,True
COMM-0000034,VD-000918,VD-000583,Persönlicher Kontakt,2024-05-02,07:52,358.0,True,2,True
COMM-0000035,VD-000648,VD-000445,E-Mail,2025-07-27,07:31,1542.0,False,7,False
COMM-0000036,VD-000176,VD-000223,Telefonat,2023-08-14,02:27,1266.0,True,1,True
COMM-0000037,VD-000773,VD-000131,Telefonat,2023-08-01,13:25,,False,8,True
COMM-0000038,VD-000979,VD-000978,Social Media,2025-01-31,19:18,640.0,False,5,False
COMM-0000039,VD-000128,VD-000129,Persönlicher Kontakt,2024-07-08,13:15,,False,9,True
COMM-0000040,VD-000538,VD-000156,WhatsApp,2023-12-04,07:04,2040.0,True,7,False
COMM-0000041,VD-000216,VD-000325,Telegram,2024-05-01,12:35,,False,6,False
COMM-0000042,VD-000569,VD-000511,Social Media,2024-10-16,01:24,2691.0,False,7,True
COMM-0000043,VD-000668,VD-000971,Social Media,2025-03-08,23:22,115.0,False,6,False
COMM-0000044,VD-000215,VD-000549,Persönlicher Kontakt,2025-05-08,23:11,,False,2,True
COMM-0000045,VD-000479,VD-000585,Signal,2023-05-28,17:53,,False,10,False
COMM-0000046,VD-000683,VD-000429,Telefonat,2025-04-30,06:20,750.0,True,9,True
COMM-0000047,VD-000348,VD-000796,Signal,2023-11-12,11:30,363.0,False,10,False
COMM-0000048,VD-000198,VD-000154,Signal,2025-04-07,03:59,,False,8,False
COMM-0000049,VD-000938,VD-000057,E-Mail,2025-07-20,06:29,1656.0,True,10,True
COMM-0000050,VD-000189,VD-000285,Telegram,2024-05-27,20:41,527.0,False,2,False
COMM-0000051,VD-000279,VD-000591,Brief,2025-10-17,08:33,2551.0,False,9,True
COMM-0000052,VD-000045,VD-000807,Telegram,2025-02-27,16:12,3038.0,True,9,True
COMM-0000053,VD-000861,VD-000110,Social Media,2023-05-16,03:19,1537.0,True,7,True
COMM-0000054,VD-000593,VD-000600,Persönlicher Kontakt,2025-06-16,07:16,3567.0,False,1,False
COMM-0000055,VD-000753,VD-000874,Social Media,2023-03-18,17:11,2740.0,True,3,True
COMM-0000056,VD-000546,VD-000819,WhatsApp,2025-10-12,00:40,2932.0,True,8,True
COMM-0000057,VD-000734,VD-000628,WhatsApp,2024-01-07,23:48,2779.0,True,9,False
COMM-0000058,VD-000875,VD-000230,E-Mail,2024-12-11,15:31,1950.0,True,6,False
COMM-0000059,VD-000938,VD-000885,WhatsApp,2023-04-13,14:05,318.0,False,3,False
COMM-0000060,VD-000438,VD-000418,Signal,2025-08-26,22:37,,True,5,False
COMM-0000061,VD-000954,VD-000450,Telegram,2024-12-29,09:20,,True,6,False
COMM-0000062,VD-000370,VD-000357,Telegram,2024-11-27,10:59,567.0,True,3,True
COMM-0000063,VD-000584,VD-000101,Telegram,2025-07-21,22:43,63.0,True,9,False
COMM-0000064,VD-000195,VD-000735,Signal,2024-06-10,23:30,,True,8,True
COMM-0000065,VD-000615,VD-000484,E-Mail,2023-10-24,15:59,,True,10,False
COMM-0000066,VD-000915,VD-000349,Telegram,2025-01-05,13:36,714.0,False,2,False
COMM-0000067,VD-000276,VD-000316,Social Media,2023-10-19,06:59,418.0,False,6,False
COMM-0000068,VD-000222,VD-000052,Social Media,2023-11-25,19:25,,True,7,False
COMM-0000069,VD-000393,VD-000357,Signal,2024-07-17,02:29,1944.0,True,4,False
COMM-0000070,VD-000691,VD-000239,Social Media,2023-10-02,04:12,643.0,False,7,False
COMM-0000071,VD-000443,VD-000390,WhatsApp,2024-06-01,15:45,2058.0,True,9,False
COMM-0000072,VD-000915,VD-000980,E-Mail,2024-07-14,20:20,1156.0,True,8,True
COMM-0000073,VD-000582,VD-000653,SMS,2025-01-27,17:04,2085.0,True,9,False
COMM-0000074,VD-000503,VD-000437,Persönlicher Kontakt,2024-07-17,20:10,2236.0,False,3,False
COMM-0000075,VD-000196,VD-000328,E-Mail,2025-04-12,05:07,1683.0,True,4,False
COMM-0000076,VD-000681,VD-000983,WhatsApp,2025-01-06,12:58,,True,3,False
COMM-0000077,VD-000224,VD-000481,Persönlicher Kontakt,2025-01-29,16:34,2815.0,True,5,True
COMM-0000078,VD-000618,VD-000861,Telegram,2023-07-01,20:50,,True,3,False
COMM-0000079,VD-000465,VD-000022,WhatsApp,2024-08-10,08:40,3376.0,True,2,True
COMM-0000080,VD-000711,VD-000317,E-Mail,2025-03-30,17:48,2075.0,True,2,False
COMM-0000081,VD-000800,VD-000293,Telegram,2024-05-29,11:39,3354.0,False,8,True
COMM-0000082,VD-000758,VD-000100,SMS,2023-09-14,04:07,284.0,False,3,True
COMM-0000083,VD-000075,VD-000014,E-Mail,2023-05-03,19:11,2215.0,True,3,True
COMM-0000084,VD-000271,VD-000391,Brief,2024-09-15,11:01,1510.0,True,5,False
COMM-0000085,VD-000727,VD-000138,E-Mail,2023-05-27,08:31,,True,2,False
COMM-0000086,VD-000210,VD-000823,Persönlicher Kontakt,2025-10-10,22:19,1630.0,False,7,True
COMM-0000087,VD-000416,VD-000784,SMS,2024-09-21,03:29,1568.0,False,10,True
COMM-0000088,VD-000116,VD-000031,Social Media,2023-06-15,20:44,2238.0,True,10,False
COMM-0000089,VD-000582,VD-000346,E-Mail,2024-01-27,14:13,1978.0,False,2,True
COMM-0000090,VD-000732,VD-000277,Signal,2023-04-04,00:16,3045.0,False,3,False
COMM-0000091,VD-000538,VD-000234,Brief,2024-01-25,07:37,,True,8,True
COMM-0000092,VD-000428,VD-000711,Signal,2024-03-05,21:37,,True,7,True
COMM-0000093,VD-000341,VD-000802,Signal,2024-02-23,08:38,3573.0,False,5,False
COMM-0000094,VD-000004,VD-000484,E-Mail,2023-08-19,07:56,2498.0,False,6,True
COMM-0000095,VD-000465,VD-000170,Signal,2023-04-15,22:16,1532.0,False,1,True
COMM-0000096,VD-000695,VD-000573,E-Mail,2025-10-07,22:42,472.0,False,8,False
COMM-0000097,VD-000163,VD-000531,Social Media,2023-09-23,18:37,,False,3,True
COMM-0000098,VD-000913,VD-000102,Telefonat,2024-02-10,22:48,1190.0,False,2,False
COMM-0000099,VD-000586,VD-000947,E-Mail,2024-12-14,13:57,2416.0,True,9,False
COMM-0000100,VD-000548,VD-000821,Social Media,2025-11-13,10:35,2686.0,True,9,True
COMM-0000101,VD-000393,VD-000466,E-Mail,2025-03-17,14:07,1345.0,True,9,True
COMM-0000102,VD-000434,VD-000256,Signal,2024-09-28,17:03,70.0,False,8,True
COMM-0000103,VD-000211,VD-000244,E-Mail,2025-06-10,20:40,685.0,True,2,False
COMM-0000104,VD-000275,VD-000727,WhatsApp,2023-12-18,17:01,3157.0,True,2,True
COMM-0000105,VD-000739,VD-000541,Persönlicher Kontakt,2024-02-04,10:02,,True,7,False
COMM-0000106,VD-000667,VD-000345,Signal,2025-04-08,15:21,,False,3,True
COMM-0000107,VD-000315,VD-000632,Telefonat,2023-06-24,00:25,1702.0,True,3,True
COMM-0000108,VD-000557,VD-000113,Persönlicher Kontakt,2025-01-21,00:48,625.0,True,8,False
COMM-0000109,VD-000362,VD-000992,Telefonat,2024-06-24,11:51,,False,3,True
COMM-0000110,VD-000260,VD-000646,Social Media,2023-09-27,21:24,2540.0,False,3,True
COMM-0000111,VD-000371,VD-000702,Social Media,2023-01-24,11:36,3228.0,False,8,False
COMM-0000112,VD-000238,VD-000007,WhatsApp,2023-09-03,21:31,632.0,False,3,True
COMM-0000113,VD-000064,VD-000797,E-Mail,2024-09-04,21:09,2087.0,True,9,True
COMM-0000114,VD-000823,VD-000408,WhatsApp,2024-08-13,10:21,1632.0,False,7,False
COMM-0000115,VD-000048,VD-000832,Brief,2024-08-03,18:07,,False,1,False
COMM-0000116,VD-000643,VD-000113,SMS,2025-08-20,07:52,,False,3,True
COMM-0000117,VD-000935,VD-000435,Persönlicher Kontakt,2024-10-14,05:40,2297.0,True,3,True
COMM-0000118,VD-000541,VD-000294,Telegram,2025-02-16,11:51,1344.0,False,3,True
COMM-0000119,VD-000201,VD-000204,E-Mail,2023-07-20,00:23,3297.0,True,8,True
COMM-0000120,VD-000042,VD-000178,Telefonat,2024-07-27,15:07,,False,8,True
COMM-0000121,VD-000060,VD-000101,Persönlicher Kontakt,2023-06-30,08:41,2175.0,True,9,True
COMM-0000122,VD-000692,VD-000804,E-Mail,2023-08-17,14:08,1455.0,False,6,False
COMM-0000123,VD-000625,VD-000256,E-Mail,2023-12-21,15:27,854.0,True,3,True
COMM-0000124,VD-000839,VD-000001,Social Media,2024-01-24,09:34,3099.0,True,2,True
COMM-0000125,VD-000030,VD-000993,Social Media,2025-04-04,23:33,3584.0,True,2,False
COMM-0000126,VD-000625,VD-000284,E-Mail,2024-08-17,00:55,,True,9,True
COMM-0000127,VD-000333,VD-000180,Telegram,2024-01-19,09:34,3226.0,False,4,True
COMM-0000128,VD-000904,VD-000184,Persönlicher Kontakt,2025-10-20,17:08,3228.0,True,6,False
COMM-0000129,VD-000500,VD-000671,SMS,2025-04-17,18:08,320.0,True,5,False
COMM-0000130,VD-000117,VD-000454,SMS,2024-09-18,20:22,,True,10,False
COMM-0000131,VD-000548,VD-000607,Telefonat,2023-05-16,15:44,285.0,False,3,True
COMM-0000132,VD-000578,VD-000610,WhatsApp,2024-06-03,21:41,3553.0,False,3,False
COMM-0000133,VD-000102,VD-000867,SMS,2025-01-25,06:11,69.0,False,9,False
COMM-0000134,VD-000782,VD-000872,Brief,2024-03-13,08:50,2185.0,False,9,True
COMM-0000135,VD-000537,VD-000184,Brief,2024-06-21,12:40,,True,4,False
COMM-0000136,VD-000577,VD-000005,SMS,2024-02-25,09:46,108.0,True,9,True
COMM-0000137,VD-000141,VD-000374,Brief,2023-06-10,07:31,705.0,True,1,False
COMM-0000138,VD-000471,VD-000742,WhatsApp,2025-04-10,06:32,142.0,False,7,False
COMM-0000139,VD-000367,VD-000422,Brief,2023-09-14,00:21,1535.0,True,5,True
COMM-0000140,VD-000250,VD-000372,Persönlicher Kontakt,2024-10-04,10:03,,False,8,True
COMM-0000141,VD-000249,VD-000766,Telegram,2024-10-13,23:20,3228.0,False,1,False
COMM-0000142,VD-000592,VD-000634,E-Mail,2024-06-05,15:05,,True,8,True
COMM-0000143,VD-000589,VD-000700,Social Media,2025-07-16,01:16,2723.0,False,6,False
COMM-0000144,VD-000206,VD-000562,Signal,2025-07-27,13:53,2737.0,True,1,True
COMM-0000145,VD-000333,VD-000747,WhatsApp,2023-10-14,19:58,1410.0,True,3,True
COMM-0000146,VD-000730,VD-000776,Persönlicher Kontakt,2024-12-29,06:52,3265.0,False,1,True
COMM-0000147,VD-000975,VD-000357,SMS,2024-08-08,15:57,,False,10,False
COMM-0000148,VD-000135,VD-000515,WhatsApp,2024-10-13,23:58,,True,4,False
COMM-0000149,VD-000108,VD-000686,Telefonat,2023-01-23,11:11,777.0,False,6,True
COMM-0000150,VD-000822,VD-000580,Signal,2024-07-19,16:42,1711.0,False,5,False
COMM-0000151,VD-000413,VD-000987,WhatsApp,2024-03-20,05:58,3312.0,False,1,True
COMM-0000152,VD-000708,VD-000878,Telegram,2023-10-23,12:28,2925.0,True,8,True
COMM-0000153,VD-000129,VD-000833,Persönlicher Kontakt,2023-09-15,11:30,,True,5,True
COMM-0000154,VD-000214,VD-000843,Telegram,2025-09-18,23:54,1875.0,False,9,False
COMM-0000155,VD-000390,VD-000323,Brief,2023-11-07,19:33,1277.0,True,7,True
COMM-0000156,VD-000071,VD-000490,SMS,2023-03-12,21:57,,False,3,True
COMM-0000157,VD-000762,VD-000770,Social Media,2023-04-28,02:35,,False,3,False
COMM-0000158,VD-000764,VD-000672,WhatsApp,2023-05-04,23:19,814.0,True,8,True
COMM-0000159,VD-000254,VD-000414,Brief,2024-01-07,07:40,1748.0,True,7,False
COMM-0000160,VD-000741,VD-000452,Social Media,2023-09-08,14:47,,True,8,False
COMM-0000161,VD-000208,VD-000551,Social Media,2024-11-12,07:08,,True,10,False
COMM-0000162,VD-000001,VD-000158,Social Media,2024-09-24,04:15,,False,4,True
COMM-0000163,VD-000361,VD-000974,Telefonat,2024-03-27,02:35,,True,1,True
COMM-0000164,VD-000646,VD-000052,Signal,2023-09-12,01:11,1026.0,True,3,True
COMM-0000165,VD-000293,VD-000427,Brief,2024-09-20,19:22,2605.0,False,10,True
COMM-0000166,VD-000714,VD-000675,Persönlicher Kontakt,2025-03-24,10:16,1332.0,True,2,True
COMM-0000167,VD-000910,VD-000594,Signal,2024-10-05,09:52,,False,4,False
COMM-0000168,VD-000065,VD-000525,WhatsApp,2025-09-17,05:37,3299.0,True,7,True
COMM-0000169,VD-000906,VD-000959,Telefonat,2023-08-08,19:37,3361.0,False,3,False
COMM-0000170,VD-000090,VD-000619,Social Media,2025-04-28,22:53,721.0,False,3,False
COMM-0000171,VD-000219,VD-000281,SMS,2024-06-30,23:33,527.0,False,4,False
COMM-0000172,VD-000813,VD-000265,Social Media,2023-02-09,03:56,3340.0,False,9,False
COMM-0000173,VD-000614,VD-000701,Persönlicher Kontakt,2024-04-20,16:12,,False,10,True
COMM-0000174,VD-000633,VD-000652,WhatsApp,2024-07-26,08:29,,False,3,False
COMM-0000175,VD-000455,VD-000202,Telefonat,2025-07-09,13:14,1497.0,False,2,True
COMM-0000176,VD-000397,VD-000241,Telegram,2023-04-27,05:45,1950.0,False,8,True
COMM-0000177,VD-000184,VD-000352,Brief,2025-02-10,13:09,,False,9,True
COMM-0000178,VD-000526,VD-000621,SMS,2024-07-25,17:08,1333.0,False,4,False
COMM-0000179,VD-000288,VD-000792,E-Mail,2023-12-18,01:03,2813.0,False,10,False
COMM-0000180,VD-000552,VD-000007,Brief,2023-11-16,01:30,3456.0,False,2,True
COMM-0000181,VD-000543,VD-000323,Social Media,2024-11-28,22:44,615.0,False,10,True
COMM-0000182,VD-000408,VD-000147,Signal,2025-01-10,11:37,,False,5,True
COMM-0000183,VD-000628,VD-000749,Persönlicher Kontakt,2024-06-21,14:59,,False,4,True
COMM-0000184,VD-000685,VD-000094,E-Mail,2023-07-15,16:05,,True,9,True
COMM-0000185,VD-000240,VD-000869,Social Media,2023-06-27,20:41,,True,1,False
COMM-0000186,VD-000349,VD-000508,E-Mail,2024-02-01,21:59,,False,5,True
COMM-0000187,VD-000877,VD-000721,Social Media,2024-06-02,18:01,,True,8,False
COMM-0000188,VD-000062,VD-000469,Telegram,2023-12-27,09:30,,True,8,False
COMM-0000189,VD-000254,VD-000587,SMS,2024-06-13,03:30,,True,8,False
COMM-0000190,VD-000593,VD-000971,Social Media,2023-09-03,22:45,3397.0,False,1,False
COMM-0000191,VD-000613,VD-000356,WhatsApp,2024-11-02,16:36,1962.0,True,7,True
COMM-0000192,VD-000929,VD-000595,Brief,2025-06-05,23:04,2175.0,False,8,False
COMM-0000193,VD-000974,VD-000801,SMS,2024-06-26,02:33,,False,7,True
COMM-0000194,VD-000672,VD-000266,Telegram,2025-06-25,19:28,390.0,False,2,False
COMM-0000195,VD-000791,VD-000820,Telefonat,2023-06-13,05:44,1770.0,True,1,True
COMM-0000196,VD-000781,VD-000799,Signal,2023-08-17,15:14,1217.0,False,3,True
COMM-0000197,VD-000604,VD-000103,WhatsApp,2023-06-18,08:42,,False,6,False
COMM-0000198,VD-000420,VD-000868,Brief,2024-08-16,12:24,3317.0,False,3,True
COMM-0000199,VD-000387,VD-000402,Telegram,2025-03-28,11:52,,True,8,True
COMM-0000200,VD-000526,VD-000065,Telegram,2023-08-21,08:46,303.0,True,3,True
COMM-0000201,VD-000997,VD-000646,SMS,2023-03-18,12:30,,False,4,False
COMM-0000202,VD-000634,VD-000231,Signal,2023-07-03,06:33,3101.0,True,5,True
COMM-0000203,VD-000533,VD-000350,Social Media,2025-06-01,17:37,2844.0,True,4,False
COMM-0000204,VD-000829,VD-000786,Telegram,2023-10-14,12:11,1810.0,True,3,True
COMM-0000205,VD-000840,VD-000805,Brief,2025-09-12,01:08,838.0,True,7,False
COMM-0000206,VD-000607,VD-000103,Telefonat,2025-07-13,19:38,2720.0,True,1,False
COMM-0000207,VD-000520,VD-000814,E-Mail,2025-01-16,20:23,,False,10,True
COMM-0000208,VD-000379,VD-000375,E-Mail,2024-06-28,11:12,1716.0,True,6,True
COMM-0000209,VD-000902,VD-000606,Signal,2023-07-13,04:14,453.0,True,8,False
COMM-0000210,VD-000248,VD-000306,E-Mail,2024-10-09,08:22,3154.0,True,3,False
COMM-0000211,VD-000731,VD-000389,Social Media,2024-05-26,11:35,1743.0,False,4,True
COMM-0000212,VD-000122,VD-000275,Signal,2023-08-23,19:13,591.0,True,8,False
COMM-0000213,VD-000541,VD-000816,WhatsApp,2023-05-07,19:23,1140.0,True,7,True
COMM-0000214,VD-000100,VD-000385,Telefonat,2024-10-22,19:32,3069.0,True,5,False
COMM-0000215,VD-000968,VD-000572,WhatsApp,2024-06-03,01:47,,False,1,False
COMM-0000216,VD-000720,VD-000384,SMS,2024-10-26,04:34,,True,9,False
COMM-0000217,VD-000499,VD-000398,Persönlicher Kontakt,2023-04-29,15:15,2343.0,True,5,True
COMM-0000218,VD-000561,VD-000914,E-Mail,2025-07-05,09:14,,True,7,True
COMM-0000219,VD-000873,VD-000762,WhatsApp,2025-05-20,01:11,3342.0,True,7,False
COMM-0000220,VD-000689,VD-000292,Telefonat,2023-11-03,12:48,3035.0,True,5,False
COMM-0000221,VD-000068,VD-000111,Brief,2025-05-18,09:59,1489.0,True,9,False
COMM-0000222,VD-000473,VD-000583,Social Media,2025-04-07,19:28,1250.0,False,4,True
COMM-0000223,VD-000720,VD-000171,Signal,2023-06-30,08:31,1568.0,True,9,True
COMM-0000224,VD-000465,VD-000633,WhatsApp,2023-02-12,21:30,751.0,False,2,False
COMM-0000225,VD-000633,VD-000552,SMS,2023-05-29,23:03,613.0,False,1,False
COMM-0000226,VD-000193,VD-000450,WhatsApp,2024-10-18,22:49,1345.0,True,3,True
COMM-0000227,VD-000489,VD-000741,E-Mail,2025-06-03,06:42,549.0,False,9,True
COMM-0000228,VD-000426,VD-000612,Persönlicher Kontakt,2024-06-05,15:24,1232.0,True,9,False
COMM-0000229,VD-000565,VD-000560,Brief,2024-09-21,16:44,2086.0,False,4,True
COMM-0000230,VD-000581,VD-000274,Persönlicher Kontakt,2023-11-16,11:57,1716.0,True,3,False
COMM-0000231,VD-000981,VD-000131,Telegram,2023-07-14,13:36,680.0,False,10,False
COMM-0000232,VD-000445,VD-000436,Telegram,2023-06-29,00:05,2253.0,True,10,True
COMM-0000233,VD-000728,VD-000225,Telefonat,2023-08-25,21:11,1993.0,True,4,True
COMM-0000234,VD-000819,VD-000437,Brief,2023-05-06,22:58,,False,8,True
COMM-0000235,VD-000783,VD-000096,E-Mail,2024-01-29,16:26,3296.0,True,4,True
COMM-0000236,VD-000287,VD-000951,Brief,2023-09-08,23:21,1426.0,True,9,False
COMM-0000237,VD-000734,VD-000551,Persönlicher Kontakt,2024-04-08,06:54,3529.0,True,3,True
COMM-0000238,VD-000060,VD-000686,Signal,2025-09-13,01:28,1897.0,True,5,False
COMM-0000239,VD-000067,VD-000163,Persönlicher Kontakt,2024-07-09,08:08,2149.0,False,10,False
COMM-0000240,VD-000377,VD-000757,WhatsApp,2023-04-16,04:26,3167.0,False,7,False
COMM-0000241,VD-000113,VD-000425,Social Media,2023-05-05,22:24,2237.0,True,5,False
COMM-0000242,VD-000863,VD-000142,E-Mail,2025-02-16,05:05,,False,2,True
COMM-0000243,VD-000133,VD-000419,Persönlicher Kontakt,2025-01-03,11:12,,False,8,False
COMM-0000244,VD-000635,VD-000896,Signal,2024-03-24,09:16,1370.0,False,7,True
COMM-0000245,VD-000873,VD-000945,Telegram,2024-11-02,05:29,1994.0,True,9,False
COMM-0000246,VD-000080,VD-000442,Social Media,2024-10-03,21:29,175.0,True,2,False
COMM-0000247,VD-000367,VD-000441,Telegram,2024-07-28,20:33,926.0,False,7,False
COMM-0000248,VD-000119,VD-000076,Signal,2025-05-19,13:18,1307.0,False,4,False
COMM-0000249,VD-000167,VD-000711,E-Mail,2024-01-02,11:59,,False,2,True
COMM-0000250,VD-000788,VD-000253,SMS,2025-06-30,08:57,,True,3,True
COMM-0000251,VD-000523,VD-000079,Social Media,2025-03-31,06:27,540.0,False,9,False
COMM-0000252,VD-000686,VD-000251,Brief,2023-07-23,06:35,2014.0,True,5,True
COMM-0000253,VD-000808,VD-000142,Telegram,2023-03-07,07:09,,False,1,False
COMM-0000254,VD-000102,VD-000256,Social Media,2023-06-26,01:47,303.0,True,4,False
COMM-0000255,VD-000699,VD-000658,E-Mail,2025-08-13,08:52,291.0,False,5,True
COMM-0000256,VD-000681,VD-000885,Persönlicher Kontakt,2023-09-23,10:16,1416.0,True,1,True
COMM-0000257,VD-000904,VD-000130,SMS,2023-01-03,20:48,,True,4,False
COMM-0000258,VD-000462,VD-000518,SMS,2023-03-25,08:11,3142.0,False,4,True
COMM-0000259,VD-000322,VD-000581,WhatsApp,2025-10-03,08:32,1503.0,True,6,False
COMM-0000260,VD-000553,VD-000793,Brief,2025-10-12,20:44,2405.0,False,4,True
COMM-0000261,VD-000535,VD-000861,Persönlicher Kontakt,2024-04-25,13:54,2349.0,False,5,True
COMM-0000262,VD-000288,VD-000319,SMS,2023-11-14,23:28,858.0,False,8,False
COMM-0000263,VD-000225,VD-000423,E-Mail,2025-01-11,03:48,,False,4,False
COMM-0000264,VD-000062,VD-000452,Telefonat,2023-05-10,04:18,1522.0,False,8,True
COMM-0000265,VD-000896,VD-000680,Brief,2025-08-18,01:11,1086.0,False,5,False
COMM-0000266,VD-000864,VD-000036,SMS,2024-10-08,20:17,2609.0,True,4,False
COMM-0000267,VD-000783,VD-000622,WhatsApp,2025-07-03,03:34,,False,8,False
COMM-0000268,VD-000193,VD-000090,Brief,2024-08-01,01:27,2286.0,True,7,False
COMM-0000269,VD-000903,VD-000018,Persönlicher Kontakt,2025-05-21,18:27,3024.0,False,10,True
COMM-0000270,VD-000248,VD-000730,Telefonat,2025-02-21,17:10,3406.0,True,10,True
COMM-0000271,VD-000360,VD-000273,WhatsApp,2023-02-08,02:24,2673.0,False,1,False
COMM-0000272,VD-000271,VD-000880,E-Mail,2023-04-13,05:55,,True,7,False
COMM-0000273,VD-000021,VD-000798,Persönlicher Kontakt,2025-05-10,08:02,1090.0,False,3,False
COMM-0000274,VD-000417,VD-000207,Social Media,2025-05-20,00:00,,True,4,False
COMM-0000275,VD-000544,VD-000706,Brief,2025-01-22,16:03,1596.0,False,8,False
COMM-0000276,VD-000113,VD-000210,SMS,2024-05-08,04:37,1491.0,False,3,False
COMM-0000277,VD-000538,VD-000684,WhatsApp,2024-06-25,18:35,2826.0,False,2,True
COMM-0000278,VD-000604,VD-000367,Signal,2024-02-24,08:14,,False,5,True
COMM-0000279,VD-000846,VD-000676,E-Mail,2025-04-03,10:23,239.0,True,8,False
COMM-0000280,VD-000489,VD-000931,E-Mail,2025-09-21,17:34,1878.0,True,7,True
COMM-0000281,VD-000108,VD-000791,SMS,2025-01-15,00:43,,True,6,True
COMM-0000282,VD-000137,VD-000332,Social Media,2024-11-01,01:03,,False,4,True
COMM-0000283,VD-000800,VD-000769,Telefonat,2023-03-26,18:34,1665.0,True,4,True
COMM-0000284,VD-000400,VD-000817,Signal,2025-04-09,19:14,903.0,False,1,True
COMM-0000285,VD-000921,VD-000215,Social Media,2023-03-08,01:00,2839.0,False,9,False
COMM-0000286,VD-000008,VD-000128,E-Mail,2024-02-13,09:42,,True,9,True
COMM-0000287,VD-000286,VD-000546,E-Mail,2024-05-03,04:11,1900.0,True,6,False
COMM-0000288,VD-000327,VD-000096,Signal,2023-09-02,20:10,3568.0,False,5,False
COMM-0000289,VD-000745,VD-000096,SMS,2025-06-20,19:58,2503.0,True,3,True
COMM-0000290,VD-000535,VD-000434,Social Media,2024-03-24,12:51,2607.0,True,9,True
COMM-0000291,VD-000741,VD-000639,Brief,2024-09-19,10:09,2779.0,True,3,True
COMM-0000292,VD-000162,VD-000294,Telefonat,2024-07-28,16:53,,False,7,True
COMM-0000293,VD-000435,VD-000842,Telegram,2023-09-08,09:14,,False,4,True
COMM-0000294,VD-000035,VD-000605,Telefonat,2023-04-13,12:11,2980.0,True,4,True
COMM-0000295,VD-000103,VD-000014,Telegram,2024-06-15,01:24,,True,5,False
COMM-0000296,VD-000509,VD-000208,Telefonat,2025-03-18,01:46,1672.0,False,7,True
COMM-0000297,VD-000321,VD-000576,Signal,2023-06-02,06:57,,False,8,False
COMM-0000298,VD-000250,VD-000080,Telegram,2025-03-12,10:49,,True,7,True
COMM-0000299,VD-000623,VD-000010,WhatsApp,2023-08-03,13:04,1381.0,False,4,False
COMM-0000300,VD-000124,VD-000982,E-Mail,2024-06-03,13:14,,False,3,True
COMM-0000301,VD-000642,VD-000994,Persönlicher Kontakt,2025-09-06,06:17,2317.0,False,3,False
COMM-0000302,VD-000916,VD-000380,WhatsApp,2024-02-23,10:50,,True,8,False
COMM-0000303,VD-000894,VD-000540,Telefonat,2024-06-20,15:27,3149.0,True,10,False
COMM-0000304,VD-000898,VD-000314,Signal,2024-10-15,22:46,2584.0,True,6,False
COMM-0000305,VD-000590,VD-000346,SMS,2024-08-04,14:27,,False,10,True
COMM-0000306,VD-000492,VD-000246,Social Media,2024-01-10,08:34,2242.0,False,7,True
COMM-0000307,VD-000885,VD-000058,Signal,2023-01-14,19:16,3423.0,True,8,True
COMM-0000308,VD-000612,VD-000983,Telefonat,2025-05-06,17:29,878.0,True,10,False
COMM-0000309,VD-000929,VD-000992,Social Media,2023-11-16,11:32,633.0,True,9,True
COMM-0000310,VD-000940,VD-000790,Persönlicher Kontakt,2023-04-07,09:24,3115.0,True,9,True
COMM-0000311,VD-000530,VD-000370,Brief,2025-04-17,17:26,,True,6,True
COMM-0000312,VD-000251,VD-000636,WhatsApp,2024-06-08,19:49,2264.0,True,9,False
COMM-0000313,VD-000482,VD-000342,Telefonat,2025-05-05,09:19,1115.0,True,1,False
COMM-0000314,VD-000187,VD-000969,Telefonat,2025-10-15,14:42,3130.0,True,9,True
COMM-0000315,VD-000756,VD-000231,Social Media,2025-07-29,01:37,3141.0,False,4,False
COMM-0000316,VD-000317,VD-000458,Persönlicher Kontakt,2025-07-26,19:13,,False,2,True
COMM-0000317,VD-000549,VD-000904,WhatsApp,2025-01-12,15:35,2469.0,False,1,True
COMM-0000318,VD-000896,VD-000936,Telegram,2025-02-06,04:23,,False,9,True
COMM-0000319,VD-000360,VD-000018,Brief,2024-12-17,15:32,940.0,False,1,True
COMM-0000320,VD-000297,VD-000628,Social Media,2023-06-13,21:13,192.0,True,7,False
COMM-0000321,VD-000904,VD-000543,Brief,2023-11-13,18:58,3600.0,False,10,False
COMM-0000322,VD-000005,VD-000762,Brief,2024-03-30,23:28,2301.0,True,1,True
COMM-0000323,VD-000042,VD-000381,Brief,2024-05-16,10:56,,True,1,True
COMM-0000324,VD-000423,VD-000962,Persönlicher Kontakt,2023-07-20,04:04,3294.0,True,10,True
COMM-0000325,VD-000545,VD-000921,SMS,2024-02-08,12:23,,True,5,True
COMM-0000326,VD-000620,VD-000282,E-Mail,2023-10-29,20:39,,False,1,False
COMM-0000327,VD-000339,VD-000211,WhatsApp,2024-08-23,17:19,674.0,False,8,False
COMM-0000328,VD-000618,VD-000476,WhatsApp,2023-08-07,10:59,2207.0,True,9,False
COMM-0000329,VD-000241,VD-000839,E-Mail,2024-02-26,06:48,3264.0,True,10,False
COMM-0000330,VD-000162,VD-000101,Signal,2023-09-09,08:51,2612.0,False,9,False
COMM-0000331,VD-000538,VD-000456,Telegram,2023-03-28,12:31,252.0,True,7,True
COMM-0000332,VD-000222,VD-000325,Persönlicher Kontakt,2024-07-03,21:40,,True,1,True
COMM-0000333,VD-000187,VD-000655,SMS,2024-04-27,03:07,72.0,True,5,False
COMM-0000334,VD-000651,VD-000101,Telegram,2023-07-03,02:26,,False,6,False
COMM-0000335,VD-000538,VD-000279,SMS,2025-10-28,09:22,3156.0,False,5,False
COMM-0000336,VD-000353,VD-000353,Social Media,2024-05-10,14:33,1318.0,False,7,False
COMM-0000337,VD-000396,VD-000831,WhatsApp,2023-06-09,09:56,2056.0,False,10,False
COMM-0000338,VD-000205,VD-000085,SMS,2024-04-26,18:28,1847.0,False,4,True
COMM-0000339,VD-000851,VD-000334,WhatsApp,2024-08-23,14:53,,False,5,False
COMM-0000340,VD-000218,VD-000078,Telegram,2023-07-21,06:59,2336.0,True,7,True
COMM-0000341,VD-000539,VD-000940,E-Mail,2023-09-19,21:42,2607.0,True,1,False
COMM-0000342,VD-000047,VD-000268,Brief,2025-01-29,10:29,3207.0,False,5,True
COMM-0000343,VD-000873,VD-000128,Brief,2024-06-21,09:57,409.0,True,6,False
COMM-0000344,VD-000074,VD-000883,Social Media,2024-05-22,11:30,2851.0,True,10,False
COMM-0000345,VD-000836,VD-000089,Persönlicher Kontakt,2024-10-16,08:16,1841.0,False,9,False
COMM-0000346,VD-000955,VD-000202,Brief,2024-06-04,12:10,3054.0,True,9,False
COMM-0000347,VD-000567,VD-000980,Signal,2024-06-19,23:45,695.0,True,9,False
COMM-0000348,VD-000240,VD-000955,Signal,2023-09-02,03:57,1161.0,False,8,True
COMM-0000349,VD-000444,VD-000716,Brief,2025-11-12,07:00,3060.0,False,3,False
COMM-0000350,VD-000231,VD-000631,E-Mail,2024-01-02,08:05,372.0,True,5,True
COMM-0000351,VD-000474,VD-000281,Brief,2023-06-20,03:13,1783.0,False,2,True
COMM-0000352,VD-000760,VD-000919,Telegram,2024-10-19,03:33,1408.0,True,9,True
COMM-0000353,VD-000277,VD-000566,Brief,2025-03-27,22:51,2454.0,False,9,False
COMM-0000354,VD-000105,VD-000462,WhatsApp,2024-10-05,17:41,3587.0,True,6,True
COMM-0000355,VD-000836,VD-000301,Brief,2025-07-31,00:17,1357.0,False,2,False
COMM-0000356,VD-000886,VD-000871,Brief,2024-04-05,14:40,284.0,False,8,False
COMM-0000357,VD-000584,VD-000692,WhatsApp,2024-01-01,00:25,,True,10,True
COMM-0000358,VD-000612,VD-000898,WhatsApp,2023-02-05,16:10,861.0,False,6,True
COMM-0000359,VD-000802,VD-000867,Signal,2023-12-16,16:31,2149.0,False,1,True
COMM-0000360,VD-000069,VD-000145,Telegram,2023-10-01,08:51,3285.0,False,2,False
COMM-0000361,VD-000674,VD-000390,Persönlicher Kontakt,2023-08-16,19:41,1394.0,False,9,True
COMM-0000362,VD-000489,VD-000282,SMS,2023-03-02,06:37,491.0,False,6,False
COMM-0000363,VD-000150,VD-001000,Social Media,2023-09-23,18:30,,False,8,False
COMM-0000364,VD-000606,VD-000436,SMS,2023-11-12,02:57,2739.0,False,2,True
COMM-0000365,VD-000045,VD-000935,Social Media,2025-03-11,06:55,530.0,True,7,False
COMM-0000366,VD-000726,VD-000803,E-Mail,2023-11-13,22:52,3500.0,False,2,False
COMM-0000367,VD-000416,VD-000929,Brief,2025-01-30,06:32,2809.0,False,9,True
COMM-0000368,VD-000447,VD-000069,Telefonat,2024-10-30,12:10,,False,7,True
COMM-0000369,VD-000615,VD-000151,WhatsApp,2025-05-24,07:49,3005.0,True,2,True
COMM-0000370,VD-000875,VD-000429,Brief,2024-09-18,12:53,2046.0,True,8,True
COMM-0000371,VD-000682,VD-000904,Social Media,2023-01-06,09:45,2112.0,False,9,False
COMM-0000372,VD-000378,VD-000706,Persönlicher Kontakt,2023-08-29,19:52,431.0,True,3,True
COMM-0000373,VD-000173,VD-000292,Signal,2023-05-12,08:12,688.0,True,4,True
COMM-0000374,VD-000219,VD-000431,SMS,2024-11-15,09:17,,True,6,True
COMM-0000375,VD-000977,VD-000517,Signal,2024-10-20,21:47,,False,9,True
COMM-0000376,VD-000064,VD-000863,Telegram,2024-08-21,22:26,1450.0,True,5,False
COMM-0000377,VD-000527,VD-000179,Social Media,2024-05-18,05:14,,False,9,True
COMM-0000378,VD-000401,VD-000207,SMS,2025-02-14,11:10,411.0,False,8,False
COMM-0000379,VD-000295,VD-000444,Persönlicher Kontakt,2025-07-18,05:51,167.0,True,6,False
COMM-0000380,VD-000064,VD-000579,Telegram,2025-02-15,08:56,2024.0,False,6,True
COMM-0000381,VD-000262,VD-000960,Brief,2023-04-13,19:26,1684.0,True,6,False
COMM-0000382,VD-000417,VD-000124,Persönlicher Kontakt,2025-09-23,20:35,,False,9,True
COMM-0000383,VD-000558,VD-000069,Telefonat,2023-10-16,16:28,2008.0,False,9,True
COMM-0000384,VD-000986,VD-000358,Persönlicher Kontakt,2023-08-25,10:32,2264.0,True,3,True
COMM-0000385,VD-000234,VD-000287,Brief,2025-05-19,03:59,2706.0,True,2,True
COMM-0000386,VD-000249,VD-000082,Brief,2025-03-20,14:27,,False,1,True
COMM-0000387,VD-000369,VD-000812,Brief,2024-04-16,17:17,3173.0,False,1,False
COMM-0000388,VD-000071,VD-000266,Signal,2023-05-08,00:55,1482.0,True,5,False
COMM-0000389,VD-000850,VD-000915,Brief,2024-10-15,10:23,743.0,False,7,False
COMM-0000390,VD-000261,VD-000713,SMS,2025-03-22,10:55,1481.0,False,1,True
COMM-0000391,VD-000855,VD-000999,Brief,2023-04-16,19:35,1430.0,True,8,False
COMM-0000392,VD-000946,VD-000536,Social Media,2024-03-04,22:04,2850.0,True,5,True
COMM-0000393,VD-000607,VD-000339,Persönlicher Kontakt,2023-01-26,06:43,2578.0,False,5,False
COMM-0000394,VD-000154,VD-000669,E-Mail,2024-03-30,02:31,2153.0,False,2,False
COMM-0000395,VD-000667,VD-000963,Persönlicher Kontakt,2023-06-26,13:55,3100.0,False,6,False
COMM-0000396,VD-000969,VD-000876,SMS,2024-01-20,21:13,1135.0,True,10,False
COMM-0000397,VD-000992,VD-000109,Brief,2024-01-15,12:16,,True,3,False
COMM-0000398,VD-000452,VD-000714,Signal,2023-09-15,02:18,610.0,True,5,False
COMM-0000399,VD-000451,VD-000534,SMS,2024-08-10,13:33,1654.0,False,6,True
COMM-0000400,VD-000551,VD-000404,E-Mail,2023-03-22,01:28,2364.0,False,3,True
COMM-0000401,VD-000031,VD-000012,Telefonat,2025-07-02,03:50,2181.0,False,8,False
COMM-0000402,VD-000944,VD-000575,Persönlicher Kontakt,2025-07-11,05:04,3450.0,True,9,True
COMM-0000403,VD-000245,VD-000775,Persönlicher Kontakt,2025-04-17,01:10,,False,3,False
COMM-0000404,VD-000052,VD-000956,Telegram,2025-05-26,08:00,3527.0,False,6,False
COMM-0000405,VD-000444,VD-000120,Social Media,2023-05-08,11:06,2064.0,False,3,True
COMM-0000406,VD-000218,VD-000655,Brief,2024-09-22,16:32,3283.0,False,9,True
COMM-0000407,VD-000067,VD-000983,Telefonat,2024-08-27,17:44,1601.0,False,3,False
COMM-0000408,VD-000368,VD-000674,Persönlicher Kontakt,2025-07-01,19:02,2767.0,True,4,False
COMM-0000409,VD-000736,VD-000871,Social Media,2024-09-06,21:03,2947.0,False,9,False
COMM-0000410,VD-000280,VD-000012,Signal,2024-03-09,14:04,2912.0,False,8,False
COMM-0000411,VD-000875,VD-000604,Telegram,2024-02-22,12:12,,True,6,True
COMM-0000412,VD-000844,VD-000562,E-Mail,2023-01-22,11:55,214.0,True,10,True
COMM-0000413,VD-000090,VD-000794,Persönlicher Kontakt,2024-11-09,23:55,2201.0,True,7,False
COMM-0000414,VD-000760,VD-000687,Brief,2024-01-16,19:24,3200.0,False,2,True
COMM-0000415,VD-000074,VD-000138,Social Media,2023-04-12,07:45,,True,1,False
COMM-0000416,VD-000872,VD-000069,Telefonat,2024-04-23,16:13,3511.0,True,9,True
COMM-0000417,VD-000924,VD-000213,Brief,2024-11-24,15:39,2891.0,False,2,False
COMM-0000418,VD-000157,VD-000553,Telegram,2025-01-04,09:21,,True,7,False
COMM-0000419,VD-000899,VD-000480,Persönlicher Kontakt,2025-09-27,17:38,2424.0,True,4,True
COMM-0000420,VD-000955,VD-000719,Social Media,2024-03-26,09:35,,False,1,True
COMM-0000421,VD-000102,VD-000790,Signal,2023-01-20,22:41,2854.0,False,10,True
COMM-0000422,VD-000275,VD-000086,Social Media,2024-12-24,18:13,,True,10,True
COMM-0000423,VD-000779,VD-000332,Signal,2025-05-23,10:10,,False,3,False
COMM-0000424,VD-000971,VD-000205,Brief,2024-06-15,22:28,312.0,False,8,True
COMM-0000425,VD-000714,VD-000048,WhatsApp,2025-10-14,16:30,,False,3,True
COMM-0000426,VD-000517,VD-000533,E-Mail,2025-08-12,19:13,3051.0,True,5,False
COMM-0000427,VD-000894,VD-000737,Telegram,2025-07-09,14:24,992.0,True,6,False
COMM-0000428,VD-000388,VD-000051,Telegram,2024-01-09,09:49,135.0,True,6,True
COMM-0000429,VD-000541,VD-000042,WhatsApp,2023-09-17,18:47,2335.0,True,3,False
COMM-0000430,VD-000939,VD-000377,E-Mail,2024-04-26,07:19,3369.0,False,8,True
COMM-0000431,VD-000267,VD-000310,Brief,2023-10-28,15:34,3272.0,True,7,False
COMM-0000432,VD-000324,VD-000992,Signal,2025-04-21,23:52,,False,3,False
COMM-0000433,VD-000917,VD-000010,Telegram,2024-04-30,09:15,1246.0,True,5,False
COMM-0000434,VD-000771,VD-000369,E-Mail,2024-06-27,05:02,,False,9,True
COMM-0000435,VD-000929,VD-000996,WhatsApp,2024-12-24,23:15,,False,5,True
COMM-0000436,VD-000549,VD-000857,E-Mail,2025-10-01,20:27,1322.0,False,6,True
COMM-0000437,VD-000890,VD-000191,SMS,2024-11-13,09:38,2861.0,False,8,False
COMM-0000438,VD-000409,VD-000025,E-Mail,2025-10-07,09:18,,True,2,False
COMM-0000439,VD-000184,VD-000778,Telefonat,2024-02-02,10:46,2164.0,True,4,False
COMM-0000440,VD-000975,VD-000974,SMS,2023-12-03,15:51,3473.0,False,9,False
COMM-0000441,VD-000079,VD-000766,Signal,2024-08-31,23:03,2294.0,True,9,False
COMM-0000442,VD-000487,VD-000258,Social Media,2023-04-17,10:51,,False,8,False
COMM-0000443,VD-000293,VD-000145,E-Mail,2024-11-14,22:34,,True,5,False
COMM-0000444,VD-000965,VD-000851,Telefonat,2024-01-14,22:34,,True,8,False
COMM-0000445,VD-000783,VD-000139,Signal,2024-12-16,16:36,,False,3,False
COMM-0000446,VD-000188,VD-000788,WhatsApp,2025-03-01,14:18,,True,2,True
COMM-0000447,VD-000254,VD-000581,Signal,2023-08-11,03:06,835.0,False,5,False
COMM-0000448,VD-000895,VD-000984,E-Mail,2025-06-01,20:41,,True,2,False
COMM-0000449,VD-000798,VD-000937,Telegram,2024-07-04,04:15,2499.0,True,5,False
COMM-0000450,VD-000553,VD-000278,WhatsApp,2024-11-10,14:17,,False,9,True
COMM-0000451,VD-000652,VD-000130,Telefonat,2025-02-16,19:50,,False,6,True
COMM-0000452,VD-000570,VD-000639,Signal,2025-01-11,23:41,622.0,True,1,False
COMM-0000453,VD-000692,VD-000672,SMS,2024-12-24,22:16,,False,10,False
COMM-0000454,VD-000492,VD-000099,Telefonat,2024-03-03,18:52,2507.0,False,5,True
COMM-0000455,VD-000263,VD-000601,Signal,2023-12-10,12:50,2819.0,True,10,True
COMM-0000456,VD-000110,VD-000799,E-Mail,2023-09-09,18:04,3381.0,False,3,False
COMM-0000457,VD-000118,VD-000902,SMS,2024-07-07,02:28,861.0,False,7,False
COMM-0000458,VD-000239,VD-000534,Telefonat,2023-02-03,18:01,,True,8,True
COMM-0000459,VD-000093,VD-000544,Telefonat,2025-09-06,07:26,3309.0,True,4,False
COMM-0000460,VD-000622,VD-000157,SMS,2025-07-08,18:02,,True,9,False
COMM-0000461,VD-000493,VD-000870,SMS,2023-08-20,16:20,1566.0,False,2,False
COMM-0000462,VD-000374,VD-000929,WhatsApp,2023-05-17,05:02,130.0,False,4,False
COMM-0000463,VD-000527,VD-000201,SMS,2024-12-31,00:27,,True,3,True
COMM-0000464,VD-000774,VD-000606,Telegram,2025-04-25,01:16,1549.0,True,7,False
COMM-0000465,VD-000554,VD-000720,Social Media,2023-02-17,05:39,,True,2,False
COMM-0000466,VD-000911,VD-000823,Telefonat,2023-01-19,18:41,,False,7,False
COMM-0000467,VD-000916,VD-000743,Telefonat,2024-11-30,17:23,593.0,False,6,False
COMM-0000468,VD-000202,VD-000530,SMS,2024-11-20,21:03,1104.0,True,10,False
COMM-0000469,VD-000324,VD-000563,Signal,2025-03-24,03:57,,False,10,False
COMM-0000470,VD-000502,VD-000332,Telegram,2023-11-26,11:33,1167.0,True,1,True
COMM-0000471,VD-000786,VD-000966,Telegram,2024-01-30,11:38,2339.0,True,8,False
COMM-0000472,VD-000682,VD-000875,Persönlicher Kontakt,2025-04-02,05:42,,False,9,False
COMM-0000473,VD-000338,VD-000777,Brief,2024-12-26,13:00,1948.0,True,8,False
COMM-0000474,VD-000888,VD-000621,Telefonat,2024-03-12,04:38,147.0,True,2,False
COMM-0000475,VD-000669,VD-000811,Social Media,2025-01-26,20:02,3451.0,False,10,False
COMM-0000476,VD-000096,VD-000977,Social Media,2024-04-19,16:31,2574.0,False,10,True
COMM-0000477,VD-000911,VD-000356,SMS,2024-01-26,18:27,90.0,False,9,False
COMM-0000478,VD-000341,VD-000892,Telefonat,2023-05-05,10:22,1235.0,False,10,True
COMM-0000479,VD-000189,VD-000379,SMS,2023-11-15,10:30,2106.0,True,10,True
COMM-0000480,VD-000553,VD-000708,Social Media,2025-01-07,08:36,,True,9,True
COMM-0000481,VD-000264,VD-000103,SMS,2023-05-05,01:38,2746.0,True,10,True
COMM-0000482,VD-000957,VD-000163,Signal,2025-03-16,17:19,141.0,False,1,True
COMM-0000483,VD-000874,VD-000451,WhatsApp,2024-05-23,05:24,,True,9,True
COMM-0000484,VD-000957,VD-000186,WhatsApp,2025-06-23,17:35,3176.0,False,7,False
COMM-0000485,VD-000304,VD-000692,Social Media,2025-01-23,13:47,,True,7,True
COMM-0000486,VD-000771,VD-000621,Signal,2025-02-16,16:02,,False,9,True
COMM-0000487,VD-000572,VD-000870,Signal,2025-04-12,17:42,266.0,False,6,True
COMM-0000488,VD-000444,VD-000951,WhatsApp,2023-06-18,19:47,426.0,False,4,True
COMM-0000489,VD-000895,VD-000675,Social Media,2023-04-09,12:32,2564.0,False,8,False
COMM-0000490,VD-000308,VD-000839,E-Mail,2023-04-15,11:45,2688.0,True,10,False
COMM-0000491,VD-000599,VD-000055,WhatsApp,2023-12-24,00:26,1504.0,False,10,False
COMM-0000492,VD-000615,VD-000506,Telegram,2025-01-25,20:59,,False,2,False
COMM-0000493,VD-000405,VD-000373,SMS,2024-03-23,11:55,1432.0,False,4,False
COMM-0000494,VD-000598,VD-000182,Telefonat,2024-11-20,04:57,444.0,True,5,True
COMM-0000495,VD-000178,VD-000288,Persönlicher Kontakt,2023-04-23,06:12,984.0,True,9,True
COMM-0000496,VD-000566,VD-000645,Brief,2024-01-11,21:13,2697.0,False,2,True
COMM-0000497,VD-000241,VD-000781,Brief,2025-06-24,02:29,1489.0,False,6,False
COMM-0000498,VD-000868,VD-000967,Social Media,2023-12-29,10:30,808.0,True,2,True
COMM-0000499,VD-000287,VD-000460,Social Media,2025-04-29,18:25,242.0,False,4,False
COMM-0000500,VD-000851,VD-000757,Brief,2023-02-13,09:45,,True,10,True
COMM-0000501,VD-000479,VD-000354,Telefonat,2023-01-12,09:49,,True,2,False
COMM-0000502,VD-000807,VD-000487,Telefonat,2025-10-21,08:25,,True,6,True
COMM-0000503,VD-000786,VD-000890,Persönlicher Kontakt,2024-03-12,16:32,2871.0,True,1,True
COMM-0000504,VD-000741,VD-000750,Persönlicher Kontakt,2023-08-10,23:00,1155.0,True,7,False
COMM-0000505,VD-000812,VD-000084,WhatsApp,2025-11-10,10:46,2011.0,False,4,True
COMM-0000506,VD-000582,VD-000794,Brief,2023-08-21,18:10,500.0,True,2,False
COMM-0000507,VD-000521,VD-000550,Brief,2023-03-18,09:23,1425.0,True,9,False
COMM-0000508,VD-000220,VD-000532,Signal,2025-05-22,17:18,1901.0,True,7,False
COMM-0000509,VD-000872,VD-000046,WhatsApp,2024-12-07,10:59,2110.0,True,6,True
COMM-0000510,VD-000167,VD-000327,Signal,2024-02-04,15:22,1975.0,False,9,False
COMM-0000511,VD-000616,VD-000455,Telefonat,2025-03-14,09:11,,True,3,False
COMM-0000512,VD-000803,VD-000343,Social Media,2024-07-28,19:03,,True,8,True
COMM-0000513,VD-000974,VD-000932,Telegram,2023-09-24,00:09,2664.0,True,9,False
COMM-0000514,VD-000518,VD-000333,E-Mail,2025-09-17,16:44,2821.0,False,9,False
COMM-0000515,VD-000790,VD-000702,SMS,2025-10-07,08:59,1777.0,False,9,True
COMM-0000516,VD-000373,VD-000671,Social Media,2023-07-01,17:20,,True,2,False
COMM-0000517,VD-000369,VD-000645,E-Mail,2023-11-02,13:17,,True,8,False
COMM-0000518,VD-000072,VD-000625,SMS,2023-10-05,20:30,1477.0,True,2,False
COMM-0000519,VD-000155,VD-000836,Telefonat,2025-03-13,19:31,2597.0,True,8,False
COMM-0000520,VD-000856,VD-000903,Persönlicher Kontakt,2025-04-16,09:58,222.0,False,3,True
COMM-0000521,VD-000983,VD-000172,E-Mail,2024-03-04,10:50,2217.0,False,8,True
COMM-0000522,VD-000527,VD-000328,Brief,2023-11-18,03:09,,False,9,False
COMM-0000523,VD-000053,VD-000654,Telegram,2025-01-31,16:25,1200.0,False,6,True
COMM-0000524,VD-000135,VD-000714,SMS,2024-08-18,12:44,719.0,True,8,False
COMM-0000525,VD-000464,VD-000842,Brief,2025-02-28,15:05,1357.0,True,1,True
COMM-0000526,VD-000124,VD-000652,Brief,2025-02-21,15:34,3437.0,False,5,False
COMM-0000527,VD-000898,VD-000870,SMS,2025-01-25,21:55,1982.0,True,4,True
COMM-0000528,VD-000400,VD-000745,Social Media,2024-02-19,15:14,1012.0,True,2,False
COMM-0000529,VD-000209,VD-000883,Telefonat,2024-06-01,03:14,1009.0,False,9,False
COMM-0000530,VD-000185,VD-000134,Brief,2024-08-07,08:49,2500.0,True,6,True
COMM-0000531,VD-000721,VD-000120,Telegram,2024-09-08,07:37,1118.0,True,2,True
COMM-0000532,VD-000948,VD-000692,Social Media,2024-09-16,16:00,1110.0,True,2,True
COMM-0000533,VD-000433,VD-000238,Brief,2025-07-31,22:40,717.0,True,6,True
COMM-0000534,VD-000141,VD-000278,SMS,2024-09-02,09:22,,True,5,True
COMM-0000535,VD-000798,VD-000062,Telegram,2023-01-16,20:01,3525.0,False,10,False
COMM-0000536,VD-000329,VD-000590,Signal,2025-06-22,02:32,3292.0,False,2,False
COMM-0000537,VD-000853,VD-000776,WhatsApp,2023-02-14,10:17,112.0,False,1,True
COMM-0000538,VD-000218,VD-000189,Signal,2024-11-20,17:48,2432.0,False,5,False
COMM-0000539,VD-000071,VD-000166,SMS,2025-10-08,00:26,3008.0,True,6,False
COMM-0000540,VD-000251,VD-000603,Brief,2025-07-16,17:13,357.0,True,8,True
COMM-0000541,VD-000300,VD-000363,Brief,2024-05-11,06:00,437.0,True,3,False
COMM-0000542,VD-000689,VD-000613,Persönlicher Kontakt,2023-10-24,10:28,2309.0,False,4,True
COMM-0000543,VD-000075,VD-000816,Brief,2024-08-31,23:49,3050.0,True,6,True
COMM-0000544,VD-000741,VD-000965,Persönlicher Kontakt,2024-06-05,11:28,1592.0,False,7,True
COMM-0000545,VD-000106,VD-000210,SMS,2025-06-21,04:44,,True,4,True
COMM-0000546,VD-000353,VD-000252,Brief,2025-03-23,07:59,,False,9,False
COMM-0000547,VD-000255,VD-000967,Brief,2023-04-15,11:11,,False,6,False
COMM-0000548,VD-000043,VD-000526,Persönlicher Kontakt,2024-01-13,14:45,490.0,True,4,False
COMM-0000549,VD-000221,VD-000689,Persönlicher Kontakt,2024-09-14,11:44,466.0,False,4,True
COMM-0000550,VD-000432,VD-000920,WhatsApp,2025-10-14,20:39,2807.0,False,2,False
COMM-0000551,VD-000948,VD-000219,Brief,2023-10-03,01:17,1398.0,False,2,True
COMM-0000552,VD-000851,VD-000758,WhatsApp,2023-07-31,16:16,2913.0,False,7,True
COMM-0000553,VD-000200,VD-000369,Social Media,2023-06-04,22:48,2238.0,False,6,False
COMM-0000554,VD-000675,VD-000689,Signal,2025-08-12,00:10,1868.0,False,10,True
COMM-0000555,VD-000079,VD-000117,SMS,2023-05-07,17:06,3471.0,True,6,True
COMM-0000556,VD-000951,VD-000573,WhatsApp,2024-11-18,23:54,,True,2,True
COMM-0000557,VD-000590,VD-000072,Telefonat,2025-06-15,16:59,2032.0,True,9,False
COMM-0000558,VD-000345,VD-000418,WhatsApp,2024-08-31,08:30,3475.0,True,8,True
COMM-0000559,VD-000063,VD-000038,WhatsApp,2024-05-05,01:26,,False,2,False
COMM-0000560,VD-000159,VD-000158,E-Mail,2023-04-16,14:49,,True,2,False
COMM-0000561,VD-000713,VD-000480,Brief,2024-01-10,02:53,,False,1,True
COMM-0000562,VD-000174,VD-000363,Signal,2024-04-17,02:09,,True,1,True
COMM-0000563,VD-000637,VD-000911,WhatsApp,2024-04-05,06:59,,True,3,False
COMM-0000564,VD-000146,VD-000260,Telefonat,2024-05-29,01:48,3372.0,False,5,True
COMM-0000565,VD-000632,VD-000103,Telegram,2025-01-11,22:16,988.0,True,4,True
COMM-0000566,VD-000488,VD-000914,Telefonat,2025-03-29,14:27,,True,10,False
COMM-0000567,VD-000020,VD-000350,E-Mail,2025-04-14,09:40,2309.0,False,8,False
COMM-0000568,VD-000019,VD-000038,E-Mail,2023-08-11,14:21,2295.0,False,9,False
COMM-0000569,VD-000559,VD-000123,SMS,2025-10-14,13:17,524.0,False,9,True
COMM-0000570,VD-000943,VD-000583,Persönlicher Kontakt,2025-11-09,12:21,,False,8,False
COMM-0000571,VD-000051,VD-000458,E-Mail,2024-03-16,22:34,1916.0,False,8,True
COMM-0000572,VD-000813,VD-000984,Social Media,2023-08-07,05:43,448.0,True,2,True
COMM-0000573,VD-000572,VD-000389,Telefonat,2024-05-26,14:36,,False,5,False
COMM-0000574,VD-000163,VD-000995,E-Mail,2023-10-10,04:20,,False,4,False
COMM-0000575,VD-000775,VD-000983,E-Mail,2024-02-05,12:26,2471.0,False,7,False
COMM-0000576,VD-000991,VD-000201,Telefonat,2024-02-08,05:51,,True,6,False
COMM-0000577,VD-000604,VD-000443,Brief,2024-07-07,22:37,,False,8,True
COMM-0000578,VD-000510,VD-000381,Persönlicher Kontakt,2025-04-03,18:42,,False,7,False
COMM-0000579,VD-000811,VD-000746,Telefonat,2024-05-26,19:50,2467.0,True,9,True
COMM-0000580,VD-000327,VD-000054,Persönlicher Kontakt,2024-10-30,23:18,,True,4,False
COMM-0000581,VD-000699,VD-000168,Persönlicher Kontakt,2025-02-24,09:43,2191.0,False,10,False
COMM-0000582,VD-000093,VD-000307,Signal,2024-10-15,14:08,2818.0,True,9,True
COMM-0000583,VD-000036,VD-000754,Signal,2025-02-14,19:53,1338.0,True,7,False
COMM-0000584,VD-000906,VD-000427,Brief,2023-06-12,14:35,299.0,False,7,False
COMM-0000585,VD-000125,VD-000312,Social Media,2024-03-26,02:09,,False,10,False
COMM-0000586,VD-000042,VD-000333,Telefonat,2025-05-22,22:09,1633.0,False,2,False
COMM-0000587,VD-000919,VD-000143,Telefonat,2025-07-15,05:16,473.0,True,6,True
COMM-0000588,VD-000155,VD-000443,WhatsApp,2025-02-12,18:50,2294.0,False,7,True
COMM-0000589,VD-000661,VD-000217,Persönlicher Kontakt,2025-01-12,04:22,1637.0,False,5,True
COMM-0000590,VD-000112,VD-000807,SMS,2023-04-22,15:03,1948.0,True,2,True
COMM-0000591,VD-000431,VD-000280,WhatsApp,2025-09-04,21:47,2420.0,False,1,False
COMM-0000592,VD-000366,VD-000143,Telegram,2025-08-17,14:44,94.0,False,2,True
COMM-0000593,VD-000674,VD-000852,E-Mail,2025-07-02,11:34,1960.0,True,4,True
COMM-0000594,VD-000807,VD-000527,Brief,2023-12-23,11:16,2679.0,True,1,False
COMM-0000595,VD-000480,VD-000311,SMS,2025-03-20,16:09,1235.0,True,1,False
COMM-0000596,VD-000286,VD-000278,Social Media,2023-03-18,06:36,,True,1,True
COMM-0000597,VD-000741,VD-000332,Brief,2025-03-16,17:29,3218.0,True,5,True
COMM-0000598,VD-000485,VD-000260,E-Mail,2024-10-09,19:36,,True,3,True
COMM-0000599,VD-000997,VD-000734,Persönlicher Kontakt,2025-01-02,13:57,608.0,True,8,True
COMM-0000600,VD-000646,VD-000897,Brief,2023-04-15,07:47,3416.0,True,8,True
COMM-0000601,VD-000216,VD-000289,Social Media,2025-09-18,10:50,1722.0,False,6,False
COMM-0000602,VD-000655,VD-000058,Brief,2023-01-08,08:37,1817.0,False,8,True
COMM-0000603,VD-000905,VD-000059,Social Media,2025-10-04,11:23,,True,7,False
COMM-0000604,VD-000058,VD-000299,WhatsApp,2024-12-13,09:53,,False,7,False
COMM-0000605,VD-000649,VD-000110,Brief,2023-08-15,14:05,979.0,True,3,False
COMM-0000606,VD-001000,VD-000159,Social Media,2025-11-11,02:13,758.0,True,3,False
COMM-0000607,VD-000923,VD-000744,Signal,2023-10-28,15:21,,False,3,False
COMM-0000608,VD-000303,VD-000544,WhatsApp,2024-10-10,03:20,719.0,True,10,True
COMM-0000609,VD-000894,VD-000113,SMS,2023-03-18,15:38,3163.0,False,2,False
COMM-0000610,VD-000849,VD-000062,Social Media,2024-12-16,11:16,328.0,True,5,False
COMM-0000611,VD-000574,VD-000917,Telefonat,2025-06-05,22:03,,False,4,True
COMM-0000612,VD-000217,VD-000473,Brief,2024-07-01,00:42,,True,9,True
COMM-0000613,VD-000737,VD-000311,Telegram,2023-01-30,12:12,1374.0,True,2,True
COMM-0000614,VD-000126,VD-000507,E-Mail,2023-04-17,01:29,1448.0,False,8,True
COMM-0000615,VD-000384,VD-000197,WhatsApp,2025-08-19,06:51,1729.0,False,8,True
COMM-0000616,VD-000603,VD-000313,Persönlicher Kontakt,2023-11-09,00:07,3009.0,False,6,True
COMM-0000617,VD-000718,VD-000596,WhatsApp,2025-03-09,07:32,2052.0,True,7,False
COMM-0000618,VD-000486,VD-000846,E-Mail,2023-04-12,14:39,,False,4,True
COMM-0000619,VD-000548,VD-000649,SMS,2024-01-20,22:24,2787.0,False,1,False
COMM-0000620,VD-000710,VD-000527,Social Media,2024-04-13,13:54,1434.0,True,4,False
COMM-0000621,VD-000408,VD-000724,Persönlicher Kontakt,2024-09-05,20:22,579.0,False,6,True
COMM-0000622,VD-000627,VD-000826,Persönlicher Kontakt,2024-05-22,17:35,283.0,True,3,False
COMM-0000623,VD-000691,VD-000667,Social Media,2025-03-26,05:39,1806.0,False,10,False
COMM-0000624,VD-000291,VD-000445,Social Media,2023-07-02,18:34,3525.0,True,3,False
COMM-0000625,VD-000346,VD-000986,Telegram,2025-08-05,00:55,1478.0,True,9,True
COMM-0000626,VD-000948,VD-000563,Telegram,2024-06-20,00:13,530.0,False,6,False
COMM-0000627,VD-000909,VD-000267,Brief,2024-09-28,18:53,,False,1,True
COMM-0000628,VD-000535,VD-000581,Social Media,2025-04-06,03:09,420.0,False,9,False
COMM-0000629,VD-000838,VD-000211,E-Mail,2024-03-24,19:23,2226.0,False,6,True
COMM-0000630,VD-000677,VD-000662,E-Mail,2024-12-07,10:57,881.0,True,9,True
COMM-0000631,VD-000930,VD-000037,Telefonat,2023-04-12,07:44,459.0,True,8,False
COMM-0000632,VD-000179,VD-000444,Telefonat,2023-08-14,00:52,227.0,True,2,True
COMM-0000633,VD-000457,VD-000684,E-Mail,2023-04-06,19:45,2817.0,False,5,False
COMM-0000634,VD-000392,VD-000973,E-Mail,2024-06-05,05:25,2553.0,False,5,True
COMM-0000635,VD-000395,VD-000249,Social Media,2025-10-17,12:14,2102.0,False,4,False
COMM-0000636,VD-000736,VD-000373,Signal,2024-11-17,09:50,1713.0,True,8,True
COMM-0000637,VD-000319,VD-000005,Brief,2025-01-19,03:10,2151.0,False,10,True
COMM-0000638,VD-000083,VD-000503,Persönlicher Kontakt,2023-08-12,04:05,2065.0,False,4,True
COMM-0000639,VD-000329,VD-000689,Telefonat,2024-07-19,21:56,,True,2,False
COMM-0000640,VD-000216,VD-000374,E-Mail,2023-10-03,21:45,3119.0,True,3,True
COMM-0000641,VD-000190,VD-000700,Brief,2023-07-07,23:19,997.0,True,10,True
COMM-0000642,VD-000756,VD-000956,SMS,2023-01-15,02:08,3092.0,True,2,False
COMM-0000643,VD-000878,VD-000228,Telegram,2023-10-15,22:16,2052.0,False,10,False
COMM-0000644,VD-000783,VD-000408,Social Media,2023-12-02,18:55,2189.0,True,7,True
COMM-0000645,VD-000270,VD-000156,WhatsApp,2024-10-12,17:11,2433.0,False,10,True
COMM-0000646,VD-000592,VD-000890,SMS,2024-07-27,19:35,284.0,False,1,True
COMM-0000647,VD-000980,VD-000953,Signal,2023-08-27,19:07,2967.0,False,8,True
COMM-0000648,VD-000306,VD-000767,Telegram,2025-07-11,07:40,1072.0,False,9,True
COMM-0000649,VD-000840,VD-000923,Brief,2023-06-27,21:46,,True,5,False
COMM-0000650,VD-000010,VD-000362,Persönlicher Kontakt,2025-01-19,20:45,2813.0,True,1,True
COMM-0000651,VD-000275,VD-000432,Telegram,2024-07-26,04:33,1413.0,False,3,False
COMM-0000652,VD-000959,VD-000963,E-Mail,2023-12-05,09:08,3226.0,True,5,True
COMM-0000653,VD-000545,VD-000729,Telegram,2024-12-13,07:11,2346.0,True,4,False
COMM-0000654,VD-000492,VD-000507,E-Mail,2023-03-18,04:17,,False,7,True
COMM-0000655,VD-000188,VD-000476,Social Media,2024-01-21,17:54,3035.0,False,6,True
COMM-0000656,VD-000335,VD-000009,Persönlicher Kontakt,2023-02-21,19:42,2006.0,False,9,False
COMM-0000657,VD-000971,VD-000357,Brief,2023-11-05,05:17,646.0,False,10,False
COMM-0000658,VD-000272,VD-000021,Telefonat,2025-05-05,22:25,1059.0,False,10,True
COMM-0000659,VD-000848,VD-000810,Persönlicher Kontakt,2023-08-21,09:17,2956.0,True,8,True
COMM-0000660,VD-000789,VD-000924,Telegram,2023-06-12,02:21,1507.0,True,1,False
COMM-0000661,VD-000452,VD-000500,Signal,2023-08-15,15:54,1555.0,True,3,True
COMM-0000662,VD-000852,VD-000917,Social Media,2025-02-01,14:24,1622.0,True,10,True
COMM-0000663,VD-000897,VD-000629,Persönlicher Kontakt,2023-06-21,07:49,,False,3,False
COMM-0000664,VD-000450,VD-000537,Persönlicher Kontakt,2024-01-21,06:02,259.0,True,4,True
COMM-0000665,VD-000767,VD-000571,Social Media,2025-03-14,19:28,1013.0,True,3,True
COMM-0000666,VD-000435,VD-000314,Signal,2023-07-22,17:25,,True,8,True
COMM-0000667,VD-000563,VD-000810,Telefonat,2024-10-21,06:56,1988.0,True,5,False
COMM-0000668,VD-000116,VD-000038,Signal,2023-03-25,16:30,,False,2,True
COMM-0000669,VD-000782,VD-000249,Brief,2023-06-12,23:14,,True,2,True
COMM-0000670,VD-000875,VD-000100,Persönlicher Kontakt,2025-01-26,17:05,3021.0,False,10,True
COMM-0000671,VD-000456,VD-000942,Persönlicher Kontakt,2023-01-20,08:15,3012.0,True,7,True
COMM-0000672,VD-000291,VD-000191,Telegram,2023-08-04,07:57,2605.0,True,5,False
COMM-0000673,VD-000588,VD-000953,Signal,2024-01-19,03:23,,False,2,True
COMM-0000674,VD-000320,VD-000031,Brief,2023-12-28,10:11,1627.0,True,7,False
COMM-0000675,VD-000708,VD-000276,WhatsApp,2025-01-25,03:56,,True,10,False
COMM-0000676,VD-000452,VD-000492,Telegram,2024-05-04,01:49,3520.0,True,10,False
COMM-0000677,VD-000975,VD-000165,Social Media,2023-12-20,11:08,,False,4,True
COMM-0000678,VD-000653,VD-000006,Persönlicher Kontakt,2023-01-18,05:14,,False,1,False
COMM-0000679,VD-000556,VD-000143,Brief,2025-06-19,15:12,1424.0,False,4,False
COMM-0000680,VD-000689,VD-000324,E-Mail,2025-05-18,23:27,2682.0,False,10,True
COMM-0000681,VD-000742,VD-000753,SMS,2024-11-23,19:38,,False,4,False
COMM-0000682,VD-000416,VD-000015,Persönlicher Kontakt,2025-06-01,05:23,3207.0,False,8,True
COMM-0000683,VD-000327,VD-000461,Telegram,2024-08-09,08:56,,False,4,False
COMM-0000684,VD-000925,VD-000034,Social Media,2025-03-22,13:02,2101.0,False,1,True
COMM-0000685,VD-000091,VD-000888,Telegram,2025-01-20,18:27,1893.0,True,7,False
COMM-0000686,VD-000392,VD-000089,Social Media,2024-10-10,19:42,273.0,True,5,True
COMM-0000687,VD-000741,VD-000392,Brief,2023-07-09,11:20,2637.0,True,2,True
COMM-0000688,VD-000543,VD-000794,Social Media,2024-02-13,16:11,1559.0,True,8,False
COMM-0000689,VD-000766,VD-000770,Persönlicher Kontakt,2024-04-11,15:33,2138.0,True,2,False
COMM-0000690,VD-000177,VD-000209,SMS,2023-12-01,08:08,431.0,True,3,False
COMM-0000691,VD-000278,VD-000905,Telefonat,2024-05-10,08:56,,False,1,False
COMM-0000692,VD-000776,VD-000091,SMS,2023-09-23,23:07,1318.0,False,7,False
COMM-0000693,VD-000421,VD-000101,SMS,2024-12-23,06:39,,False,4,True
COMM-0000694,VD-000597,VD-000222,Persönlicher Kontakt,2023-05-25,06:13,2432.0,False,6,False
COMM-0000695,VD-000516,VD-000616,Brief,2025-08-29,21:31,1592.0,True,3,False
COMM-0000696,VD-000369,VD-000116,Telegram,2025-05-08,22:38,,True,1,True
COMM-0000697,VD-000619,VD-000037,Telefonat,2025-04-19,08:05,287.0,True,7,False
COMM-0000698,VD-000037,VD-000420,Persönlicher Kontakt,2023-10-23,13:05,,True,1,True
COMM-0000699,VD-000718,VD-000462,Telegram,2023-07-08,11:07,3071.0,True,5,False
COMM-0000700,VD-000227,VD-000073,Telefonat,2025-07-27,03:05,1672.0,True,1,True
COMM-0000701,VD-000768,VD-000544,Signal,2023-01-13,18:30,,True,7,True
COMM-0000702,VD-000859,VD-000286,Signal,2023-12-26,11:22,,False,2,True
COMM-0000703,VD-000167,VD-000662,E-Mail,2023-09-18,13:27,1374.0,True,10,True
COMM-0000704,VD-000490,VD-000650,Telefonat,2023-09-06,20:44,2340.0,False,10,True
COMM-0000705,VD-000334,VD-000453,Social Media,2024-07-29,17:17,1067.0,True,6,True
COMM-0000706,VD-000014,VD-000048,Telegram,2023-12-26,22:22,517.0,False,9,True
COMM-0000707,VD-000227,VD-000834,Persönlicher Kontakt,2024-09-25,10:27,2976.0,False,9,False
COMM-0000708,VD-000841,VD-000644,Telegram,2025-09-15,08:49,,True,8,True
COMM-0000709,VD-000471,VD-000744,Telegram,2023-06-09,10:55,2575.0,False,2,True
COMM-0000710,VD-000383,VD-000269,Telefonat,2023-02-16,08:32,,False,6,False
COMM-0000711,VD-000955,VD-000959,Social Media,2025-05-20,04:56,1263.0,True,4,True
COMM-0000712,VD-000291,VD-000699,Persönlicher Kontakt,2023-05-29,01:30,3475.0,True,9,False
COMM-0000713,VD-000978,VD-000618,WhatsApp,2024-02-21,19:54,2661.0,False,9,False
COMM-0000714,VD-000420,VD-000888,Signal,2025-06-24,00:21,,False,8,False
COMM-0000715,VD-000668,VD-000345,WhatsApp,2024-06-30,02:15,2058.0,False,8,True
COMM-0000716,VD-000438,VD-000183,Brief,2024-02-13,23:41,2989.0,True,4,False
COMM-0000717,VD-000041,VD-000321,SMS,2024-08-29,15:45,3232.0,False,6,False
COMM-0000718,VD-000161,VD-000150,Social Media,2024-04-21,06:27,,True,5,True
COMM-0000719,VD-000696,VD-000799,Telefonat,2023-02-02,04:34,1005.0,False,1,True
COMM-0000720,VD-000185,VD-000496,Signal,2025-04-16,12:09,629.0,True,5,True
COMM-0000721,VD-000149,VD-000440,Brief,2024-03-30,08:45,635.0,True,9,True
COMM-0000722,VD-000694,VD-000830,Telefonat,2025-05-16,15:22,3456.0,True,8,True
COMM-0000723,VD-000785,VD-000101,Persönlicher Kontakt,2023-06-04,00:56,,True,5,True
COMM-0000724,VD-000438,VD-000056,WhatsApp,2024-01-24,13:00,1936.0,True,6,False
COMM-0000725,VD-000715,VD-000537,Telegram,2025-01-03,18:35,2949.0,False,3,True
COMM-0000726,VD-000674,VD-000898,WhatsApp,2023-04-02,03:39,934.0,False,4,False
COMM-0000727,VD-000191,VD-000237,SMS,2025-01-31,07:15,1369.0,False,3,False
COMM-0000728,VD-000843,VD-000355,Telefonat,2025-11-04,07:53,2595.0,True,5,False
COMM-0000729,VD-000669,VD-000051,SMS,2025-02-19,01:05,851.0,True,10,True
COMM-0000730,VD-000050,VD-000319,E-Mail,2023-01-03,03:39,2206.0,True,10,False
COMM-0000731,VD-000503,VD-000199,WhatsApp,2023-03-23,03:11,2859.0,False,2,False
COMM-0000732,VD-000045,VD-000394,E-Mail,2023-11-08,03:16,642.0,False,10,True
COMM-0000733,VD-000704,VD-000129,SMS,2024-08-21,15:52,2702.0,True,6,True
COMM-0000734,VD-000202,VD-000127,E-Mail,2023-11-06,17:41,1212.0,True,6,True
COMM-0000735,VD-000491,VD-000385,Signal,2025-07-30,23:43,2344.0,True,6,True
COMM-0000736,VD-000840,VD-001000,Telegram,2023-11-14,05:20,1105.0,False,6,False
COMM-0000737,VD-000399,VD-000178,Telegram,2025-08-24,18:11,2236.0,False,2,False
COMM-0000738,VD-000171,VD-000532,Social Media,2024-11-02,21:56,2127.0,True,8,True
COMM-0000739,VD-000932,VD-000438,E-Mail,2023-11-30,08:20,535.0,True,5,True
COMM-0000740,VD-000443,VD-000895,Brief,2023-06-15,04:03,2970.0,False,7,True
COMM-0000741,VD-000534,VD-000418,E-Mail,2023-02-11,05:26,3427.0,False,10,True
COMM-0000742,VD-000013,VD-000802,Persönlicher Kontakt,2024-07-30,13:39,566.0,False,1,False
COMM-0000743,VD-000390,VD-000674,E-Mail,2024-11-16,18:28,1531.0,True,4,False
COMM-0000744,VD-000594,VD-000711,Persönlicher Kontakt,2023-08-25,05:07,2102.0,False,2,False
COMM-0000745,VD-000646,VD-000934,WhatsApp,2025-02-02,17:32,,False,10,False
COMM-0000746,VD-000847,VD-000683,WhatsApp,2024-12-15,16:18,905.0,False,6,True
COMM-0000747,VD-000754,VD-000441,Persönlicher Kontakt,2025-10-08,02:07,835.0,True,8,False
COMM-0000748,VD-000858,VD-000338,Social Media,2023-09-06,23:26,2865.0,True,5,False
COMM-0000749,VD-000930,VD-000915,Social Media,2023-04-28,14:10,2628.0,False,1,True
COMM-0000750,VD-000448,VD-000480,Persönlicher Kontakt,2023-01-25,08:55,1447.0,False,1,False
COMM-0000751,VD-000046,VD-000956,E-Mail,2025-05-21,01:59,268.0,False,4,True
COMM-0000752,VD-000764,VD-000408,Signal,2024-11-13,17:40,,True,6,True
COMM-0000753,VD-000357,VD-000689,WhatsApp,2023-02-01,08:26,3157.0,True,3,False
COMM-0000754,VD-000873,VD-000875,WhatsApp,2023-02-18,00:30,2886.0,True,1,False
COMM-0000755,VD-000765,VD-000656,E-Mail,2024-07-14,07:55,1279.0,True,8,False
COMM-0000756,VD-000514,VD-000603,Signal,2024-04-29,20:26,,False,4,False
COMM-0000757,VD-000300,VD-000956,Brief,2024-11-28,14:16,253.0,True,2,True
COMM-0000758,VD-000897,VD-000194,Telefonat,2024-07-01,02:27,2575.0,True,6,False
COMM-0000759,VD-000107,VD-000263,Persönlicher Kontakt,2024-12-22,00:03,1300.0,True,1,True
COMM-0000760,VD-000862,VD-000725,Social Media,2025-01-09,20:18,,False,5,True
COMM-0000761,VD-000746,VD-000820,Telegram,2025-01-16,00:07,1898.0,False,10,False
COMM-0000762,VD-000197,VD-000971,Signal,2023-02-10,08:16,2845.0,True,6,True
COMM-0000763,VD-000325,VD-000806,Social Media,2023-04-19,23:54,2896.0,True,4,False
COMM-0000764,VD-000114,VD-000936,E-Mail,2025-01-24,21:26,1139.0,True,1,True
COMM-0000765,VD-000360,VD-000330,Social Media,2025-07-01,20:49,2230.0,True,7,False
COMM-0000766,VD-000789,VD-000283,WhatsApp,2025-05-19,00:27,2125.0,False,6,True
COMM-0000767,VD-000489,VD-000863,Social Media,2023-11-01,14:41,3545.0,False,3,True
COMM-0000768,VD-000523,VD-000073,Brief,2024-08-28,14:57,1373.0,False,9,False
COMM-0000769,VD-000085,VD-000430,Persönlicher Kontakt,2023-09-01,03:30,,False,8,False
COMM-0000770,VD-000191,VD-000826,SMS,2023-12-31,18:38,,True,2,False
COMM-0000771,VD-000691,VD-000585,Brief,2023-01-03,01:30,,True,3,True
COMM-0000772,VD-000660,VD-000799,WhatsApp,2023-11-16,09:38,,True,10,False
COMM-0000773,VD-000563,VD-000991,WhatsApp,2023-06-19,00:14,1707.0,True,9,True
COMM-0000774,VD-000164,VD-000558,Telegram,2024-04-18,01:52,,False,9,True
COMM-0000775,VD-000877,VD-000681,WhatsApp,2025-04-28,02:43,,False,2,True
COMM-0000776,VD-000654,VD-000053,E-Mail,2023-05-02,04:54,2842.0,True,7,True
COMM-0000777,VD-000870,VD-000717,Telegram,2024-03-08,10:13,1232.0,True,2,True
COMM-0000778,VD-000379,VD-000555,SMS,2025-02-04,02:39,511.0,True,4,True
COMM-0000779,VD-000153,VD-000800,Brief,2024-12-31,00:12,,True,9,False
COMM-0000780,VD-000787,VD-000059,Telegram,2024-09-19,06:32,2044.0,False,6,False
COMM-0000781,VD-000341,VD-000782,Signal,2023-03-15,21:40,1547.0,False,5,False
COMM-0000782,VD-000411,VD-000293,Persönlicher Kontakt,2023-10-22,11:01,3112.0,True,2,True
COMM-0000783,VD-000111,VD-000628,SMS,2024-07-12,20:27,,False,5,True
COMM-0000784,VD-000882,VD-000974,Brief,2025-01-30,10:14,1235.0,True,9,True
COMM-0000785,VD-000989,VD-000164,Persönlicher Kontakt,2023-04-14,04:14,952.0,True,3,False
COMM-0000786,VD-000608,VD-000759,WhatsApp,2023-06-19,00:00,,False,10,True
COMM-0000787,VD-000869,VD-000301,Brief,2025-03-05,06:54,1314.0,True,1,True
COMM-0000788,VD-000271,VD-000313,SMS,2025-08-30,23:05,3152.0,False,3,True
COMM-0000789,VD-000961,VD-000735,Social Media,2023-02-18,19:18,1799.0,True,10,True
COMM-0000790,VD-000524,VD-000532,WhatsApp,2025-08-02,11:32,1134.0,True,5,True
COMM-0000791,VD-000444,VD-000780,Signal,2025-08-19,01:15,689.0,True,10,True
COMM-0000792,VD-000357,VD-000691,SMS,2023-02-13,04:29,,True,1,False
COMM-0000793,VD-000817,VD-000975,Persönlicher Kontakt,2024-06-25,10:50,,True,7,False
COMM-0000794,VD-000206,VD-000287,WhatsApp,2023-10-03,01:19,,True,3,False
COMM-0000795,VD-000578,VD-000380,Persönlicher Kontakt,2023-10-24,18:58,,True,6,True
COMM-0000796,VD-000740,VD-000951,SMS,2024-08-07,11:18,,False,9,True
COMM-0000797,VD-000712,VD-000920,Telefonat,2024-10-13,03:10,2159.0,True,9,True
COMM-0000798,VD-000969,VD-000070,Persönlicher Kontakt,2023-07-20,06:17,494.0,False,6,False
COMM-0000799,VD-000537,VD-000245,Social Media,2023-09-04,08:08,2789.0,True,7,True
COMM-0000800,VD-000486,VD-000679,Persönlicher Kontakt,2023-07-13,20:46,2336.0,False,4,True
COMM-0000801,VD-000313,VD-000657,SMS,2023-08-17,03:06,3350.0,False,10,True
COMM-0000802,VD-000422,VD-000485,Social Media,2024-11-07,10:32,1072.0,True,8,False
COMM-0000803,VD-000551,VD-000317,Telefonat,2023-08-31,08:11,3351.0,True,7,True
COMM-0000804,VD-000281,VD-000678,Telefonat,2024-03-22,03:27,895.0,True,4,True
COMM-0000805,VD-000790,VD-000487,WhatsApp,2024-03-27,12:04,2369.0,False,5,True
COMM-0000806,VD-000556,VD-000927,Brief,2025-01-31,09:41,,False,4,True
COMM-0000807,VD-000275,VD-000783,SMS,2023-10-12,15:55,2549.0,True,7,False
COMM-0000808,VD-000655,VD-000025,Telegram,2025-08-06,13:44,2995.0,True,1,True
COMM-0000809,VD-000923,VD-000990,SMS,2024-07-18,06:15,2337.0,False,8,True
COMM-0000810,VD-000143,VD-000113,Persönlicher Kontakt,2025-03-21,07:04,1901.0,False,2,False
COMM-0000811,VD-000296,VD-000887,WhatsApp,2025-08-04,11:20,929.0,False,5,True
COMM-0000812,VD-000973,VD-000104,Persönlicher Kontakt,2023-02-03,19:43,,False,3,False
COMM-0000813,VD-000664,VD-000167,Telegram,2025-06-19,20:15,,False,1,True
COMM-0000814,VD-000627,VD-000176,Brief,2024-09-25,18:06,3225.0,True,7,False
COMM-0000815,VD-000902,VD-000685,E-Mail,2024-09-29,16:39,1608.0,False,10,True
COMM-0000816,VD-000422,VD-000246,Persönlicher Kontakt,2024-07-10,09:13,,False,10,False
COMM-0000817,VD-000956,VD-000668,Brief,2025-05-30,14:41,394.0,False,8,False
COMM-0000818,VD-000418,VD-000500,Telefonat,2023-04-04,00:48,381.0,True,9,True
COMM-0000819,VD-000147,VD-000307,WhatsApp,2023-02-14,02:54,352.0,True,1,True
COMM-0000820,VD-000715,VD-000911,WhatsApp,2025-01-17,06:19,,False,10,False
COMM-0000821,VD-000013,VD-000183,Social Media,2025-07-05,03:41,2733.0,True,7,False
COMM-0000822,VD-000436,VD-000474,Brief,2024-11-14,02:17,3552.0,False,9,False
COMM-0000823,VD-000275,VD-000813,Telegram,2025-07-09,10:10,3175.0,True,6,True
COMM-0000824,VD-000884,VD-000209,Persönlicher Kontakt,2024-03-28,14:33,,True,3,False
COMM-0000825,VD-000372,VD-000353,Social Media,2024-01-28,14:37,609.0,False,3,False
COMM-0000826,VD-000597,VD-000877,WhatsApp,2025-04-23,21:44,1704.0,False,4,False
COMM-0000827,VD-000372,VD-000324,WhatsApp,2023-03-16,15:11,2166.0,True,10,True
COMM-0000828,VD-000936,VD-000220,Telegram,2023-06-01,00:15,1641.0,True,8,True
COMM-0000829,VD-000473,VD-000082,Signal,2025-09-23,01:24,,True,7,False
COMM-0000830,VD-000053,VD-000774,E-Mail,2023-04-02,16:33,2029.0,True,4,True
COMM-0000831,VD-000289,VD-000050,Telegram,2023-04-18,15:38,371.0,False,2,True
COMM-0000832,VD-000418,VD-000381,E-Mail,2024-04-09,17:39,,True,4,False
COMM-0000833,VD-000327,VD-000762,Brief,2025-10-05,08:57,,True,6,False
COMM-0000834,VD-000176,VD-000229,Brief,2024-07-03,14:11,,True,10,True
COMM-0000835,VD-000995,VD-000338,WhatsApp,2024-07-27,00:14,1524.0,True,10,False
COMM-0000836,VD-000948,VD-000551,Brief,2025-03-10,16:57,473.0,True,10,False
COMM-0000837,VD-000250,VD-000695,Social Media,2023-02-28,11:17,,False,7,False
COMM-0000838,VD-000625,VD-000731,WhatsApp,2023-05-28,05:47,2485.0,False,7,False
COMM-0000839,VD-000969,VD-000102,Persönlicher Kontakt,2024-01-05,05:20,2270.0,False,8,False
COMM-0000840,VD-000306,VD-000469,Signal,2024-03-07,17:22,,True,9,False
COMM-0000841,VD-000040,VD-000321,Brief,2023-05-11,04:26,1348.0,True,9,False
COMM-0000842,VD-000726,VD-000082,Signal,2025-03-20,18:25,942.0,True,1,False
COMM-0000843,VD-000003,VD-000440,Signal,2023-06-18,13:55,2219.0,False,8,True
COMM-0000844,VD-000172,VD-000396,Signal,2023-10-10,11:58,3171.0,True,4,True
COMM-0000845,VD-000628,VD-000663,WhatsApp,2023-10-01,03:56,1466.0,True,4,True
COMM-0000846,VD-000345,VD-000932,SMS,2023-02-14,13:50,1460.0,True,4,False
COMM-0000847,VD-000070,VD-000584,Telegram,2024-04-22,12:21,1874.0,False,10,True
COMM-0000848,VD-000839,VD-000299,Social Media,2025-05-09,09:52,1628.0,True,5,True
COMM-0000849,VD-000302,VD-000902,WhatsApp,2023-08-31,10:27,,False,2,True
COMM-0000850,VD-000440,VD-000187,Signal,2024-07-15,18:51,1371.0,False,2,True
COMM-0000851,VD-000028,VD-000691,Telegram,2025-10-23,19:12,,False,4,False
COMM-0000852,VD-000666,VD-000031,Telegram,2023-05-06,13:29,,True,5,True
COMM-0000853,VD-000311,VD-000327,Brief,2023-06-30,11:51,,False,2,False
COMM-0000854,VD-000277,VD-000793,Persönlicher Kontakt,2025-07-20,00:26,1910.0,True,9,True
COMM-0000855,VD-000190,VD-000263,Persönlicher Kontakt,2023-07-10,20:22,,True,8,True
COMM-0000856,VD-000601,VD-000772,Signal,2023-12-24,10:09,,False,3,True
COMM-0000857,VD-000265,VD-000572,Social Media,2023-07-22,18:28,1505.0,False,10,False
COMM-0000858,VD-000267,VD-000993,SMS,2025-11-02,06:35,541.0,False,6,False
COMM-0000859,VD-000927,VD-000568,Signal,2023-01-31,22:25,3594.0,True,1,True
COMM-0000860,VD-000352,VD-000137,Social Media,2024-02-02,14:24,1979.0,False,7,False
COMM-0000861,VD-000222,VD-000664,SMS,2025-08-24,11:40,2985.0,False,2,False
COMM-0000862,VD-000866,VD-000281,Brief,2023-07-24,19:51,2292.0,False,2,True
COMM-0000863,VD-000408,VD-000729,Signal,2025-08-12,03:23,591.0,True,4,False
COMM-0000864,VD-000520,VD-000226,Persönlicher Kontakt,2023-03-08,16:26,,False,9,False
COMM-0000865,VD-000602,VD-000770,Persönlicher Kontakt,2024-09-27,08:05,,True,6,True
COMM-0000866,VD-000704,VD-000007,Telefonat,2025-09-16,20:24,3210.0,True,2,True
COMM-0000867,VD-000156,VD-000979,Telegram,2023-04-30,10:01,747.0,False,9,False
COMM-0000868,VD-000270,VD-000589,Social Media,2024-07-08,03:54,2793.0,False,2,False
COMM-0000869,VD-000277,VD-000252,Telegram,2025-09-13,01:09,,False,1,True
COMM-0000870,VD-000425,VD-000940,WhatsApp,2023-02-06,08:33,702.0,True,5,False
COMM-0000871,VD-000272,VD-000960,SMS,2024-02-04,11:49,676.0,True,4,False
COMM-0000872,VD-000653,VD-000320,SMS,2025-09-09,20:28,1049.0,False,9,False
COMM-0000873,VD-000806,VD-000477,SMS,2023-01-17,07:35,,False,9,False
COMM-0000874,VD-000568,VD-000388,SMS,2025-01-09,13:52,1153.0,False,4,True
COMM-0000875,VD-000711,VD-000043,Telegram,2024-04-20,09:36,287.0,False,9,True
COMM-0000876,VD-000219,VD-000767,Social Media,2023-10-18,21:40,1614.0,False,4,False
COMM-0000877,VD-000028,VD-000028,Social Media,2025-02-28,13:46,,False,9,True
COMM-0000878,VD-000587,VD-000596,Telefonat,2024-08-17,06:13,,False,4,True
COMM-0000879,VD-000816,VD-000911,Signal,2024-01-01,20:06,3127.0,False,8,False
COMM-0000880,VD-000687,VD-000417,Brief,2024-02-29,21:07,990.0,True,9,False
COMM-0000881,VD-000533,VD-000334,Telegram,2023-04-25,04:17,,True,9,True
COMM-0000882,VD-000197,VD-000089,Signal,2025-09-13,09:09,,True,6,False
COMM-0000883,VD-000416,VD-000332,Brief,2023-04-15,01:11,1074.0,False,6,True
COMM-0000884,VD-000989,VD-000597,Social Media,2023-04-26,03:18,2272.0,False,5,True
COMM-0000885,VD-000703,VD-000012,Telefonat,2025-01-19,22:39,1387.0,True,7,False
COMM-0000886,VD-000326,VD-000142,WhatsApp,2023-02-01,10:16,,False,4,False
COMM-0000887,VD-000055,VD-000542,Social Media,2023-11-03,04:11,1097.0,False,6,False
COMM-0000888,VD-000538,VD-000041,Persönlicher Kontakt,2024-06-02,06:55,1087.0,False,7,True
COMM-0000889,VD-000244,VD-000298,Telefonat,2023-11-30,15:01,,False,3,False
COMM-0000890,VD-000111,VD-000516,Social Media,2023-03-26,00:53,,True,5,False
COMM-0000891,VD-000894,VD-000618,Brief,2023-01-27,00:29,601.0,False,9,True
COMM-0000892,VD-000585,VD-000300,Telegram,2024-08-29,03:04,,False,10,False
COMM-0000893,VD-000641,VD-000866,Telegram,2024-05-27,20:34,3512.0,False,1,False
COMM-0000894,VD-000590,VD-000389,Signal,2024-09-13,08:23,235.0,True,9,True
COMM-0000895,VD-000249,VD-000377,Telefonat,2025-09-28,02:21,905.0,False,9,False
COMM-0000896,VD-000597,VD-000801,Social Media,2023-10-14,02:19,2042.0,True,10,True
COMM-0000897,VD-000596,VD-000029,Brief,2023-01-07,03:28,,True,3,True
COMM-0000898,VD-000230,VD-000837,WhatsApp,2023-08-23,04:30,2502.0,True,2,True
COMM-0000899,VD-000524,VD-000568,WhatsApp,2024-09-02,14:31,845.0,False,7,False
COMM-0000900,VD-000640,VD-000901,Telegram,2023-05-25,19:51,1392.0,False,9,True
COMM-0000901,VD-000746,VD-000764,Telefonat,2023-06-13,13:38,,False,1,True
COMM-0000902,VD-000327,VD-000214,Signal,2025-10-10,18:24,810.0,False,5,False
COMM-0000903,VD-000769,VD-000863,Signal,2025-07-01,07:49,1816.0,False,10,True
COMM-0000904,VD-000485,VD-000295,Telefonat,2024-11-12,10:28,1885.0,False,1,True
COMM-0000905,VD-000377,VD-000714,E-Mail,2025-02-04,18:48,2103.0,True,1,True
COMM-0000906,VD-000826,VD-000404,SMS,2024-06-07,09:04,,False,9,True
COMM-0000907,VD-000876,VD-000683,Social Media,2024-06-05,08:53,3035.0,True,2,True
COMM-0000908,VD-000374,VD-000597,Persönlicher Kontakt,2025-01-11,15:47,2881.0,False,9,False
COMM-0000909,VD-000811,VD-000543,Signal,2023-06-09,12:29,3164.0,False,4,True
COMM-0000910,VD-000397,VD-000172,WhatsApp,2023-08-08,18:08,2649.0,False,3,False
COMM-0000911,VD-000264,VD-000697,WhatsApp,2024-06-08,16:03,3393.0,False,5,True
COMM-0000912,VD-000302,VD-000612,Signal,2023-06-21,01:19,2486.0,False,8,False
COMM-0000913,VD-000316,VD-000666,SMS,2024-07-30,11:53,,False,10,False
COMM-0000914,VD-000201,VD-000148,Persönlicher Kontakt,2024-10-25,12:08,717.0,False,2,False
COMM-0000915,VD-000265,VD-000926,Telegram,2024-08-15,05:41,2459.0,False,10,False
COMM-0000916,VD-000340,VD-000497,Social Media,2024-04-29,09:24,,True,9,False
COMM-0000917,VD-000893,VD-000091,WhatsApp,2024-10-02,00:56,2482.0,True,4,True
COMM-0000918,VD-000763,VD-000769,Brief,2024-02-23,04:01,1504.0,False,3,False
COMM-0000919,VD-000877,VD-000360,Brief,2023-03-02,11:40,,False,10,False
COMM-0000920,VD-000852,VD-000140,SMS,2024-06-13,01:27,1754.0,False,7,False
COMM-0000921,VD-000240,VD-000450,Persönlicher Kontakt,2025-05-29,01:58,1606.0,True,7,False
COMM-0000922,VD-000064,VD-000709,E-Mail,2023-10-01,04:47,761.0,False,9,False
COMM-0000923,VD-000641,VD-000237,Social Media,2023-09-14,08:07,1183.0,False,10,False
COMM-0000924,VD-000650,VD-000263,Telefonat,2025-09-10,03:35,,False,9,True
COMM-0000925,VD-000020,VD-000710,SMS,2024-04-14,00:14,2788.0,True,5,False
COMM-0000926,VD-000195,VD-000955,Persönlicher Kontakt,2023-12-09,03:07,2678.0,False,8,False
COMM-0000927,VD-000459,VD-000945,Brief,2024-06-16,06:04,,True,5,True
COMM-0000928,VD-000494,VD-000813,Telefonat,2023-07-31,04:52,2325.0,True,6,False
COMM-0000929,VD-000249,VD-000159,Social Media,2025-08-26,12:35,274.0,False,8,False
COMM-0000930,VD-000189,VD-000829,Telegram,2023-04-28,16:12,482.0,True,1,False
COMM-0000931,VD-000694,VD-000346,Signal,2023-06-06,19:33,776.0,True,8,False
COMM-0000932,VD-000186,VD-000979,E-Mail,2024-12-27,06:55,1557.0,False,6,True
COMM-0000933,VD-000951,VD-000799,SMS,2024-10-09,18:09,1361.0,False,2,True
COMM-0000934,VD-000497,VD-000365,Social Media,2025-05-13,11:33,2184.0,True,5,False
COMM-0000935,VD-000971,VD-000336,Social Media,2023-10-31,01:18,,True,2,True
COMM-0000936,VD-000517,VD-000926,Social Media,2025-04-02,00:11,488.0,True,6,False
COMM-0000937,VD-000175,VD-000369,Telefonat,2024-07-02,08:40,,False,3,False
COMM-0000938,VD-000024,VD-000280,Brief,2023-09-14,02:46,1192.0,True,9,True
COMM-0000939,VD-000869,VD-000598,Telegram,2024-06-09,23:29,833.0,False,4,True
COMM-0000940,VD-000386,VD-000403,Persönlicher Kontakt,2023-04-21,12:02,,True,4,False
COMM-0000941,VD-000224,VD-000930,Social Media,2023-10-03,05:48,,False,1,True
COMM-0000942,VD-000864,VD-000812,Social Media,2024-12-23,01:09,3165.0,False,7,True
COMM-0000943,VD-000814,VD-000935,Signal,2023-03-05,07:30,2193.0,False,1,False
COMM-0000944,VD-000517,VD-000120,Social Media,2025-05-14,12:17,3290.0,False,5,False
COMM-0000945,VD-000321,VD-000583,WhatsApp,2025-06-07,11:10,2149.0,False,8,True
COMM-0000946,VD-000126,VD-000663,E-Mail,2023-11-30,05:42,33.0,True,2,True
COMM-0000947,VD-000771,VD-000348,Brief,2024-04-06,07:31,3015.0,True,10,True
COMM-0000948,VD-000380,VD-000782,Telefonat,2024-01-18,02:53,719.0,True,8,True
COMM-0000949,VD-000918,VD-000766,Brief,2025-05-28,20:46,931.0,True,1,False
COMM-0000950,VD-000739,VD-000507,SMS,2024-02-18,16:02,2175.0,True,1,False
COMM-0000951,VD-000673,VD-000199,Brief,2024-05-22,21:56,909.0,True,3,False
COMM-0000952,VD-000754,VD-000609,Telegram,2025-07-04,07:14,,True,2,False
COMM-0000953,VD-000264,VD-000704,Telegram,2025-06-08,23:18,3027.0,True,8,False
COMM-0000954,VD-000892,VD-000078,Brief,2024-01-18,16:31,939.0,True,1,False
COMM-0000955,VD-000365,VD-000176,Signal,2025-08-23,15:23,2107.0,True,7,False
COMM-0000956,VD-000569,VD-000733,Persönlicher Kontakt,2023-10-03,12:56,2295.0,True,1,False
COMM-0000957,VD-000009,VD-000018,Brief,2024-04-13,21:10,,True,7,False
COMM-0000958,VD-000741,VD-000848,Signal,2024-05-20,07:34,,True,1,False
COMM-0000959,VD-000140,VD-000633,Telegram,2024-08-09,21:51,,True,5,False
COMM-0000960,VD-000593,VD-000234,Signal,2024-08-20,08:36,27.0,False,6,False
COMM-0000961,VD-000682,VD-000910,Persönlicher Kontakt,2025-09-25,20:37,1981.0,False,1,False
COMM-0000962,VD-000626,VD-000604,WhatsApp,2023-05-02,11:17,1863.0,False,3,True
COMM-0000963,VD-000476,VD-000944,Brief,2023-06-20,01:31,542.0,True,1,False
COMM-0000964,VD-000595,VD-000301,SMS,2025-05-31,13:11,,True,6,True
COMM-0000965,VD-000867,VD-000478,WhatsApp,2024-11-05,03:19,781.0,True,6,False
COMM-0000966,VD-000396,VD-000020,Signal,2023-08-23,00:23,1021.0,False,2,True
COMM-0000967,VD-000724,VD-000411,Telefonat,2025-11-11,09:42,87.0,True,10,True
COMM-0000968,VD-000672,VD-000146,Social Media,2023-12-03,07:09,2283.0,True,1,False
COMM-0000969,VD-000360,VD-000395,Telegram,2024-10-07,05:17,3597.0,True,10,False
COMM-0000970,VD-000891,VD-000242,Persönlicher Kontakt,2023-11-24,03:48,,True,3,True
COMM-0000971,VD-000104,VD-000410,Brief,2025-06-14,07:15,1693.0,True,6,True
COMM-0000972,VD-000261,VD-000325,E-Mail,2024-07-28,09:39,2628.0,False,5,True
COMM-0000973,VD-000165,VD-000209,Brief,2024-03-25,02:22,,False,10,False
COMM-0000974,VD-000623,VD-000713,Telegram,2024-04-16,23:21,1505.0,True,9,True
COMM-0000975,VD-000713,VD-000641,SMS,2024-10-21,10:19,994.0,False,6,True
COMM-0000976,VD-000586,VD-000243,WhatsApp,2023-06-30,12:24,2753.0,True,4,False
COMM-0000977,VD-000416,VD-000090,E-Mail,2024-07-12,16:00,1261.0,True,10,True
COMM-0000978,VD-000897,VD-000891,E-Mail,2024-02-26,05:23,1745.0,True,1,True
COMM-0000979,VD-000116,VD-000300,Signal,2023-05-01,09:30,984.0,False,5,True
COMM-0000980,VD-000267,VD-000521,E-Mail,2025-08-03,21:25,896.0,True,10,False
COMM-0000981,VD-000572,VD-000758,Social Media,2023-07-19,19:04,3010.0,False,4,False
COMM-0000982,VD-000146,VD-000827,Telegram,2023-05-31,14:00,,True,2,True
COMM-0000983,VD-000825,VD-000991,Telefonat,2024-06-10,04:40,,True,10,True
COMM-0000984,VD-000814,VD-000602,E-Mail,2024-07-31,02:16,,False,2,True
COMM-0000985,VD-000617,VD-000094,Signal,2023-06-12,09:03,,True,5,True
COMM-0000986,VD-000258,VD-000178,Telefonat,2025-04-29,09:54,2289.0,False,4,True
COMM-0000987,VD-000021,VD-000694,Telefonat,2023-12-16,22:11,902.0,False,1,True
COMM-0000988,VD-000195,VD-000986,Telegram,2025-08-01,18:21,,True,1,True
COMM-0000989,VD-000913,VD-000877,Persönlicher Kontakt,2024-05-13,02:05,3116.0,False,1,False
COMM-0000990,VD-000455,VD-000844,Signal,2024-09-27,12:47,396.0,True,10,False
COMM-0000991,VD-000082,VD-000055,Brief,2023-05-28,12:48,3184.0,False,8,True
COMM-0000992,VD-000033,VD-000644,WhatsApp,2024-08-19,13:06,2781.0,False,1,False
COMM-0000993,VD-000283,VD-000750,Social Media,2023-07-13,20:47,1122.0,False,1,True
COMM-0000994,VD-000994,VD-000974,SMS,2023-07-25,16:18,1308.0,True,4,True
COMM-0000995,VD-000769,VD-000975,Brief,2023-02-18,15:47,,True,6,False
COMM-0000996,VD-000629,VD-000235,WhatsApp,2024-07-02,03:41,,False,7,False
COMM-0000997,VD-000233,VD-000970,Social Media,2025-04-06,17:14,,False,4,True
COMM-0000998,VD-000537,VD-000945,Social Media,2023-05-28,09:19,2836.0,True,3,False
COMM-0000999,VD-000576,VD-000275,WhatsApp,2023-11-12,03:09,2324.0,False,5,True
COMM-0001000,VD-000233,VD-000836,Telefonat,2023-09-05,07:23,,False,8,True
COMM-0001001,VD-000590,VD-000020,Telefonat,2024-02-12,12:28,,True,6,True
COMM-0001002,VD-000801,VD-000863,Telegram,2024-08-12,05:56,991.0,True,2,True
COMM-0001003,VD-000464,VD-000918,Brief,2024-01-19,06:17,,False,7,False
COMM-0001004,VD-000053,VD-000888,Social Media,2025-09-04,20:17,3401.0,True,1,False
COMM-0001005,VD-000787,VD-000614,Social Media,2025-09-10,21:34,2754.0,False,6,False
COMM-0001006,VD-000720,VD-000488,WhatsApp,2023-11-28,00:22,1693.0,True,1,True
COMM-0001007,VD-000183,VD-000918,Social Media,2024-04-12,03:22,1887.0,True,7,False
COMM-0001008,VD-000682,VD-000901,Social Media,2025-05-28,15:49,2259.0,False,7,True
COMM-0001009,VD-000619,VD-000094,E-Mail,2024-11-29,20:28,2035.0,True,9,True
COMM-0001010,VD-000815,VD-000853,Persönlicher Kontakt,2024-06-03,06:22,2733.0,False,10,True
COMM-0001011,VD-000074,VD-000061,Social Media,2023-10-24,10:22,3355.0,False,7,True
COMM-0001012,VD-000510,VD-000546,E-Mail,2023-08-25,19:40,1740.0,False,2,False
COMM-0001013,VD-000647,VD-000104,Persönlicher Kontakt,2024-12-08,10:51,3118.0,True,7,True
COMM-0001014,VD-000918,VD-000155,WhatsApp,2025-08-14,03:16,1094.0,True,6,True
COMM-0001015,VD-000312,VD-000904,Social Media,2024-12-17,03:12,751.0,False,9,True
COMM-0001016,VD-000982,VD-000851,Telefonat,2023-04-26,10:35,,True,6,False
COMM-0001017,VD-000901,VD-000988,Telegram,2024-08-20,02:33,,False,10,False
COMM-0001018,VD-000912,VD-000488,SMS,2023-04-04,22:19,,False,9,True
COMM-0001019,VD-000428,VD-000360,Brief,2024-06-07,04:04,,False,3,False
COMM-0001020,VD-000844,VD-000340,Brief,2024-02-24,19:49,2734.0,True,4,False
COMM-0001021,VD-000354,VD-000113,SMS,2025-02-21,13:54,2062.0,False,1,False
COMM-0001022,VD-000661,VD-000534,Telegram,2025-10-09,00:14,,True,6,False
COMM-0001023,VD-000183,VD-000959,Signal,2024-05-13,22:00,1484.0,True,5,True
COMM-0001024,VD-000827,VD-000463,E-Mail,2025-02-12,13:37,2306.0,True,5,False
COMM-0001025,VD-000276,VD-000386,E-Mail,2025-07-24,10:39,2330.0,True,5,False
COMM-0001026,VD-000542,VD-000937,Telegram,2024-10-28,01:13,593.0,False,3,True
COMM-0001027,VD-000059,VD-000296,Telefonat,2023-12-16,15:35,995.0,False,2,True
COMM-0001028,VD-000866,VD-000237,SMS,2023-02-27,10:14,629.0,True,5,True
COMM-0001029,VD-000415,VD-000205,Brief,2023-03-30,12:14,,False,10,True
COMM-0001030,VD-000901,VD-000371,SMS,2024-09-18,07:10,496.0,True,4,False
COMM-0001031,VD-000572,VD-000700,WhatsApp,2023-08-03,09:35,156.0,False,4,False
COMM-0001032,VD-000900,VD-000902,SMS,2023-05-05,04:56,2986.0,False,1,False
COMM-0001033,VD-000065,VD-000284,E-Mail,2024-07-02,16:11,,True,2,False
COMM-0001034,VD-000698,VD-000438,Social Media,2024-07-15,05:43,2960.0,True,5,True
COMM-0001035,VD-000901,VD-000843,Social Media,2023-06-16,00:42,1156.0,True,1,False
COMM-0001036,VD-000635,VD-000384,WhatsApp,2024-12-18,08:49,3473.0,False,8,False
COMM-0001037,VD-000074,VD-000878,WhatsApp,2024-10-31,19:27,,True,2,True
COMM-0001038,VD-000093,VD-000030,Brief,2023-09-20,20:00,932.0,True,5,False
COMM-0001039,VD-000905,VD-000466,SMS,2023-10-01,04:40,,False,7,True
COMM-0001040,VD-000541,VD-000269,SMS,2024-09-27,17:18,1796.0,True,6,True
COMM-0001041,VD-000547,VD-000873,Signal,2023-10-26,00:06,,False,8,True
COMM-0001042,VD-000209,VD-000702,Persönlicher Kontakt,2024-12-20,22:51,2819.0,False,7,False
COMM-0001043,VD-000455,VD-000643,Telefonat,2023-05-11,05:30,1925.0,False,10,True
COMM-0001044,VD-000021,VD-000463,E-Mail,2023-06-28,08:50,1302.0,True,7,False
COMM-0001045,VD-000108,VD-000027,WhatsApp,2023-01-11,21:31,1725.0,False,9,False
COMM-0001046,VD-000603,VD-000946,Telegram,2024-10-17,12:30,866.0,False,3,True
COMM-0001047,VD-000594,VD-000464,Persönlicher Kontakt,2023-08-06,12:51,,False,9,True
COMM-0001048,VD-000089,VD-000615,Telefonat,2025-08-15,13:17,2933.0,True,1,True
COMM-0001049,VD-000407,VD-000157,Signal,2024-07-23,21:54,1563.0,True,6,True
COMM-0001050,VD-000844,VD-000646,Telegram,2023-05-21,14:09,3251.0,False,9,False
COMM-0001051,VD-000742,VD-000395,SMS,2025-09-16,05:27,2112.0,False,4,True
COMM-0001052,VD-000707,VD-000720,Telefonat,2024-08-02,22:49,,True,4,False
COMM-0001053,VD-000489,VD-000219,Persönlicher Kontakt,2025-05-26,00:23,,True,4,False
COMM-0001054,VD-000284,VD-000346,E-Mail,2024-08-03,07:27,,False,10,False
COMM-0001055,VD-000129,VD-000305,Persönlicher Kontakt,2023-06-15,02:45,3069.0,False,6,False
COMM-0001056,VD-000611,VD-000191,WhatsApp,2025-04-30,02:33,3421.0,True,5,True
COMM-0001057,VD-000393,VD-000039,WhatsApp,2025-02-04,11:06,897.0,False,4,True
COMM-0001058,VD-000514,VD-000989,Telegram,2023-08-01,20:56,1707.0,True,7,True
COMM-0001059,VD-000659,VD-000018,Telegram,2024-11-03,16:23,1973.0,False,4,True
COMM-0001060,VD-000756,VD-000166,Telefonat,2023-03-04,16:52,446.0,False,1,False
COMM-0001061,VD-000413,VD-000386,Telegram,2024-07-24,05:19,302.0,True,8,False
COMM-0001062,VD-000706,VD-000956,WhatsApp,2024-08-28,01:29,465.0,False,2,False
COMM-0001063,VD-000512,VD-000650,SMS,2024-09-16,11:29,,False,5,False
COMM-0001064,VD-000930,VD-000223,Persönlicher Kontakt,2023-12-04,12:05,1893.0,False,2,False
COMM-0001065,VD-000016,VD-000920,E-Mail,2025-10-08,14:39,1073.0,True,5,False
COMM-0001066,VD-000101,VD-000107,Brief,2023-05-27,05:17,2795.0,True,5,False
COMM-0001067,VD-000246,VD-000755,Telegram,2024-12-18,12:05,3418.0,True,5,True
COMM-0001068,VD-000094,VD-000742,E-Mail,2023-01-06,01:09,2408.0,False,6,False
COMM-0001069,VD-000816,VD-000472,E-Mail,2023-09-06,12:30,2834.0,True,2,True
COMM-0001070,VD-000291,VD-000044,Telegram,2024-02-27,14:10,,False,5,False
COMM-0001071,VD-000823,VD-000062,E-Mail,2025-05-19,23:26,3476.0,True,5,True
COMM-0001072,VD-000154,VD-000026,Persönlicher Kontakt,2025-04-01,20:12,,False,9,False
COMM-0001073,VD-000566,VD-000616,Brief,2024-06-03,03:56,1043.0,True,10,False
COMM-0001074,VD-000788,VD-000926,Telefonat,2025-04-24,23:49,,False,8,True
COMM-0001075,VD-000031,VD-000068,WhatsApp,2023-02-10,06:02,,True,3,False
COMM-0001076,VD-000345,VD-000983,SMS,2025-09-11,01:45,2958.0,True,10,True
COMM-0001077,VD-000963,VD-000127,Signal,2023-04-16,09:49,,False,3,False
COMM-0001078,VD-000605,VD-000383,SMS,2024-11-01,18:31,2480.0,False,5,False
COMM-0001079,VD-000615,VD-000657,Telefonat,2025-05-06,18:17,,False,4,True
COMM-0001080,VD-000856,VD-000586,Telefonat,2025-01-24,07:21,2829.0,True,7,True
COMM-0001081,VD-000274,VD-000561,SMS,2023-11-20,07:54,2824.0,True,10,False
COMM-0001082,VD-000798,VD-000760,Social Media,2024-01-16,15:08,1720.0,False,2,True
COMM-0001083,VD-000036,VD-000165,Telefonat,2024-09-07,00:47,3111.0,True,2,True
COMM-0001084,VD-000685,VD-000374,E-Mail,2025-02-22,12:30,1889.0,False,4,True
COMM-0001085,VD-000785,VD-000075,Telefonat,2025-08-06,09:43,,True,1,False
COMM-0001086,VD-000518,VD-000409,Telegram,2023-09-26,15:40,831.0,True,8,False
COMM-0001087,VD-000763,VD-000904,SMS,2023-06-15,08:28,2607.0,True,5,False
COMM-0001088,VD-000856,VD-000335,Persönlicher Kontakt,2023-07-26,08:08,3463.0,True,10,False
COMM-0001089,VD-000954,VD-000363,SMS,2024-07-09,11:07,1568.0,True,4,True
COMM-0001090,VD-000736,VD-000527,Brief,2024-08-18,22:04,2351.0,False,6,True
COMM-0001091,VD-000391,VD-000185,WhatsApp,2024-06-25,00:46,3180.0,True,8,True
COMM-0001092,VD-000152,VD-000873,Brief,2024-01-28,12:27,555.0,False,9,False
COMM-0001093,VD-000015,VD-000456,Telegram,2024-05-22,23:47,400.0,False,4,False
COMM-0001094,VD-000682,VD-000260,Telegram,2025-05-16,23:58,59.0,True,5,False
COMM-0001095,VD-000430,VD-000963,Telegram,2025-03-30,20:22,,False,2,True
COMM-0001096,VD-000128,VD-000616,Telegram,2024-05-26,14:55,524.0,True,6,True
COMM-0001097,VD-000538,VD-000542,Telefonat,2024-06-10,15:41,,False,4,True
COMM-0001098,VD-000147,VD-000582,SMS,2024-09-14,16:21,,False,3,True
COMM-0001099,VD-000310,VD-000235,Telefonat,2023-11-03,20:33,,False,4,True
COMM-0001100,VD-000944,VD-000573,WhatsApp,2024-07-03,21:07,1325.0,False,3,False
COMM-0001101,VD-000366,VD-000508,E-Mail,2024-08-04,18:39,1822.0,True,7,True
COMM-0001102,VD-000111,VD-000531,Brief,2025-09-28,23:01,3310.0,False,6,True
COMM-0001103,VD-000067,VD-000710,WhatsApp,2024-10-26,04:39,,False,2,True
COMM-0001104,VD-000767,VD-000655,WhatsApp,2025-06-22,17:34,,False,9,True
COMM-0001105,VD-000245,VD-000329,Social Media,2024-06-10,09:38,2875.0,True,8,False
COMM-0001106,VD-000218,VD-000320,Signal,2023-07-07,01:36,,True,3,False
COMM-0001107,VD-000405,VD-000490,Persönlicher Kontakt,2023-06-06,08:21,3540.0,False,10,False
COMM-0001108,VD-000563,VD-000384,Brief,2025-03-26,12:29,2101.0,False,4,False
COMM-0001109,VD-000362,VD-000970,Social Media,2023-03-13,04:48,154.0,False,1,False
COMM-0001110,VD-000815,VD-000533,WhatsApp,2025-05-15,05:09,2798.0,False,10,False
COMM-0001111,VD-000087,VD-000315,Signal,2025-10-11,23:21,2616.0,False,1,True
COMM-0001112,VD-000589,VD-000590,Social Media,2023-04-08,21:25,2685.0,False,8,True
COMM-0001113,VD-000729,VD-000197,Brief,2025-07-19,00:44,3081.0,False,4,False
COMM-0001114,VD-000454,VD-000355,Telefonat,2025-10-24,00:47,,True,10,False
COMM-0001115,VD-000918,VD-000347,Telefonat,2024-11-02,09:11,2804.0,False,9,False
COMM-0001116,VD-000907,VD-000812,Persönlicher Kontakt,2023-06-20,06:22,646.0,True,9,False
COMM-0001117,VD-000664,VD-000917,Social Media,2023-08-03,17:15,1781.0,False,6,False
COMM-0001118,VD-000911,VD-000620,Social Media,2024-04-04,23:08,,True,2,False
COMM-0001119,VD-000284,VD-000139,Brief,2023-11-27,20:51,2190.0,True,1,True
COMM-0001120,VD-000057,VD-000771,Telefonat,2023-04-23,15:53,1989.0,True,5,True
COMM-0001121,VD-000484,VD-000411,Telefonat,2023-11-30,23:15,1611.0,False,5,True
COMM-0001122,VD-000835,VD-000930,E-Mail,2024-04-15,14:34,2147.0,False,6,False
COMM-0001123,VD-000693,VD-000779,E-Mail,2024-06-06,12:49,,False,8,True
COMM-0001124,VD-000694,VD-000138,WhatsApp,2023-02-06,13:02,,False,6,True
COMM-0001125,VD-000897,VD-000381,Signal,2025-07-10,02:31,,True,1,False
COMM-0001126,VD-000689,VD-000497,Brief,2023-05-27,02:32,1880.0,False,10,False
COMM-0001127,VD-000912,VD-000734,E-Mail,2024-06-15,06:07,507.0,True,5,True
COMM-0001128,VD-000997,VD-000249,SMS,2025-09-18,19:06,2763.0,False,6,False
COMM-0001129,VD-000180,VD-000412,Brief,2024-03-27,00:17,3060.0,False,10,False
COMM-0001130,VD-000218,VD-000888,Telegram,2025-05-10,16:57,1377.0,False,8,True
COMM-0001131,VD-000214,VD-000920,Telefonat,2023-09-28,06:01,1364.0,True,9,False
COMM-0001132,VD-000368,VD-000964,Persönlicher Kontakt,2023-03-16,15:27,650.0,True,4,False
COMM-0001133,VD-000929,VD-000691,E-Mail,2025-06-27,07:15,,True,8,True
COMM-0001134,VD-000011,VD-000574,Social Media,2023-06-17,16:50,2910.0,True,4,False
COMM-0001135,VD-000319,VD-000534,Telefonat,2024-07-18,23:29,807.0,True,5,False
COMM-0001136,VD-000402,VD-000333,WhatsApp,2024-01-22,10:37,2993.0,False,7,True
COMM-0001137,VD-000357,VD-000045,Signal,2023-01-30,05:56,2093.0,False,7,False
COMM-0001138,VD-000377,VD-000420,Telegram,2025-02-19,00:25,,True,1,True
COMM-0001139,VD-000317,VD-000904,Telefonat,2025-08-16,23:01,3094.0,False,4,True
COMM-0001140,VD-000615,VD-000281,Social Media,2024-07-03,22:17,,True,4,True
COMM-0001141,VD-000486,VD-000678,Brief,2024-01-22,08:10,1106.0,True,9,False
COMM-0001142,VD-000450,VD-000643,Brief,2023-06-28,11:27,3383.0,False,9,False
COMM-0001143,VD-000602,VD-000709,SMS,2025-04-19,17:05,1074.0,False,4,False
COMM-0001144,VD-000366,VD-000169,Telegram,2023-05-04,10:28,1397.0,True,8,True
COMM-0001145,VD-000658,VD-000295,Signal,2025-02-08,04:49,1560.0,True,7,False
COMM-0001146,VD-000252,VD-000143,E-Mail,2024-12-18,20:42,1049.0,True,7,False
COMM-0001147,VD-000958,VD-000595,Brief,2023-05-25,13:08,,True,7,False
COMM-0001148,VD-000951,VD-000322,Telefonat,2024-05-05,10:50,1969.0,True,6,True
COMM-0001149,VD-000516,VD-000649,Brief,2025-08-31,13:26,1235.0,True,9,True
COMM-0001150,VD-000144,VD-000213,Social Media,2024-02-19,07:22,2004.0,True,8,True
COMM-0001151,VD-000583,VD-000085,Social Media,2023-06-28,21:09,3491.0,True,7,True
COMM-0001152,VD-000362,VD-000306,Telefonat,2024-08-30,19:27,3470.0,True,4,True
COMM-0001153,VD-000792,VD-000081,WhatsApp,2023-05-14,09:34,1736.0,False,6,True
COMM-0001154,VD-000549,VD-000952,Brief,2023-10-06,17:49,3575.0,False,9,True
COMM-0001155,VD-000489,VD-000103,Telegram,2024-11-23,22:25,,False,1,True
COMM-0001156,VD-000340,VD-000847,Signal,2024-02-05,23:10,1867.0,True,10,False
COMM-0001157,VD-000030,VD-000086,Brief,2024-11-07,15:09,880.0,True,3,False
COMM-0001158,VD-000879,VD-000637,SMS,2025-05-06,03:56,,True,4,False
COMM-0001159,VD-000729,VD-000568,Telegram,2024-12-20,04:54,973.0,True,7,False
COMM-0001160,VD-000233,VD-000481,Persönlicher Kontakt,2024-12-29,13:07,,True,2,True
COMM-0001161,VD-000310,VD-000190,Signal,2025-09-29,17:31,,False,8,True
COMM-0001162,VD-000728,VD-000134,E-Mail,2024-09-17,23:28,404.0,True,10,False
COMM-0001163,VD-000321,VD-000420,Social Media,2025-07-13,10:45,,True,7,False
COMM-0001164,VD-000944,VD-000111,E-Mail,2025-06-24,08:39,,True,5,False
COMM-0001165,VD-000151,VD-000029,Social Media,2024-06-25,20:42,79.0,False,9,False
COMM-0001166,VD-000198,VD-000538,WhatsApp,2025-11-06,18:11,652.0,True,2,True
COMM-0001167,VD-000643,VD-000427,E-Mail,2024-01-20,18:57,2244.0,True,9,False
COMM-0001168,VD-000500,VD-000554,Brief,2025-07-04,06:07,1301.0,True,4,False
COMM-0001169,VD-000265,VD-000254,WhatsApp,2025-09-03,18:44,119.0,True,10,False
COMM-0001170,VD-000983,VD-000416,WhatsApp,2025-11-11,00:16,1904.0,False,2,False
COMM-0001171,VD-000245,VD-000104,Social Media,2025-04-08,06:25,1690.0,True,4,True
COMM-0001172,VD-000300,VD-000895,Telegram,2024-05-19,12:29,179.0,True,8,False
COMM-0001173,VD-000655,VD-000426,Brief,2023-01-20,01:16,813.0,True,5,True
COMM-0001174,VD-000445,VD-000634,Telefonat,2023-01-28,07:20,1463.0,False,5,True
COMM-0001175,VD-000461,VD-000930,E-Mail,2025-03-01,01:39,,True,3,True
COMM-0001176,VD-000574,VD-000629,Social Media,2023-07-30,00:13,1797.0,True,2,True
COMM-0001177,VD-000870,VD-000914,WhatsApp,2023-06-22,16:35,,False,3,False
COMM-0001178,VD-000176,VD-000622,E-Mail,2025-04-17,06:07,2627.0,True,3,False
COMM-0001179,VD-000453,VD-000362,Signal,2025-05-10,11:14,809.0,False,4,False
COMM-0001180,VD-000612,VD-000777,Social Media,2025-09-03,15:43,2968.0,True,5,False
COMM-0001181,VD-000630,VD-000101,Social Media,2024-05-04,10:57,475.0,False,8,False
COMM-0001182,VD-000561,VD-000431,WhatsApp,2024-02-09,17:13,156.0,True,9,False
COMM-0001183,VD-000466,VD-000745,E-Mail,2024-06-18,16:36,2528.0,False,3,True
COMM-0001184,VD-000827,VD-000277,Signal,2023-09-12,16:22,2319.0,False,9,True
COMM-0001185,VD-000903,VD-000873,Social Media,2024-08-24,23:06,2423.0,True,3,True
COMM-0001186,VD-000539,VD-000771,SMS,2023-07-18,17:05,1051.0,True,8,True
COMM-0001187,VD-000567,VD-000946,Social Media,2024-07-03,06:04,27.0,True,8,True
COMM-0001188,VD-000702,VD-000899,Brief,2025-01-07,07:31,3382.0,True,10,False
COMM-0001189,VD-000287,VD-000888,Telefonat,2023-07-23,18:41,2425.0,False,4,True
COMM-0001190,VD-000878,VD-000030,WhatsApp,2023-12-25,05:58,1226.0,False,1,True
COMM-0001191,VD-000505,VD-000830,E-Mail,2024-05-26,22:31,1800.0,True,2,True
COMM-0001192,VD-000065,VD-000858,WhatsApp,2024-10-10,13:51,436.0,True,1,False
COMM-0001193,VD-000614,VD-000784,SMS,2025-08-26,06:14,942.0,False,7,True
COMM-0001194,VD-000535,VD-000762,Telegram,2023-05-26,14:24,,True,5,True
COMM-0001195,VD-000701,VD-000919,E-Mail,2025-03-10,19:42,,False,5,True
COMM-0001196,VD-000498,VD-000675,Brief,2024-07-07,15:37,,True,1,True
COMM-0001197,VD-000107,VD-000533,Social Media,2024-09-15,18:17,2382.0,False,9,False
COMM-0001198,VD-000126,VD-000211,Persönlicher Kontakt,2025-10-07,20:33,3345.0,True,7,True
COMM-0001199,VD-000529,VD-000069,SMS,2023-10-29,15:13,20.0,False,3,True
COMM-0001200,VD-000424,VD-000187,Brief,2024-11-05,17:47,,True,4,False
COMM-0001201,VD-000629,VD-000700,E-Mail,2023-10-27,12:16,1584.0,False,6,True
COMM-0001202,VD-000013,VD-000067,Social Media,2024-05-17,10:01,1999.0,True,1,False
COMM-0001203,VD-000684,VD-000625,Brief,2024-11-29,14:40,,True,7,True
COMM-0001204,VD-000069,VD-000329,SMS,2025-06-29,04:03,,False,5,False
COMM-0001205,VD-000415,VD-000132,Brief,2024-08-25,08:04,,False,5,False
COMM-0001206,VD-000629,VD-000582,WhatsApp,2025-04-11,09:45,1240.0,True,6,False
COMM-0001207,VD-000167,VD-000003,Brief,2024-10-05,05:48,2670.0,False,4,True
COMM-0001208,VD-000245,VD-000280,WhatsApp,2023-05-20,07:53,392.0,True,3,True
COMM-0001209,VD-000441,VD-000024,Brief,2023-08-07,12:09,132.0,False,5,True
COMM-0001210,VD-000913,VD-000417,Social Media,2024-03-15,09:00,3274.0,False,3,True
COMM-0001211,VD-000695,VD-000474,E-Mail,2024-12-30,07:41,,True,1,False
COMM-0001212,VD-000773,VD-000388,Telegram,2024-01-12,04:31,,True,7,True
COMM-0001213,VD-000268,VD-000473,Brief,2025-05-11,02:25,866.0,False,5,True
COMM-0001214,VD-000448,VD-000610,Telegram,2024-05-29,22:33,,False,2,True
COMM-0001215,VD-000535,VD-000948,SMS,2025-10-18,15:29,2486.0,False,7,True
COMM-0001216,VD-000627,VD-000965,E-Mail,2024-01-17,06:28,,True,6,True
COMM-0001217,VD-000798,VD-000160,WhatsApp,2024-08-12,23:45,3246.0,False,5,True
COMM-0001218,VD-000295,VD-000012,Social Media,2024-01-11,22:25,,True,2,False
COMM-0001219,VD-000982,VD-000694,Persönlicher Kontakt,2023-11-15,17:33,3044.0,True,8,True
COMM-0001220,VD-000932,VD-000682,Signal,2025-04-17,01:46,,True,7,True
COMM-0001221,VD-000043,VD-000968,Persönlicher Kontakt,2025-10-24,01:35,3348.0,True,8,False
COMM-0001222,VD-000822,VD-000497,Telegram,2023-10-08,09:33,2441.0,True,7,True
COMM-0001223,VD-000513,VD-000875,Telegram,2024-09-16,05:26,,False,1,False
COMM-0001224,VD-000128,VD-000574,Signal,2023-06-07,11:25,1762.0,True,1,True
COMM-0001225,VD-000266,VD-000439,Telefonat,2024-04-27,19:00,2487.0,False,6,False
COMM-0001226,VD-000673,VD-000394,WhatsApp,2024-12-30,06:20,,True,7,True
COMM-0001227,VD-000592,VD-000562,E-Mail,2024-10-11,12:32,2838.0,True,6,False
COMM-0001228,VD-000349,VD-000046,Persönlicher Kontakt,2023-10-02,12:35,,False,1,True
COMM-0001229,VD-000325,VD-000128,Persönlicher Kontakt,2025-04-18,07:20,1972.0,True,3,True
COMM-0001230,VD-000187,VD-000852,Telefonat,2024-08-22,00:00,1053.0,False,7,False
COMM-0001231,VD-000979,VD-000324,E-Mail,2024-06-06,13:32,,False,4,True
COMM-0001232,VD-000588,VD-000643,Signal,2023-04-06,05:13,1574.0,True,2,False
COMM-0001233,VD-000278,VD-000648,Persönlicher Kontakt,2024-11-18,02:23,,False,6,False
COMM-0001234,VD-000867,VD-000596,Persönlicher Kontakt,2023-07-29,15:20,1769.0,True,7,False
COMM-0001235,VD-000061,VD-000794,Telegram,2025-10-21,05:49,3448.0,True,1,True
COMM-0001236,VD-000928,VD-000439,E-Mail,2023-01-18,03:44,715.0,True,6,False
COMM-0001237,VD-000406,VD-000245,Social Media,2024-02-22,14:35,363.0,False,9,True
COMM-0001238,VD-000286,VD-000581,Signal,2024-09-10,05:26,1607.0,False,6,False
COMM-0001239,VD-000678,VD-000957,E-Mail,2023-04-28,22:50,2707.0,True,5,True
COMM-0001240,VD-000045,VD-000381,Telegram,2024-06-10,03:09,860.0,False,6,True
COMM-0001241,VD-000925,VD-000392,WhatsApp,2025-01-12,11:13,2659.0,False,8,False
COMM-0001242,VD-000219,VD-000401,E-Mail,2023-12-20,04:33,2815.0,False,1,False
COMM-0001243,VD-000237,VD-000326,Brief,2023-09-09,19:42,1684.0,False,4,False
COMM-0001244,VD-000620,VD-000801,Signal,2025-03-14,22:57,3266.0,True,10,False
COMM-0001245,VD-000946,VD-000330,Telegram,2025-08-11,07:17,1858.0,False,9,False
COMM-0001246,VD-000468,VD-000069,Signal,2024-04-10,05:45,921.0,True,1,False
COMM-0001247,VD-000892,VD-000854,Brief,2023-10-11,14:09,1897.0,True,2,True
COMM-0001248,VD-000652,VD-000410,Telegram,2024-10-28,15:44,701.0,False,8,True
COMM-0001249,VD-000343,VD-000057,Brief,2025-05-12,23:13,496.0,False,1,False
COMM-0001250,VD-000620,VD-000971,Telefonat,2024-06-10,00:27,2757.0,True,7,True
COMM-0001251,VD-000940,VD-000182,SMS,2023-03-31,23:59,,True,10,True
COMM-0001252,VD-000114,VD-000163,Telefonat,2025-05-23,16:34,875.0,True,7,False
COMM-0001253,VD-000687,VD-000872,WhatsApp,2025-03-17,07:44,833.0,False,9,False
COMM-0001254,VD-000044,VD-000661,E-Mail,2024-02-12,21:16,,False,6,False
COMM-0001255,VD-000225,VD-000442,Telegram,2023-10-12,00:12,,False,8,False
COMM-0001256,VD-000634,VD-000766,SMS,2023-05-03,18:44,3393.0,False,6,False
COMM-0001257,VD-000300,VD-000501,Persönlicher Kontakt,2023-01-31,20:27,,True,6,False
COMM-0001258,VD-000144,VD-000595,Signal,2024-12-16,05:25,,True,5,True
COMM-0001259,VD-000136,VD-000030,Brief,2024-07-14,11:28,1622.0,False,2,True
COMM-0001260,VD-000231,VD-000018,Persönlicher Kontakt,2023-01-04,20:00,,False,7,False
COMM-0001261,VD-000199,VD-000095,Social Media,2025-10-04,17:17,,True,5,False
COMM-0001262,VD-000064,VD-000394,E-Mail,2024-02-09,19:01,3070.0,False,5,True
COMM-0001263,VD-000161,VD-000575,Signal,2023-05-25,22:34,,False,4,True
COMM-0001264,VD-000189,VD-000887,Telegram,2023-01-29,03:45,,True,4,False
COMM-0001265,VD-000186,VD-000330,Social Media,2024-09-23,11:54,2568.0,False,9,True
COMM-0001266,VD-000194,VD-000129,Persönlicher Kontakt,2023-05-26,08:19,3335.0,False,8,True
COMM-0001267,VD-000671,VD-000293,Social Media,2025-08-20,22:58,2885.0,False,4,True
COMM-0001268,VD-000712,VD-000676,Social Media,2023-12-23,20:23,711.0,False,10,True
COMM-0001269,VD-000404,VD-000186,Signal,2025-02-21,09:32,2653.0,True,2,True
COMM-0001270,VD-000762,VD-000087,Brief,2024-04-10,21:16,2069.0,False,1,False
COMM-0001271,VD-000807,VD-000540,Brief,2023-07-11,23:28,1571.0,True,1,False
COMM-0001272,VD-000067,VD-000537,Telefonat,2025-10-21,12:21,2411.0,False,4,True
COMM-0001273,VD-000309,VD-000677,WhatsApp,2023-07-06,10:57,2983.0,False,4,True
COMM-0001274,VD-000947,VD-000752,SMS,2024-12-09,02:21,3290.0,True,5,True
COMM-0001275,VD-000747,VD-000494,Brief,2024-12-14,19:10,2230.0,False,4,True
COMM-0001276,VD-000167,VD-000447,Persönlicher Kontakt,2023-10-19,11:41,3078.0,True,9,True
COMM-0001277,VD-000292,VD-000994,WhatsApp,2024-07-03,05:35,1430.0,False,8,True
COMM-0001278,VD-000338,VD-000194,WhatsApp,2023-04-26,15:46,2308.0,False,2,True
COMM-0001279,VD-000177,VD-000747,Signal,2023-11-09,20:39,,False,7,False
COMM-0001280,VD-000063,VD-000014,Signal,2025-04-25,13:54,,False,2,True
COMM-0001281,VD-000858,VD-000573,Social Media,2024-06-30,12:32,1415.0,False,2,False
COMM-0001282,VD-000919,VD-000516,Telegram,2025-05-08,23:42,2073.0,False,4,True
COMM-0001283,VD-000132,VD-000764,SMS,2023-09-12,18:27,1004.0,False,2,True
COMM-0001284,VD-000217,VD-000492,Brief,2025-02-17,05:30,,True,5,True
COMM-0001285,VD-000030,VD-000664,Brief,2025-01-15,01:32,348.0,False,7,False
COMM-0001286,VD-000717,VD-000082,Persönlicher Kontakt,2024-11-27,02:01,532.0,False,8,False
COMM-0001287,VD-000226,VD-000641,Persönlicher Kontakt,2024-05-10,02:39,,True,1,False
COMM-0001288,VD-000798,VD-000525,WhatsApp,2023-10-20,13:29,2878.0,True,3,True
COMM-0001289,VD-000588,VD-000371,Brief,2025-10-03,00:39,660.0,True,5,True
COMM-0001290,VD-000692,VD-000555,Telegram,2023-06-22,07:50,1936.0,True,2,False
COMM-0001291,VD-000837,VD-000980,Telefonat,2024-08-04,07:39,764.0,True,4,False
COMM-0001292,VD-000681,VD-000671,SMS,2023-12-21,10:19,,True,1,False
COMM-0001293,VD-000811,VD-000911,E-Mail,2023-09-22,06:26,1830.0,True,5,False
COMM-0001294,VD-000444,VD-000744,Telegram,2024-11-22,19:11,,True,5,True
COMM-0001295,VD-000494,VD-000157,Signal,2023-08-12,23:17,158.0,True,5,False
COMM-0001296,VD-000978,VD-000152,Brief,2023-07-23,03:58,,True,6,True
COMM-0001297,VD-000133,VD-000442,SMS,2025-04-25,14:31,2776.0,True,6,True
COMM-0001298,VD-000582,VD-000399,Signal,2023-04-26,18:18,1610.0,False,3,True
COMM-0001299,VD-000009,VD-000332,Social Media,2024-09-08,21:56,,False,4,False
COMM-0001300,VD-000403,VD-000082,SMS,2024-12-27,16:41,3036.0,False,1,False
COMM-0001301,VD-000627,VD-000601,SMS,2024-06-15,03:54,1479.0,True,10,True
COMM-0001302,VD-000364,VD-000591,Brief,2023-09-12,06:25,944.0,False,1,False
COMM-0001303,VD-000754,VD-000117,E-Mail,2023-04-06,18:23,,False,1,False
COMM-0001304,VD-000081,VD-000008,SMS,2025-03-09,23:44,165.0,False,10,True
COMM-0001305,VD-000806,VD-000356,Telefonat,2023-04-16,09:50,367.0,False,2,True
COMM-0001306,VD-000256,VD-000988,Persönlicher Kontakt,2023-04-22,04:27,3088.0,True,4,False
COMM-0001307,VD-000434,VD-000299,WhatsApp,2024-11-11,13:36,,True,1,False
COMM-0001308,VD-000982,VD-000289,E-Mail,2025-01-27,10:22,,False,10,True
COMM-0001309,VD-000797,VD-000871,Telegram,2023-09-29,02:20,2073.0,True,8,True
COMM-0001310,VD-000444,VD-000008,Telefonat,2024-11-14,15:14,2538.0,False,1,True
COMM-0001311,VD-000944,VD-000688,Signal,2023-01-13,02:00,1527.0,True,2,True
COMM-0001312,VD-000770,VD-000725,Telegram,2023-06-23,10:00,389.0,False,9,True
COMM-0001313,VD-000540,VD-000151,Signal,2023-10-09,16:22,1844.0,True,3,True
COMM-0001314,VD-000725,VD-000846,SMS,2025-07-13,19:49,1734.0,True,6,True
COMM-0001315,VD-000861,VD-000370,Persönlicher Kontakt,2025-11-10,04:21,2131.0,True,4,False
COMM-0001316,VD-000419,VD-000945,SMS,2025-02-16,17:59,221.0,False,3,False
COMM-0001317,VD-000878,VD-000814,Signal,2025-01-25,10:09,,True,3,True
COMM-0001318,VD-000379,VD-000415,WhatsApp,2024-11-04,03:42,,False,1,False
COMM-0001319,VD-000699,VD-000447,Social Media,2024-10-24,08:58,1876.0,False,7,True
COMM-0001320,VD-000637,VD-000120,Telegram,2025-02-18,05:46,,True,8,True
COMM-0001321,VD-000394,VD-000821,Brief,2023-01-09,12:51,3008.0,False,9,True
COMM-0001322,VD-000082,VD-000058,Social Media,2023-07-17,03:10,,True,3,True
COMM-0001323,VD-000299,VD-000654,Signal,2025-03-09,02:43,2243.0,False,6,True
COMM-0001324,VD-000759,VD-000918,Persönlicher Kontakt,2025-08-14,00:35,204.0,False,10,False
COMM-0001325,VD-000421,VD-000962,SMS,2025-04-07,07:03,,True,6,False
COMM-0001326,VD-001000,VD-000645,E-Mail,2023-10-26,02:12,65.0,False,5,False
COMM-0001327,VD-000691,VD-000026,Signal,2023-09-30,17:30,2784.0,True,3,True
COMM-0001328,VD-000705,VD-000228,Telefonat,2024-04-29,23:21,366.0,False,2,False
COMM-0001329,VD-000206,VD-000491,E-Mail,2024-03-31,11:05,,True,9,False
COMM-0001330,VD-000590,VD-000627,Brief,2024-03-14,11:18,636.0,True,9,False
COMM-0001331,VD-000203,VD-000124,E-Mail,2025-08-28,11:28,,False,1,False
COMM-0001332,VD-000256,VD-000577,Telefonat,2024-01-29,21:10,2494.0,True,7,False
COMM-0001333,VD-000022,VD-000853,WhatsApp,2024-11-10,15:12,193.0,True,2,False
COMM-0001334,VD-000566,VD-000557,SMS,2024-02-07,15:31,,True,1,True
COMM-0001335,VD-000646,VD-000739,WhatsApp,2023-01-22,05:32,361.0,True,2,True
COMM-0001336,VD-000626,VD-000876,Brief,2024-01-20,09:30,,False,7,False
COMM-0001337,VD-000671,VD-000588,Telegram,2025-05-17,15:44,1020.0,True,8,True
COMM-0001338,VD-000432,VD-000109,Telefonat,2023-02-08,05:32,1139.0,False,1,False
COMM-0001339,VD-000398,VD-000768,Telegram,2023-08-09,22:35,,True,4,True
COMM-0001340,VD-000521,VD-000077,E-Mail,2025-03-24,10:46,1951.0,True,2,True
COMM-0001341,VD-000352,VD-000182,Brief,2023-09-25,01:56,2625.0,True,3,True
COMM-0001342,VD-000854,VD-000037,Persönlicher Kontakt,2025-03-10,22:06,,True,5,False
COMM-0001343,VD-000279,VD-000084,Telegram,2025-06-06,10:47,760.0,True,2,True
COMM-0001344,VD-000169,VD-000574,Brief,2024-09-09,06:14,,False,8,True
COMM-0001345,VD-000875,VD-000379,WhatsApp,2025-08-13,09:31,,False,7,False
COMM-0001346,VD-000155,VD-000198,Telefonat,2023-01-24,11:52,2661.0,False,2,True
COMM-0001347,VD-000161,VD-000316,E-Mail,2023-08-23,16:57,,False,7,True
COMM-0001348,VD-000675,VD-000423,Telefonat,2023-05-02,20:07,212.0,True,4,False
COMM-0001349,VD-000438,VD-000607,SMS,2025-10-12,04:14,3309.0,False,10,True
COMM-0001350,VD-000011,VD-000651,WhatsApp,2023-02-28,06:06,1863.0,False,10,True
COMM-0001351,VD-000183,VD-000035,Brief,2025-03-19,00:36,2159.0,False,8,False
COMM-0001352,VD-000304,VD-000207,SMS,2023-06-25,12:23,1489.0,False,8,False
COMM-0001353,VD-000312,VD-000933,Telegram,2024-12-19,17:07,3050.0,False,1,False
COMM-0001354,VD-000999,VD-000503,E-Mail,2023-06-28,23:05,1685.0,True,10,False
COMM-0001355,VD-000467,VD-000610,Signal,2024-01-02,08:41,826.0,True,5,True
COMM-0001356,VD-000759,VD-000830,Telegram,2025-05-28,17:50,55.0,True,8,True
COMM-0001357,VD-000628,VD-000213,Persönlicher Kontakt,2024-07-05,21:58,,True,8,False
COMM-0001358,VD-000298,VD-000628,Telegram,2024-06-12,01:07,1568.0,True,7,True
COMM-0001359,VD-000325,VD-000578,SMS,2025-07-31,03:51,3383.0,True,1,True
COMM-0001360,VD-000762,VD-000928,Social Media,2023-10-22,06:41,624.0,False,7,True
COMM-0001361,VD-000147,VD-000945,Social Media,2023-03-07,07:51,537.0,True,5,True
COMM-0001362,VD-000596,VD-000656,Signal,2025-10-31,01:03,290.0,True,2,False
COMM-0001363,VD-000539,VD-000985,Brief,2024-10-12,03:09,,True,2,True
COMM-0001364,VD-000680,VD-000210,E-Mail,2023-10-28,15:05,630.0,True,10,True
COMM-0001365,VD-000838,VD-000393,Persönlicher Kontakt,2024-09-26,22:56,,False,4,True
COMM-0001366,VD-000952,VD-000375,Persönlicher Kontakt,2023-05-27,18:59,2947.0,False,2,False
COMM-0001367,VD-000428,VD-000512,Social Media,2023-09-23,04:58,3365.0,True,5,False
COMM-0001368,VD-000478,VD-000753,Telegram,2025-02-27,22:28,155.0,True,7,True
COMM-0001369,VD-000534,VD-000428,SMS,2025-01-03,17:40,3029.0,True,5,False
COMM-0001370,VD-000510,VD-000412,SMS,2023-05-21,21:12,2366.0,False,8,False
COMM-0001371,VD-000815,VD-000600,Signal,2024-05-29,19:30,,False,3,False
COMM-0001372,VD-000708,VD-000607,SMS,2024-12-21,03:30,1608.0,True,10,True
COMM-0001373,VD-000498,VD-000612,E-Mail,2023-05-22,20:58,,True,5,True
COMM-0001374,VD-000676,VD-000642,Signal,2024-01-09,16:24,,True,9,True
COMM-0001375,VD-000624,VD-000169,Brief,2025-02-17,07:57,,True,9,False
COMM-0001376,VD-000486,VD-000462,Telegram,2024-05-02,05:41,,True,6,False
COMM-0001377,VD-000528,VD-000003,Brief,2024-09-04,16:36,,False,3,False
COMM-0001378,VD-000046,VD-000850,Signal,2024-03-25,14:38,1606.0,False,4,False
COMM-0001379,VD-000213,VD-000292,Persönlicher Kontakt,2024-01-28,05:10,,False,5,False
COMM-0001380,VD-000550,VD-000466,E-Mail,2023-09-15,05:52,,True,1,False
COMM-0001381,VD-000007,VD-000654,Signal,2023-01-04,02:10,1066.0,False,10,True
COMM-0001382,VD-000813,VD-000021,Telegram,2024-11-05,19:22,,False,1,True
COMM-0001383,VD-000164,VD-000450,Telefonat,2024-12-21,06:43,34.0,True,7,True
COMM-0001384,VD-000391,VD-000856,E-Mail,2024-04-05,12:14,972.0,False,3,False
COMM-0001385,VD-000154,VD-000062,Telefonat,2023-06-19,17:38,370.0,True,6,True
COMM-0001386,VD-000129,VD-000837,E-Mail,2025-04-26,16:36,388.0,True,9,False
COMM-0001387,VD-000874,VD-000976,Telefonat,2023-03-29,01:46,3506.0,True,10,False
COMM-0001388,VD-000344,VD-000480,Telegram,2025-03-11,03:03,163.0,True,2,False
COMM-0001389,VD-000790,VD-000084,SMS,2023-06-19,23:29,2204.0,False,9,True
COMM-0001390,VD-000870,VD-000240,Social Media,2023-11-10,10:21,,False,7,False
COMM-0001391,VD-000389,VD-000493,Signal,2025-08-08,01:44,1600.0,True,5,False
COMM-0001392,VD-000009,VD-000599,Telegram,2025-08-14,09:19,,False,1,False
COMM-0001393,VD-000432,VD-000288,Telegram,2025-04-11,09:07,,False,2,True
COMM-0001394,VD-000526,VD-000801,Telegram,2023-04-05,02:45,,True,1,True
COMM-0001395,VD-000702,VD-000444,Brief,2025-10-08,06:43,1248.0,True,10,True
COMM-0001396,VD-000315,VD-000889,Persönlicher Kontakt,2025-11-08,03:09,,True,9,True
COMM-0001397,VD-000761,VD-000374,SMS,2024-09-04,23:58,,True,7,False
COMM-0001398,VD-000303,VD-000043,E-Mail,2024-04-25,19:54,,False,8,True
COMM-0001399,VD-000434,VD-000464,Social Media,2023-08-05,20:22,,True,8,False
COMM-0001400,VD-000245,VD-000071,Brief,2024-08-07,22:23,,True,10,False
COMM-0001401,VD-000526,VD-000009,SMS,2023-11-16,22:47,2033.0,True,6,True
COMM-0001402,VD-000261,VD-000363,WhatsApp,2025-11-13,21:05,,False,1,False
COMM-0001403,VD-000679,VD-000689,Telegram,2023-06-11,17:44,,True,10,True
COMM-0001404,VD-000644,VD-000007,Social Media,2023-06-02,12:02,2590.0,True,6,True
COMM-0001405,VD-000055,VD-000876,Social Media,2024-11-03,02:33,,False,10,False
COMM-0001406,VD-000660,VD-000373,WhatsApp,2024-07-08,07:46,2999.0,False,10,False
COMM-0001407,VD-000815,VD-000991,WhatsApp,2024-06-21,07:12,,False,2,True
COMM-0001408,VD-000183,VD-000653,Signal,2025-10-31,20:06,3236.0,False,9,False
COMM-0001409,VD-000029,VD-000812,E-Mail,2024-05-27,05:37,,True,1,True
COMM-0001410,VD-000009,VD-000755,Telegram,2023-10-19,16:28,,False,5,True
COMM-0001411,VD-000195,VD-000707,Signal,2024-07-31,17:24,562.0,True,4,True
COMM-0001412,VD-000082,VD-000914,Social Media,2024-07-07,01:46,2612.0,False,9,True
COMM-0001413,VD-000855,VD-000384,Social Media,2025-03-15,11:19,,False,4,True
COMM-0001414,VD-000303,VD-000663,E-Mail,2024-02-01,10:07,819.0,False,2,False
COMM-0001415,VD-000659,VD-000325,Persönlicher Kontakt,2024-10-15,10:04,2656.0,False,3,False
COMM-0001416,VD-000756,VD-000033,Persönlicher Kontakt,2023-11-07,03:36,1211.0,True,5,False
COMM-0001417,VD-000028,VD-000790,Signal,2023-12-03,16:48,,True,9,False
COMM-0001418,VD-000848,VD-000764,SMS,2024-08-11,21:08,,False,8,False
COMM-0001419,VD-000056,VD-000019,Signal,2024-03-08,22:01,3288.0,True,6,True
COMM-0001420,VD-000196,VD-000184,Telegram,2024-11-02,09:16,2400.0,False,8,False
COMM-0001421,VD-000653,VD-000953,SMS,2025-02-28,04:35,41.0,True,4,False
COMM-0001422,VD-000761,VD-000172,E-Mail,2023-10-10,11:24,,False,7,False
COMM-0001423,VD-000331,VD-000080,Persönlicher Kontakt,2025-08-28,12:45,1679.0,True,1,True
COMM-0001424,VD-000508,VD-000677,E-Mail,2023-06-06,03:52,,True,5,False
COMM-0001425,VD-000069,VD-000426,Persönlicher Kontakt,2023-12-15,02:43,1785.0,True,1,True
COMM-0001426,VD-000059,VD-000718,Social Media,2024-09-04,23:50,,True,7,False
COMM-0001427,VD-000395,VD-000406,E-Mail,2025-04-13,12:57,,False,6,True
COMM-0001428,VD-000895,VD-000122,Telefonat,2025-08-26,06:21,2305.0,False,6,True
COMM-0001429,VD-000509,VD-000645,Brief,2025-10-20,07:18,,False,1,False
COMM-0001430,VD-000086,VD-000951,Signal,2025-10-13,19:08,581.0,True,4,False
COMM-0001431,VD-000548,VD-000505,Telefonat,2025-10-28,08:13,,True,9,True
COMM-0001432,VD-000996,VD-000838,Persönlicher Kontakt,2024-06-27,16:55,2532.0,True,1,False
COMM-0001433,VD-000442,VD-000491,WhatsApp,2024-10-28,06:47,,False,10,False
COMM-0001434,VD-000764,VD-000718,Brief,2023-03-29,03:49,1352.0,True,5,False
COMM-0001435,VD-000612,VD-000239,Social Media,2025-05-23,19:21,,True,1,False
COMM-0001436,VD-000605,VD-000349,Persönlicher Kontakt,2024-01-14,08:10,666.0,False,6,False
COMM-0001437,VD-000193,VD-000286,Brief,2023-08-28,12:04,1214.0,True,1,True
COMM-0001438,VD-000513,VD-000798,Social Media,2024-01-19,00:05,,False,2,True
COMM-0001439,VD-000367,VD-000193,Social Media,2024-08-01,16:00,3407.0,False,3,True
COMM-0001440,VD-000207,VD-000239,Telefonat,2024-09-03,12:36,3557.0,False,3,True
COMM-0001441,VD-000097,VD-000021,SMS,2024-04-04,05:58,1295.0,True,3,True
COMM-0001442,VD-000487,VD-000832,Telefonat,2024-03-26,22:28,252.0,True,4,True
COMM-0001443,VD-000184,VD-000285,E-Mail,2023-11-19,14:36,406.0,False,7,True
COMM-0001444,VD-000904,VD-000285,SMS,2023-10-18,16:01,373.0,False,8,False
COMM-0001445,VD-000365,VD-000142,WhatsApp,2023-05-12,11:32,2978.0,True,4,True
COMM-0001446,VD-000757,VD-000264,WhatsApp,2023-09-23,16:30,336.0,False,7,True
COMM-0001447,VD-000293,VD-000032,E-Mail,2023-08-13,14:34,,True,10,True
COMM-0001448,VD-000219,VD-000495,E-Mail,2024-01-25,18:28,2787.0,True,6,False
COMM-0001449,VD-000724,VD-000858,Persönlicher Kontakt,2023-02-03,04:48,1228.0,True,1,False
COMM-0001450,VD-000422,VD-000213,WhatsApp,2025-10-01,00:52,3235.0,True,3,True
COMM-0001451,VD-000127,VD-000959,Telegram,2024-10-10,08:58,2628.0,False,3,False
COMM-0001452,VD-000564,VD-000576,Signal,2025-10-10,14:04,,True,8,True
COMM-0001453,VD-000547,VD-000799,Persönlicher Kontakt,2025-09-10,08:21,1648.0,False,9,False
COMM-0001454,VD-000379,VD-000829,SMS,2023-02-08,16:00,2522.0,False,1,True
COMM-0001455,VD-000652,VD-000082,Signal,2024-03-24,00:42,3278.0,True,7,True
COMM-0001456,VD-000175,VD-000964,Brief,2025-07-09,09:04,,True,3,True
COMM-0001457,VD-000294,VD-000957,E-Mail,2024-01-31,07:10,,True,1,False
COMM-0001458,VD-000717,VD-000094,E-Mail,2023-04-25,12:35,558.0,True,4,True
COMM-0001459,VD-000132,VD-000848,WhatsApp,2024-07-02,14:16,926.0,False,3,True
COMM-0001460,VD-000927,VD-000601,Social Media,2024-02-06,05:30,,False,7,True
COMM-0001461,VD-000193,VD-000794,Brief,2024-07-18,20:10,566.0,True,8,True
COMM-0001462,VD-000747,VD-000436,E-Mail,2024-08-27,21:39,,False,3,True
COMM-0001463,VD-000492,VD-000351,Social Media,2025-06-20,16:54,507.0,False,4,False
COMM-0001464,VD-000256,VD-000691,WhatsApp,2024-11-21,08:29,228.0,True,3,False
COMM-0001465,VD-000275,VD-000782,Telegram,2023-04-10,13:55,1408.0,False,9,True
COMM-0001466,VD-000761,VD-000491,E-Mail,2025-03-09,01:34,1215.0,False,7,True
COMM-0001467,VD-000724,VD-000124,Telefonat,2023-11-08,15:21,2349.0,True,9,True
COMM-0001468,VD-000437,VD-000698,SMS,2025-05-18,15:03,,True,7,True
COMM-0001469,VD-000230,VD-000031,Telefonat,2024-12-12,08:41,1468.0,True,3,False
COMM-0001470,VD-000572,VD-000024,Brief,2023-12-19,10:14,3515.0,False,9,True
COMM-0001471,VD-000076,VD-000779,Persönlicher Kontakt,2025-10-19,17:54,,True,4,False
COMM-0001472,VD-000996,VD-000391,Persönlicher Kontakt,2023-07-15,06:50,,False,10,True
COMM-0001473,VD-000125,VD-000199,Telegram,2024-08-08,11:52,3445.0,True,9,True
COMM-0001474,VD-000485,VD-000324,WhatsApp,2025-10-09,09:13,,False,8,False
COMM-0001475,VD-000372,VD-000793,WhatsApp,2024-10-14,00:37,2595.0,False,7,True
COMM-0001476,VD-000565,VD-000003,Telefonat,2024-05-07,22:23,1066.0,False,5,True
COMM-0001477,VD-000571,VD-000743,Social Media,2023-11-11,04:21,1944.0,False,5,False
COMM-0001478,VD-000325,VD-000019,Telegram,2024-12-10,03:49,3129.0,False,10,True
COMM-0001479,VD-000518,VD-000825,Telefonat,2024-07-27,12:02,1927.0,True,5,False
COMM-0001480,VD-000965,VD-000625,E-Mail,2024-04-09,06:05,39.0,False,10,True
COMM-0001481,VD-000961,VD-000408,Social Media,2024-09-05,23:18,3218.0,False,1,False
COMM-0001482,VD-000887,VD-000272,Brief,2024-02-09,08:57,3498.0,False,10,False
COMM-0001483,VD-000529,VD-000155,Persönlicher Kontakt,2025-09-19,16:55,1221.0,False,9,True
COMM-0001484,VD-000701,VD-000304,Telefonat,2023-05-28,18:07,1821.0,True,5,False
COMM-0001485,VD-000451,VD-000036,WhatsApp,2023-12-25,19:12,1098.0,True,6,True
COMM-0001486,VD-000419,VD-000144,E-Mail,2024-04-15,19:27,1338.0,True,7,True
COMM-0001487,VD-000672,VD-000708,WhatsApp,2025-09-08,05:45,1415.0,False,5,True
COMM-0001488,VD-000977,VD-000113,Social Media,2024-06-09,09:23,2980.0,False,3,True
COMM-0001489,VD-000202,VD-000636,Persönlicher Kontakt,2023-06-07,15:28,1059.0,True,5,False
COMM-0001490,VD-000074,VD-000510,Telefonat,2025-06-21,02:59,1333.0,True,8,True
COMM-0001491,VD-000146,VD-000648,Telefonat,2024-12-16,02:14,,True,7,False
COMM-0001492,VD-000296,VD-000353,Telegram,2025-02-26,08:23,,False,1,True
COMM-0001493,VD-000463,VD-000843,Persönlicher Kontakt,2025-07-05,14:52,141.0,True,4,False
COMM-0001494,VD-000702,VD-000905,SMS,2024-06-26,03:20,,True,7,False
COMM-0001495,VD-000052,VD-000571,Telegram,2024-09-20,03:01,2219.0,False,8,True
COMM-0001496,VD-000030,VD-000684,WhatsApp,2024-08-10,00:21,2672.0,False,7,False
COMM-0001497,VD-000900,VD-000539,Brief,2025-10-13,09:41,3461.0,False,7,False
COMM-0001498,VD-000579,VD-000247,E-Mail,2023-06-25,18:35,1793.0,True,3,False
COMM-0001499,VD-000080,VD-000894,SMS,2024-03-23,20:10,663.0,True,9,True
COMM-0001500,VD-000113,VD-000417,WhatsApp,2024-07-17,14:26,1820.0,True,9,False
COMM-0001501,VD-000169,VD-000591,Signal,2024-04-19,12:47,2285.0,False,10,True
COMM-0001502,VD-000846,VD-000599,Brief,2023-09-10,22:18,,True,8,True
COMM-0001503,VD-000937,VD-001000,SMS,2024-06-10,20:54,722.0,True,3,True
COMM-0001504,VD-000309,VD-000527,Persönlicher Kontakt,2023-02-09,14:49,2155.0,False,4,False
COMM-0001505,VD-000542,VD-000650,SMS,2024-05-22,09:37,1650.0,True,4,False
COMM-0001506,VD-000671,VD-000766,E-Mail,2023-01-20,02:24,,False,7,False
COMM-0001507,VD-000627,VD-000256,Telegram,2023-07-27,21:58,2485.0,False,3,False
COMM-0001508,VD-000639,VD-000689,E-Mail,2023-09-28,05:36,3407.0,False,4,True
COMM-0001509,VD-000710,VD-000882,Brief,2023-11-29,03:57,1315.0,True,4,False
COMM-0001510,VD-000532,VD-000073,Telegram,2025-10-01,17:07,260.0,True,1,False
COMM-0001511,VD-000787,VD-000013,Signal,2024-07-30,16:08,2531.0,True,5,True
COMM-0001512,VD-000971,VD-000117,Social Media,2024-06-18,21:26,246.0,False,7,True
COMM-0001513,VD-000017,VD-000304,Telefonat,2025-10-24,00:19,752.0,False,3,False
COMM-0001514,VD-000285,VD-000400,Telefonat,2024-10-03,12:31,1682.0,True,4,False
COMM-0001515,VD-000540,VD-000947,Telefonat,2025-02-04,18:27,1692.0,True,1,False
COMM-0001516,VD-000864,VD-000485,Signal,2025-03-31,10:03,1823.0,False,5,False
COMM-0001517,VD-000234,VD-000239,Telefonat,2023-08-22,00:30,674.0,False,10,True
COMM-0001518,VD-000057,VD-000904,Signal,2023-09-08,00:26,3013.0,True,6,False
COMM-0001519,VD-000394,VD-000406,WhatsApp,2025-10-09,03:56,2701.0,False,5,True
COMM-0001520,VD-000873,VD-000996,WhatsApp,2025-02-01,15:26,147.0,False,2,False
COMM-0001521,VD-000011,VD-000409,SMS,2023-08-23,05:55,2685.0,False,3,True
COMM-0001522,VD-000953,VD-000064,Signal,2025-04-07,14:38,1118.0,True,3,True
COMM-0001523,VD-000515,VD-000932,Social Media,2024-08-23,10:05,,False,10,False
COMM-0001524,VD-000047,VD-000354,Persönlicher Kontakt,2025-04-03,01:30,,False,2,True
COMM-0001525,VD-000553,VD-000925,E-Mail,2025-11-03,20:16,124.0,False,2,True
COMM-0001526,VD-000725,VD-000242,E-Mail,2025-02-05,04:00,473.0,False,2,False
COMM-0001527,VD-000488,VD-000772,SMS,2024-04-20,09:41,,True,2,False
COMM-0001528,VD-000161,VD-000043,E-Mail,2023-02-16,02:44,,True,9,True
COMM-0001529,VD-000991,VD-000526,Persönlicher Kontakt,2024-06-16,06:43,1535.0,False,8,False
COMM-0001530,VD-000267,VD-000193,Brief,2024-10-05,05:59,1315.0,False,2,True
COMM-0001531,VD-000738,VD-000180,SMS,2024-10-24,23:05,497.0,False,10,False
COMM-0001532,VD-000881,VD-000897,Persönlicher Kontakt,2024-01-24,12:23,,True,1,False
COMM-0001533,VD-000525,VD-000405,Signal,2024-02-08,05:26,1181.0,True,9,False
COMM-0001534,VD-000325,VD-000207,Telefonat,2023-02-26,01:39,,False,9,False
COMM-0001535,VD-000251,VD-000423,Signal,2023-07-09,13:49,1705.0,False,7,False
COMM-0001536,VD-000246,VD-000204,Telefonat,2025-03-21,22:35,,False,5,True
COMM-0001537,VD-000213,VD-000105,Persönlicher Kontakt,2025-08-17,14:26,1901.0,False,2,False
COMM-0001538,VD-000269,VD-000988,Persönlicher Kontakt,2025-03-25,00:44,769.0,False,2,True
COMM-0001539,VD-000560,VD-000959,E-Mail,2024-07-04,16:03,,False,5,False
COMM-0001540,VD-000444,VD-000617,Persönlicher Kontakt,2024-09-15,12:11,2206.0,False,4,True
COMM-0001541,VD-000190,VD-000213,SMS,2023-08-03,22:39,2333.0,False,7,False
COMM-0001542,VD-000408,VD-000586,Brief,2023-11-27,19:21,854.0,False,1,False
COMM-0001543,VD-000587,VD-000403,E-Mail,2024-07-28,03:49,1771.0,False,9,False
COMM-0001544,VD-000722,VD-000562,SMS,2023-02-24,23:54,1449.0,True,2,True
COMM-0001545,VD-000634,VD-000533,Brief,2024-04-11,15:11,216.0,False,2,False
COMM-0001546,VD-000064,VD-000909,Persönlicher Kontakt,2024-09-23,21:04,1989.0,True,7,True
COMM-0001547,VD-000423,VD-000081,Telefonat,2025-01-05,13:09,2224.0,True,7,True
COMM-0001548,VD-000404,VD-000829,Signal,2023-03-11,03:06,3176.0,True,4,True
COMM-0001549,VD-000971,VD-000091,WhatsApp,2024-06-15,20:55,3096.0,True,7,True
COMM-0001550,VD-000437,VD-000270,Telefonat,2023-11-14,08:02,2253.0,True,1,False
COMM-0001551,VD-000984,VD-000253,SMS,2024-01-28,10:42,,False,10,True
COMM-0001552,VD-000279,VD-000915,E-Mail,2025-05-05,00:43,725.0,True,2,True
COMM-0001553,VD-000907,VD-000122,E-Mail,2025-08-02,14:01,2394.0,False,2,False
COMM-0001554,VD-000784,VD-000755,Telegram,2024-02-07,16:28,,True,5,True
COMM-0001555,VD-000582,VD-000479,Signal,2024-02-03,20:29,872.0,False,10,False
COMM-0001556,VD-000145,VD-000157,Signal,2024-12-10,15:27,3447.0,False,1,True
COMM-0001557,VD-000285,VD-000285,SMS,2025-08-09,09:10,940.0,False,8,True
COMM-0001558,VD-000350,VD-000474,Telegram,2023-04-24,03:49,3378.0,True,3,True
COMM-0001559,VD-000294,VD-000889,Telegram,2024-12-09,01:37,1068.0,True,9,True
COMM-0001560,VD-000118,VD-000622,Social Media,2025-04-14,19:00,1389.0,True,7,True
COMM-0001561,VD-000562,VD-000529,Brief,2024-08-10,02:00,2417.0,False,7,True
COMM-0001562,VD-000859,VD-000925,SMS,2024-10-26,09:25,2180.0,True,7,False
COMM-0001563,VD-000078,VD-000449,Brief,2024-05-01,14:44,,True,4,True
COMM-0001564,VD-000127,VD-000165,SMS,2025-02-09,05:26,1043.0,True,4,True
COMM-0001565,VD-000436,VD-000885,Telefonat,2025-06-11,01:22,2097.0,False,5,False
COMM-0001566,VD-000932,VD-000249,SMS,2024-12-30,03:01,3244.0,True,4,False
COMM-0001567,VD-000515,VD-000920,Telegram,2025-03-17,00:51,1280.0,True,10,True
COMM-0001568,VD-000932,VD-000835,Brief,2025-11-11,14:49,,False,10,False
COMM-0001569,VD-000078,VD-000108,WhatsApp,2023-05-21,05:52,2274.0,False,9,True
COMM-0001570,VD-000034,VD-000949,Persönlicher Kontakt,2023-06-02,05:26,,True,7,True
COMM-0001571,VD-000021,VD-000513,E-Mail,2024-08-01,21:24,130.0,True,7,True
COMM-0001572,VD-000958,VD-000630,Social Media,2024-08-25,15:52,1262.0,False,9,True
COMM-0001573,VD-000623,VD-000781,Signal,2025-05-30,06:00,,True,4,True
COMM-0001574,VD-000310,VD-000121,WhatsApp,2024-11-23,18:51,,False,1,True
COMM-0001575,VD-000582,VD-000507,Telefonat,2025-07-29,06:20,2404.0,True,6,False
COMM-0001576,VD-000116,VD-000268,Telefonat,2024-10-21,08:16,1377.0,True,8,False
COMM-0001577,VD-000805,VD-000679,Telefonat,2023-05-05,13:30,3411.0,True,4,True
COMM-0001578,VD-000413,VD-000375,Signal,2025-03-05,13:58,389.0,True,7,True
COMM-0001579,VD-000478,VD-000086,Persönlicher Kontakt,2024-01-21,09:01,,False,9,False
COMM-0001580,VD-000356,VD-000473,Telefonat,2024-02-10,01:51,3231.0,False,2,True
COMM-0001581,VD-000755,VD-000592,SMS,2025-05-30,14:57,419.0,False,9,False
COMM-0001582,VD-000978,VD-000658,Telegram,2023-07-07,17:28,393.0,False,7,True
COMM-0001583,VD-000051,VD-000261,Brief,2023-08-30,11:31,805.0,True,5,True
COMM-0001584,VD-000677,VD-000840,SMS,2023-01-23,15:48,,True,7,False
COMM-0001585,VD-000193,VD-000542,Signal,2025-10-28,04:28,2743.0,True,9,True
COMM-0001586,VD-000808,VD-000784,Signal,2025-09-27,16:40,3315.0,False,2,True
COMM-0001587,VD-000737,VD-000273,Telegram,2023-12-02,19:17,2828.0,False,1,True
COMM-0001588,VD-000414,VD-000464,Telegram,2024-07-29,20:46,,False,7,True
COMM-0001589,VD-000667,VD-000800,Persönlicher Kontakt,2024-02-11,21:15,1656.0,True,1,False
COMM-0001590,VD-000754,VD-000709,Telefonat,2025-07-11,08:10,1861.0,False,2,True
COMM-0001591,VD-000927,VD-000474,Social Media,2024-01-19,02:24,,True,7,True
COMM-0001592,VD-000611,VD-000899,Telefonat,2024-03-15,03:43,1540.0,False,7,False
COMM-0001593,VD-000467,VD-000161,Telefonat,2024-11-08,00:28,2596.0,True,1,True
COMM-0001594,VD-000253,VD-000704,E-Mail,2024-04-14,09:07,1321.0,False,10,False
COMM-0001595,VD-000994,VD-000098,WhatsApp,2023-01-10,07:19,1508.0,True,7,True
COMM-0001596,VD-000598,VD-000550,Brief,2023-04-28,14:52,1190.0,False,8,True
COMM-0001597,VD-000779,VD-000946,Brief,2024-06-16,02:09,3306.0,True,10,True
COMM-0001598,VD-000062,VD-000819,Telefonat,2025-08-25,19:06,,False,6,True
COMM-0001599,VD-000490,VD-000924,Signal,2025-09-01,09:26,2296.0,False,1,False
COMM-0001600,VD-000395,VD-000677,WhatsApp,2023-08-04,23:11,3041.0,True,10,False
COMM-0001601,VD-000456,VD-000951,Signal,2025-10-01,21:52,770.0,False,5,True
COMM-0001602,VD-000677,VD-000114,Telegram,2025-08-09,18:45,335.0,True,7,True
COMM-0001603,VD-000373,VD-000920,E-Mail,2023-07-11,19:50,,True,4,True
COMM-0001604,VD-000960,VD-000066,Telefonat,2024-09-30,09:41,1842.0,True,6,False
COMM-0001605,VD-000147,VD-000191,Telefonat,2023-07-04,13:27,1847.0,True,6,False
COMM-0001606,VD-000408,VD-000349,Telefonat,2025-01-31,08:42,1820.0,False,6,False
COMM-0001607,VD-000354,VD-000864,Persönlicher Kontakt,2023-03-16,01:21,557.0,True,7,False
COMM-0001608,VD-000314,VD-000569,WhatsApp,2025-09-06,00:39,,True,8,False
COMM-0001609,VD-000083,VD-000717,Telegram,2025-09-12,22:57,657.0,True,6,True
COMM-0001610,VD-000657,VD-000929,Social Media,2023-08-24,05:41,709.0,False,9,False
COMM-0001611,VD-000548,VD-000122,Signal,2024-12-01,21:55,1827.0,False,2,True
COMM-0001612,VD-000078,VD-000356,SMS,2024-04-26,23:28,2060.0,True,4,False
COMM-0001613,VD-000080,VD-000226,Signal,2025-01-07,06:11,2427.0,True,4,False
COMM-0001614,VD-000682,VD-000633,Telegram,2023-06-12,01:14,2511.0,False,9,False
COMM-0001615,VD-000322,VD-000065,Telegram,2025-11-11,21:23,,False,3,True
COMM-0001616,VD-000823,VD-000389,Telegram,2025-02-17,20:29,,False,4,False
COMM-0001617,VD-000591,VD-000261,WhatsApp,2025-08-02,06:36,2330.0,False,7,False
COMM-0001618,VD-000145,VD-000234,SMS,2023-11-01,09:18,179.0,True,8,True
COMM-0001619,VD-000831,VD-000995,Signal,2023-10-09,16:03,3015.0,False,3,False
COMM-0001620,VD-000113,VD-000625,Persönlicher Kontakt,2025-10-24,05:13,3358.0,False,10,False
COMM-0001621,VD-000615,VD-000889,SMS,2025-03-06,14:20,2076.0,False,1,True
COMM-0001622,VD-000751,VD-000396,Persönlicher Kontakt,2024-02-24,04:09,,False,4,True
COMM-0001623,VD-000818,VD-000030,Persönlicher Kontakt,2025-04-03,12:02,,False,6,False
COMM-0001624,VD-000272,VD-000826,E-Mail,2024-12-07,11:14,2629.0,False,10,True
COMM-0001625,VD-000810,VD-000253,Telefonat,2024-10-16,20:35,2762.0,True,7,False
COMM-0001626,VD-000939,VD-000967,Social Media,2025-09-03,14:09,,False,5,False
COMM-0001627,VD-000673,VD-000683,Social Media,2024-12-02,06:03,1447.0,True,3,True
COMM-0001628,VD-000411,VD-000194,Social Media,2023-03-01,14:03,2209.0,True,6,True
COMM-0001629,VD-000539,VD-000122,Persönlicher Kontakt,2023-06-09,19:54,3285.0,False,6,True
COMM-0001630,VD-000647,VD-000457,Telegram,2025-02-05,12:54,3289.0,False,2,False
COMM-0001631,VD-000259,VD-000963,Social Media,2025-08-14,00:32,803.0,True,7,False
COMM-0001632,VD-000626,VD-000866,WhatsApp,2025-01-17,10:14,3308.0,True,4,False
COMM-0001633,VD-000564,VD-000462,SMS,2024-09-10,12:16,,False,10,True
COMM-0001634,VD-000882,VD-000915,Telefonat,2023-10-16,01:50,1011.0,True,7,False
COMM-0001635,VD-000709,VD-000053,Brief,2023-01-24,18:57,1528.0,True,5,False
COMM-0001636,VD-000373,VD-000703,SMS,2025-03-13,18:00,1968.0,False,10,True
COMM-0001637,VD-000474,VD-000597,Brief,2024-01-20,16:22,123.0,False,8,True
COMM-0001638,VD-000583,VD-000457,Brief,2025-06-15,22:54,,False,3,False
COMM-0001639,VD-000476,VD-000754,Persönlicher Kontakt,2023-11-14,19:23,3168.0,False,4,False
COMM-0001640,VD-000056,VD-000479,Telegram,2023-09-10,09:14,,True,1,True
COMM-0001641,VD-000032,VD-000896,SMS,2024-06-18,16:17,,False,5,True
COMM-0001642,VD-000205,VD-000947,Signal,2023-10-21,18:27,,True,10,False
COMM-0001643,VD-000308,VD-000827,Social Media,2023-11-24,19:31,1183.0,True,10,False
COMM-0001644,VD-000116,VD-000157,Persönlicher Kontakt,2025-06-20,07:50,656.0,False,8,True
COMM-0001645,VD-000219,VD-000489,SMS,2024-07-01,21:18,,True,9,False
COMM-0001646,VD-000249,VD-000698,SMS,2025-03-30,17:54,671.0,True,2,False
COMM-0001647,VD-000304,VD-000842,Telefonat,2024-05-27,02:47,,True,6,True
COMM-0001648,VD-000995,VD-000921,Telefonat,2024-11-02,06:02,2769.0,True,7,False
COMM-0001649,VD-000848,VD-000259,SMS,2025-03-07,15:54,,True,4,False
COMM-0001650,VD-000613,VD-000626,Telegram,2023-03-07,22:44,2873.0,False,8,True
COMM-0001651,VD-000542,VD-000085,SMS,2025-02-17,22:06,1195.0,True,5,False
COMM-0001652,VD-000463,VD-000921,Telegram,2023-06-09,18:03,3206.0,False,4,False
COMM-0001653,VD-000086,VD-000293,Telefonat,2023-06-23,03:38,,False,9,False
COMM-0001654,VD-000637,VD-000922,WhatsApp,2024-03-14,02:13,2385.0,False,6,False
COMM-0001655,VD-000697,VD-000479,Telegram,2023-06-13,07:26,915.0,True,4,True
COMM-0001656,VD-000970,VD-000235,WhatsApp,2025-06-27,14:38,,True,3,False
COMM-0001657,VD-000645,VD-000885,E-Mail,2023-04-02,23:42,1762.0,False,6,True
COMM-0001658,VD-000824,VD-000413,Telegram,2023-12-15,17:06,,True,3,True
COMM-0001659,VD-000223,VD-000016,Telegram,2024-06-07,18:44,2085.0,False,7,False
COMM-0001660,VD-000687,VD-000728,SMS,2024-07-30,22:12,,True,1,False
COMM-0001661,VD-000041,VD-000556,Telegram,2023-05-26,04:22,2303.0,True,9,False
COMM-0001662,VD-000882,VD-000532,SMS,2025-10-26,11:38,,False,2,True
COMM-0001663,VD-000773,VD-000177,SMS,2023-11-14,08:10,2134.0,False,8,False
COMM-0001664,VD-000069,VD-000477,WhatsApp,2024-06-19,02:17,,True,9,False
COMM-0001665,VD-000956,VD-000314,Persönlicher Kontakt,2024-03-31,03:35,1446.0,True,5,True
COMM-0001666,VD-000700,VD-000693,Signal,2024-08-14,04:19,3411.0,False,9,True
COMM-0001667,VD-000501,VD-000924,Telefonat,2023-06-14,17:13,2383.0,False,1,True
COMM-0001668,VD-000705,VD-000010,Social Media,2024-07-12,10:12,,False,6,False
COMM-0001669,VD-000072,VD-000294,Persönlicher Kontakt,2025-01-02,19:23,,True,8,False
COMM-0001670,VD-000201,VD-000108,Telegram,2023-10-21,11:28,470.0,True,3,True
COMM-0001671,VD-000087,VD-000303,Telegram,2024-12-27,12:17,3529.0,True,4,True
COMM-0001672,VD-000619,VD-000464,SMS,2025-05-21,15:53,2560.0,True,3,False
COMM-0001673,VD-000280,VD-000185,Brief,2025-04-10,02:41,3485.0,False,1,True
COMM-0001674,VD-000668,VD-000248,Telegram,2025-02-16,07:52,1310.0,True,2,True
COMM-0001675,VD-000483,VD-000313,Brief,2023-09-14,06:04,1987.0,False,1,False
COMM-0001676,VD-000106,VD-000358,E-Mail,2023-10-11,21:31,1011.0,True,9,False
COMM-0001677,VD-000413,VD-000578,Signal,2024-11-19,09:23,414.0,False,6,True
COMM-0001678,VD-000096,VD-000877,Telegram,2025-03-27,05:11,,True,8,True
COMM-0001679,VD-000473,VD-000887,E-Mail,2023-03-10,04:45,,True,6,True
COMM-0001680,VD-000813,VD-000179,Telefonat,2024-06-01,22:09,3272.0,True,5,False
COMM-0001681,VD-000501,VD-000024,Social Media,2023-03-27,20:21,,False,2,True
COMM-0001682,VD-000781,VD-000040,WhatsApp,2023-06-27,03:20,2275.0,True,2,False
COMM-0001683,VD-000363,VD-000247,Telefonat,2023-08-30,16:12,,True,3,True
COMM-0001684,VD-000995,VD-000795,Brief,2025-06-20,19:26,3234.0,True,10,True
COMM-0001685,VD-000007,VD-000740,E-Mail,2023-12-23,07:43,3219.0,True,8,True
COMM-0001686,VD-000374,VD-000289,Social Media,2024-03-24,00:30,,True,2,False
COMM-0001687,VD-000061,VD-000491,Persönlicher Kontakt,2024-06-09,00:04,173.0,True,5,True
COMM-0001688,VD-000727,VD-000186,Social Media,2025-01-13,13:37,,True,4,True
COMM-0001689,VD-000026,VD-000312,WhatsApp,2025-09-18,19:06,2279.0,True,1,True
COMM-0001690,VD-000213,VD-000774,SMS,2023-09-23,03:03,2096.0,False,9,True
COMM-0001691,VD-000723,VD-000586,Signal,2024-01-06,12:59,1609.0,True,6,False
COMM-0001692,VD-000594,VD-000218,SMS,2023-11-07,05:58,1741.0,True,10,False
COMM-0001693,VD-000442,VD-000599,Social Media,2024-11-16,17:25,,True,5,False
COMM-0001694,VD-000287,VD-000774,Persönlicher Kontakt,2025-06-15,18:47,,True,8,False
COMM-0001695,VD-000094,VD-000510,Telegram,2023-02-19,07:16,932.0,True,8,True
COMM-0001696,VD-000548,VD-000597,Telefonat,2024-07-02,14:43,2447.0,True,2,True
COMM-0001697,VD-000514,VD-000784,Persönlicher Kontakt,2023-11-10,17:13,3266.0,True,1,False
COMM-0001698,VD-000379,VD-000432,WhatsApp,2023-11-22,09:19,,True,3,True
COMM-0001699,VD-000939,VD-000722,Telefonat,2025-05-16,18:03,815.0,False,10,True
COMM-0001700,VD-000710,VD-000649,Social Media,2025-03-20,21:59,,False,1,True
COMM-0001701,VD-000403,VD-000178,Signal,2025-09-12,18:39,1679.0,True,2,False
COMM-0001702,VD-000395,VD-000946,SMS,2024-01-05,22:18,,True,10,False
COMM-0001703,VD-000422,VD-000705,Brief,2025-11-13,10:56,2966.0,True,7,True
COMM-0001704,VD-000256,VD-000088,WhatsApp,2024-02-20,06:15,725.0,False,7,False
COMM-0001705,VD-000907,VD-000624,WhatsApp,2023-02-27,15:57,,True,9,True
COMM-0001706,VD-000677,VD-000925,SMS,2023-05-02,10:22,1799.0,False,6,True
COMM-0001707,VD-000864,VD-000123,Social Media,2023-02-09,13:02,,True,2,False
COMM-0001708,VD-000984,VD-000755,Persönlicher Kontakt,2024-09-22,10:16,,False,10,True
COMM-0001709,VD-000350,VD-000171,E-Mail,2025-03-12,15:10,,True,9,True
COMM-0001710,VD-000092,VD-000155,SMS,2024-08-22,08:59,1378.0,False,7,False
COMM-0001711,VD-000859,VD-000743,Signal,2024-07-20,15:42,209.0,True,9,True
COMM-0001712,VD-000019,VD-000985,Social Media,2025-02-04,01:16,2568.0,False,5,True
COMM-0001713,VD-000344,VD-000187,WhatsApp,2025-10-24,02:20,2499.0,True,3,True
COMM-0001714,VD-000887,VD-000168,Social Media,2024-09-07,08:37,2208.0,False,7,False
COMM-0001715,VD-000425,VD-000787,Telefonat,2023-05-12,02:54,,False,6,True
COMM-0001716,VD-000266,VD-000941,SMS,2024-12-24,11:57,3010.0,False,7,True
COMM-0001717,VD-000910,VD-000973,Brief,2024-10-24,05:06,3169.0,False,9,False
COMM-0001718,VD-000794,VD-000160,Persönlicher Kontakt,2023-01-11,22:25,2015.0,False,6,False
COMM-0001719,VD-000537,VD-000518,Signal,2024-04-07,06:54,1330.0,True,4,False
COMM-0001720,VD-000158,VD-000385,Signal,2024-03-12,20:54,775.0,False,7,True
COMM-0001721,VD-000014,VD-000795,Social Media,2024-12-19,16:22,,True,3,True
COMM-0001722,VD-000458,VD-000427,Signal,2025-09-20,17:08,225.0,False,3,False
COMM-0001723,VD-000382,VD-000558,Persönlicher Kontakt,2024-05-09,14:19,,True,6,False
COMM-0001724,VD-000341,VD-000033,WhatsApp,2023-08-06,00:36,2576.0,True,8,True
COMM-0001725,VD-000547,VD-000245,Brief,2023-12-10,19:02,,True,8,True
COMM-0001726,VD-000850,VD-000229,Brief,2025-05-28,20:37,1411.0,False,5,True
COMM-0001727,VD-000246,VD-000474,E-Mail,2024-06-15,10:38,2392.0,False,2,True
COMM-0001728,VD-000845,VD-000522,E-Mail,2023-10-02,17:42,1377.0,True,3,False
COMM-0001729,VD-000750,VD-000707,Telegram,2024-07-17,01:26,140.0,False,8,True
COMM-0001730,VD-000834,VD-000887,Telefonat,2025-08-06,07:39,,False,9,False
COMM-0001731,VD-000960,VD-000920,Brief,2025-05-01,03:11,,False,4,True
COMM-0001732,VD-000038,VD-000215,Telefonat,2023-11-20,14:58,105.0,False,8,True
COMM-0001733,VD-000914,VD-000434,Persönlicher Kontakt,2023-10-02,01:30,2322.0,True,3,True
COMM-0001734,VD-000568,VD-000912,SMS,2025-08-01,05:47,337.0,False,1,False
COMM-0001735,VD-000128,VD-000812,Social Media,2023-03-21,20:48,681.0,False,6,True
COMM-0001736,VD-000236,VD-000991,SMS,2023-03-16,11:24,822.0,False,4,False
COMM-0001737,VD-000103,VD-000830,SMS,2025-07-11,06:20,803.0,False,10,True
COMM-0001738,VD-000767,VD-000807,Telegram,2025-10-05,12:35,,True,1,True
COMM-0001739,VD-000532,VD-000516,WhatsApp,2025-06-08,14:53,,False,2,False
COMM-0001740,VD-000415,VD-000620,E-Mail,2023-02-13,09:53,463.0,True,4,False
COMM-0001741,VD-000476,VD-000235,Signal,2023-07-18,18:21,642.0,False,5,True
COMM-0001742,VD-000398,VD-000662,WhatsApp,2025-07-23,02:46,,True,9,False
COMM-0001743,VD-000442,VD-000048,Telegram,2024-12-18,18:37,,False,6,False
COMM-0001744,VD-000071,VD-000461,Brief,2024-09-10,14:23,959.0,True,7,False
COMM-0001745,VD-000277,VD-000471,Telefonat,2025-05-08,05:27,,False,9,True
COMM-0001746,VD-000487,VD-000818,Telegram,2024-05-30,06:26,1189.0,False,9,True
COMM-0001747,VD-000295,VD-000770,Persönlicher Kontakt,2025-01-11,07:21,1131.0,True,6,True
COMM-0001748,VD-000321,VD-000196,Social Media,2023-04-03,13:15,1912.0,True,6,True
COMM-0001749,VD-000733,VD-000840,SMS,2023-11-28,21:19,2509.0,False,9,False
COMM-0001750,VD-000145,VD-000863,Persönlicher Kontakt,2023-06-08,15:14,3001.0,False,10,False
COMM-0001751,VD-000666,VD-000541,WhatsApp,2024-04-15,15:16,,True,6,False
COMM-0001752,VD-000840,VD-000779,Social Media,2023-12-20,08:45,,True,4,False
COMM-0001753,VD-000968,VD-000146,Telegram,2024-03-21,09:20,2060.0,True,4,False
COMM-0001754,VD-000401,VD-000407,Telefonat,2023-07-11,15:30,,False,7,False
COMM-0001755,VD-000816,VD-000476,Social Media,2024-01-28,17:58,2945.0,False,8,True
COMM-0001756,VD-000975,VD-000108,WhatsApp,2025-07-23,05:00,605.0,True,3,False
COMM-0001757,VD-000855,VD-000485,E-Mail,2025-09-27,05:30,3563.0,False,3,True
COMM-0001758,VD-000220,VD-000870,E-Mail,2023-11-24,18:54,36.0,False,6,False
COMM-0001759,VD-000569,VD-000833,Social Media,2023-08-28,02:36,3582.0,False,8,False
COMM-0001760,VD-000453,VD-000395,Persönlicher Kontakt,2024-06-27,03:47,432.0,False,10,True
COMM-0001761,VD-000026,VD-000626,Social Media,2023-06-05,07:46,255.0,True,5,False
COMM-0001762,VD-000945,VD-000005,Telegram,2023-04-06,19:25,3530.0,True,9,True
COMM-0001763,VD-000706,VD-000102,Persönlicher Kontakt,2025-06-09,04:10,,True,1,True
COMM-0001764,VD-000095,VD-000444,Persönlicher Kontakt,2025-04-07,18:22,,False,4,True
COMM-0001765,VD-000063,VD-000735,Persönlicher Kontakt,2024-11-26,21:16,129.0,True,6,False
COMM-0001766,VD-000408,VD-000447,Telefonat,2023-08-30,15:11,2336.0,False,6,True
COMM-0001767,VD-000604,VD-000528,WhatsApp,2023-04-07,13:26,3566.0,True,7,False
COMM-0001768,VD-000827,VD-000485,Persönlicher Kontakt,2023-02-03,11:25,988.0,False,8,False
COMM-0001769,VD-000938,VD-000458,SMS,2023-05-14,09:22,,False,2,False
COMM-0001770,VD-000661,VD-000739,Telefonat,2023-08-26,18:50,,False,4,True
COMM-0001771,VD-000044,VD-000058,Telegram,2024-08-03,23:18,,True,8,False
COMM-0001772,VD-000352,VD-000059,Social Media,2024-04-16,06:45,2609.0,True,1,False
COMM-0001773,VD-000526,VD-000434,Social Media,2024-10-04,21:41,749.0,True,4,False
COMM-0001774,VD-000018,VD-000416,WhatsApp,2023-10-18,17:01,1622.0,False,10,False
COMM-0001775,VD-000612,VD-000033,Telefonat,2023-11-15,12:17,,False,3,True
COMM-0001776,VD-000608,VD-000821,Persönlicher Kontakt,2024-05-24,07:37,,True,9,False
COMM-0001777,VD-000327,VD-000136,Brief,2023-02-09,12:32,,True,6,False
COMM-0001778,VD-000413,VD-000872,SMS,2025-03-08,09:50,,False,5,True
COMM-0001779,VD-000672,VD-000807,Signal,2024-10-26,11:43,640.0,False,4,True
COMM-0001780,VD-000411,VD-000331,Brief,2025-10-13,11:35,,True,9,True
COMM-0001781,VD-000100,VD-000364,Social Media,2024-06-24,22:21,2408.0,True,7,False
COMM-0001782,VD-000340,VD-000973,Signal,2023-04-12,21:40,,True,10,True
COMM-0001783,VD-000584,VD-000366,Telefonat,2024-10-31,14:47,,True,8,False
COMM-0001784,VD-000499,VD-000277,E-Mail,2024-08-15,18:02,3439.0,False,9,False
COMM-0001785,VD-000988,VD-000777,Signal,2023-11-12,05:18,3322.0,False,3,False
COMM-0001786,VD-000092,VD-000614,SMS,2025-02-23,05:12,2242.0,True,6,True
COMM-0001787,VD-000229,VD-000322,Telefonat,2024-05-25,09:10,3142.0,False,4,False
COMM-0001788,VD-000197,VD-000349,SMS,2025-10-29,02:39,,True,6,True
COMM-0001789,VD-000820,VD-000848,Signal,2025-07-02,12:15,1433.0,False,9,False
COMM-0001790,VD-000696,VD-000090,WhatsApp,2024-05-07,11:58,1754.0,False,3,True
COMM-0001791,VD-000994,VD-000803,Brief,2025-08-26,17:11,,False,9,True
COMM-0001792,VD-000824,VD-000081,Telegram,2024-05-04,07:19,,False,3,False
COMM-0001793,VD-000750,VD-000623,Brief,2024-04-05,13:33,,False,10,True
COMM-0001794,VD-000901,VD-000985,Telefonat,2023-03-28,12:43,2597.0,True,3,True
COMM-0001795,VD-000595,VD-000573,WhatsApp,2025-02-13,03:44,3159.0,False,6,False
COMM-0001796,VD-000160,VD-000330,E-Mail,2025-05-27,16:11,1480.0,True,7,False
COMM-0001797,VD-000743,VD-000874,Signal,2025-02-20,07:41,,True,9,False
COMM-0001798,VD-000028,VD-000927,Telegram,2024-06-09,14:45,1860.0,False,2,False
COMM-0001799,VD-000732,VD-000321,Persönlicher Kontakt,2023-12-13,12:11,1300.0,True,6,True
COMM-0001800,VD-000182,VD-000901,SMS,2023-04-05,13:30,,True,5,False
COMM-0001801,VD-000464,VD-000862,Brief,2025-04-20,17:41,,True,2,True
COMM-0001802,VD-000762,VD-000287,Telefonat,2024-07-30,07:44,237.0,True,1,True
COMM-0001803,VD-000630,VD-000054,E-Mail,2024-08-30,05:50,1376.0,True,7,True
COMM-0001804,VD-000877,VD-000143,E-Mail,2025-08-26,06:40,2688.0,True,1,True
COMM-0001805,VD-000421,VD-000493,Social Media,2024-03-28,07:10,2335.0,True,7,False
COMM-0001806,VD-000134,VD-000394,Social Media,2023-06-17,03:07,2190.0,True,5,True
COMM-0001807,VD-000564,VD-000763,WhatsApp,2023-11-08,05:21,1875.0,False,5,False
COMM-0001808,VD-000645,VD-000429,WhatsApp,2024-11-17,11:34,,False,2,True
COMM-0001809,VD-000170,VD-000752,Persönlicher Kontakt,2024-02-09,14:35,1870.0,False,7,True
COMM-0001810,VD-000243,VD-000003,SMS,2023-09-13,08:18,,True,1,False
COMM-0001811,VD-000544,VD-000635,Telefonat,2025-05-03,13:14,1634.0,False,2,False
COMM-0001812,VD-000966,VD-000936,Social Media,2024-06-05,18:03,2386.0,True,8,True
COMM-0001813,VD-000065,VD-000218,SMS,2023-01-04,01:21,1892.0,True,7,False
COMM-0001814,VD-000578,VD-000908,SMS,2024-04-06,22:33,1351.0,False,9,False
COMM-0001815,VD-000307,VD-000668,Social Media,2025-08-25,20:18,1366.0,False,3,True
COMM-0001816,VD-000339,VD-000291,Telefonat,2025-10-03,20:27,1998.0,True,3,True
COMM-0001817,VD-000344,VD-000569,Signal,2024-08-24,04:29,514.0,True,1,False
COMM-0001818,VD-000438,VD-000112,Social Media,2025-08-20,20:47,,False,6,True
COMM-0001819,VD-000195,VD-000301,SMS,2024-03-04,05:12,2854.0,True,6,True
COMM-0001820,VD-000254,VD-000486,Brief,2024-03-01,15:42,3270.0,False,8,False
COMM-0001821,VD-000485,VD-000990,WhatsApp,2025-06-10,23:33,2975.0,True,1,True
COMM-0001822,VD-000797,VD-000129,Telefonat,2024-02-03,12:25,320.0,False,8,True
COMM-0001823,VD-000807,VD-000157,Social Media,2023-09-29,01:19,525.0,False,2,False
COMM-0001824,VD-000874,VD-000884,Telefonat,2025-05-13,15:10,2953.0,False,6,True
COMM-0001825,VD-000337,VD-000501,Signal,2024-08-08,12:33,935.0,False,9,True
COMM-0001826,VD-000458,VD-000489,Social Media,2023-10-20,19:12,,False,4,True
COMM-0001827,VD-000200,VD-000413,E-Mail,2024-03-20,08:49,2354.0,True,1,True
COMM-0001828,VD-000974,VD-000610,Telefonat,2023-07-22,18:59,,False,7,True
COMM-0001829,VD-000476,VD-000196,WhatsApp,2024-09-26,05:55,260.0,False,4,True
COMM-0001830,VD-000676,VD-000232,Telegram,2025-02-04,03:00,,False,6,False
COMM-0001831,VD-000058,VD-000110,Telegram,2024-12-07,10:13,,False,4,True
COMM-0001832,VD-000179,VD-000138,Telefonat,2023-03-02,01:42,1003.0,False,7,False
COMM-0001833,VD-000378,VD-000037,Telegram,2025-02-03,09:46,1621.0,True,3,True
COMM-0001834,VD-000410,VD-000617,Signal,2024-01-31,15:45,3432.0,True,3,True
COMM-0001835,VD-000650,VD-000023,E-Mail,2024-01-16,16:54,,True,4,True
COMM-0001836,VD-000281,VD-000721,Telefonat,2025-04-07,02:46,,False,3,True
COMM-0001837,VD-000587,VD-000663,WhatsApp,2025-06-24,22:03,2218.0,True,6,False
COMM-0001838,VD-000033,VD-000480,Social Media,2024-12-25,13:06,1028.0,True,9,False
COMM-0001839,VD-000021,VD-000689,Telefonat,2025-01-09,03:43,1754.0,True,1,True
COMM-0001840,VD-000162,VD-000921,Brief,2025-08-06,17:58,,True,9,False
COMM-0001841,VD-000350,VD-000891,Telegram,2023-10-18,13:12,,False,5,False
COMM-0001842,VD-000189,VD-000873,Telegram,2025-02-11,06:48,,True,5,True
COMM-0001843,VD-000367,VD-000300,Signal,2024-11-18,18:23,2311.0,True,2,False
COMM-0001844,VD-000139,VD-000134,WhatsApp,2025-09-29,09:01,,False,10,False
COMM-0001845,VD-000195,VD-000436,WhatsApp,2025-07-27,20:53,2487.0,False,4,True
COMM-0001846,VD-000771,VD-000759,Persönlicher Kontakt,2024-07-07,12:35,1657.0,False,7,True
COMM-0001847,VD-000417,VD-000086,Brief,2024-03-19,07:26,2329.0,False,6,False
COMM-0001848,VD-000646,VD-000972,WhatsApp,2023-04-23,10:27,3517.0,False,5,True
COMM-0001849,VD-000143,VD-000596,WhatsApp,2023-06-08,00:18,,True,4,True
COMM-0001850,VD-000150,VD-000791,SMS,2023-07-09,11:23,155.0,True,8,True
COMM-0001851,VD-000334,VD-000846,Persönlicher Kontakt,2023-10-10,13:41,323.0,False,5,True
COMM-0001852,VD-000730,VD-000830,Social Media,2024-07-15,17:53,,False,1,False
COMM-0001853,VD-000560,VD-000010,Persönlicher Kontakt,2024-11-02,22:38,3114.0,False,4,False
COMM-0001854,VD-000617,VD-000876,Brief,2025-01-11,19:22,693.0,True,3,False
COMM-0001855,VD-000071,VD-000095,Telegram,2025-08-20,13:08,3419.0,False,8,True
COMM-0001856,VD-000560,VD-000690,Telefonat,2023-01-02,14:41,1228.0,True,6,False
COMM-0001857,VD-000560,VD-000081,Telefonat,2024-01-31,12:27,363.0,True,9,True
COMM-0001858,VD-000283,VD-000126,WhatsApp,2025-02-16,05:55,121.0,False,4,False
COMM-0001859,VD-000989,VD-000786,E-Mail,2025-07-23,02:09,2527.0,True,7,True
COMM-0001860,VD-000856,VD-000904,Social Media,2024-04-24,19:42,3500.0,True,6,True
COMM-0001861,VD-000347,VD-000137,Signal,2023-07-26,23:56,3519.0,False,2,True
COMM-0001862,VD-000908,VD-000804,SMS,2023-11-05,10:12,2570.0,False,2,True
COMM-0001863,VD-000540,VD-000469,Signal,2025-07-08,17:08,1836.0,True,6,False
COMM-0001864,VD-000210,VD-000178,Persönlicher Kontakt,2024-01-02,03:02,,False,1,True
COMM-0001865,VD-000708,VD-000908,Telegram,2023-09-06,09:47,,True,1,True
COMM-0001866,VD-000046,VD-000834,Telefonat,2023-06-28,00:55,2572.0,False,1,False
COMM-0001867,VD-000786,VD-000491,E-Mail,2023-09-03,22:38,,True,3,True
COMM-0001868,VD-000777,VD-000501,Telegram,2024-05-26,13:04,,True,8,True
COMM-0001869,VD-000210,VD-000075,Brief,2025-07-15,02:30,1919.0,False,3,True
COMM-0001870,VD-000619,VD-000888,Persönlicher Kontakt,2025-06-18,15:23,1571.0,False,4,False
COMM-0001871,VD-000242,VD-000753,Brief,2025-03-19,06:49,,False,5,False
COMM-0001872,VD-000782,VD-000754,Telegram,2023-10-17,00:04,282.0,False,10,True
COMM-0001873,VD-000978,VD-000571,Signal,2023-01-18,13:47,2612.0,False,2,False
COMM-0001874,VD-000379,VD-000816,WhatsApp,2025-01-28,10:59,,True,6,True
COMM-0001875,VD-000472,VD-000406,Persönlicher Kontakt,2023-05-03,15:38,2146.0,False,9,False
COMM-0001876,VD-000830,VD-000902,Brief,2023-09-30,10:47,3237.0,False,7,False
COMM-0001877,VD-000202,VD-000312,Telegram,2023-09-19,19:25,756.0,True,8,False
COMM-0001878,VD-000880,VD-000085,Social Media,2025-03-04,22:30,,False,1,True
COMM-0001879,VD-000594,VD-000077,WhatsApp,2023-05-05,09:50,,False,3,False
COMM-0001880,VD-000317,VD-000217,SMS,2025-05-09,04:07,2237.0,False,2,True
COMM-0001881,VD-000759,VD-000673,Persönlicher Kontakt,2023-06-28,08:49,,True,1,True
COMM-0001882,VD-000689,VD-000690,Social Media,2025-07-02,12:50,658.0,True,10,False
COMM-0001883,VD-000959,VD-000541,SMS,2025-07-13,23:51,417.0,True,4,False
COMM-0001884,VD-000914,VD-000064,Telegram,2024-05-23,16:16,2437.0,False,4,False
COMM-0001885,VD-000876,VD-000962,Persönlicher Kontakt,2023-09-12,09:31,2966.0,True,10,False
COMM-0001886,VD-000146,VD-000720,E-Mail,2024-08-06,07:56,688.0,True,4,True
COMM-0001887,VD-000192,VD-000818,WhatsApp,2023-05-08,18:10,2341.0,True,5,False
COMM-0001888,VD-000241,VD-000936,WhatsApp,2025-08-07,02:02,62.0,False,3,True
COMM-0001889,VD-000597,VD-000670,Telegram,2025-01-11,17:02,1791.0,True,10,False
COMM-0001890,VD-000247,VD-000587,WhatsApp,2025-02-14,20:52,1691.0,False,2,False
COMM-0001891,VD-000263,VD-000851,Social Media,2023-03-13,20:25,474.0,True,10,True
COMM-0001892,VD-000338,VD-000962,Social Media,2025-05-27,05:34,,True,4,False
COMM-0001893,VD-000645,VD-000408,SMS,2023-09-08,06:25,1427.0,False,1,False
COMM-0001894,VD-000713,VD-000562,E-Mail,2024-08-16,22:50,2517.0,False,8,True
COMM-0001895,VD-000010,VD-000108,Persönlicher Kontakt,2024-12-01,18:14,3509.0,True,4,False
COMM-0001896,VD-000330,VD-000579,Telefonat,2023-07-27,14:11,1743.0,False,2,False
COMM-0001897,VD-000687,VD-000860,Signal,2023-10-07,12:09,1785.0,False,8,True
COMM-0001898,VD-000378,VD-000472,Telegram,2025-03-01,11:51,99.0,True,9,True
COMM-0001899,VD-000048,VD-000748,E-Mail,2024-07-21,21:46,,True,10,True
COMM-0001900,VD-000743,VD-000477,Telefonat,2024-01-26,04:57,1612.0,True,10,True
COMM-0001901,VD-000499,VD-000174,Persönlicher Kontakt,2025-01-18,10:10,2629.0,True,4,False
COMM-0001902,VD-000700,VD-000714,E-Mail,2024-12-06,23:16,,False,4,False
COMM-0001903,VD-000990,VD-000661,Social Media,2025-05-25,20:16,167.0,False,6,False
COMM-0001904,VD-000345,VD-000850,Social Media,2023-06-06,08:49,,True,5,True
COMM-0001905,VD-000816,VD-000543,E-Mail,2025-10-29,09:13,3272.0,False,6,True
COMM-0001906,VD-000881,VD-000399,Persönlicher Kontakt,2023-03-31,05:10,361.0,True,2,True
COMM-0001907,VD-000930,VD-000050,Brief,2023-12-06,09:15,3213.0,True,1,False
COMM-0001908,VD-000629,VD-000722,Telefonat,2025-06-06,03:49,1644.0,False,6,False
COMM-0001909,VD-000122,VD-000097,E-Mail,2024-08-18,10:04,3217.0,False,2,False
COMM-0001910,VD-000031,VD-000674,E-Mail,2025-02-06,04:30,926.0,True,2,False
COMM-0001911,VD-000150,VD-000255,Signal,2024-11-30,23:45,2918.0,True,10,True
COMM-0001912,VD-000057,VD-000595,Telefonat,2023-12-15,07:10,264.0,True,8,True
COMM-0001913,VD-000137,VD-000105,Social Media,2023-08-09,14:35,2922.0,False,5,True
COMM-0001914,VD-000002,VD-000180,Telefonat,2025-09-06,18:57,1237.0,False,6,False
COMM-0001915,VD-000715,VD-000435,WhatsApp,2024-06-02,19:36,3137.0,False,4,True
COMM-0001916,VD-000689,VD-000436,Social Media,2023-08-20,04:01,2149.0,False,3,False
COMM-0001917,VD-000255,VD-000138,Telefonat,2024-11-11,12:41,,True,5,True
COMM-0001918,VD-000722,VD-000469,SMS,2023-12-03,06:14,2720.0,False,6,True
COMM-0001919,VD-000121,VD-000922,Telegram,2023-11-29,11:15,,False,10,False
COMM-0001920,VD-000629,VD-000483,Social Media,2024-08-31,20:27,2622.0,False,5,True
COMM-0001921,VD-000219,VD-000190,Persönlicher Kontakt,2023-08-04,02:18,237.0,True,6,False
COMM-0001922,VD-000539,VD-000956,WhatsApp,2023-01-07,09:57,614.0,True,10,False
COMM-0001923,VD-000048,VD-000622,Signal,2025-08-25,05:27,,True,8,False
COMM-0001924,VD-000142,VD-000331,Social Media,2023-12-29,10:13,998.0,False,1,True
COMM-0001925,VD-000698,VD-000927,Signal,2024-03-17,10:30,2592.0,False,5,False
COMM-0001926,VD-000926,VD-000335,E-Mail,2025-04-23,16:25,2812.0,False,4,True
COMM-0001927,VD-000491,VD-000828,Persönlicher Kontakt,2024-07-14,02:58,,True,5,True
COMM-0001928,VD-000225,VD-000244,Signal,2025-11-12,00:26,1975.0,False,5,False
COMM-0001929,VD-000853,VD-000574,Brief,2025-05-18,03:28,,True,10,False
COMM-0001930,VD-000163,VD-000628,Social Media,2024-10-08,00:28,,False,6,True
COMM-0001931,VD-000066,VD-000449,Telefonat,2024-01-06,18:07,,False,9,False
COMM-0001932,VD-000618,VD-000854,Persönlicher Kontakt,2024-08-14,09:46,1343.0,False,10,True
COMM-0001933,VD-000690,VD-000320,Brief,2023-06-03,11:34,250.0,False,1,True
COMM-0001934,VD-000283,VD-000655,WhatsApp,2025-03-22,12:39,537.0,False,9,False
COMM-0001935,VD-000898,VD-000777,E-Mail,2024-11-04,11:04,490.0,True,10,False
COMM-0001936,VD-000029,VD-000091,Brief,2024-08-01,19:45,2333.0,True,5,True
COMM-0001937,VD-000046,VD-000175,Telegram,2025-09-09,02:02,2085.0,True,6,False
COMM-0001938,VD-000208,VD-000061,Telefonat,2024-05-11,07:54,1086.0,True,8,True
COMM-0001939,VD-000904,VD-000079,Telegram,2025-09-07,15:29,2538.0,False,1,True
COMM-0001940,VD-000077,VD-000365,Social Media,2023-04-12,03:49,,False,1,False
COMM-0001941,VD-000981,VD-000985,WhatsApp,2025-07-02,04:01,3497.0,True,5,True
COMM-0001942,VD-000651,VD-000802,WhatsApp,2025-05-24,12:15,1641.0,True,9,False
COMM-0001943,VD-000447,VD-000767,Telefonat,2025-07-31,12:38,990.0,False,2,True
COMM-0001944,VD-000561,VD-000226,Signal,2023-07-30,23:49,2221.0,False,2,True
COMM-0001945,VD-000226,VD-000125,Telefonat,2025-06-19,13:47,,True,6,True
COMM-0001946,VD-000726,VD-000789,Telegram,2023-01-15,18:58,3365.0,False,4,False
COMM-0001947,VD-000043,VD-000683,E-Mail,2025-09-11,15:03,,True,2,True
COMM-0001948,VD-000677,VD-000769,Signal,2023-02-26,17:01,3338.0,True,7,True
COMM-0001949,VD-000417,VD-000771,Signal,2025-05-26,13:53,3546.0,False,3,False
COMM-0001950,VD-000207,VD-000546,Social Media,2023-01-26,23:23,930.0,False,8,True
COMM-0001951,VD-000399,VD-000327,WhatsApp,2025-07-22,08:30,,True,6,True
COMM-0001952,VD-000774,VD-000865,Telegram,2023-08-05,20:04,2165.0,True,5,False
COMM-0001953,VD-000527,VD-000554,WhatsApp,2023-08-06,00:56,,True,1,True
COMM-0001954,VD-000800,VD-000788,E-Mail,2023-06-10,14:16,2717.0,False,5,True
COMM-0001955,VD-000648,VD-000745,Persönlicher Kontakt,2024-10-30,14:02,770.0,True,6,False
COMM-0001956,VD-000402,VD-000860,Telegram,2024-05-30,15:38,1920.0,False,2,False
COMM-0001957,VD-000647,VD-000300,WhatsApp,2025-09-07,16:57,534.0,False,1,True
COMM-0001958,VD-000287,VD-000781,Signal,2025-10-23,02:34,348.0,False,4,True
COMM-0001959,VD-000272,VD-000251,Social Media,2024-01-01,21:59,,True,5,True
COMM-0001960,VD-000044,VD-000616,Signal,2023-01-08,14:33,,False,2,False
COMM-0001961,VD-000326,VD-000712,WhatsApp,2025-04-10,01:42,2156.0,True,8,True
COMM-0001962,VD-000345,VD-000358,Telefonat,2023-07-03,06:37,2883.0,True,2,True
COMM-0001963,VD-000569,VD-000151,SMS,2025-04-18,17:58,1050.0,True,7,False
COMM-0001964,VD-000743,VD-000173,Telefonat,2023-11-13,14:15,2706.0,False,7,True
COMM-0001965,VD-000135,VD-000703,E-Mail,2023-03-19,18:16,3435.0,False,2,True
COMM-0001966,VD-000969,VD-000614,Social Media,2023-05-26,18:17,2718.0,False,8,True
COMM-0001967,VD-000068,VD-000723,Brief,2025-08-21,07:51,,True,2,False
COMM-0001968,VD-000739,VD-000031,SMS,2025-04-07,06:47,1055.0,False,7,False
COMM-0001969,VD-000286,VD-000359,Brief,2025-11-09,12:10,,True,6,True
COMM-0001970,VD-000444,VD-000550,SMS,2023-03-04,00:59,1724.0,False,2,True
COMM-0001971,VD-000790,VD-000250,Telegram,2025-06-24,07:20,3507.0,True,2,True
COMM-0001972,VD-000767,VD-000983,WhatsApp,2023-09-14,09:28,214.0,False,8,True
COMM-0001973,VD-000817,VD-000168,WhatsApp,2023-04-13,16:34,406.0,True,10,True
COMM-0001974,VD-000137,VD-000579,Social Media,2025-07-01,03:35,1032.0,True,3,True
COMM-0001975,VD-000538,VD-000952,SMS,2023-04-13,23:17,193.0,True,1,False
COMM-0001976,VD-000559,VD-000178,Brief,2024-07-11,04:42,,False,7,True
COMM-0001977,VD-000408,VD-000180,Brief,2024-08-21,15:05,,True,6,False
COMM-0001978,VD-000698,VD-000867,WhatsApp,2025-03-02,07:03,1940.0,True,2,True
COMM-0001979,VD-000444,VD-000583,Persönlicher Kontakt,2024-12-01,12:06,1611.0,False,7,True
COMM-0001980,VD-000981,VD-000169,Persönlicher Kontakt,2024-06-11,13:41,2643.0,True,6,True
COMM-0001981,VD-000762,VD-000582,E-Mail,2024-01-21,23:00,,True,1,True
COMM-0001982,VD-000815,VD-000117,Signal,2025-04-08,15:19,,False,3,True
COMM-0001983,VD-000523,VD-000316,Persönlicher Kontakt,2023-09-10,22:43,,True,1,True
COMM-0001984,VD-000897,VD-000503,E-Mail,2023-04-14,05:42,483.0,True,7,False
COMM-0001985,VD-000563,VD-000696,Social Media,2025-09-23,07:14,940.0,True,1,True
COMM-0001986,VD-000216,VD-000340,WhatsApp,2025-01-03,19:56,3082.0,False,1,True
COMM-0001987,VD-000916,VD-000546,Persönlicher Kontakt,2025-08-14,10:43,1715.0,True,8,False
COMM-0001988,VD-000429,VD-000549,Social Media,2023-06-01,02:40,,False,7,False
COMM-0001989,VD-000636,VD-000779,Social Media,2023-07-02,10:23,2175.0,True,2,False
COMM-0001990,VD-000962,VD-000653,Telefonat,2024-12-02,20:58,,False,7,True
COMM-0001991,VD-000573,VD-000829,Social Media,2024-06-12,00:42,,True,10,False
COMM-0001992,VD-000297,VD-000609,WhatsApp,2024-02-20,16:47,337.0,True,5,False
COMM-0001993,VD-000579,VD-000120,Signal,2024-05-10,21:49,2663.0,False,8,False
COMM-0001994,VD-000363,VD-000635,Telegram,2024-04-23,13:19,1468.0,True,7,True
COMM-0001995,VD-000885,VD-000774,WhatsApp,2023-09-04,06:48,2752.0,False,10,False
COMM-0001996,VD-000148,VD-000012,Telegram,2023-01-15,03:20,2157.0,True,1,True
COMM-0001997,VD-000714,VD-000804,Persönlicher Kontakt,2023-07-17,09:51,931.0,True,3,True
COMM-0001998,VD-000547,VD-000255,WhatsApp,2023-11-03,23:05,2901.0,True,7,True
COMM-0001999,VD-000991,VD-000120,E-Mail,2024-10-05,20:17,2508.0,True,10,True
COMM-0002000,VD-000536,VD-000921,Telefonat,2023-05-20,01:42,,True,4,True
COMM-0002001,VD-000993,VD-000196,SMS,2025-02-02,03:09,2962.0,True,5,False
COMM-0002002,VD-000906,VD-000794,Brief,2023-12-13,23:00,,True,9,False
COMM-0002003,VD-000197,VD-000881,E-Mail,2023-05-31,11:42,3384.0,False,4,True
COMM-0002004,VD-000265,VD-000414,Signal,2024-03-26,16:20,3074.0,True,3,False
COMM-0002005,VD-000752,VD-000446,Telefonat,2024-04-22,09:06,,True,4,False
COMM-0002006,VD-000043,VD-000576,Persönlicher Kontakt,2024-06-01,01:51,208.0,False,6,True
COMM-0002007,VD-000967,VD-000397,Persönlicher Kontakt,2023-10-11,08:38,2284.0,False,5,True
COMM-0002008,VD-000743,VD-000394,SMS,2025-09-15,01:37,1498.0,False,5,False
COMM-0002009,VD-000546,VD-000828,Brief,2023-11-18,18:43,454.0,False,9,True
COMM-0002010,VD-000306,VD-000804,SMS,2024-03-02,11:31,423.0,True,10,True
COMM-0002011,VD-000434,VD-000570,Telegram,2023-12-25,15:44,,False,2,True
COMM-0002012,VD-000042,VD-000463,Social Media,2023-03-20,11:04,739.0,True,9,True
COMM-0002013,VD-000873,VD-000245,Persönlicher Kontakt,2024-07-04,18:10,3327.0,True,8,False
COMM-0002014,VD-000264,VD-000223,SMS,2024-02-08,15:23,,True,4,False
COMM-0002015,VD-000427,VD-000713,Telefonat,2023-11-11,05:58,2072.0,False,10,False
COMM-0002016,VD-000935,VD-000245,Signal,2025-04-12,15:12,3185.0,False,3,True
COMM-0002017,VD-000801,VD-000996,SMS,2024-01-12,12:33,703.0,False,2,False
COMM-0002018,VD-000256,VD-000218,E-Mail,2024-11-05,17:50,1153.0,True,10,True
COMM-0002019,VD-000147,VD-000807,WhatsApp,2024-06-10,11:52,,True,4,False
COMM-0002020,VD-000911,VD-000879,Persönlicher Kontakt,2024-10-29,08:05,519.0,False,3,True
COMM-0002021,VD-000947,VD-000609,E-Mail,2023-01-11,14:02,2612.0,False,9,True
COMM-0002022,VD-000797,VD-000700,Telefonat,2023-03-30,17:50,2481.0,True,5,True
COMM-0002023,VD-000904,VD-000884,Persönlicher Kontakt,2023-04-08,06:46,2350.0,False,8,False
COMM-0002024,VD-000613,VD-000883,E-Mail,2024-04-03,20:14,3385.0,True,6,True
COMM-0002025,VD-000172,VD-000425,Social Media,2023-09-11,21:13,,True,8,False
COMM-0002026,VD-000046,VD-000089,Brief,2024-04-13,02:51,2340.0,True,1,False
COMM-0002027,VD-000066,VD-000760,Brief,2024-10-21,23:53,3435.0,True,10,False
COMM-0002028,VD-000891,VD-000923,SMS,2024-09-06,13:18,728.0,False,4,True
COMM-0002029,VD-000959,VD-000353,WhatsApp,2024-12-01,03:39,,True,7,True
COMM-0002030,VD-000107,VD-000567,SMS,2023-10-27,23:11,1501.0,False,9,False
COMM-0002031,VD-000037,VD-000700,SMS,2023-01-12,13:28,3362.0,False,4,False
COMM-0002032,VD-000649,VD-000775,E-Mail,2025-03-31,07:48,2226.0,True,3,False
COMM-0002033,VD-000556,VD-000273,Telefonat,2025-10-12,03:25,2301.0,False,3,False
COMM-0002034,VD-000551,VD-000365,Persönlicher Kontakt,2024-09-26,02:14,667.0,False,3,False
COMM-0002035,VD-000303,VD-000929,Telegram,2024-01-24,17:29,547.0,True,10,True
COMM-0002036,VD-000086,VD-000693,E-Mail,2023-06-03,03:31,1386.0,True,2,True
COMM-0002037,VD-000680,VD-000012,E-Mail,2025-04-08,10:13,,False,9,False
COMM-0002038,VD-000359,VD-000600,SMS,2023-02-02,08:31,2440.0,True,7,False
COMM-0002039,VD-000387,VD-000284,Social Media,2023-04-24,04:59,,False,10,False
COMM-0002040,VD-000983,VD-000885,WhatsApp,2023-07-13,11:31,1681.0,True,9,True
COMM-0002041,VD-000592,VD-000294,SMS,2023-11-26,02:05,3317.0,False,9,False
COMM-0002042,VD-000960,VD-000656,Social Media,2025-02-23,23:38,116.0,False,10,False
COMM-0002043,VD-000443,VD-000523,Telefonat,2023-06-06,09:01,2894.0,True,3,False
COMM-0002044,VD-000173,VD-000548,Persönlicher Kontakt,2025-07-13,13:15,3190.0,False,6,True
COMM-0002045,VD-000010,VD-000841,Telegram,2023-03-06,15:02,,True,10,False
COMM-0002046,VD-000390,VD-000310,Telegram,2023-08-06,08:12,,False,9,False
COMM-0002047,VD-000309,VD-000442,Brief,2024-01-17,23:03,2263.0,False,6,True
COMM-0002048,VD-000243,VD-000500,WhatsApp,2024-07-16,15:04,1352.0,False,10,True
COMM-0002049,VD-000012,VD-000725,Telegram,2023-07-21,15:40,,False,4,True
COMM-0002050,VD-000916,VD-000132,Telegram,2025-11-11,22:26,3396.0,False,1,True
COMM-0002051,VD-000516,VD-000575,SMS,2025-07-25,07:58,1474.0,False,4,True
COMM-0002052,VD-000547,VD-000873,SMS,2023-06-12,04:26,,False,1,False
COMM-0002053,VD-000419,VD-000502,Signal,2024-11-03,20:40,2338.0,True,3,True
COMM-0002054,VD-000231,VD-000892,Signal,2023-08-03,16:13,,True,10,True
COMM-0002055,VD-000802,VD-000697,Persönlicher Kontakt,2025-02-21,03:37,3535.0,True,6,False
COMM-0002056,VD-000959,VD-000538,Brief,2025-02-06,04:32,,False,3,True
COMM-0002057,VD-000971,VD-000435,Brief,2025-06-20,18:10,2364.0,True,6,False
COMM-0002058,VD-000931,VD-000217,WhatsApp,2023-05-29,03:28,1167.0,False,3,True
COMM-0002059,VD-000701,VD-000418,WhatsApp,2024-05-09,13:36,1413.0,True,8,True
COMM-0002060,VD-000318,VD-000279,SMS,2023-05-17,04:01,,False,7,True
COMM-0002061,VD-000186,VD-000263,Persönlicher Kontakt,2024-11-06,20:41,2976.0,True,2,False
COMM-0002062,VD-000214,VD-000944,Social Media,2023-02-10,00:33,1836.0,True,7,False
COMM-0002063,VD-000087,VD-000974,WhatsApp,2023-07-23,06:10,1098.0,False,10,False
COMM-0002064,VD-000041,VD-000123,Telegram,2025-01-30,16:11,3094.0,True,9,True
COMM-0002065,VD-000627,VD-000036,SMS,2025-06-21,08:54,,False,4,False
COMM-0002066,VD-000276,VD-000014,Telefonat,2025-07-14,20:06,649.0,False,4,True
COMM-0002067,VD-000027,VD-000772,SMS,2023-04-10,19:49,682.0,True,10,True
COMM-0002068,VD-000038,VD-000041,Signal,2023-09-23,10:01,1627.0,True,9,False
COMM-0002069,VD-000780,VD-000627,Telegram,2025-01-23,12:11,891.0,True,3,True
COMM-0002070,VD-000814,VD-000541,E-Mail,2025-06-09,17:00,2313.0,True,7,True
COMM-0002071,VD-000484,VD-000246,Telefonat,2023-07-15,00:10,3351.0,True,5,False
COMM-0002072,VD-000751,VD-000343,WhatsApp,2023-09-20,17:17,,False,7,False
COMM-0002073,VD-000767,VD-000059,Telegram,2023-10-29,03:00,1652.0,True,4,True
COMM-0002074,VD-000651,VD-000918,Brief,2023-03-08,12:46,190.0,True,9,False
COMM-0002075,VD-000734,VD-000246,WhatsApp,2023-12-18,22:36,437.0,False,9,True
COMM-0002076,VD-000268,VD-000994,WhatsApp,2023-05-13,02:11,629.0,True,9,True
COMM-0002077,VD-000797,VD-000407,Telegram,2023-09-23,22:08,620.0,False,3,False
COMM-0002078,VD-000675,VD-000800,Social Media,2024-07-20,12:12,2098.0,False,8,True
COMM-0002079,VD-000386,VD-000338,SMS,2024-10-07,01:48,496.0,True,4,False
COMM-0002080,VD-000482,VD-000706,E-Mail,2025-05-29,02:21,,True,10,True
COMM-0002081,VD-000869,VD-000366,E-Mail,2024-04-26,15:54,342.0,False,2,True
COMM-0002082,VD-000933,VD-000897,Persönlicher Kontakt,2025-07-30,15:08,1834.0,True,5,True
COMM-0002083,VD-000898,VD-000330,Persönlicher Kontakt,2024-01-10,04:48,,False,9,True
COMM-0002084,VD-000365,VD-000799,Brief,2024-02-20,05:51,2714.0,True,8,True
COMM-0002085,VD-000520,VD-000155,Signal,2023-03-31,03:58,,True,10,False
COMM-0002086,VD-000813,VD-000436,WhatsApp,2024-01-19,20:14,3202.0,True,9,False
COMM-0002087,VD-000473,VD-000457,WhatsApp,2025-09-20,07:41,859.0,False,3,False
COMM-0002088,VD-000551,VD-000612,Persönlicher Kontakt,2023-11-03,13:47,,False,8,False
COMM-0002089,VD-000160,VD-000355,Signal,2024-03-23,14:13,1189.0,True,8,True
COMM-0002090,VD-000341,VD-000191,Social Media,2025-02-09,19:57,2228.0,False,6,True
COMM-0002091,VD-000783,VD-000598,E-Mail,2025-01-06,21:02,842.0,True,8,True
COMM-0002092,VD-000664,VD-000956,Brief,2025-03-03,19:52,,False,3,False
COMM-0002093,VD-000829,VD-000498,Social Media,2024-10-06,15:12,622.0,True,7,True
COMM-0002094,VD-000218,VD-000031,Social Media,2023-12-31,17:42,,True,6,False
COMM-0002095,VD-000090,VD-000271,E-Mail,2025-07-04,03:39,,False,5,False
COMM-0002096,VD-000409,VD-000060,Telegram,2025-03-25,22:23,1035.0,False,4,True
COMM-0002097,VD-000740,VD-000911,WhatsApp,2024-07-03,11:28,2099.0,False,8,True
COMM-0002098,VD-000709,VD-000781,Telegram,2025-02-01,03:23,16.0,False,5,True
COMM-0002099,VD-000313,VD-000360,WhatsApp,2024-03-26,01:19,2659.0,True,4,False
COMM-0002100,VD-000431,VD-000725,Signal,2025-06-11,14:49,1754.0,True,6,False
COMM-0002101,VD-000407,VD-000805,Signal,2023-12-16,17:21,1600.0,True,6,False
COMM-0002102,VD-000522,VD-000093,Telefonat,2023-04-02,17:20,3267.0,True,1,False
COMM-0002103,VD-000932,VD-000603,Social Media,2024-12-21,23:32,1136.0,True,10,False
COMM-0002104,VD-000458,VD-000685,Persönlicher Kontakt,2023-05-11,09:58,,True,10,True
COMM-0002105,VD-000418,VD-000332,Social Media,2025-08-20,04:16,1182.0,False,8,False
COMM-0002106,VD-000263,VD-000767,Social Media,2024-11-29,11:03,1911.0,True,5,False
COMM-0002107,VD-000857,VD-000945,Telegram,2025-06-09,21:37,1217.0,False,10,True
COMM-0002108,VD-000561,VD-000664,Signal,2024-06-21,19:48,2759.0,True,1,False
COMM-0002109,VD-000983,VD-000353,WhatsApp,2023-06-20,08:14,,False,7,False
COMM-0002110,VD-000687,VD-000180,Social Media,2023-08-01,23:46,3560.0,True,1,False
COMM-0002111,VD-000020,VD-000819,Social Media,2023-05-30,08:52,3600.0,True,5,True
COMM-0002112,VD-000580,VD-000289,Persönlicher Kontakt,2025-10-14,21:48,3409.0,True,6,False
COMM-0002113,VD-000170,VD-000625,Signal,2025-03-24,05:43,,True,6,True
COMM-0002114,VD-000354,VD-000088,WhatsApp,2023-01-14,05:31,,False,3,False
COMM-0002115,VD-000960,VD-000411,Persönlicher Kontakt,2024-09-10,04:10,,False,2,False
COMM-0002116,VD-000340,VD-000049,Brief,2023-11-26,02:12,,False,10,False
COMM-0002117,VD-000132,VD-000892,WhatsApp,2024-10-12,11:48,1582.0,False,10,True
COMM-0002118,VD-000314,VD-000617,SMS,2023-06-16,23:29,,False,6,False
COMM-0002119,VD-000039,VD-000633,WhatsApp,2024-07-28,12:56,24.0,True,5,True
COMM-0002120,VD-000077,VD-000090,Brief,2023-03-09,21:02,,False,3,True
COMM-0002121,VD-000314,VD-000047,Persönlicher Kontakt,2025-02-16,23:52,,False,4,False
COMM-0002122,VD-000941,VD-000382,Brief,2023-01-21,09:30,3151.0,False,7,False
COMM-0002123,VD-000254,VD-000088,Telefonat,2023-04-13,01:44,471.0,True,3,False
COMM-0002124,VD-000446,VD-000785,SMS,2025-07-23,06:32,1873.0,True,10,True
COMM-0002125,VD-000697,VD-000995,Signal,2024-02-15,17:57,1486.0,True,3,False
COMM-0002126,VD-000734,VD-000344,Telefonat,2024-11-01,10:27,,True,1,False
COMM-0002127,VD-000536,VD-000452,WhatsApp,2025-06-23,17:18,,True,8,True
COMM-0002128,VD-000151,VD-000608,Telegram,2024-09-18,12:49,,True,2,False
COMM-0002129,VD-000868,VD-000237,WhatsApp,2023-08-22,17:25,,True,9,False
COMM-0002130,VD-000140,VD-000766,Signal,2025-10-27,18:09,591.0,True,3,True
COMM-0002131,VD-000440,VD-000754,SMS,2023-05-13,21:34,,True,4,True
COMM-0002132,VD-000673,VD-000117,Telegram,2024-06-11,12:53,,True,8,False
COMM-0002133,VD-000536,VD-000776,SMS,2023-08-11,10:45,1997.0,False,1,False
COMM-0002134,VD-000112,VD-000634,Telefonat,2023-06-26,10:00,905.0,True,3,False
COMM-0002135,VD-000141,VD-000741,WhatsApp,2023-12-12,18:58,2249.0,False,3,True
COMM-0002136,VD-000254,VD-000772,SMS,2025-04-19,23:56,2110.0,False,9,True
COMM-0002137,VD-000719,VD-000536,Social Media,2025-11-04,04:41,,True,1,False
COMM-0002138,VD-000161,VD-000241,Social Media,2023-10-26,18:10,308.0,True,6,False
COMM-0002139,VD-000471,VD-000260,Brief,2024-02-03,12:53,,False,2,False
COMM-0002140,VD-000766,VD-000656,Brief,2023-04-01,22:03,2216.0,False,4,False
COMM-0002141,VD-000099,VD-000392,SMS,2023-05-19,15:16,,False,3,False
COMM-0002142,VD-000853,VD-000019,Social Media,2023-01-11,15:32,,True,3,False
COMM-0002143,VD-000699,VD-000962,Brief,2023-01-15,03:26,,True,5,False
COMM-0002144,VD-000319,VD-000547,Telefonat,2024-11-23,00:54,616.0,True,5,False
COMM-0002145,VD-000169,VD-000418,Telefonat,2025-10-14,17:35,326.0,False,1,False
COMM-0002146,VD-000185,VD-000214,Social Media,2023-10-01,19:28,,False,3,True
COMM-0002147,VD-000768,VD-000119,Telegram,2023-08-06,19:03,196.0,True,9,False
COMM-0002148,VD-000062,VD-000825,SMS,2023-07-01,05:40,2671.0,False,7,True
COMM-0002149,VD-000570,VD-000170,Social Media,2023-08-27,22:44,,True,1,True
COMM-0002150,VD-000587,VD-000211,Social Media,2023-07-21,20:41,,True,6,False
COMM-0002151,VD-000118,VD-000188,WhatsApp,2024-09-30,02:21,2708.0,False,8,True
COMM-0002152,VD-000232,VD-000240,Telefonat,2025-09-24,02:56,2543.0,True,9,False
COMM-0002153,VD-000629,VD-000073,WhatsApp,2023-10-12,03:46,,True,7,True
COMM-0002154,VD-000648,VD-000614,Social Media,2023-02-18,09:47,,False,4,True
COMM-0002155,VD-000412,VD-000789,Telegram,2024-05-17,21:20,3101.0,False,7,True
COMM-0002156,VD-000268,VD-000839,Telefonat,2024-07-16,14:32,2205.0,False,2,True
COMM-0002157,VD-000972,VD-000579,E-Mail,2023-09-02,18:12,,True,7,True
COMM-0002158,VD-000194,VD-000348,Telegram,2023-03-25,21:00,2824.0,True,3,True
COMM-0002159,VD-000100,VD-000828,Persönlicher Kontakt,2025-06-08,12:02,,True,10,False
COMM-0002160,VD-000788,VD-000716,Signal,2023-01-30,21:33,387.0,False,7,False
COMM-0002161,VD-000666,VD-000104,E-Mail,2024-02-13,06:18,,False,8,False
COMM-0002162,VD-000840,VD-000115,Telegram,2023-01-14,21:54,2640.0,False,2,False
COMM-0002163,VD-000040,VD-000855,Brief,2024-03-28,15:44,,True,3,True
COMM-0002164,VD-000450,VD-000370,Telefonat,2023-12-09,18:48,3353.0,True,5,False
COMM-0002165,VD-000512,VD-000657,WhatsApp,2025-11-01,15:11,1885.0,False,1,True
COMM-0002166,VD-000373,VD-000633,Telefonat,2024-10-27,01:43,3121.0,False,7,True
COMM-0002167,VD-000033,VD-000753,Social Media,2024-04-11,03:54,2013.0,True,1,True
COMM-0002168,VD-000277,VD-000592,E-Mail,2025-03-05,21:58,409.0,False,8,True
COMM-0002169,VD-000589,VD-000123,WhatsApp,2025-05-07,12:03,2599.0,True,10,True
COMM-0002170,VD-000619,VD-000189,WhatsApp,2024-07-04,00:25,1196.0,False,8,True
COMM-0002171,VD-000066,VD-000400,Brief,2024-02-14,02:40,2214.0,False,7,False
COMM-0002172,VD-000837,VD-000921,WhatsApp,2023-08-24,07:47,3215.0,False,3,True
COMM-0002173,VD-000752,VD-000490,Social Media,2024-02-06,23:39,777.0,False,5,True
COMM-0002174,VD-000685,VD-000259,Signal,2025-01-22,23:11,555.0,False,2,False
COMM-0002175,VD-000397,VD-000800,Persönlicher Kontakt,2023-06-06,07:32,3224.0,True,10,False
COMM-0002176,VD-000496,VD-000706,Telegram,2023-06-25,10:40,,False,9,True
COMM-0002177,VD-000151,VD-000763,Persönlicher Kontakt,2024-04-26,14:41,866.0,False,5,True
COMM-0002178,VD-000555,VD-000213,Brief,2025-05-11,17:53,2426.0,True,7,False
COMM-0002179,VD-000899,VD-000617,Signal,2024-08-11,05:31,1998.0,True,4,True
COMM-0002180,VD-000703,VD-000208,SMS,2023-03-04,07:58,,True,4,True
COMM-0002181,VD-000254,VD-000741,WhatsApp,2025-07-15,12:05,3276.0,True,5,True
COMM-0002182,VD-000441,VD-000947,SMS,2023-08-31,22:30,790.0,True,3,False
COMM-0002183,VD-000055,VD-000104,SMS,2024-10-19,17:49,1521.0,True,9,False
COMM-0002184,VD-000990,VD-000400,WhatsApp,2025-09-26,16:08,3350.0,True,8,False
COMM-0002185,VD-000001,VD-000101,WhatsApp,2025-05-21,05:56,2206.0,False,4,True
COMM-0002186,VD-000642,VD-000282,Telefonat,2023-06-11,13:50,,False,8,True
COMM-0002187,VD-000951,VD-000929,WhatsApp,2023-12-24,13:30,,True,7,True
COMM-0002188,VD-000344,VD-000118,Signal,2023-02-08,02:46,1079.0,True,8,True
COMM-0002189,VD-000361,VD-000341,SMS,2023-12-14,09:24,3465.0,True,7,True
COMM-0002190,VD-000684,VD-000789,WhatsApp,2024-11-15,06:46,2544.0,False,2,True
COMM-0002191,VD-000101,VD-000467,E-Mail,2024-04-13,10:12,,False,2,True
COMM-0002192,VD-000947,VD-000715,E-Mail,2023-11-05,20:13,,False,9,False
COMM-0002193,VD-000020,VD-000064,Persönlicher Kontakt,2025-06-13,01:54,,True,9,False
COMM-0002194,VD-000526,VD-000428,Telegram,2024-04-04,18:40,2378.0,True,8,True
COMM-0002195,VD-000135,VD-000661,Social Media,2024-06-24,21:38,2264.0,True,9,False
COMM-0002196,VD-000847,VD-000054,SMS,2025-03-09,21:34,1106.0,False,3,True
COMM-0002197,VD-000583,VD-000141,Signal,2025-03-21,12:23,,True,10,True
COMM-0002198,VD-000381,VD-000715,Persönlicher Kontakt,2023-01-02,15:43,1067.0,False,3,False
COMM-0002199,VD-000560,VD-000733,Telefonat,2025-10-17,08:16,,True,10,False
COMM-0002200,VD-000576,VD-000574,Telegram,2025-03-25,16:50,,True,4,True
COMM-0002201,VD-000474,VD-000714,SMS,2023-05-15,16:46,,False,2,False
COMM-0002202,VD-000913,VD-000854,Signal,2024-06-19,08:25,3240.0,True,4,True
COMM-0002203,VD-000028,VD-000217,Brief,2025-03-24,20:44,,True,1,True
COMM-0002204,VD-000673,VD-000128,SMS,2025-01-30,22:28,1313.0,True,8,False
COMM-0002205,VD-000819,VD-000919,SMS,2025-09-04,05:19,3307.0,True,1,False
COMM-0002206,VD-000349,VD-000314,Signal,2024-10-15,19:23,,True,9,True
COMM-0002207,VD-000673,VD-000687,Brief,2023-04-01,11:17,2212.0,False,1,True
COMM-0002208,VD-000562,VD-000223,E-Mail,2025-10-12,02:36,88.0,True,10,True
COMM-0002209,VD-000230,VD-000521,Telefonat,2025-06-21,07:15,2718.0,True,8,True
COMM-0002210,VD-000188,VD-000501,Telefonat,2024-02-13,06:44,694.0,True,6,True
COMM-0002211,VD-000305,VD-000621,SMS,2023-04-03,01:01,2474.0,True,5,False
COMM-0002212,VD-000950,VD-000705,E-Mail,2025-11-09,06:01,2258.0,False,1,False
COMM-0002213,VD-000928,VD-000763,E-Mail,2024-09-03,14:30,,False,8,True
COMM-0002214,VD-000297,VD-000938,SMS,2023-06-05,05:48,696.0,True,10,False
COMM-0002215,VD-000990,VD-000875,E-Mail,2025-08-08,17:24,2518.0,True,3,False
COMM-0002216,VD-000821,VD-000464,SMS,2025-03-24,23:41,2081.0,False,9,True
COMM-0002217,VD-000873,VD-000856,Social Media,2024-08-13,19:07,586.0,False,5,False
COMM-0002218,VD-000083,VD-000521,Social Media,2024-12-11,02:18,2842.0,True,4,True
COMM-0002219,VD-000789,VD-000562,E-Mail,2023-11-18,19:05,2574.0,True,8,True
COMM-0002220,VD-000460,VD-000199,Telefonat,2023-05-06,10:21,1243.0,True,4,True
COMM-0002221,VD-000104,VD-000278,Persönlicher Kontakt,2025-10-04,08:10,,True,10,False
COMM-0002222,VD-000144,VD-000881,Telegram,2024-09-10,11:32,2788.0,True,3,False
COMM-0002223,VD-000754,VD-000681,Brief,2023-04-25,07:16,,True,3,False
COMM-0002224,VD-000134,VD-000130,Telefonat,2023-11-16,07:39,,False,7,False
COMM-0002225,VD-000336,VD-000290,Telegram,2023-11-27,18:06,3381.0,True,3,True
COMM-0002226,VD-000383,VD-000764,SMS,2024-03-10,08:22,1628.0,True,5,False
COMM-0002227,VD-000765,VD-000471,Telegram,2024-10-27,00:39,3243.0,True,7,False
COMM-0002228,VD-000723,VD-000449,Brief,2024-01-18,11:40,985.0,False,7,True
COMM-0002229,VD-000453,VD-000767,E-Mail,2023-03-04,11:05,,True,5,False
COMM-0002230,VD-000367,VD-000422,Social Media,2024-06-14,12:01,2742.0,True,5,True
COMM-0002231,VD-000265,VD-000635,Social Media,2025-07-16,13:05,,True,8,True
COMM-0002232,VD-000267,VD-000814,Telefonat,2023-03-05,08:49,203.0,False,8,True
COMM-0002233,VD-000201,VD-000175,Telegram,2025-04-27,22:55,764.0,True,4,False
COMM-0002234,VD-000458,VD-000116,Telegram,2025-02-25,16:09,,False,6,False
COMM-0002235,VD-000184,VD-000817,Social Media,2025-05-14,22:20,2016.0,False,8,True
COMM-0002236,VD-000676,VD-000226,Telegram,2023-05-25,03:26,,False,2,False
COMM-0002237,VD-000941,VD-000662,Brief,2024-12-15,02:39,,True,9,False
COMM-0002238,VD-000206,VD-000560,E-Mail,2024-08-23,14:34,3424.0,False,9,True
COMM-0002239,VD-000936,VD-000483,Telegram,2023-05-26,17:10,2839.0,True,1,True
COMM-0002240,VD-000637,VD-000557,E-Mail,2024-08-28,00:09,,True,8,False
COMM-0002241,VD-000366,VD-000107,Social Media,2025-04-14,11:04,3368.0,True,5,True
COMM-0002242,VD-000336,VD-000266,WhatsApp,2025-01-08,18:43,304.0,False,1,False
COMM-0002243,VD-000930,VD-000542,Brief,2024-01-05,06:49,,False,7,True
COMM-0002244,VD-000147,VD-000290,WhatsApp,2023-05-18,21:47,,True,2,False
COMM-0002245,VD-000553,VD-000733,Social Media,2024-03-19,00:08,592.0,False,9,False
COMM-0002246,VD-000153,VD-000619,E-Mail,2023-09-14,07:42,,True,4,True
COMM-0002247,VD-000009,VD-000820,E-Mail,2023-06-16,13:41,1175.0,True,2,False
COMM-0002248,VD-000508,VD-000851,Persönlicher Kontakt,2025-02-19,03:24,1063.0,False,3,False
COMM-0002249,VD-000637,VD-000242,Social Media,2024-05-21,20:52,719.0,False,5,True
COMM-0002250,VD-000516,VD-000534,Brief,2023-03-20,21:53,1834.0,False,3,True
COMM-0002251,VD-000375,VD-000184,Signal,2025-08-18,12:46,1627.0,True,9,True
COMM-0002252,VD-000966,VD-000070,Telefonat,2024-01-31,13:11,907.0,True,10,False
COMM-0002253,VD-000168,VD-000169,Telefonat,2025-03-12,13:14,3130.0,False,1,True
COMM-0002254,VD-000412,VD-000240,Signal,2024-05-03,05:31,1961.0,False,5,True
COMM-0002255,VD-000281,VD-000795,WhatsApp,2025-06-10,18:03,280.0,True,3,False
COMM-0002256,VD-000974,VD-000729,WhatsApp,2024-11-23,23:47,,False,4,False
COMM-0002257,VD-000049,VD-000384,Telefonat,2023-09-02,17:51,,False,1,False
COMM-0002258,VD-000313,VD-000213,Signal,2024-09-22,02:02,2824.0,True,9,False
COMM-0002259,VD-000103,VD-000162,Telefonat,2025-01-22,13:22,,True,6,False
COMM-0002260,VD-000644,VD-000566,Social Media,2023-12-06,13:27,250.0,False,7,True
COMM-0002261,VD-000583,VD-000955,Social Media,2024-12-21,06:41,,False,7,False
COMM-0002262,VD-000221,VD-000493,E-Mail,2025-04-27,09:14,205.0,False,9,True
COMM-0002263,VD-000458,VD-000424,Persönlicher Kontakt,2024-01-28,11:40,3452.0,False,9,True
COMM-0002264,VD-000931,VD-000250,Telegram,2024-09-16,17:12,869.0,False,9,True
COMM-0002265,VD-000229,VD-000454,SMS,2023-01-02,05:21,2300.0,False,6,False
COMM-0002266,VD-000075,VD-000794,WhatsApp,2024-05-06,15:49,770.0,True,3,True
COMM-0002267,VD-000886,VD-000642,Telefonat,2023-06-14,16:43,2609.0,False,4,True
COMM-0002268,VD-000730,VD-000702,SMS,2023-12-26,22:12,,True,2,True
COMM-0002269,VD-000649,VD-000996,Brief,2023-02-16,11:11,1983.0,False,3,False
COMM-0002270,VD-000518,VD-000698,SMS,2025-09-08,22:54,2164.0,False,9,False
COMM-0002271,VD-000160,VD-000907,SMS,2024-05-29,15:44,662.0,False,1,True
COMM-0002272,VD-000216,VD-000644,Signal,2023-07-22,19:05,,True,4,True
COMM-0002273,VD-000471,VD-000877,Social Media,2023-01-18,09:26,2483.0,False,7,True
COMM-0002274,VD-000729,VD-000091,Social Media,2025-06-24,05:13,2039.0,True,9,True
COMM-0002275,VD-000900,VD-000724,Brief,2025-08-23,23:51,352.0,True,10,False
COMM-0002276,VD-000846,VD-000079,Brief,2024-04-15,15:00,1345.0,False,2,False
COMM-0002277,VD-000291,VD-000692,Social Media,2023-03-16,10:34,,True,2,True
COMM-0002278,VD-000634,VD-000848,Telegram,2023-11-19,08:13,1102.0,True,1,False
COMM-0002279,VD-000723,VD-000090,Brief,2023-11-24,08:48,381.0,True,10,False
COMM-0002280,VD-000503,VD-000913,Persönlicher Kontakt,2023-02-26,23:03,3391.0,False,7,False
COMM-0002281,VD-000115,VD-000397,WhatsApp,2023-05-08,17:58,2747.0,False,8,True
COMM-0002282,VD-000627,VD-000644,Persönlicher Kontakt,2023-05-21,17:48,,True,9,True
COMM-0002283,VD-000701,VD-000367,Telefonat,2024-07-09,16:56,2739.0,True,8,True
COMM-0002284,VD-000372,VD-000788,E-Mail,2025-10-28,12:51,,False,4,True
COMM-0002285,VD-000445,VD-000859,Signal,2024-12-06,17:49,2375.0,True,2,False
COMM-0002286,VD-000952,VD-000827,Telefonat,2024-03-07,18:00,,True,4,False
COMM-0002287,VD-000556,VD-000694,Telefonat,2025-06-10,01:43,,True,6,False
COMM-0002288,VD-000838,VD-000151,Persönlicher Kontakt,2024-07-15,01:10,1630.0,True,6,True
COMM-0002289,VD-000600,VD-000249,WhatsApp,2023-05-12,02:42,,True,5,False
COMM-0002290,VD-000400,VD-000336,SMS,2024-07-18,06:05,802.0,True,3,False
COMM-0002291,VD-000798,VD-000288,Social Media,2023-05-31,00:37,,False,5,False
COMM-0002292,VD-000818,VD-000315,Social Media,2025-10-06,19:17,3065.0,True,9,True
COMM-0002293,VD-000366,VD-000312,Telegram,2024-01-10,08:01,2554.0,True,10,False
COMM-0002294,VD-000879,VD-000736,Signal,2025-06-17,11:51,1308.0,False,8,False
COMM-0002295,VD-000142,VD-000032,Telegram,2024-06-02,18:59,,True,10,False
COMM-0002296,VD-000661,VD-000298,Telegram,2024-08-18,09:52,3444.0,True,6,False
COMM-0002297,VD-000374,VD-000697,Signal,2025-02-02,02:39,3420.0,True,8,True
COMM-0002298,VD-000234,VD-000997,SMS,2023-10-09,06:42,,False,9,True
COMM-0002299,VD-000717,VD-000143,Brief,2025-01-17,14:42,1997.0,True,3,True
COMM-0002300,VD-000659,VD-000744,Social Media,2025-02-15,20:22,,True,8,False
COMM-0002301,VD-000233,VD-000892,Telegram,2023-09-25,16:44,265.0,True,7,True
COMM-0002302,VD-000575,VD-000076,Social Media,2023-08-05,18:10,1237.0,True,8,False
COMM-0002303,VD-000989,VD-000335,WhatsApp,2025-05-17,17:50,974.0,False,5,False
COMM-0002304,VD-000958,VD-000873,Telegram,2024-10-05,19:50,1760.0,False,2,False
COMM-0002305,VD-000544,VD-000639,Telefonat,2023-02-08,12:50,,True,5,True
COMM-0002306,VD-000709,VD-000725,SMS,2023-09-18,07:48,,False,6,True
COMM-0002307,VD-000168,VD-000194,Telefonat,2023-04-08,14:49,25.0,False,10,True
COMM-0002308,VD-000561,VD-000297,E-Mail,2025-04-25,13:03,,False,6,True
COMM-0002309,VD-000871,VD-000421,Signal,2024-05-02,18:35,2987.0,False,5,True
COMM-0002310,VD-000169,VD-000792,Telegram,2023-11-30,18:03,1872.0,True,7,True
COMM-0002311,VD-000787,VD-000792,Telegram,2024-11-20,14:02,,True,7,True
COMM-0002312,VD-000680,VD-000521,E-Mail,2023-10-10,07:34,,False,7,False
COMM-0002313,VD-000162,VD-000081,E-Mail,2025-04-05,19:50,2315.0,False,5,False
COMM-0002314,VD-000487,VD-000767,Social Media,2023-04-22,08:42,3086.0,True,3,False
COMM-0002315,VD-000622,VD-000084,Brief,2025-01-13,13:05,406.0,False,4,True
COMM-0002316,VD-000805,VD-000163,Social Media,2023-01-11,23:54,,True,7,False
COMM-0002317,VD-000712,VD-000170,WhatsApp,2025-04-24,16:56,,False,8,False
COMM-0002318,VD-000222,VD-000027,Social Media,2024-09-25,16:11,1125.0,True,5,True
COMM-0002319,VD-000437,VD-000847,Social Media,2024-04-14,14:37,,False,6,False
COMM-0002320,VD-000299,VD-000836,WhatsApp,2025-05-22,15:47,,True,7,False
COMM-0002321,VD-000506,VD-000641,Telegram,2024-08-02,05:31,1523.0,False,2,False
COMM-0002322,VD-000729,VD-000100,E-Mail,2025-02-18,21:47,1202.0,False,7,False
COMM-0002323,VD-000008,VD-000519,Persönlicher Kontakt,2025-10-28,17:09,,True,4,False
COMM-0002324,VD-000815,VD-000691,Persönlicher Kontakt,2023-11-22,09:09,2521.0,True,6,False
COMM-0002325,VD-000201,VD-000595,Brief,2024-02-15,08:54,2886.0,True,9,False
COMM-0002326,VD-000874,VD-000007,Telefonat,2025-06-21,12:39,,False,4,False
COMM-0002327,VD-000825,VD-000090,Brief,2024-11-25,18:42,2340.0,False,9,False
COMM-0002328,VD-000736,VD-000137,SMS,2025-06-28,17:53,2154.0,False,5,True
COMM-0002329,VD-000930,VD-000394,Persönlicher Kontakt,2025-06-24,04:29,3350.0,False,5,True
COMM-0002330,VD-000847,VD-000151,E-Mail,2024-03-11,07:19,589.0,False,9,True
COMM-0002331,VD-000148,VD-000162,Telegram,2024-03-22,02:06,2808.0,True,3,False
COMM-0002332,VD-000990,VD-000145,Persönlicher Kontakt,2024-11-27,10:24,2171.0,False,1,False
COMM-0002333,VD-000688,VD-000291,Brief,2025-05-27,09:38,,False,10,False
COMM-0002334,VD-000063,VD-000050,Persönlicher Kontakt,2024-03-06,19:33,3382.0,False,9,False
COMM-0002335,VD-000877,VD-000908,WhatsApp,2023-09-04,16:07,,True,9,False
COMM-0002336,VD-000937,VD-000616,E-Mail,2024-07-24,06:14,1314.0,True,9,True
COMM-0002337,VD-000256,VD-000258,SMS,2025-01-28,06:02,1623.0,False,3,False
COMM-0002338,VD-000937,VD-000479,WhatsApp,2023-04-04,20:36,,True,7,False
COMM-0002339,VD-000766,VD-000974,Signal,2023-07-15,23:27,,False,1,False
COMM-0002340,VD-000220,VD-000209,Persönlicher Kontakt,2023-01-14,18:10,2777.0,False,10,False
COMM-0002341,VD-000708,VD-000155,Social Media,2025-07-07,21:24,21.0,True,9,False
COMM-0002342,VD-000919,VD-000379,WhatsApp,2023-03-29,11:17,707.0,False,6,True
COMM-0002343,VD-000181,VD-000932,E-Mail,2025-04-03,17:01,1870.0,False,2,False
COMM-0002344,VD-000878,VD-000011,Signal,2023-07-18,23:33,2710.0,False,3,False
COMM-0002345,VD-000178,VD-000597,Telefonat,2024-07-01,14:59,,True,9,True
COMM-0002346,VD-000325,VD-000662,Persönlicher Kontakt,2025-03-17,05:12,,True,10,True
COMM-0002347,VD-000069,VD-000339,Telefonat,2023-01-01,20:44,,True,2,False
COMM-0002348,VD-000417,VD-000893,Social Media,2023-02-15,09:47,657.0,True,5,False
COMM-0002349,VD-000844,VD-000192,Telegram,2023-08-31,22:46,649.0,False,7,True
COMM-0002350,VD-000413,VD-000173,Persönlicher Kontakt,2025-10-25,08:00,2771.0,True,9,True
COMM-0002351,VD-000338,VD-000321,Telefonat,2025-04-18,21:59,3270.0,False,9,True
COMM-0002352,VD-000117,VD-000519,Telegram,2025-09-07,12:40,2035.0,True,8,True
COMM-0002353,VD-000317,VD-000669,Telegram,2025-09-22,01:54,,True,7,True
COMM-0002354,VD-000880,VD-000408,Telefonat,2023-01-20,21:27,2204.0,False,1,False
COMM-0002355,VD-000160,VD-000740,E-Mail,2024-07-14,02:34,931.0,False,2,True
COMM-0002356,VD-000933,VD-000613,Brief,2024-10-25,00:33,711.0,True,7,True
COMM-0002357,VD-000370,VD-000133,Brief,2024-08-26,23:48,80.0,False,6,True
COMM-0002358,VD-000137,VD-000533,Telefonat,2025-10-06,00:35,872.0,True,5,False
COMM-0002359,VD-000737,VD-000980,E-Mail,2025-09-05,19:44,628.0,True,4,False
COMM-0002360,VD-000395,VD-000909,Telegram,2024-02-12,07:33,367.0,True,4,True
COMM-0002361,VD-000334,VD-000420,Telegram,2024-01-05,16:58,1646.0,False,4,False
COMM-0002362,VD-000706,VD-000439,Telegram,2023-05-30,01:25,526.0,False,6,True
COMM-0002363,VD-000362,VD-000348,SMS,2023-01-01,14:46,2658.0,False,8,False
COMM-0002364,VD-000829,VD-000763,Signal,2023-10-19,03:21,2584.0,False,2,True
COMM-0002365,VD-000172,VD-000689,Social Media,2023-11-14,03:00,793.0,False,8,True
COMM-0002366,VD-000194,VD-000614,SMS,2024-04-12,04:11,716.0,False,7,True
COMM-0002367,VD-000122,VD-000772,Social Media,2025-08-30,03:52,,True,8,True
COMM-0002368,VD-000603,VD-000091,Brief,2025-10-10,00:30,3080.0,True,7,False
COMM-0002369,VD-000136,VD-000743,Social Media,2023-02-14,23:34,1910.0,False,10,False
COMM-0002370,VD-000482,VD-000372,Telefonat,2025-04-05,22:21,2037.0,False,4,False
COMM-0002371,VD-000502,VD-000297,Signal,2023-09-24,00:12,2917.0,False,4,True
COMM-0002372,VD-000208,VD-000574,Telegram,2024-08-29,10:29,,False,4,False
COMM-0002373,VD-000902,VD-000664,WhatsApp,2023-04-24,18:22,,True,3,False
COMM-0002374,VD-000211,VD-000830,Persönlicher Kontakt,2023-11-08,14:36,2186.0,True,2,True
COMM-0002375,VD-000452,VD-000153,WhatsApp,2024-01-06,18:16,,False,7,True
COMM-0002376,VD-000417,VD-000046,E-Mail,2025-07-07,17:57,,False,4,True
COMM-0002377,VD-000756,VD-000413,WhatsApp,2025-03-18,16:57,,False,9,True
COMM-0002378,VD-000922,VD-000022,WhatsApp,2025-08-30,21:55,1062.0,False,2,True
COMM-0002379,VD-000555,VD-000432,Brief,2025-05-22,21:39,368.0,True,3,False
COMM-0002380,VD-000171,VD-000815,E-Mail,2025-04-01,22:33,557.0,True,8,True
COMM-0002381,VD-000403,VD-000002,WhatsApp,2023-03-22,19:41,1198.0,True,6,True
COMM-0002382,VD-000534,VD-000032,Brief,2023-09-08,07:56,,True,8,True
COMM-0002383,VD-000544,VD-000546,Telegram,2024-05-27,23:43,99.0,False,2,True
COMM-0002384,VD-000723,VD-000031,Signal,2024-07-09,12:32,116.0,False,8,False
COMM-0002385,VD-000212,VD-000682,Telefonat,2023-11-24,12:58,3454.0,False,4,False
COMM-0002386,VD-000957,VD-000702,Brief,2023-01-28,18:21,,False,6,True
COMM-0002387,VD-000320,VD-000879,E-Mail,2023-06-03,23:58,1511.0,True,3,False
COMM-0002388,VD-000044,VD-000750,Brief,2023-01-08,03:02,2051.0,True,9,False
COMM-0002389,VD-000507,VD-000236,Persönlicher Kontakt,2023-06-14,04:55,228.0,False,4,True
COMM-0002390,VD-000198,VD-000522,Telefonat,2024-09-11,01:18,48.0,False,6,False
COMM-0002391,VD-000608,VD-000402,Social Media,2023-07-25,13:07,1710.0,False,1,False
COMM-0002392,VD-000626,VD-000644,SMS,2024-04-21,06:58,,False,7,False
COMM-0002393,VD-000852,VD-000334,Social Media,2025-04-04,02:50,2383.0,False,9,False
COMM-0002394,VD-000353,VD-000645,Telegram,2024-06-13,16:51,2518.0,True,6,True
COMM-0002395,VD-000319,VD-000078,SMS,2023-07-04,04:50,,False,5,False
COMM-0002396,VD-000981,VD-000451,E-Mail,2025-03-07,20:13,298.0,True,5,True
COMM-0002397,VD-000094,VD-000353,SMS,2023-07-26,16:54,,False,4,False
COMM-0002398,VD-000648,VD-000517,Brief,2023-03-07,17:57,3012.0,False,9,False
COMM-0002399,VD-000876,VD-000636,Signal,2025-11-13,07:40,1389.0,False,1,False
COMM-0002400,VD-000201,VD-000619,WhatsApp,2024-04-24,00:37,,False,7,True
COMM-0002401,VD-000554,VD-000877,WhatsApp,2025-07-02,13:35,2533.0,False,1,True
COMM-0002402,VD-000701,VD-000721,Social Media,2025-04-05,20:42,902.0,False,7,True
COMM-0002403,VD-000143,VD-000458,WhatsApp,2025-04-16,21:02,2808.0,True,3,True
COMM-0002404,VD-000939,VD-000895,Brief,2025-04-10,02:58,,True,8,True
COMM-0002405,VD-000683,VD-000428,SMS,2023-09-25,19:57,,True,3,True
COMM-0002406,VD-000205,VD-000259,Social Media,2025-06-06,22:13,1341.0,True,8,True
COMM-0002407,VD-000159,VD-000765,Telegram,2025-05-12,21:46,,True,7,False
COMM-0002408,VD-000956,VD-000222,WhatsApp,2024-04-28,19:00,3328.0,True,10,False
COMM-0002409,VD-000692,VD-000094,Telegram,2025-01-22,13:11,934.0,True,7,True
COMM-0002410,VD-000825,VD-000425,Signal,2023-08-13,16:23,1626.0,True,10,True
COMM-0002411,VD-000655,VD-000212,Telegram,2024-03-28,16:09,1376.0,True,5,True
COMM-0002412,VD-000348,VD-000493,WhatsApp,2023-02-22,22:22,2957.0,False,10,False
COMM-0002413,VD-000473,VD-000029,Brief,2023-09-21,19:21,,False,3,False
COMM-0002414,VD-000701,VD-000856,Social Media,2023-04-08,05:40,2181.0,True,8,False
COMM-0002415,VD-000376,VD-000569,Telegram,2024-02-03,23:26,1971.0,False,8,False
COMM-0002416,VD-000827,VD-000770,SMS,2023-03-14,16:35,2754.0,False,9,True
COMM-0002417,VD-000340,VD-000075,Signal,2025-04-13,00:57,2091.0,True,6,True
COMM-0002418,VD-000630,VD-000477,SMS,2024-03-25,03:58,1842.0,False,7,False
COMM-0002419,VD-000351,VD-000851,Telegram,2024-08-20,21:40,,False,3,True
COMM-0002420,VD-000264,VD-000277,Telegram,2023-06-18,21:13,3550.0,False,8,False
COMM-0002421,VD-000962,VD-000400,E-Mail,2023-06-30,11:19,433.0,True,10,True
COMM-0002422,VD-000550,VD-000633,Social Media,2023-09-27,20:06,1421.0,True,10,True
COMM-0002423,VD-000493,VD-000104,Persönlicher Kontakt,2024-07-19,00:46,,False,7,False
COMM-0002424,VD-000342,VD-000068,Brief,2023-08-08,01:58,,False,10,False
COMM-0002425,VD-000438,VD-000526,Signal,2023-11-19,11:01,1271.0,False,2,True
COMM-0002426,VD-000931,VD-000748,Persönlicher Kontakt,2023-08-19,15:10,3309.0,True,2,False
COMM-0002427,VD-000350,VD-000297,Social Media,2025-06-06,14:32,1122.0,False,6,True
COMM-0002428,VD-000630,VD-000944,Persönlicher Kontakt,2024-12-24,12:53,2529.0,True,8,True
COMM-0002429,VD-000394,VD-000175,E-Mail,2025-01-29,10:19,1858.0,False,10,True
COMM-0002430,VD-000998,VD-000133,Signal,2024-10-22,14:34,1662.0,False,3,False
COMM-0002431,VD-000530,VD-000150,SMS,2024-11-07,08:13,,False,7,True
COMM-0002432,VD-000096,VD-000499,Telegram,2024-09-14,22:09,2018.0,True,6,True
COMM-0002433,VD-000723,VD-000187,Brief,2025-04-25,17:26,2412.0,True,6,True
COMM-0002434,VD-000507,VD-000958,Telegram,2024-08-15,10:52,1989.0,False,5,True
COMM-0002435,VD-000361,VD-000074,WhatsApp,2025-07-09,03:50,398.0,True,2,True
COMM-0002436,VD-000485,VD-000810,SMS,2023-01-30,13:14,,True,2,True
COMM-0002437,VD-000357,VD-000783,Persönlicher Kontakt,2024-02-08,14:29,266.0,True,4,True
COMM-0002438,VD-000934,VD-000060,Telegram,2023-09-29,04:35,951.0,False,7,True
COMM-0002439,VD-000156,VD-000409,Persönlicher Kontakt,2024-04-23,04:01,1511.0,False,3,True
COMM-0002440,VD-000342,VD-000083,Signal,2025-03-25,07:54,2000.0,True,9,True
COMM-0002441,VD-000670,VD-000094,Signal,2025-05-11,18:47,1586.0,False,7,True
COMM-0002442,VD-000548,VD-000360,Signal,2023-09-18,21:46,,False,1,False
COMM-0002443,VD-000770,VD-000646,Social Media,2023-11-07,19:43,3495.0,True,5,True
COMM-0002444,VD-000155,VD-000381,SMS,2024-07-02,09:38,1684.0,True,5,False
COMM-0002445,VD-000236,VD-000337,WhatsApp,2024-10-03,14:18,1367.0,True,6,True
COMM-0002446,VD-000442,VD-000014,Social Media,2024-11-29,16:18,2709.0,True,8,True
COMM-0002447,VD-000475,VD-000948,Persönlicher Kontakt,2023-08-14,06:50,,False,2,True
COMM-0002448,VD-000068,VD-000345,Telegram,2025-01-23,15:09,376.0,True,10,False
COMM-0002449,VD-000341,VD-000817,WhatsApp,2025-01-12,00:01,,True,7,True
COMM-0002450,VD-000919,VD-000404,Telefonat,2025-06-15,01:21,1230.0,False,6,True
COMM-0002451,VD-000032,VD-000588,SMS,2025-04-16,02:29,3320.0,False,10,True
COMM-0002452,VD-000198,VD-000163,Social Media,2023-12-25,14:57,,False,6,False
COMM-0002453,VD-000116,VD-000497,Signal,2025-09-15,17:19,210.0,True,10,False
COMM-0002454,VD-000095,VD-000033,Telefonat,2023-08-03,22:38,,False,4,True
COMM-0002455,VD-000062,VD-000925,Persönlicher Kontakt,2025-10-18,02:52,1846.0,False,3,True
COMM-0002456,VD-000468,VD-000295,Brief,2023-07-19,15:39,980.0,True,7,False
COMM-0002457,VD-000091,VD-000113,Brief,2025-05-31,18:44,1678.0,False,7,False
COMM-0002458,VD-000707,VD-000108,Signal,2025-08-31,15:06,2135.0,False,2,True
COMM-0002459,VD-000125,VD-000453,Social Media,2023-04-04,16:14,2254.0,False,6,False
COMM-0002460,VD-000605,VD-000385,SMS,2024-10-05,21:36,,True,8,True
COMM-0002461,VD-000723,VD-000436,Brief,2024-09-03,09:33,1348.0,True,9,False
COMM-0002462,VD-000193,VD-000971,Persönlicher Kontakt,2023-06-29,07:26,671.0,True,4,False
COMM-0002463,VD-000626,VD-000208,SMS,2025-03-17,03:31,822.0,False,6,False
COMM-0002464,VD-000238,VD-000390,WhatsApp,2025-05-13,08:30,2351.0,False,5,True
COMM-0002465,VD-000211,VD-000250,Persönlicher Kontakt,2024-02-02,14:02,,True,4,False
COMM-0002466,VD-000070,VD-000064,WhatsApp,2025-03-20,10:11,,True,2,True
COMM-0002467,VD-000718,VD-000177,Brief,2025-10-08,00:07,1031.0,True,9,False
COMM-0002468,VD-000244,VD-000487,WhatsApp,2023-02-16,12:04,,True,2,False
COMM-0002469,VD-000160,VD-000419,Telefonat,2023-10-23,21:53,359.0,False,10,False
COMM-0002470,VD-000530,VD-000964,Persönlicher Kontakt,2023-08-10,14:48,2006.0,False,10,False
COMM-0002471,VD-000221,VD-000278,Social Media,2023-08-15,10:50,3499.0,True,8,True
COMM-0002472,VD-000213,VD-000470,Brief,2023-10-02,13:43,3354.0,True,3,False
COMM-0002473,VD-000177,VD-000125,Telegram,2025-04-03,12:07,95.0,False,6,True
COMM-0002474,VD-000358,VD-000727,Brief,2024-01-03,05:43,1740.0,False,8,False
COMM-0002475,VD-000430,VD-000329,Social Media,2024-11-09,18:36,21.0,True,4,False
COMM-0002476,VD-000207,VD-000962,Telegram,2025-06-09,17:13,2566.0,False,3,True
COMM-0002477,VD-000436,VD-000607,Brief,2024-01-31,23:05,1162.0,False,1,True
COMM-0002478,VD-000881,VD-000346,Brief,2024-03-31,22:05,1889.0,True,7,False
COMM-0002479,VD-000402,VD-000885,Telegram,2023-07-18,12:11,,True,6,False
COMM-0002480,VD-000363,VD-000622,Social Media,2023-08-17,21:48,,True,8,False
COMM-0002481,VD-000948,VD-000227,Telefonat,2023-10-28,22:14,2546.0,True,2,True
COMM-0002482,VD-000150,VD-000393,Telegram,2023-02-21,06:06,2702.0,False,9,True
COMM-0002483,VD-000920,VD-000898,E-Mail,2024-12-13,05:10,2327.0,True,2,False
COMM-0002484,VD-000944,VD-000005,E-Mail,2023-04-16,11:09,,False,4,False
COMM-0002485,VD-000279,VD-000841,Social Media,2025-06-09,20:07,2992.0,False,3,False
COMM-0002486,VD-000974,VD-000221,Brief,2025-03-25,22:37,1898.0,True,9,True
COMM-0002487,VD-000173,VD-000565,Signal,2024-12-28,00:39,1680.0,False,7,False
COMM-0002488,VD-000117,VD-000557,Telefonat,2024-10-09,04:49,1195.0,False,3,True
COMM-0002489,VD-000928,VD-000225,Social Media,2023-12-05,17:53,1843.0,False,10,True
COMM-0002490,VD-000403,VD-000532,E-Mail,2023-04-27,02:13,,False,6,True
COMM-0002491,VD-000006,VD-000584,SMS,2025-07-21,11:36,281.0,False,5,True
COMM-0002492,VD-000553,VD-000062,Social Media,2025-08-06,11:01,223.0,True,9,False
COMM-0002493,VD-000335,VD-000507,E-Mail,2023-05-22,04:06,1734.0,True,9,True
COMM-0002494,VD-000989,VD-000173,SMS,2023-01-22,00:10,2147.0,False,9,True
COMM-0002495,VD-000488,VD-000617,SMS,2024-04-12,17:51,1080.0,False,8,False
COMM-0002496,VD-000788,VD-000947,Brief,2024-01-04,05:05,2631.0,True,6,True
COMM-0002497,VD-000340,VD-000955,WhatsApp,2025-08-04,05:00,3157.0,True,6,True
COMM-0002498,VD-000213,VD-000275,Telefonat,2025-08-22,03:42,2971.0,True,6,False
COMM-0002499,VD-000663,VD-000423,Signal,2024-08-01,06:51,3428.0,False,3,True
COMM-0002500,VD-000912,VD-000767,WhatsApp,2024-12-03,18:02,1106.0,False,9,True
COMM-0002501,VD-000465,VD-000030,E-Mail,2024-08-01,17:34,873.0,True,6,False
COMM-0002502,VD-000324,VD-000605,Signal,2025-01-07,20:04,,True,9,False
COMM-0002503,VD-000814,VD-000747,Telefonat,2023-11-11,05:23,,True,1,True
COMM-0002504,VD-000349,VD-000023,Brief,2023-06-24,16:02,,False,7,True
COMM-0002505,VD-000738,VD-000782,Telegram,2025-04-07,21:44,,True,9,False
COMM-0002506,VD-000685,VD-000978,Telefonat,2025-10-27,06:08,518.0,False,3,False
COMM-0002507,VD-001000,VD-000559,SMS,2025-09-19,01:32,,False,9,False
COMM-0002508,VD-000342,VD-000111,Persönlicher Kontakt,2023-10-24,17:13,424.0,True,9,False
COMM-0002509,VD-000353,VD-000392,Telegram,2025-03-23,20:45,,True,5,False
COMM-0002510,VD-000944,VD-000332,Telegram,2024-05-29,02:45,2496.0,True,4,False
COMM-0002511,VD-000379,VD-000738,Telegram,2024-08-27,05:11,1650.0,True,9,True
COMM-0002512,VD-000539,VD-000316,Social Media,2023-10-19,18:56,1461.0,False,2,True
COMM-0002513,VD-000467,VD-000481,SMS,2023-07-05,03:17,589.0,False,6,False
COMM-0002514,VD-000512,VD-000182,SMS,2024-01-24,17:47,3024.0,False,4,False
COMM-0002515,VD-000702,VD-000010,Social Media,2025-01-07,08:45,2453.0,True,7,False
COMM-0002516,VD-000390,VD-000626,Persönlicher Kontakt,2025-06-04,01:07,1264.0,True,10,False
COMM-0002517,VD-000434,VD-000188,E-Mail,2025-02-10,07:17,528.0,False,10,True
COMM-0002518,VD-000121,VD-000728,Telegram,2024-11-09,06:01,316.0,False,8,False
COMM-0002519,VD-000007,VD-000626,WhatsApp,2023-01-08,19:05,512.0,False,9,False
COMM-0002520,VD-000038,VD-000428,Telegram,2023-08-04,18:22,348.0,False,10,True
COMM-0002521,VD-000674,VD-000536,SMS,2024-02-17,04:38,2798.0,True,5,True
COMM-0002522,VD-000290,VD-000732,Telefonat,2023-07-21,16:01,,False,9,True
COMM-0002523,VD-000436,VD-000092,E-Mail,2024-03-21,22:33,908.0,True,8,False
COMM-0002524,VD-000508,VD-000224,Telefonat,2023-05-01,09:55,907.0,False,5,False
COMM-0002525,VD-000200,VD-000271,WhatsApp,2024-12-12,10:31,1693.0,True,6,False
COMM-0002526,VD-000800,VD-000923,SMS,2023-04-23,11:01,,True,10,False
COMM-0002527,VD-000794,VD-000199,Social Media,2024-01-25,21:48,,False,10,False
COMM-0002528,VD-000221,VD-000772,Brief,2025-04-24,17:03,3304.0,False,2,False
COMM-0002529,VD-000681,VD-000339,Brief,2025-03-29,07:54,,False,2,False
COMM-0002530,VD-000434,VD-000151,SMS,2025-06-16,05:11,1595.0,False,6,True
COMM-0002531,VD-000098,VD-000422,Persönlicher Kontakt,2025-06-04,01:05,2471.0,True,1,False
COMM-0002532,VD-000401,VD-000017,WhatsApp,2024-04-27,01:17,275.0,True,3,True
COMM-0002533,VD-000839,VD-000544,SMS,2025-02-21,17:36,,False,8,False
COMM-0002534,VD-000608,VD-000014,Persönlicher Kontakt,2025-06-15,00:50,,True,1,True
COMM-0002535,VD-000829,VD-000164,SMS,2024-11-22,10:36,1550.0,False,7,True
COMM-0002536,VD-000242,VD-000542,Signal,2023-10-18,11:56,,True,3,False
COMM-0002537,VD-000271,VD-000727,SMS,2024-06-06,08:58,,True,10,False
COMM-0002538,VD-000441,VD-000589,Signal,2025-04-04,21:01,456.0,False,4,False
COMM-0002539,VD-000389,VD-000775,Telegram,2023-04-06,06:35,,True,3,False
COMM-0002540,VD-000214,VD-000370,Telefonat,2024-10-01,17:13,,True,4,True
COMM-0002541,VD-000011,VD-000978,Telefonat,2024-05-23,09:46,,False,7,True
COMM-0002542,VD-000849,VD-000539,Telegram,2024-11-14,08:48,,False,6,True
COMM-0002543,VD-000636,VD-000047,Signal,2023-07-09,11:39,2546.0,True,9,False
COMM-0002544,VD-000873,VD-000733,Telegram,2024-05-19,08:52,2313.0,False,10,True
COMM-0002545,VD-000476,VD-000130,Brief,2023-02-23,20:17,1445.0,True,7,False
COMM-0002546,VD-000661,VD-000991,Social Media,2023-01-22,09:06,,False,5,True
COMM-0002547,VD-000319,VD-000031,Signal,2025-09-01,05:56,,False,3,False
COMM-0002548,VD-000760,VD-000246,Telefonat,2023-06-04,00:01,872.0,False,6,True
COMM-0002549,VD-000786,VD-000907,Signal,2024-08-17,10:33,,False,4,True
COMM-0002550,VD-000791,VD-000162,WhatsApp,2025-05-24,23:40,3242.0,True,3,False
COMM-0002551,VD-000122,VD-000943,WhatsApp,2024-10-16,13:39,2845.0,False,2,False
COMM-0002552,VD-000325,VD-000592,Persönlicher Kontakt,2024-02-29,15:53,3367.0,False,2,False
COMM-0002553,VD-000045,VD-000624,Telefonat,2023-06-12,02:02,,False,9,False
COMM-0002554,VD-000025,VD-000943,Brief,2024-05-06,08:52,1963.0,False,7,True
COMM-0002555,VD-000247,VD-000192,Telegram,2023-03-06,15:05,1315.0,False,6,False
COMM-0002556,VD-000531,VD-000863,Social Media,2023-03-10,05:09,,True,7,False
COMM-0002557,VD-000605,VD-000885,E-Mail,2023-04-14,11:41,1829.0,True,5,False
COMM-0002558,VD-000901,VD-000542,SMS,2024-10-15,12:07,2476.0,False,3,True
COMM-0002559,VD-000910,VD-000082,Social Media,2025-10-18,07:50,,True,9,True
COMM-0002560,VD-000425,VD-000604,SMS,2025-08-18,14:16,3227.0,True,7,False
COMM-0002561,VD-000879,VD-000894,Brief,2023-12-26,19:52,640.0,False,3,True
COMM-0002562,VD-000203,VD-000730,E-Mail,2023-01-20,02:03,,False,2,False
COMM-0002563,VD-000769,VD-000933,SMS,2025-10-23,03:30,2323.0,False,6,True
COMM-0002564,VD-000410,VD-000679,WhatsApp,2025-10-10,00:39,1531.0,True,1,False
COMM-0002565,VD-000110,VD-000088,Persönlicher Kontakt,2023-03-13,09:22,402.0,False,10,False
COMM-0002566,VD-000132,VD-000602,Telegram,2023-09-23,22:07,,False,2,True
COMM-0002567,VD-000646,VD-000085,Telegram,2024-02-21,22:09,,True,4,True
COMM-0002568,VD-000529,VD-000595,Brief,2024-05-04,14:14,671.0,False,6,True
COMM-0002569,VD-000464,VD-000968,Signal,2023-04-25,09:02,949.0,True,3,True
COMM-0002570,VD-000354,VD-000643,Signal,2024-11-01,03:07,1913.0,True,7,True
COMM-0002571,VD-000451,VD-000684,E-Mail,2023-07-23,22:28,68.0,False,6,False
COMM-0002572,VD-000936,VD-000747,Telegram,2023-09-04,18:52,2080.0,False,4,False
COMM-0002573,VD-000723,VD-000055,E-Mail,2023-10-21,13:06,,False,8,True
COMM-0002574,VD-000186,VD-000676,Social Media,2024-10-25,06:07,1829.0,True,5,False
COMM-0002575,VD-000728,VD-000201,Brief,2023-04-27,22:57,3235.0,False,1,True
COMM-0002576,VD-000490,VD-000388,WhatsApp,2024-06-03,06:47,3388.0,False,10,False
COMM-0002577,VD-000213,VD-000227,SMS,2024-03-01,13:38,113.0,True,9,True
COMM-0002578,VD-000325,VD-000159,Brief,2023-02-06,01:00,188.0,False,8,False
COMM-0002579,VD-000243,VD-000916,Persönlicher Kontakt,2024-09-24,19:45,2992.0,True,6,False
COMM-0002580,VD-000889,VD-000584,SMS,2023-09-04,21:04,,True,2,True
COMM-0002581,VD-000990,VD-000587,WhatsApp,2024-11-06,01:52,2096.0,True,1,True
COMM-0002582,VD-000180,VD-000610,Social Media,2025-04-11,16:20,1975.0,False,5,True
COMM-0002583,VD-000865,VD-000751,Brief,2023-02-08,11:44,2185.0,False,9,False
COMM-0002584,VD-000747,VD-000224,SMS,2024-01-19,07:35,1071.0,True,6,True
COMM-0002585,VD-000551,VD-000501,Telefonat,2024-10-30,22:38,2143.0,False,3,True
COMM-0002586,VD-000334,VD-000519,SMS,2024-03-14,09:43,,True,7,False
COMM-0002587,VD-000077,VD-000723,E-Mail,2023-06-10,00:19,386.0,False,8,True
COMM-0002588,VD-000966,VD-000785,WhatsApp,2024-01-25,18:44,,False,7,False
COMM-0002589,VD-000443,VD-000878,Brief,2024-11-19,17:55,2037.0,False,5,False
COMM-0002590,VD-000012,VD-000222,Telefonat,2024-09-02,07:29,2915.0,True,8,False
COMM-0002591,VD-000223,VD-000594,Brief,2025-02-15,10:39,1265.0,True,3,True
COMM-0002592,VD-000568,VD-000592,Telegram,2025-05-01,14:38,,False,1,False
COMM-0002593,VD-000474,VD-000213,Brief,2025-09-12,09:42,3214.0,True,3,True
COMM-0002594,VD-000092,VD-000004,SMS,2023-10-28,08:38,,False,9,False
COMM-0002595,VD-000642,VD-000765,Brief,2024-10-21,08:46,691.0,True,3,True
COMM-0002596,VD-000900,VD-000657,Social Media,2023-01-16,08:16,1574.0,False,5,False
COMM-0002597,VD-000906,VD-000267,Persönlicher Kontakt,2025-08-06,13:30,,True,6,False
COMM-0002598,VD-000523,VD-000489,E-Mail,2024-07-27,23:33,733.0,False,7,False
COMM-0002599,VD-000744,VD-000462,Signal,2024-04-08,23:48,2456.0,False,8,False
COMM-0002600,VD-000514,VD-000529,E-Mail,2023-02-18,08:24,460.0,False,6,False
COMM-0002601,VD-000053,VD-000648,Social Media,2023-03-08,06:06,,True,3,False
COMM-0002602,VD-000191,VD-000248,SMS,2023-12-17,22:30,3125.0,True,4,False
COMM-0002603,VD-000508,VD-000412,Brief,2023-12-17,21:59,3216.0,False,2,False
COMM-0002604,VD-000492,VD-000862,Telefonat,2023-01-17,19:27,2439.0,False,7,False
COMM-0002605,VD-000501,VD-000513,E-Mail,2023-01-18,21:36,3471.0,True,7,False
COMM-0002606,VD-000884,VD-000066,WhatsApp,2025-08-06,20:19,,False,1,True
COMM-0002607,VD-000286,VD-000965,SMS,2025-05-01,17:28,3345.0,True,9,False
COMM-0002608,VD-000686,VD-000537,Persönlicher Kontakt,2025-05-25,02:22,3533.0,True,1,False
COMM-0002609,VD-000173,VD-000200,E-Mail,2024-09-24,03:35,,True,2,False
COMM-0002610,VD-000821,VD-000551,Telefonat,2025-05-19,19:27,1280.0,False,1,True
COMM-0002611,VD-000155,VD-000155,WhatsApp,2024-03-21,09:36,2896.0,True,8,True
COMM-0002612,VD-000795,VD-000735,WhatsApp,2025-11-11,08:43,178.0,True,5,True
COMM-0002613,VD-000958,VD-000048,E-Mail,2025-02-22,01:53,,False,10,True
COMM-0002614,VD-000188,VD-000253,WhatsApp,2024-08-17,01:20,2058.0,True,2,True
COMM-0002615,VD-000916,VD-000832,E-Mail,2023-04-30,06:04,,True,9,True
COMM-0002616,VD-000977,VD-000664,Persönlicher Kontakt,2025-10-22,19:04,1738.0,False,10,True
COMM-0002617,VD-000975,VD-000773,WhatsApp,2024-04-12,23:24,202.0,True,3,True
COMM-0002618,VD-000161,VD-000349,Brief,2025-11-03,19:05,,True,7,True
COMM-0002619,VD-000828,VD-000870,SMS,2024-04-26,04:25,2872.0,False,4,False
COMM-0002620,VD-000316,VD-000543,Brief,2023-10-10,16:58,,False,7,True
COMM-0002621,VD-000573,VD-000454,Telegram,2023-11-22,18:38,,False,1,False
COMM-0002622,VD-000195,VD-000325,Signal,2025-06-02,08:11,,True,2,False
COMM-0002623,VD-000559,VD-000610,E-Mail,2024-02-24,02:17,521.0,True,10,True
COMM-0002624,VD-000208,VD-000586,SMS,2025-11-13,06:18,,True,2,False
COMM-0002625,VD-000037,VD-000440,SMS,2024-03-11,00:33,,True,3,True
COMM-0002626,VD-000828,VD-000862,E-Mail,2023-08-16,01:05,2173.0,False,4,False
COMM-0002627,VD-000290,VD-000847,Persönlicher Kontakt,2024-08-17,04:23,2533.0,False,5,True
COMM-0002628,VD-000709,VD-000323,SMS,2023-09-05,15:40,,True,6,False
COMM-0002629,VD-000514,VD-000168,Signal,2023-11-03,02:23,88.0,True,6,False
COMM-0002630,VD-000045,VD-000762,SMS,2024-03-18,09:40,427.0,False,5,False
COMM-0002631,VD-000466,VD-000273,Persönlicher Kontakt,2025-05-01,16:17,2684.0,True,7,True
COMM-0002632,VD-000735,VD-000799,SMS,2025-02-03,09:23,3039.0,True,10,True
COMM-0002633,VD-000960,VD-000901,Telegram,2025-11-08,21:59,664.0,False,3,True
COMM-0002634,VD-000757,VD-000024,Brief,2023-05-30,01:08,2150.0,True,7,True
COMM-0002635,VD-000398,VD-000905,WhatsApp,2024-10-12,07:44,1349.0,False,10,False
COMM-0002636,VD-000816,VD-000578,E-Mail,2023-02-06,09:13,,True,9,False
COMM-0002637,VD-000341,VD-000642,SMS,2024-06-14,21:25,,True,1,False
COMM-0002638,VD-000163,VD-000152,Brief,2023-05-11,15:19,,False,1,True
COMM-0002639,VD-000120,VD-000868,SMS,2023-12-03,21:03,453.0,True,2,True
COMM-0002640,VD-000371,VD-000153,Telefonat,2023-08-24,00:00,476.0,False,6,False
COMM-0002641,VD-000329,VD-000269,Persönlicher Kontakt,2025-11-12,23:33,,False,8,False
COMM-0002642,VD-000186,VD-000907,Brief,2023-09-06,14:41,753.0,False,2,True
COMM-0002643,VD-000461,VD-000528,Social Media,2025-05-21,10:12,2246.0,True,7,True
COMM-0002644,VD-000539,VD-000518,Telegram,2025-03-07,12:54,,True,8,False
COMM-0002645,VD-000738,VD-000962,Brief,2024-02-28,14:16,1221.0,True,1,False
COMM-0002646,VD-000227,VD-000681,Persönlicher Kontakt,2023-12-30,23:58,1864.0,False,7,False
COMM-0002647,VD-000739,VD-000608,SMS,2025-04-09,07:16,,True,3,False
COMM-0002648,VD-000027,VD-000589,Telefonat,2023-07-18,04:05,,False,1,True
COMM-0002649,VD-000721,VD-000988,Brief,2024-11-22,16:57,2949.0,False,1,True
COMM-0002650,VD-000310,VD-000677,Telefonat,2025-06-22,18:43,,False,3,True
COMM-0002651,VD-000503,VD-000769,Persönlicher Kontakt,2024-09-25,22:40,3561.0,True,9,True
COMM-0002652,VD-000057,VD-000444,Persönlicher Kontakt,2024-12-19,01:49,1764.0,False,7,False
COMM-0002653,VD-000409,VD-000520,Telefonat,2023-11-06,06:44,3109.0,False,2,False
COMM-0002654,VD-000844,VD-000338,Signal,2024-06-13,06:36,,False,6,True
COMM-0002655,VD-000236,VD-000223,Brief,2024-08-01,08:04,1516.0,False,3,True
COMM-0002656,VD-000145,VD-000420,Telegram,2023-12-26,14:33,3536.0,False,7,True
COMM-0002657,VD-000905,VD-000784,Telegram,2023-10-28,04:54,1143.0,False,5,True
COMM-0002658,VD-000473,VD-000988,Persönlicher Kontakt,2023-11-16,06:04,464.0,True,4,False
COMM-0002659,VD-000783,VD-000376,Telegram,2024-03-11,05:16,2569.0,False,6,True
COMM-0002660,VD-000726,VD-000661,Telegram,2025-04-07,13:37,,True,4,False
COMM-0002661,VD-000203,VD-000932,SMS,2023-08-15,02:26,1031.0,False,9,True
COMM-0002662,VD-000421,VD-000356,Social Media,2025-06-01,02:32,,True,8,True
COMM-0002663,VD-000793,VD-000529,Signal,2023-04-07,10:22,253.0,False,5,True
COMM-0002664,VD-000549,VD-000436,Brief,2024-08-21,19:04,2540.0,False,4,False
COMM-0002665,VD-000876,VD-000409,E-Mail,2023-05-14,14:44,648.0,False,8,True
COMM-0002666,VD-000654,VD-000900,Persönlicher Kontakt,2023-08-10,13:05,2741.0,True,2,True
COMM-0002667,VD-000654,VD-000281,SMS,2025-06-20,00:42,1266.0,True,4,True
COMM-0002668,VD-000028,VD-000517,Persönlicher Kontakt,2025-04-16,05:09,2036.0,False,1,True
COMM-0002669,VD-000729,VD-000709,Telefonat,2023-09-06,17:05,1600.0,True,7,True
COMM-0002670,VD-000375,VD-000180,Telegram,2023-02-14,20:43,812.0,True,6,True
COMM-0002671,VD-000213,VD-000514,E-Mail,2023-01-03,02:56,2181.0,False,3,False
COMM-0002672,VD-000062,VD-000809,SMS,2023-07-28,07:10,,False,6,False
COMM-0002673,VD-000133,VD-000808,Brief,2024-02-08,19:54,,False,1,False
COMM-0002674,VD-000288,VD-000809,Signal,2023-07-15,23:40,2183.0,True,3,True
COMM-0002675,VD-000482,VD-000043,WhatsApp,2024-03-14,18:01,256.0,True,8,True
COMM-0002676,VD-000121,VD-000846,Signal,2023-01-24,19:21,416.0,False,10,False
COMM-0002677,VD-000732,VD-000827,WhatsApp,2023-04-30,14:10,,False,1,True
COMM-0002678,VD-000676,VD-000616,Telegram,2025-01-02,13:00,3520.0,False,2,True
COMM-0002679,VD-000936,VD-000790,Brief,2024-03-24,23:21,269.0,False,6,True
COMM-0002680,VD-000451,VD-000463,SMS,2023-12-15,06:24,2635.0,False,2,False
COMM-0002681,VD-000075,VD-000217,Telegram,2024-10-14,02:14,,True,4,False
COMM-0002682,VD-000922,VD-000205,WhatsApp,2025-10-27,18:44,965.0,True,5,False
COMM-0002683,VD-000068,VD-000380,Signal,2025-02-08,20:24,,True,3,False
COMM-0002684,VD-000042,VD-000164,Signal,2025-10-19,07:32,3541.0,False,3,False
COMM-0002685,VD-000108,VD-000976,Social Media,2025-05-21,08:30,1208.0,False,2,True
COMM-0002686,VD-000341,VD-000008,Signal,2025-06-15,00:50,3377.0,False,1,True
COMM-0002687,VD-000874,VD-000118,E-Mail,2025-03-04,06:02,3599.0,False,7,False
COMM-0002688,VD-000127,VD-000902,E-Mail,2023-03-06,16:40,,False,8,True
COMM-0002689,VD-000160,VD-000087,E-Mail,2023-07-05,04:30,628.0,False,2,True
COMM-0002690,VD-000151,VD-000437,Brief,2024-09-24,22:15,2807.0,False,2,True
COMM-0002691,VD-000182,VD-000139,Telegram,2023-08-29,12:06,2964.0,False,10,False
COMM-0002692,VD-000094,VD-000836,Persönlicher Kontakt,2025-09-01,00:13,1759.0,False,7,True
COMM-0002693,VD-000298,VD-000408,E-Mail,2024-11-21,05:33,2832.0,True,5,True
COMM-0002694,VD-000622,VD-000761,E-Mail,2023-12-10,14:51,1569.0,False,8,True
COMM-0002695,VD-000636,VD-000838,Signal,2023-06-13,17:56,2438.0,True,2,True
COMM-0002696,VD-000647,VD-000358,Telefonat,2024-02-07,12:30,1637.0,False,3,True
COMM-0002697,VD-000632,VD-000073,WhatsApp,2024-12-19,22:23,2270.0,False,8,True
COMM-0002698,VD-000132,VD-000477,Brief,2024-09-12,07:03,1317.0,False,5,True
COMM-0002699,VD-000613,VD-000696,Persönlicher Kontakt,2025-05-10,19:12,,False,4,False
COMM-0002700,VD-000890,VD-000029,Signal,2023-06-23,02:12,128.0,True,6,False
COMM-0002701,VD-000393,VD-000884,WhatsApp,2023-08-17,09:04,1418.0,False,2,True
COMM-0002702,VD-000791,VD-000296,E-Mail,2024-02-14,05:51,3466.0,False,5,True
COMM-0002703,VD-000121,VD-000432,Signal,2023-12-10,02:54,98.0,False,1,False
COMM-0002704,VD-000091,VD-000736,Signal,2024-06-17,00:29,930.0,False,5,True
COMM-0002705,VD-000336,VD-000767,Social Media,2025-06-23,04:36,3552.0,True,1,False
COMM-0002706,VD-000785,VD-000660,Telefonat,2023-11-03,15:58,59.0,True,2,False
COMM-0002707,VD-000128,VD-000943,Telefonat,2023-11-11,12:22,,True,4,True
COMM-0002708,VD-001000,VD-000615,Signal,2024-10-26,19:25,2627.0,True,9,False
COMM-0002709,VD-000360,VD-000502,Telefonat,2024-08-14,22:20,2719.0,True,6,True
COMM-0002710,VD-000474,VD-000352,Telefonat,2025-06-03,01:18,1463.0,False,2,False
COMM-0002711,VD-000285,VD-000569,Brief,2025-02-07,06:43,,True,3,False
COMM-0002712,VD-000734,VD-000830,WhatsApp,2024-01-07,17:33,2698.0,True,6,True
COMM-0002713,VD-000715,VD-000011,Telefonat,2023-02-09,09:26,,False,2,False
COMM-0002714,VD-000879,VD-000668,Brief,2024-11-23,16:40,944.0,True,1,False
COMM-0002715,VD-000491,VD-000100,Signal,2025-07-25,00:17,1720.0,True,7,True
COMM-0002716,VD-000166,VD-000732,Signal,2023-12-07,10:12,2118.0,True,2,False
COMM-0002717,VD-000974,VD-000043,Brief,2023-01-17,20:30,2844.0,False,4,True
COMM-0002718,VD-000027,VD-000261,E-Mail,2023-11-29,12:10,1441.0,False,4,False
COMM-0002719,VD-000998,VD-000982,Persönlicher Kontakt,2024-10-12,16:44,,False,3,False
COMM-0002720,VD-000732,VD-000191,SMS,2023-06-21,16:41,606.0,False,1,False
COMM-0002721,VD-000433,VD-000927,E-Mail,2023-06-07,21:18,3381.0,True,8,True
COMM-0002722,VD-000621,VD-000201,E-Mail,2025-01-29,17:07,3373.0,False,7,False
COMM-0002723,VD-000920,VD-000939,E-Mail,2023-04-18,23:46,2703.0,False,10,True
COMM-0002724,VD-000236,VD-000126,Telegram,2023-10-26,18:38,404.0,False,8,False
COMM-0002725,VD-000943,VD-000383,Brief,2025-03-04,22:01,,True,7,True
COMM-0002726,VD-000691,VD-000192,Social Media,2024-03-29,21:14,,True,4,False
COMM-0002727,VD-000140,VD-000785,Telefonat,2025-01-01,17:42,,False,10,False
COMM-0002728,VD-000024,VD-000503,Signal,2024-11-24,17:49,,False,10,False
COMM-0002729,VD-000376,VD-000846,Social Media,2024-04-27,16:53,2744.0,True,5,False
COMM-0002730,VD-000446,VD-000491,E-Mail,2023-08-10,18:41,2829.0,True,4,False
COMM-0002731,VD-000938,VD-000343,WhatsApp,2023-03-21,11:59,753.0,True,6,False
COMM-0002732,VD-000935,VD-000148,WhatsApp,2024-08-11,12:28,3206.0,True,6,False
COMM-0002733,VD-000037,VD-000665,Telegram,2023-12-11,23:45,3335.0,False,10,False
COMM-0002734,VD-000957,VD-000479,Persönlicher Kontakt,2024-10-10,00:07,,True,9,False
COMM-0002735,VD-000936,VD-000557,SMS,2023-11-04,18:47,1586.0,False,10,False
COMM-0002736,VD-000982,VD-000920,E-Mail,2023-01-12,23:04,1564.0,True,5,True
COMM-0002737,VD-000825,VD-000024,SMS,2025-08-23,05:23,2671.0,False,3,False
COMM-0002738,VD-000219,VD-000692,SMS,2025-05-22,15:26,,False,8,False
COMM-0002739,VD-000768,VD-000272,Social Media,2023-07-02,07:06,3446.0,True,6,True
COMM-0002740,VD-000061,VD-000850,Persönlicher Kontakt,2025-05-03,09:16,201.0,True,9,True
COMM-0002741,VD-000461,VD-000640,Telegram,2023-03-27,08:24,3596.0,False,10,False
COMM-0002742,VD-000312,VD-000834,Brief,2023-06-16,20:29,374.0,False,7,True
COMM-0002743,VD-000255,VD-000254,Telefonat,2023-11-13,11:10,,False,9,True
COMM-0002744,VD-000143,VD-000012,Brief,2023-11-11,20:55,1857.0,False,9,True
COMM-0002745,VD-000695,VD-000138,Signal,2023-05-27,15:47,,True,7,False
COMM-0002746,VD-000673,VD-000703,SMS,2023-02-14,14:19,1687.0,True,9,False
COMM-0002747,VD-000895,VD-000193,Social Media,2024-11-24,20:02,3424.0,True,5,True
COMM-0002748,VD-000421,VD-000545,Telegram,2025-05-09,22:09,608.0,True,10,True
COMM-0002749,VD-000175,VD-000193,Signal,2023-12-21,12:13,2554.0,False,6,False
COMM-0002750,VD-000608,VD-000032,Persönlicher Kontakt,2025-09-21,06:32,3000.0,False,2,False
COMM-0002751,VD-000210,VD-000872,SMS,2024-04-16,03:52,2119.0,True,4,True
COMM-0002752,VD-000744,VD-000659,Social Media,2024-09-13,22:41,,False,9,True
COMM-0002753,VD-000151,VD-000521,Social Media,2023-05-21,05:42,2400.0,True,3,True
COMM-0002754,VD-000268,VD-000897,Telefonat,2024-07-04,16:52,854.0,False,5,False
COMM-0002755,VD-000263,VD-000545,Persönlicher Kontakt,2024-08-12,17:39,2276.0,True,10,True
COMM-0002756,VD-000400,VD-000716,Brief,2023-10-23,03:45,,False,9,True
COMM-0002757,VD-000799,VD-000865,Social Media,2024-09-26,22:49,,True,4,False
COMM-0002758,VD-000152,VD-000950,WhatsApp,2023-12-07,17:37,,False,1,True
COMM-0002759,VD-000425,VD-000585,Telefonat,2024-02-04,08:45,,True,6,True
COMM-0002760,VD-000481,VD-000170,Signal,2025-01-21,02:50,1130.0,False,8,True
COMM-0002761,VD-000961,VD-000257,Persönlicher Kontakt,2023-06-04,17:56,,False,8,True
COMM-0002762,VD-000329,VD-000430,WhatsApp,2025-05-29,05:01,,False,5,False
COMM-0002763,VD-000800,VD-000063,SMS,2023-10-21,08:31,214.0,True,6,True
COMM-0002764,VD-000696,VD-000033,E-Mail,2023-10-15,05:47,342.0,False,3,False
COMM-0002765,VD-000157,VD-000139,WhatsApp,2024-06-06,04:42,1520.0,True,8,True
COMM-0002766,VD-000037,VD-000053,Signal,2025-02-28,06:12,,True,6,False
COMM-0002767,VD-000240,VD-000690,Telefonat,2025-03-28,05:12,3376.0,False,1,True
COMM-0002768,VD-000073,VD-000001,Signal,2023-01-10,18:57,1793.0,False,9,True
COMM-0002769,VD-000148,VD-000918,Signal,2025-06-06,05:36,,False,8,True
COMM-0002770,VD-000163,VD-000841,E-Mail,2024-06-25,01:13,3157.0,True,4,True
COMM-0002771,VD-000091,VD-000488,Telefonat,2025-01-03,22:30,1818.0,False,6,False
COMM-0002772,VD-000476,VD-000002,Telegram,2025-10-19,16:42,,True,2,False
COMM-0002773,VD-000196,VD-000143,WhatsApp,2025-05-19,14:15,281.0,True,7,False
COMM-0002774,VD-000398,VD-000651,Telefonat,2023-11-03,15:56,,True,2,True
COMM-0002775,VD-000514,VD-000128,Signal,2025-05-16,23:19,2738.0,False,5,False
COMM-0002776,VD-000675,VD-000147,WhatsApp,2024-12-18,14:52,1262.0,False,9,True
COMM-0002777,VD-000574,VD-000606,Brief,2023-08-07,03:09,453.0,False,6,False
COMM-0002778,VD-000235,VD-000310,Telegram,2024-12-14,08:55,,True,4,True
COMM-0002779,VD-000794,VD-000234,E-Mail,2023-08-29,22:42,62.0,True,1,True
COMM-0002780,VD-000083,VD-000296,E-Mail,2025-07-03,09:19,2710.0,False,7,True
COMM-0002781,VD-000896,VD-000477,Telefonat,2025-07-26,23:16,1728.0,False,10,True
COMM-0002782,VD-000647,VD-000259,Persönlicher Kontakt,2024-06-11,01:09,2420.0,True,1,False
COMM-0002783,VD-000090,VD-000948,WhatsApp,2023-12-10,06:16,2236.0,False,8,False
COMM-0002784,VD-000311,VD-000582,SMS,2024-05-11,16:35,2980.0,False,5,False
COMM-0002785,VD-000842,VD-000590,E-Mail,2024-06-28,13:44,2636.0,True,3,True
COMM-0002786,VD-000122,VD-000860,Signal,2024-06-16,15:04,2116.0,True,5,True
COMM-0002787,VD-000092,VD-000071,Telefonat,2024-09-16,11:35,2204.0,True,9,False
COMM-0002788,VD-000266,VD-000576,Telefonat,2023-10-17,13:56,1427.0,False,7,False
COMM-0002789,VD-000563,VD-000973,Telegram,2025-04-14,21:01,2228.0,True,2,True
COMM-0002790,VD-000417,VD-000016,SMS,2025-06-05,23:32,,False,1,True
COMM-0002791,VD-000985,VD-000364,SMS,2023-11-28,09:23,128.0,True,1,True
COMM-0002792,VD-000289,VD-000186,Telegram,2025-01-21,07:07,,True,2,False
COMM-0002793,VD-000135,VD-000667,Brief,2023-08-15,16:01,2355.0,False,3,True
COMM-0002794,VD-000623,VD-000056,Persönlicher Kontakt,2023-03-12,05:00,,True,8,True
COMM-0002795,VD-000447,VD-000246,Telegram,2023-04-14,08:15,623.0,True,4,False
COMM-0002796,VD-000100,VD-000675,SMS,2023-08-27,05:36,1739.0,False,1,False
COMM-0002797,VD-000895,VD-000045,Signal,2023-09-22,03:21,949.0,True,2,False
COMM-0002798,VD-000814,VD-000089,Telegram,2024-08-10,09:26,3090.0,True,4,True
COMM-0002799,VD-000009,VD-000047,Social Media,2023-07-30,07:03,1729.0,True,4,False
COMM-0002800,VD-000653,VD-000966,Brief,2024-02-22,00:13,3163.0,False,2,False
COMM-0002801,VD-000146,VD-000236,Signal,2023-11-12,18:15,3426.0,False,3,True
COMM-0002802,VD-000273,VD-000897,Telefonat,2025-10-08,20:59,537.0,True,9,False
COMM-0002803,VD-000381,VD-000303,Signal,2023-12-27,13:53,1892.0,True,8,True
COMM-0002804,VD-000914,VD-000729,Social Media,2025-08-08,22:01,,False,3,False
COMM-0002805,VD-000800,VD-000597,Social Media,2023-06-03,22:29,600.0,True,6,False
COMM-0002806,VD-000850,VD-000250,Telegram,2025-08-28,04:05,,False,8,False
COMM-0002807,VD-000723,VD-000539,Brief,2024-08-05,03:55,309.0,True,6,False
COMM-0002808,VD-000246,VD-000020,Social Media,2025-06-22,20:58,682.0,False,4,True
COMM-0002809,VD-000376,VD-000698,Social Media,2024-10-06,02:33,2077.0,True,6,False
COMM-0002810,VD-000405,VD-000883,Signal,2024-02-15,18:30,30.0,False,6,False
COMM-0002811,VD-000406,VD-000627,E-Mail,2023-09-30,04:24,3438.0,False,3,True
COMM-0002812,VD-000181,VD-000823,SMS,2023-10-21,07:27,,False,10,False
COMM-0002813,VD-000491,VD-000051,E-Mail,2023-11-28,07:31,2567.0,False,4,False
COMM-0002814,VD-000798,VD-000961,E-Mail,2024-03-18,04:47,,False,7,True
COMM-0002815,VD-000285,VD-000382,Brief,2024-07-16,04:52,1599.0,True,9,False
COMM-0002816,VD-000599,VD-000414,Brief,2025-08-28,19:10,1419.0,False,10,False
COMM-0002817,VD-000083,VD-000512,Brief,2023-01-08,11:41,2917.0,False,7,True
COMM-0002818,VD-000754,VD-000127,Brief,2023-11-29,02:18,1085.0,True,9,True
COMM-0002819,VD-000031,VD-000349,Social Media,2024-10-04,06:59,503.0,False,7,True
COMM-0002820,VD-000671,VD-000522,Telegram,2023-07-18,03:30,2050.0,False,9,True
COMM-0002821,VD-000564,VD-000407,WhatsApp,2023-07-30,13:59,3556.0,True,8,False
COMM-0002822,VD-000658,VD-000581,WhatsApp,2025-04-18,21:27,3175.0,False,4,True
COMM-0002823,VD-000104,VD-000310,Signal,2025-08-21,17:50,2338.0,True,9,False
COMM-0002824,VD-000156,VD-000826,Signal,2024-04-20,02:17,1177.0,False,1,False
COMM-0002825,VD-000964,VD-000478,Persönlicher Kontakt,2023-04-07,08:59,2640.0,True,4,False
COMM-0002826,VD-000530,VD-000623,Telegram,2023-05-27,09:38,162.0,False,1,False
COMM-0002827,VD-000936,VD-000725,Telegram,2024-11-22,17:50,512.0,True,6,False
COMM-0002828,VD-000800,VD-000726,Signal,2025-09-01,18:45,792.0,False,4,False
COMM-0002829,VD-000777,VD-000086,E-Mail,2025-05-09,20:53,3469.0,False,6,False
COMM-0002830,VD-000191,VD-000076,Telegram,2024-01-02,12:12,3109.0,True,9,False
COMM-0002831,VD-000950,VD-000077,Persönlicher Kontakt,2023-09-10,04:20,2474.0,True,10,True
COMM-0002832,VD-000357,VD-000059,Social Media,2024-03-23,07:10,829.0,True,4,False
COMM-0002833,VD-000748,VD-000421,Persönlicher Kontakt,2023-06-11,21:56,234.0,False,5,False
COMM-0002834,VD-000771,VD-000259,WhatsApp,2024-08-15,19:50,578.0,True,7,True
COMM-0002835,VD-000058,VD-000276,Social Media,2023-05-18,12:20,743.0,False,8,False
COMM-0002836,VD-000341,VD-000335,Telefonat,2025-09-08,14:06,2780.0,True,3,False
COMM-0002837,VD-000664,VD-000734,Telefonat,2024-11-30,17:19,942.0,True,4,False
COMM-0002838,VD-000593,VD-000477,E-Mail,2024-07-11,15:52,1516.0,False,7,False
COMM-0002839,VD-000496,VD-000822,Telefonat,2023-05-06,18:05,1716.0,True,8,True
COMM-0002840,VD-000983,VD-000846,Persönlicher Kontakt,2024-07-20,00:38,,False,7,False
COMM-0002841,VD-000570,VD-000021,Telegram,2025-01-17,17:13,281.0,True,4,False
COMM-0002842,VD-000477,VD-000694,Signal,2023-03-26,09:55,2987.0,True,2,True
COMM-0002843,VD-000291,VD-000118,Telefonat,2023-11-12,22:08,1741.0,False,1,False
COMM-0002844,VD-000299,VD-000628,Social Media,2024-04-04,20:40,2667.0,False,2,True
COMM-0002845,VD-000371,VD-000095,SMS,2023-10-15,18:00,,False,2,True
COMM-0002846,VD-000723,VD-000083,Persönlicher Kontakt,2025-03-16,14:08,2154.0,False,8,True
COMM-0002847,VD-000771,VD-000673,Brief,2023-01-01,22:47,1026.0,True,5,True
COMM-0002848,VD-000419,VD-000829,SMS,2024-12-28,03:24,2580.0,True,8,True
COMM-0002849,VD-000664,VD-000526,Brief,2024-04-21,22:05,2124.0,True,9,False
COMM-0002850,VD-000193,VD-000176,Persönlicher Kontakt,2024-05-11,16:30,1686.0,True,8,False
COMM-0002851,VD-000060,VD-000408,Telefonat,2024-05-05,23:12,2866.0,True,8,True
COMM-0002852,VD-000009,VD-000874,Telegram,2025-05-13,14:29,984.0,True,8,False
COMM-0002853,VD-000537,VD-000648,Social Media,2024-01-04,04:49,,False,1,False
COMM-0002854,VD-000859,VD-000608,Telefonat,2024-09-19,10:32,,False,1,False
COMM-0002855,VD-000903,VD-000615,SMS,2023-05-22,20:22,2278.0,True,5,False
COMM-0002856,VD-000267,VD-000857,Signal,2024-01-10,08:26,2004.0,False,3,True
COMM-0002857,VD-000544,VD-000186,SMS,2023-01-31,18:06,1166.0,True,9,True
COMM-0002858,VD-000026,VD-000982,Social Media,2023-12-25,19:49,3256.0,True,10,True
COMM-0002859,VD-000418,VD-000051,SMS,2023-08-06,04:24,1802.0,False,4,False
COMM-0002860,VD-000135,VD-000870,E-Mail,2024-03-21,15:01,1784.0,False,9,True
COMM-0002861,VD-000084,VD-000741,WhatsApp,2025-08-15,22:15,1705.0,False,7,False
COMM-0002862,VD-000606,VD-000309,SMS,2023-09-13,18:52,1731.0,False,9,True
COMM-0002863,VD-000650,VD-000810,Signal,2023-08-30,19:56,2114.0,True,5,False
COMM-0002864,VD-000771,VD-000953,Social Media,2025-02-01,19:29,1876.0,False,1,False
COMM-0002865,VD-000857,VD-000005,Brief,2023-02-10,22:33,,True,10,False
COMM-0002866,VD-000616,VD-000598,E-Mail,2024-11-12,20:12,1034.0,False,6,False
COMM-0002867,VD-000590,VD-000254,SMS,2024-03-21,05:53,1837.0,True,10,False
COMM-0002868,VD-000963,VD-000036,Persönlicher Kontakt,2024-01-09,16:34,267.0,False,8,False
COMM-0002869,VD-000846,VD-000832,SMS,2024-01-23,20:11,1204.0,False,4,False
COMM-0002870,VD-000575,VD-000107,E-Mail,2023-01-12,13:47,2137.0,True,8,True
COMM-0002871,VD-000452,VD-000454,Telegram,2023-04-04,16:22,,True,2,False
COMM-0002872,VD-000110,VD-000445,Brief,2024-10-18,12:50,1023.0,False,3,False
COMM-0002873,VD-000250,VD-000374,SMS,2023-01-06,02:03,,False,2,False
COMM-0002874,VD-000008,VD-000881,WhatsApp,2023-12-13,16:32,,True,7,False
COMM-0002875,VD-000865,VD-000124,Persönlicher Kontakt,2025-06-25,04:04,,False,5,True
COMM-0002876,VD-000528,VD-000567,Brief,2024-08-03,09:25,410.0,True,6,True
COMM-0002877,VD-000250,VD-000920,Brief,2023-12-21,13:30,2051.0,True,6,False
COMM-0002878,VD-000355,VD-000351,E-Mail,2025-06-13,00:20,,True,8,False
COMM-0002879,VD-000937,VD-000621,Telefonat,2025-03-30,13:48,3182.0,False,5,True
COMM-0002880,VD-000632,VD-000001,Telegram,2025-02-02,08:00,3327.0,True,4,False
COMM-0002881,VD-000077,VD-000341,E-Mail,2023-10-31,13:02,1652.0,False,5,True
COMM-0002882,VD-000143,VD-000190,Telefonat,2025-05-17,06:16,2632.0,False,4,False
COMM-0002883,VD-000510,VD-000458,SMS,2024-05-30,20:24,3179.0,True,5,True
COMM-0002884,VD-000480,VD-000867,WhatsApp,2025-01-22,10:34,1094.0,False,5,True
COMM-0002885,VD-000320,VD-000415,SMS,2023-09-16,21:51,1890.0,True,10,True
COMM-0002886,VD-000135,VD-000582,Telefonat,2025-09-02,16:36,,True,4,True
COMM-0002887,VD-000193,VD-000370,Signal,2023-08-06,17:41,92.0,True,10,True
COMM-0002888,VD-000733,VD-000237,E-Mail,2023-01-08,20:22,687.0,False,5,False
COMM-0002889,VD-000882,VD-000887,Telegram,2024-06-07,15:49,2750.0,False,2,False
COMM-0002890,VD-000340,VD-000544,Signal,2024-01-09,15:39,998.0,False,8,True
COMM-0002891,VD-000358,VD-000095,E-Mail,2025-06-30,08:04,1818.0,False,3,False
COMM-0002892,VD-000042,VD-000603,E-Mail,2024-11-11,01:15,,True,10,False
COMM-0002893,VD-000810,VD-000142,Social Media,2023-12-14,10:00,610.0,False,8,True
COMM-0002894,VD-000172,VD-000507,Persönlicher Kontakt,2025-01-13,07:45,3548.0,False,1,True
COMM-0002895,VD-000364,VD-000043,Social Media,2024-08-07,06:51,1039.0,False,3,True
COMM-0002896,VD-000431,VD-000589,Signal,2025-08-06,06:51,2231.0,True,3,True
COMM-0002897,VD-000479,VD-000536,WhatsApp,2025-11-04,05:53,2381.0,False,1,True
COMM-0002898,VD-000478,VD-000366,Social Media,2025-04-11,16:04,,False,3,False
COMM-0002899,VD-000947,VD-000495,Persönlicher Kontakt,2023-03-02,11:38,1469.0,False,10,True
COMM-0002900,VD-000607,VD-000363,WhatsApp,2023-04-27,18:45,2641.0,False,1,False
COMM-0002901,VD-000941,VD-000064,WhatsApp,2025-08-26,23:18,,True,10,False
COMM-0002902,VD-000596,VD-000114,Telegram,2023-05-22,10:34,725.0,False,1,True
COMM-0002903,VD-000894,VD-000417,Social Media,2023-03-08,01:33,1670.0,True,7,False
COMM-0002904,VD-000729,VD-000662,SMS,2023-11-19,07:45,953.0,True,8,True
COMM-0002905,VD-000610,VD-000366,E-Mail,2025-04-13,02:22,112.0,False,7,False
COMM-0002906,VD-000340,VD-000682,E-Mail,2024-04-16,13:36,2328.0,True,2,False
COMM-0002907,VD-000635,VD-000650,Brief,2025-10-30,11:18,351.0,True,10,False
COMM-0002908,VD-000342,VD-000811,Persönlicher Kontakt,2025-09-30,07:45,2119.0,False,10,True
COMM-0002909,VD-000188,VD-000231,Signal,2024-03-18,12:39,395.0,True,8,True
COMM-0002910,VD-000509,VD-000155,Persönlicher Kontakt,2023-03-17,08:23,769.0,True,2,True
COMM-0002911,VD-000084,VD-000060,Persönlicher Kontakt,2023-10-09,19:18,,False,3,False
COMM-0002912,VD-000257,VD-000420,Telegram,2023-04-17,16:31,583.0,False,9,False
COMM-0002913,VD-000331,VD-000847,Social Media,2024-04-18,21:26,1467.0,True,4,False
COMM-0002914,VD-000839,VD-000939,Telefonat,2024-01-27,13:08,1867.0,True,9,True
COMM-0002915,VD-000158,VD-000609,Social Media,2023-07-21,10:24,,True,2,False
COMM-0002916,VD-000900,VD-000442,Signal,2025-02-02,01:08,,False,8,False
COMM-0002917,VD-000461,VD-000581,SMS,2023-05-21,12:46,3549.0,False,10,False
COMM-0002918,VD-000875,VD-000097,SMS,2025-09-19,05:20,1848.0,True,9,False
COMM-0002919,VD-000470,VD-000497,Telegram,2023-09-22,06:22,1789.0,False,10,True
COMM-0002920,VD-000156,VD-000082,Social Media,2025-04-20,07:21,3492.0,True,5,True
COMM-0002921,VD-000704,VD-000108,Persönlicher Kontakt,2025-02-16,02:44,,False,7,True
COMM-0002922,VD-000229,VD-000625,E-Mail,2023-09-23,08:22,1231.0,True,3,True
COMM-0002923,VD-000889,VD-000932,Persönlicher Kontakt,2023-03-29,14:39,3231.0,True,9,False
COMM-0002924,VD-000202,VD-000369,Telegram,2025-10-17,01:20,,False,6,False
COMM-0002925,VD-000122,VD-000887,Telefonat,2024-11-21,12:06,,True,9,False
COMM-0002926,VD-000593,VD-000816,Telegram,2024-07-05,03:15,3511.0,True,5,True
COMM-0002927,VD-000710,VD-000140,Persönlicher Kontakt,2025-08-02,03:11,2952.0,True,3,False
COMM-0002928,VD-000218,VD-000169,Persönlicher Kontakt,2024-10-24,22:10,270.0,True,1,False
COMM-0002929,VD-000594,VD-000049,Brief,2025-06-09,12:19,2722.0,False,3,True
COMM-0002930,VD-000355,VD-000306,Social Media,2024-09-17,09:25,98.0,False,9,True
COMM-0002931,VD-000689,VD-000714,SMS,2023-03-21,06:09,,True,4,True
COMM-0002932,VD-000821,VD-000345,WhatsApp,2024-06-25,22:31,1507.0,True,3,True
COMM-0002933,VD-000241,VD-000152,Telegram,2023-01-02,08:06,981.0,True,3,True
COMM-0002934,VD-000772,VD-000821,Signal,2024-06-20,15:30,881.0,True,8,True
COMM-0002935,VD-000004,VD-000547,Persönlicher Kontakt,2025-09-06,06:32,2408.0,False,3,False
COMM-0002936,VD-000853,VD-000465,E-Mail,2025-03-26,02:05,,True,1,True
COMM-0002937,VD-000259,VD-000157,Persönlicher Kontakt,2024-10-25,18:48,72.0,True,10,False
COMM-0002938,VD-000885,VD-000438,Social Media,2024-09-13,15:14,1377.0,False,2,False
COMM-0002939,VD-000317,VD-000955,WhatsApp,2023-09-06,22:40,1436.0,False,8,False
COMM-0002940,VD-000127,VD-000726,Telegram,2023-01-11,01:23,560.0,False,5,True
COMM-0002941,VD-000404,VD-000239,Signal,2023-11-13,01:56,720.0,False,4,False
COMM-0002942,VD-000859,VD-000245,Persönlicher Kontakt,2023-05-02,17:54,,False,8,False
COMM-0002943,VD-000028,VD-000783,WhatsApp,2024-04-28,05:31,,False,4,True
COMM-0002944,VD-000467,VD-000355,Telefonat,2023-11-04,21:28,2261.0,False,1,False
COMM-0002945,VD-000993,VD-000169,Brief,2024-08-08,12:00,1050.0,False,2,True
COMM-0002946,VD-000808,VD-000249,Social Media,2025-10-20,12:13,1445.0,False,7,True
COMM-0002947,VD-000983,VD-000363,Signal,2023-07-15,20:39,791.0,True,5,True
COMM-0002948,VD-000093,VD-000796,Telefonat,2025-02-25,15:58,2645.0,False,8,True
COMM-0002949,VD-000063,VD-000628,Signal,2025-11-07,01:59,,True,8,True
COMM-0002950,VD-000696,VD-000150,Telefonat,2023-05-24,22:54,516.0,False,8,True
COMM-0002951,VD-000236,VD-000593,Telegram,2024-09-25,04:21,1990.0,False,6,True
COMM-0002952,VD-000533,VD-000899,E-Mail,2024-03-21,21:55,1183.0,False,3,True
COMM-0002953,VD-000824,VD-000833,Signal,2024-05-28,08:51,3158.0,False,7,False
COMM-0002954,VD-000325,VD-000292,Telefonat,2025-08-18,02:29,189.0,False,5,True
COMM-0002955,VD-000050,VD-000154,Telefonat,2024-04-26,10:22,573.0,True,5,True
COMM-0002956,VD-000425,VD-000482,Telegram,2023-01-22,07:12,,True,2,True
COMM-0002957,VD-000745,VD-000915,Persönlicher Kontakt,2023-02-02,20:20,,True,3,True
COMM-0002958,VD-000235,VD-000167,WhatsApp,2023-07-16,00:18,691.0,False,5,True
COMM-0002959,VD-000587,VD-000106,Brief,2024-07-24,03:31,2596.0,True,4,True
COMM-0002960,VD-000738,VD-000812,Signal,2023-09-27,06:23,2259.0,True,7,True
COMM-0002961,VD-000863,VD-000017,WhatsApp,2023-12-09,13:23,1132.0,True,1,False
COMM-0002962,VD-000134,VD-000535,SMS,2024-12-31,23:42,2640.0,False,3,False
COMM-0002963,VD-000834,VD-000114,Brief,2023-08-21,02:42,,True,4,True
COMM-0002964,VD-000437,VD-000515,Social Media,2023-06-13,16:23,,True,7,True
COMM-0002965,VD-000477,VD-000102,Signal,2023-10-29,09:43,3403.0,False,7,False
COMM-0002966,VD-000402,VD-000794,Telefonat,2023-08-22,06:22,,False,10,False
COMM-0002967,VD-000305,VD-000446,E-Mail,2024-09-17,11:27,557.0,True,4,False
COMM-0002968,VD-000682,VD-000990,Signal,2024-03-17,08:01,1126.0,True,5,False
COMM-0002969,VD-000472,VD-000993,Social Media,2023-07-02,16:47,69.0,True,8,True
COMM-0002970,VD-000072,VD-000023,Brief,2024-01-12,03:16,322.0,True,4,False
COMM-0002971,VD-000978,VD-000742,Telegram,2023-03-22,04:43,,True,10,True
COMM-0002972,VD-000426,VD-000989,Signal,2023-02-16,23:58,3224.0,True,10,False
COMM-0002973,VD-000390,VD-000090,Persönlicher Kontakt,2023-05-02,09:33,3463.0,False,5,True
COMM-0002974,VD-000321,VD-000483,Brief,2023-07-31,21:40,,False,3,True
COMM-0002975,VD-000181,VD-000616,SMS,2024-02-11,01:54,1647.0,False,8,False
COMM-0002976,VD-000753,VD-000777,Brief,2024-05-15,15:41,1880.0,True,1,False
COMM-0002977,VD-000790,VD-000145,SMS,2025-03-03,22:48,1048.0,False,8,True
COMM-0002978,VD-000692,VD-000865,Brief,2025-05-28,05:26,1000.0,True,5,True
COMM-0002979,VD-000134,VD-000123,Telefonat,2025-09-19,10:33,2224.0,True,1,True
COMM-0002980,VD-000725,VD-000037,SMS,2025-03-20,11:22,148.0,True,6,False
COMM-0002981,VD-000523,VD-000951,Signal,2024-03-09,06:07,2531.0,True,5,False
COMM-0002982,VD-000954,VD-000735,Brief,2024-09-21,21:24,1670.0,True,5,True
COMM-0002983,VD-000190,VD-000110,SMS,2025-06-26,10:49,2881.0,True,1,True
COMM-0002984,VD-000514,VD-000461,E-Mail,2025-06-08,12:16,,False,2,False
COMM-0002985,VD-000221,VD-000447,E-Mail,2024-09-20,14:50,3086.0,True,2,True
COMM-0002986,VD-000105,VD-000306,Signal,2025-08-26,19:45,,True,3,True
COMM-0002987,VD-000594,VD-000515,Signal,2025-07-28,18:18,,False,2,True
COMM-0002988,VD-000725,VD-000341,Persönlicher Kontakt,2023-05-19,18:57,453.0,True,9,False
COMM-0002989,VD-000698,VD-000086,Brief,2023-07-26,13:41,2843.0,False,10,False
COMM-0002990,VD-000123,VD-000890,SMS,2025-09-07,18:26,,True,1,False
COMM-0002991,VD-000901,VD-000391,Social Media,2024-10-16,02:21,1231.0,True,7,False
COMM-0002992,VD-000340,VD-000139,Social Media,2023-08-17,23:13,1754.0,False,3,False
COMM-0002993,VD-000188,VD-000392,Persönlicher Kontakt,2023-11-10,09:00,,True,5,True
COMM-0002994,VD-000413,VD-000180,Signal,2025-09-07,13:45,646.0,True,2,True
COMM-0002995,VD-000594,VD-000047,Telegram,2023-05-20,10:56,2015.0,False,6,True
COMM-0002996,VD-000415,VD-000510,SMS,2025-03-23,08:47,1614.0,True,10,False
COMM-0002997,VD-000526,VD-000990,Telegram,2025-06-09,10:31,,False,2,True
COMM-0002998,VD-000115,VD-000685,Brief,2024-12-12,07:00,2749.0,True,8,False
COMM-0002999,VD-000360,VD-000651,Persönlicher Kontakt,2024-04-05,07:56,,True,1,True
COMM-0003000,VD-000768,VD-000776,Signal,2025-02-28,01:05,2545.0,True,6,False
COMM-0003001,VD-000639,VD-000695,Persönlicher Kontakt,2024-10-25,07:51,3295.0,False,4,False
COMM-0003002,VD-000098,VD-000292,Brief,2024-01-04,14:57,78.0,True,9,True
COMM-0003003,VD-000971,VD-000220,Telefonat,2025-04-16,00:00,1689.0,False,5,False
COMM-0003004,VD-000442,VD-000521,E-Mail,2024-07-05,02:08,2011.0,False,7,False
COMM-0003005,VD-000041,VD-000118,Brief,2024-02-29,15:02,,True,5,False
COMM-0003006,VD-000282,VD-000843,Persönlicher Kontakt,2025-08-23,10:10,3206.0,True,1,True
COMM-0003007,VD-000696,VD-000357,Persönlicher Kontakt,2023-12-30,03:14,,True,7,False
COMM-0003008,VD-000446,VD-000080,Telefonat,2025-09-13,08:55,,False,9,False
COMM-0003009,VD-000828,VD-000352,SMS,2023-08-01,07:36,821.0,False,2,False
COMM-0003010,VD-000763,VD-000923,Brief,2025-06-10,08:54,766.0,False,6,True
COMM-0003011,VD-000406,VD-000811,Telegram,2024-10-06,02:27,1301.0,True,6,False
COMM-0003012,VD-000665,VD-000306,WhatsApp,2023-05-16,15:16,789.0,True,3,False
COMM-0003013,VD-000816,VD-000350,WhatsApp,2024-07-15,16:41,,False,10,False
COMM-0003014,VD-000389,VD-000416,Brief,2025-04-20,21:00,1405.0,False,2,False
COMM-0003015,VD-000531,VD-000613,E-Mail,2025-04-10,20:27,2103.0,False,2,False
COMM-0003016,VD-000810,VD-000864,Signal,2023-12-06,04:43,,True,7,False
COMM-0003017,VD-000605,VD-000103,E-Mail,2023-07-28,04:54,2654.0,False,7,True
COMM-0003018,VD-000266,VD-000199,Telefonat,2025-05-15,20:10,1997.0,True,2,False
COMM-0003019,VD-000177,VD-000464,WhatsApp,2023-06-27,06:24,,True,3,True
COMM-0003020,VD-000203,VD-000879,WhatsApp,2024-11-09,23:46,2650.0,True,9,True
COMM-0003021,VD-000585,VD-000329,WhatsApp,2024-08-12,17:30,239.0,True,3,True
COMM-0003022,VD-000518,VD-000611,Telefonat,2024-06-08,04:49,1150.0,True,4,False
COMM-0003023,VD-000514,VD-000599,Persönlicher Kontakt,2024-01-14,12:36,1308.0,False,9,True
COMM-0003024,VD-000152,VD-000277,WhatsApp,2024-02-22,07:49,3511.0,False,8,True
COMM-0003025,VD-000717,VD-000491,WhatsApp,2025-03-25,01:40,,False,4,True
COMM-0003026,VD-000473,VD-000964,Social Media,2023-06-25,22:18,341.0,True,7,True
COMM-0003027,VD-000665,VD-000543,Signal,2024-09-02,18:45,,True,2,True
COMM-0003028,VD-000218,VD-000530,Social Media,2023-04-04,19:38,1429.0,False,7,False
COMM-0003029,VD-000042,VD-000393,E-Mail,2023-09-11,00:15,1182.0,False,1,True
COMM-0003030,VD-000489,VD-000471,WhatsApp,2025-08-06,21:22,1115.0,False,9,False
COMM-0003031,VD-000709,VD-000648,Social Media,2025-07-07,19:37,2065.0,False,1,True
COMM-0003032,VD-000633,VD-000048,Persönlicher Kontakt,2025-06-28,22:49,,False,5,False
COMM-0003033,VD-000911,VD-000011,Persönlicher Kontakt,2025-03-24,08:59,1044.0,False,5,False
COMM-0003034,VD-000384,VD-000419,Persönlicher Kontakt,2023-09-04,23:56,242.0,True,10,False
COMM-0003035,VD-000324,VD-000646,WhatsApp,2025-10-20,14:41,,True,6,True
COMM-0003036,VD-000806,VD-000468,Social Media,2024-10-19,12:42,,True,1,False
COMM-0003037,VD-000799,VD-000509,Social Media,2024-03-01,13:14,1571.0,True,1,True
COMM-0003038,VD-000895,VD-000466,Persönlicher Kontakt,2024-12-02,09:34,,False,5,True
COMM-0003039,VD-000769,VD-000283,WhatsApp,2023-08-26,07:30,1748.0,True,7,False
COMM-0003040,VD-000880,VD-000143,Telegram,2023-10-02,06:39,673.0,True,10,False
COMM-0003041,VD-000940,VD-000083,SMS,2024-05-17,03:20,558.0,True,9,True
COMM-0003042,VD-000297,VD-000717,Persönlicher Kontakt,2024-09-26,14:55,844.0,False,1,False
COMM-0003043,VD-000058,VD-000801,SMS,2024-07-21,03:10,1347.0,True,8,False
COMM-0003044,VD-000276,VD-000457,Persönlicher Kontakt,2023-07-05,00:54,3313.0,True,9,False
COMM-0003045,VD-000070,VD-000497,Social Media,2025-02-10,22:35,1288.0,True,4,True
COMM-0003046,VD-000902,VD-000875,Social Media,2025-08-26,01:07,,False,6,False
COMM-0003047,VD-000603,VD-000679,Signal,2023-04-30,08:19,2343.0,False,3,False
COMM-0003048,VD-000297,VD-000737,E-Mail,2025-03-03,08:16,834.0,True,3,True
COMM-0003049,VD-000270,VD-000927,Persönlicher Kontakt,2025-08-19,13:16,2829.0,False,6,True
COMM-0003050,VD-000730,VD-000189,Signal,2024-02-09,18:19,,False,1,False
COMM-0003051,VD-000358,VD-000630,Signal,2025-08-19,22:53,1610.0,False,2,True
COMM-0003052,VD-000177,VD-000839,Social Media,2023-09-13,01:58,,False,2,True
COMM-0003053,VD-000216,VD-000544,Signal,2024-10-08,06:25,,False,7,False
COMM-0003054,VD-000669,VD-000874,Brief,2025-01-24,08:53,2379.0,True,5,False
COMM-0003055,VD-000627,VD-000269,SMS,2024-12-25,10:04,328.0,True,3,True
COMM-0003056,VD-000721,VD-000586,Telefonat,2023-10-14,19:21,256.0,True,3,False
COMM-0003057,VD-000619,VD-000795,Brief,2023-05-29,10:50,3417.0,True,10,True
COMM-0003058,VD-000464,VD-000459,WhatsApp,2024-02-04,05:32,1811.0,False,3,False
COMM-0003059,VD-000939,VD-000184,Social Media,2023-05-28,08:01,1538.0,False,5,True
COMM-0003060,VD-000133,VD-000746,Brief,2024-05-02,05:58,53.0,True,8,False
COMM-0003061,VD-000594,VD-000116,WhatsApp,2024-07-08,21:14,3188.0,False,2,False
COMM-0003062,VD-000964,VD-000205,Social Media,2025-01-04,20:28,,True,6,False
COMM-0003063,VD-000630,VD-000912,E-Mail,2025-10-24,11:17,773.0,False,5,True
COMM-0003064,VD-000837,VD-000697,SMS,2025-07-30,16:27,,True,5,False
COMM-0003065,VD-000773,VD-000500,WhatsApp,2024-05-24,07:27,210.0,True,1,False
COMM-0003066,VD-000760,VD-000829,E-Mail,2023-01-02,11:04,,False,8,False
COMM-0003067,VD-000557,VD-000526,Social Media,2024-07-24,14:06,427.0,False,2,True
COMM-0003068,VD-000988,VD-000764,SMS,2023-03-05,08:20,,True,7,True
COMM-0003069,VD-000045,VD-000511,E-Mail,2024-11-09,22:36,,False,1,False
COMM-0003070,VD-000277,VD-000955,Telegram,2023-08-12,19:18,565.0,True,1,True
COMM-0003071,VD-000472,VD-000375,Telegram,2025-08-22,08:46,,True,10,True
COMM-0003072,VD-000537,VD-000371,E-Mail,2024-11-29,04:28,,True,7,False
COMM-0003073,VD-000071,VD-000972,E-Mail,2025-09-16,02:08,287.0,False,8,True
COMM-0003074,VD-000946,VD-000233,SMS,2025-02-28,01:14,,True,4,True
COMM-0003075,VD-000002,VD-000225,Signal,2025-09-26,03:58,1996.0,False,4,False
COMM-0003076,VD-000756,VD-000155,SMS,2024-06-23,23:13,2536.0,True,2,False
COMM-0003077,VD-000967,VD-000980,Brief,2025-03-07,02:23,151.0,False,1,False
COMM-0003078,VD-000430,VD-000836,Brief,2025-04-12,19:45,3404.0,False,9,True
COMM-0003079,VD-000314,VD-000406,Telegram,2025-06-15,07:32,3349.0,True,4,False
COMM-0003080,VD-000660,VD-000147,WhatsApp,2025-08-09,01:02,2521.0,True,6,False
COMM-0003081,VD-000942,VD-000673,Telefonat,2025-02-09,13:41,,False,5,True
COMM-0003082,VD-000966,VD-000846,E-Mail,2025-07-09,05:00,,False,9,False
COMM-0003083,VD-000289,VD-000545,Telefonat,2025-10-23,01:42,3574.0,False,5,False
COMM-0003084,VD-000366,VD-000186,Social Media,2025-09-10,01:29,748.0,True,2,False
COMM-0003085,VD-000807,VD-000596,Persönlicher Kontakt,2023-12-20,18:37,1416.0,False,10,True
COMM-0003086,VD-000277,VD-000128,WhatsApp,2024-04-01,17:07,913.0,True,5,True
COMM-0003087,VD-000841,VD-000284,Signal,2025-01-20,13:34,,False,10,False
COMM-0003088,VD-000126,VD-000779,Social Media,2023-04-09,19:42,3343.0,True,6,True
COMM-0003089,VD-000147,VD-000894,Brief,2025-10-29,04:13,502.0,False,8,False
COMM-0003090,VD-000606,VD-000916,Signal,2025-09-25,03:10,1219.0,True,8,False
COMM-0003091,VD-000222,VD-000674,Social Media,2024-03-22,05:06,167.0,False,2,True
COMM-0003092,VD-000288,VD-000743,Signal,2023-12-16,00:45,3141.0,False,5,False
COMM-0003093,VD-000246,VD-000814,Telegram,2024-01-10,03:26,138.0,True,9,True
COMM-0003094,VD-000402,VD-000835,Brief,2023-05-31,10:40,3020.0,True,3,True
COMM-0003095,VD-000780,VD-000610,E-Mail,2023-02-01,08:25,,False,3,False
COMM-0003096,VD-000835,VD-000160,Brief,2024-02-25,08:36,3033.0,False,7,True
COMM-0003097,VD-000552,VD-000331,WhatsApp,2023-12-11,18:15,,True,4,True
COMM-0003098,VD-000042,VD-000576,E-Mail,2023-04-12,01:57,2943.0,False,9,True
COMM-0003099,VD-000692,VD-000685,Brief,2023-02-28,12:38,,True,4,False
COMM-0003100,VD-000661,VD-000131,SMS,2023-04-30,19:27,,True,9,False
COMM-0003101,VD-000397,VD-000159,Telegram,2025-08-16,15:50,,False,6,True
COMM-0003102,VD-000532,VD-000709,SMS,2023-03-20,10:49,,False,1,True
COMM-0003103,VD-000077,VD-000052,Social Media,2024-03-01,05:28,1013.0,True,7,False
COMM-0003104,VD-000598,VD-000885,Brief,2023-02-02,10:23,1548.0,True,5,True
COMM-0003105,VD-000952,VD-000020,WhatsApp,2023-02-04,09:01,1098.0,False,5,False
COMM-0003106,VD-000232,VD-000083,Brief,2025-06-19,16:32,2277.0,False,4,True
COMM-0003107,VD-000443,VD-000818,Social Media,2024-12-06,05:14,314.0,False,6,False
COMM-0003108,VD-000225,VD-000663,Signal,2025-03-15,06:42,,True,2,False
COMM-0003109,VD-000220,VD-000036,E-Mail,2023-07-11,15:19,1611.0,False,10,False
COMM-0003110,VD-000429,VD-000156,Social Media,2024-10-16,14:23,,True,5,True
COMM-0003111,VD-000748,VD-000428,SMS,2025-06-04,19:09,3097.0,True,1,True
COMM-0003112,VD-000504,VD-000140,E-Mail,2024-10-04,19:12,838.0,True,7,True
COMM-0003113,VD-000225,VD-000407,Social Media,2024-11-16,11:31,1163.0,True,1,True
COMM-0003114,VD-000802,VD-000573,Signal,2024-03-05,09:20,,True,9,True
COMM-0003115,VD-000466,VD-000935,E-Mail,2024-08-14,21:08,,True,1,True
COMM-0003116,VD-000058,VD-000942,WhatsApp,2023-04-18,14:31,,True,9,False
COMM-0003117,VD-000082,VD-000279,SMS,2023-05-17,05:23,3330.0,True,10,False
COMM-0003118,VD-000437,VD-000747,Signal,2024-07-28,19:27,,False,6,False
COMM-0003119,VD-000169,VD-000040,Telegram,2023-10-08,06:19,,False,9,True
COMM-0003120,VD-000674,VD-000156,Telegram,2023-02-07,07:38,,True,1,False
COMM-0003121,VD-000868,VD-000716,Brief,2023-10-20,07:16,3285.0,True,9,True
COMM-0003122,VD-000133,VD-000299,Social Media,2023-12-26,09:36,2002.0,True,8,False
COMM-0003123,VD-000275,VD-000142,Telefonat,2024-07-21,17:17,,False,1,True
COMM-0003124,VD-000088,VD-000058,WhatsApp,2025-07-21,15:36,1401.0,False,2,True
COMM-0003125,VD-000069,VD-000483,WhatsApp,2023-11-11,11:12,3549.0,False,9,True
COMM-0003126,VD-000837,VD-000395,Persönlicher Kontakt,2023-05-20,10:51,1870.0,True,8,True
COMM-0003127,VD-000032,VD-000389,Telegram,2023-09-01,07:36,3531.0,False,2,True
COMM-0003128,VD-000421,VD-000443,E-Mail,2024-04-15,07:31,,False,1,False
COMM-0003129,VD-000332,VD-000488,Signal,2024-09-18,20:29,,False,9,False
COMM-0003130,VD-000019,VD-000815,Telefonat,2025-08-12,12:37,,True,8,False
COMM-0003131,VD-000184,VD-000415,Social Media,2023-07-24,07:04,775.0,True,4,False
COMM-0003132,VD-000811,VD-000174,Social Media,2023-09-08,22:13,3156.0,True,2,False
COMM-0003133,VD-000511,VD-000449,Signal,2024-11-29,02:48,1369.0,False,8,True
COMM-0003134,VD-000818,VD-000671,E-Mail,2025-10-28,08:48,1121.0,True,6,True
COMM-0003135,VD-000148,VD-001000,WhatsApp,2025-10-14,02:41,56.0,False,1,True
COMM-0003136,VD-000531,VD-000051,Telegram,2023-10-24,15:37,920.0,False,3,True
COMM-0003137,VD-000068,VD-000663,Brief,2024-12-17,14:33,3562.0,True,7,True
COMM-0003138,VD-000247,VD-000063,E-Mail,2025-08-07,07:21,794.0,True,8,True
COMM-0003139,VD-000084,VD-000325,Brief,2024-02-02,01:11,1061.0,True,6,True
COMM-0003140,VD-000763,VD-000139,Persönlicher Kontakt,2023-07-24,03:07,846.0,False,4,True
COMM-0003141,VD-000108,VD-000448,Telefonat,2023-01-04,03:16,1227.0,True,1,False
COMM-0003142,VD-000359,VD-000866,Brief,2024-06-04,12:42,561.0,True,3,True
COMM-0003143,VD-000398,VD-000720,Telefonat,2023-11-21,19:04,476.0,True,9,True
COMM-0003144,VD-000379,VD-000063,E-Mail,2024-08-04,11:17,684.0,False,5,False
COMM-0003145,VD-000384,VD-000328,WhatsApp,2023-07-03,14:19,253.0,True,1,True
COMM-0003146,VD-000678,VD-000224,Signal,2023-07-17,23:37,3233.0,True,3,False
COMM-0003147,VD-000381,VD-000622,Signal,2023-05-16,15:45,1716.0,True,6,False
COMM-0003148,VD-000231,VD-000413,E-Mail,2023-01-16,09:02,1743.0,True,4,True
COMM-0003149,VD-000811,VD-000469,SMS,2024-01-19,22:17,448.0,True,1,True
COMM-0003150,VD-000283,VD-000361,Telefonat,2023-11-06,05:45,3440.0,True,3,False
COMM-0003151,VD-000544,VD-000280,Telegram,2024-03-18,10:05,,True,2,False
COMM-0003152,VD-000090,VD-000395,Brief,2025-05-23,03:43,732.0,False,5,False
COMM-0003153,VD-000229,VD-000573,E-Mail,2024-04-22,16:21,,True,7,True
COMM-0003154,VD-000077,VD-000345,Social Media,2025-08-07,17:09,2488.0,False,2,True
COMM-0003155,VD-000025,VD-000191,SMS,2024-12-12,14:55,2875.0,True,1,False
COMM-0003156,VD-000258,VD-000799,Signal,2024-07-01,20:36,,False,5,False
COMM-0003157,VD-000144,VD-000334,Social Media,2023-09-10,03:40,1398.0,False,3,True
COMM-0003158,VD-000980,VD-000254,Telegram,2023-04-12,00:53,1256.0,True,2,True
COMM-0003159,VD-000779,VD-000917,Telegram,2024-03-22,19:39,657.0,True,5,False
COMM-0003160,VD-000566,VD-000767,Brief,2025-02-21,16:46,2850.0,True,1,False
COMM-0003161,VD-000987,VD-000026,Telegram,2024-08-04,14:32,2580.0,True,10,True
COMM-0003162,VD-000193,VD-000882,E-Mail,2025-10-22,16:21,2692.0,True,9,False
COMM-0003163,VD-000223,VD-000508,Signal,2023-01-15,00:56,1866.0,False,3,False
COMM-0003164,VD-000857,VD-000575,Social Media,2023-01-26,21:06,,True,2,False
COMM-0003165,VD-000132,VD-000703,Persönlicher Kontakt,2025-04-09,20:15,2092.0,True,1,True
COMM-0003166,VD-000692,VD-000016,SMS,2023-07-13,18:19,,True,7,False
COMM-0003167,VD-000246,VD-000288,Social Media,2023-08-14,05:31,,True,10,False
COMM-0003168,VD-000425,VD-000820,Telegram,2024-06-17,21:13,2444.0,False,5,False
COMM-0003169,VD-000834,VD-000293,Social Media,2023-03-11,02:54,,True,6,False
COMM-0003170,VD-000305,VD-000388,WhatsApp,2024-12-05,13:16,,False,7,False
COMM-0003171,VD-000373,VD-000659,Telegram,2025-02-01,23:14,2610.0,False,2,True
COMM-0003172,VD-000492,VD-000009,SMS,2025-10-13,15:28,,True,3,True
COMM-0003173,VD-000703,VD-000309,Persönlicher Kontakt,2024-06-30,12:21,282.0,True,4,False
COMM-0003174,VD-000606,VD-000466,E-Mail,2023-06-18,14:25,1913.0,False,8,False
COMM-0003175,VD-000681,VD-000157,WhatsApp,2023-08-14,03:21,288.0,True,4,False
COMM-0003176,VD-000409,VD-000228,Brief,2024-09-19,01:58,1123.0,False,7,False
COMM-0003177,VD-000827,VD-000593,Social Media,2023-07-15,21:44,,True,6,False
COMM-0003178,VD-000243,VD-000844,E-Mail,2024-09-29,03:06,426.0,True,4,True
COMM-0003179,VD-000959,VD-000787,Telefonat,2023-08-13,12:31,1059.0,False,9,True
COMM-0003180,VD-000815,VD-000622,Telefonat,2024-02-20,15:40,1682.0,True,2,True
COMM-0003181,VD-000683,VD-000803,Telegram,2023-03-26,23:58,,True,7,False
COMM-0003182,VD-000782,VD-000604,SMS,2024-09-11,14:17,1495.0,False,5,False
COMM-0003183,VD-000802,VD-000347,Signal,2023-06-13,14:56,1694.0,True,6,False
COMM-0003184,VD-000697,VD-000388,WhatsApp,2025-05-11,23:02,,False,7,True
COMM-0003185,VD-000234,VD-000819,E-Mail,2023-04-30,00:52,2986.0,True,7,False
COMM-0003186,VD-000514,VD-000351,Social Media,2023-03-06,22:47,1069.0,True,5,True
COMM-0003187,VD-000529,VD-000221,Telefonat,2023-03-02,04:46,2272.0,False,7,False
COMM-0003188,VD-000096,VD-000087,WhatsApp,2025-03-02,05:36,876.0,True,4,False
COMM-0003189,VD-000418,VD-000453,Telefonat,2023-09-09,00:56,2578.0,True,2,False
COMM-0003190,VD-000725,VD-000348,Social Media,2025-06-26,00:55,,True,9,True
COMM-0003191,VD-000181,VD-000680,Telefonat,2024-07-10,06:34,,False,2,True
COMM-0003192,VD-000948,VD-000624,SMS,2023-07-05,02:31,2470.0,True,2,True
COMM-0003193,VD-000232,VD-000112,Telefonat,2023-03-10,00:10,1953.0,True,6,False
COMM-0003194,VD-000114,VD-000685,Brief,2023-03-06,13:44,,False,7,True
COMM-0003195,VD-000536,VD-000403,Telefonat,2024-02-09,23:24,,False,5,True
COMM-0003196,VD-000971,VD-000743,Persönlicher Kontakt,2023-03-24,04:37,1050.0,False,2,True
COMM-0003197,VD-000600,VD-000388,E-Mail,2024-10-13,11:17,2380.0,True,9,False
COMM-0003198,VD-000073,VD-000325,Social Media,2023-04-02,16:16,102.0,True,5,True
COMM-0003199,VD-000026,VD-000606,SMS,2025-11-03,04:42,60.0,True,8,False
COMM-0003200,VD-000341,VD-000057,Signal,2024-08-31,17:02,245.0,True,6,False
COMM-0003201,VD-000352,VD-000652,SMS,2024-10-03,08:39,,True,5,False
COMM-0003202,VD-000487,VD-000468,Persönlicher Kontakt,2024-08-16,08:25,,False,3,True
COMM-0003203,VD-000912,VD-000290,Signal,2025-10-07,02:41,1865.0,False,4,True
COMM-0003204,VD-000621,VD-000244,SMS,2024-08-08,10:12,,False,2,True
COMM-0003205,VD-000921,VD-000241,SMS,2024-05-14,15:43,,True,7,False
COMM-0003206,VD-000644,VD-000895,Social Media,2023-09-16,10:57,337.0,False,4,True
COMM-0003207,VD-000197,VD-000199,Brief,2025-05-20,15:15,2261.0,True,10,True
COMM-0003208,VD-000976,VD-000747,E-Mail,2024-02-17,17:05,925.0,False,1,True
COMM-0003209,VD-000919,VD-000783,Persönlicher Kontakt,2024-03-10,09:10,277.0,True,8,True
COMM-0003210,VD-000981,VD-000336,Brief,2025-07-29,14:52,2031.0,False,5,False
COMM-0003211,VD-000174,VD-000666,Telefonat,2025-03-02,12:00,194.0,True,1,True
COMM-0003212,VD-000557,VD-000786,Signal,2024-12-26,00:36,,True,6,True
COMM-0003213,VD-000723,VD-000145,Brief,2023-11-06,12:41,182.0,True,5,False
COMM-0003214,VD-000766,VD-000544,Social Media,2025-07-14,01:54,1082.0,False,3,False
COMM-0003215,VD-000492,VD-000073,E-Mail,2025-01-27,20:25,705.0,True,8,True
COMM-0003216,VD-000051,VD-000846,Telefonat,2023-04-17,02:22,1782.0,False,9,True
COMM-0003217,VD-000775,VD-000615,Brief,2025-09-23,17:16,,False,6,True
COMM-0003218,VD-000090,VD-000086,Persönlicher Kontakt,2025-03-24,17:51,1172.0,False,9,True
COMM-0003219,VD-000008,VD-000363,Brief,2024-09-26,05:56,,False,9,False
COMM-0003220,VD-000763,VD-000850,SMS,2024-09-08,19:25,1373.0,True,8,False
COMM-0003221,VD-000206,VD-000618,Telegram,2025-09-26,04:56,286.0,True,10,False
COMM-0003222,VD-000699,VD-000245,Telefonat,2024-03-27,11:43,,True,10,True
COMM-0003223,VD-000904,VD-000127,Brief,2025-07-12,11:39,3026.0,True,8,True
COMM-0003224,VD-000925,VD-000309,Brief,2023-06-03,18:12,,True,4,False
COMM-0003225,VD-000821,VD-000369,Telegram,2025-04-25,05:14,999.0,False,2,False
COMM-0003226,VD-000871,VD-000772,SMS,2025-02-11,08:05,1133.0,False,7,False
COMM-0003227,VD-000315,VD-000340,WhatsApp,2024-08-13,20:29,,False,6,True
COMM-0003228,VD-000114,VD-000548,Signal,2023-10-05,01:36,,True,1,False
COMM-0003229,VD-000394,VD-000467,Telefonat,2024-11-13,20:10,3307.0,False,7,True
COMM-0003230,VD-000620,VD-000624,Social Media,2024-06-17,20:05,,True,8,True
COMM-0003231,VD-000524,VD-000248,Telefonat,2025-11-01,13:44,3563.0,False,8,True
COMM-0003232,VD-000043,VD-000941,Persönlicher Kontakt,2025-10-10,05:58,,False,2,False
COMM-0003233,VD-000046,VD-000131,Telefonat,2023-05-14,02:17,2578.0,True,6,True
COMM-0003234,VD-000867,VD-000620,E-Mail,2024-07-18,04:44,2781.0,True,2,False
COMM-0003235,VD-000376,VD-000362,Social Media,2023-06-22,09:59,3228.0,False,4,True
COMM-0003236,VD-000280,VD-000958,Brief,2025-07-25,00:42,2343.0,True,9,False
COMM-0003237,VD-000957,VD-000317,SMS,2025-04-26,14:22,1184.0,False,6,False
COMM-0003238,VD-000329,VD-000094,Telegram,2025-07-31,04:08,,True,3,True
COMM-0003239,VD-000722,VD-000327,Persönlicher Kontakt,2025-09-09,03:26,,False,8,False
COMM-0003240,VD-000159,VD-000963,E-Mail,2023-05-27,19:02,3017.0,False,1,True
COMM-0003241,VD-000835,VD-000838,Social Media,2024-01-15,11:50,2067.0,True,4,True
COMM-0003242,VD-000522,VD-000348,SMS,2024-04-11,12:03,2375.0,True,4,True
COMM-0003243,VD-000720,VD-000487,SMS,2023-10-06,23:28,1587.0,False,7,False
COMM-0003244,VD-000976,VD-000439,WhatsApp,2023-06-27,09:08,139.0,False,9,True
COMM-0003245,VD-000960,VD-000593,Telegram,2023-08-25,11:16,2106.0,True,9,False
COMM-0003246,VD-000767,VD-000397,SMS,2024-04-16,05:40,426.0,True,7,True
COMM-0003247,VD-000203,VD-000383,Telefonat,2024-01-29,08:52,914.0,False,8,False
COMM-0003248,VD-000439,VD-000217,Social Media,2025-08-07,10:30,550.0,False,3,False
COMM-0003249,VD-000384,VD-000434,SMS,2023-04-07,08:07,623.0,True,5,True
COMM-0003250,VD-000091,VD-000595,Persönlicher Kontakt,2023-05-16,22:56,,True,9,False
COMM-0003251,VD-000342,VD-000051,Social Media,2023-11-10,15:26,,False,2,True
COMM-0003252,VD-000246,VD-000835,WhatsApp,2023-03-09,16:36,,True,8,False
COMM-0003253,VD-000640,VD-000479,SMS,2023-09-13,00:45,3509.0,False,6,True
COMM-0003254,VD-000490,VD-000237,WhatsApp,2023-08-13,02:26,2880.0,False,7,True
COMM-0003255,VD-000755,VD-000585,Social Media,2025-08-03,17:28,2754.0,True,10,True
COMM-0003256,VD-000745,VD-000173,Telegram,2025-10-28,21:36,1590.0,False,7,False
COMM-0003257,VD-000244,VD-000807,Persönlicher Kontakt,2024-02-27,07:46,,True,2,False
COMM-0003258,VD-000450,VD-000185,Telegram,2025-01-08,13:47,1155.0,False,9,False
COMM-0003259,VD-000737,VD-000102,Persönlicher Kontakt,2023-03-12,05:41,2784.0,False,9,True
COMM-0003260,VD-000139,VD-000724,SMS,2024-10-03,07:54,217.0,True,3,False
COMM-0003261,VD-000497,VD-000366,Telefonat,2023-05-25,19:17,,True,6,True
COMM-0003262,VD-000908,VD-000745,Brief,2024-11-22,08:50,1383.0,False,1,True
COMM-0003263,VD-000101,VD-000809,SMS,2025-02-12,17:35,,True,6,False
COMM-0003264,VD-000342,VD-000470,Brief,2023-02-17,15:58,3350.0,True,6,False
COMM-0003265,VD-000626,VD-000409,Telefonat,2024-10-01,03:20,3331.0,True,8,True
COMM-0003266,VD-000857,VD-000984,Social Media,2024-12-29,17:55,3175.0,True,4,True
COMM-0003267,VD-000705,VD-000426,Signal,2025-01-15,21:59,1201.0,False,8,False
COMM-0003268,VD-000377,VD-000765,Telegram,2024-11-10,03:15,772.0,False,1,False
COMM-0003269,VD-000234,VD-000900,Signal,2024-08-22,04:39,,True,6,False
COMM-0003270,VD-000712,VD-000648,SMS,2023-05-15,11:11,2003.0,False,4,True
COMM-0003271,VD-000149,VD-000722,Persönlicher Kontakt,2023-01-08,08:01,3366.0,False,6,False
COMM-0003272,VD-000237,VD-000639,Social Media,2023-03-15,10:44,3318.0,False,3,True
COMM-0003273,VD-000016,VD-000007,E-Mail,2023-05-04,06:48,1183.0,True,5,True
COMM-0003274,VD-000206,VD-000355,WhatsApp,2023-10-29,11:22,1495.0,False,2,False
COMM-0003275,VD-000733,VD-000017,WhatsApp,2023-10-15,07:34,940.0,False,10,True
COMM-0003276,VD-000944,VD-000801,Telegram,2025-11-09,12:00,3384.0,True,7,False
COMM-0003277,VD-000914,VD-000942,Social Media,2024-10-05,21:56,,False,8,False
COMM-0003278,VD-000084,VD-000862,Signal,2024-09-16,17:26,2699.0,False,6,True
COMM-0003279,VD-000642,VD-000086,Brief,2023-07-26,02:06,333.0,True,10,False
COMM-0003280,VD-000391,VD-000617,Telegram,2023-05-21,11:52,3383.0,False,9,True
COMM-0003281,VD-000713,VD-000296,Telegram,2023-10-03,07:08,,True,9,False
COMM-0003282,VD-000686,VD-000353,Telegram,2025-07-13,12:42,2395.0,False,10,True
COMM-0003283,VD-000461,VD-000178,SMS,2024-08-25,10:50,,False,3,True
COMM-0003284,VD-000354,VD-000074,Telefonat,2024-06-03,01:38,861.0,False,3,True
COMM-0003285,VD-000037,VD-000399,WhatsApp,2023-03-17,06:15,2225.0,False,1,True
COMM-0003286,VD-000986,VD-000502,Telefonat,2023-03-27,02:48,485.0,False,1,False
COMM-0003287,VD-000143,VD-000820,Telefonat,2025-02-02,11:44,411.0,False,5,True
COMM-0003288,VD-000793,VD-000125,Signal,2024-12-26,09:31,2169.0,False,8,True
COMM-0003289,VD-000509,VD-000870,Signal,2024-05-22,00:57,3447.0,False,2,True
COMM-0003290,VD-000141,VD-000526,Social Media,2024-09-28,06:08,,False,5,False
COMM-0003291,VD-000944,VD-000722,E-Mail,2025-08-02,01:47,,False,9,True
COMM-0003292,VD-000100,VD-000708,Social Media,2023-05-09,05:31,1906.0,True,3,False
COMM-0003293,VD-000927,VD-000024,SMS,2025-05-05,21:37,,True,9,False
COMM-0003294,VD-000692,VD-000474,Telefonat,2024-06-22,18:19,3171.0,True,6,True
COMM-0003295,VD-000838,VD-000118,Telegram,2025-05-11,15:26,1187.0,True,9,True
COMM-0003296,VD-000022,VD-000789,SMS,2024-02-04,11:18,,False,8,True
COMM-0003297,VD-000138,VD-000312,WhatsApp,2024-10-06,08:21,697.0,True,8,False
COMM-0003298,VD-000156,VD-000066,SMS,2024-03-29,16:21,,True,4,True
COMM-0003299,VD-000267,VD-000874,WhatsApp,2024-01-28,21:30,3343.0,False,6,True
COMM-0003300,VD-000306,VD-000955,Social Media,2025-09-14,06:49,,False,9,True
COMM-0003301,VD-000831,VD-000352,Persönlicher Kontakt,2024-08-16,03:39,11.0,True,9,False
COMM-0003302,VD-000061,VD-000835,Brief,2024-04-28,04:06,,False,10,False
COMM-0003303,VD-000008,VD-000886,Persönlicher Kontakt,2025-01-22,15:23,3322.0,False,1,False
COMM-0003304,VD-000439,VD-000554,Signal,2025-07-19,07:49,,True,5,False
COMM-0003305,VD-000259,VD-000565,Social Media,2025-08-22,20:02,,True,3,False
COMM-0003306,VD-000660,VD-000167,Signal,2025-02-08,12:05,1623.0,False,3,False
COMM-0003307,VD-000429,VD-000942,Brief,2024-01-14,15:23,,True,10,True
COMM-0003308,VD-000737,VD-000014,WhatsApp,2023-01-30,21:19,1612.0,False,8,True
COMM-0003309,VD-000646,VD-000304,E-Mail,2023-07-23,08:43,1929.0,False,1,True
COMM-0003310,VD-000377,VD-000419,SMS,2023-02-03,12:06,1559.0,False,9,False
COMM-0003311,VD-000804,VD-000688,Brief,2023-01-22,20:03,2112.0,False,1,False
COMM-0003312,VD-000159,VD-000232,E-Mail,2023-11-23,19:58,758.0,True,5,True
COMM-0003313,VD-000013,VD-000268,Persönlicher Kontakt,2023-08-18,05:13,2125.0,False,1,False
COMM-0003314,VD-000892,VD-000042,Telegram,2024-12-20,07:04,,True,5,False
COMM-0003315,VD-000966,VD-000355,Brief,2024-02-03,05:15,1895.0,False,5,False
COMM-0003316,VD-000951,VD-000005,Telegram,2023-01-25,15:35,2336.0,True,2,True
COMM-0003317,VD-000596,VD-000433,Persönlicher Kontakt,2025-03-15,04:26,2440.0,True,4,True
COMM-0003318,VD-000451,VD-000195,Persönlicher Kontakt,2023-08-07,03:51,878.0,False,8,False
COMM-0003319,VD-000816,VD-000430,SMS,2024-06-21,20:51,3199.0,False,3,True
COMM-0003320,VD-000585,VD-000750,Brief,2024-06-18,18:21,1202.0,True,4,True
COMM-0003321,VD-000439,VD-000879,Signal,2024-02-18,12:31,1340.0,False,4,True
COMM-0003322,VD-000324,VD-000699,WhatsApp,2023-02-03,12:33,3064.0,False,6,True
COMM-0003323,VD-000899,VD-000689,Brief,2024-01-12,14:08,,True,1,True
COMM-0003324,VD-000346,VD-000862,Brief,2025-09-14,10:22,,False,2,True
COMM-0003325,VD-000198,VD-000179,SMS,2023-07-01,08:55,880.0,False,3,True
COMM-0003326,VD-000717,VD-000279,Persönlicher Kontakt,2023-05-18,14:04,1405.0,False,6,True
COMM-0003327,VD-000403,VD-000612,WhatsApp,2024-07-28,20:09,2541.0,True,9,True
COMM-0003328,VD-000398,VD-000517,WhatsApp,2024-04-23,07:43,1299.0,True,9,True
COMM-0003329,VD-000497,VD-000917,Signal,2024-05-31,09:59,373.0,False,3,False
COMM-0003330,VD-000463,VD-000018,E-Mail,2024-03-22,14:46,1015.0,True,2,True
COMM-0003331,VD-000315,VD-000588,Signal,2025-06-19,19:25,649.0,False,4,True
COMM-0003332,VD-000313,VD-000728,Signal,2024-07-25,18:25,1973.0,False,7,True
COMM-0003333,VD-000850,VD-000915,SMS,2025-06-12,11:03,,True,6,True
COMM-0003334,VD-000890,VD-000594,Brief,2023-07-30,04:16,1541.0,False,8,True
COMM-0003335,VD-000389,VD-000701,Social Media,2023-01-30,03:22,,True,2,False
COMM-0003336,VD-000453,VD-000044,SMS,2023-02-06,12:03,,False,5,False
COMM-0003337,VD-000432,VD-000093,Telefonat,2024-05-28,17:09,2573.0,True,9,True
COMM-0003338,VD-000142,VD-000442,E-Mail,2023-02-28,21:24,2524.0,True,10,False
COMM-0003339,VD-000765,VD-000810,WhatsApp,2023-02-22,18:43,604.0,True,1,True
COMM-0003340,VD-000302,VD-000244,SMS,2024-09-30,21:15,182.0,False,8,True
COMM-0003341,VD-000771,VD-000952,E-Mail,2024-02-14,08:59,,True,7,True
COMM-0003342,VD-000310,VD-000483,Persönlicher Kontakt,2025-04-12,18:09,3084.0,False,1,False
COMM-0003343,VD-000659,VD-000358,Persönlicher Kontakt,2023-10-04,02:10,,False,2,False
COMM-0003344,VD-000975,VD-000604,Brief,2025-05-15,00:12,,False,5,False
COMM-0003345,VD-000048,VD-000164,WhatsApp,2024-09-06,15:10,3250.0,False,3,True
COMM-0003346,VD-000675,VD-000553,Telefonat,2023-05-31,03:38,645.0,False,9,True
COMM-0003347,VD-000974,VD-000232,Social Media,2025-06-01,03:46,645.0,True,9,True
COMM-0003348,VD-000284,VD-000663,Brief,2023-01-09,15:25,,True,2,True
COMM-0003349,VD-000793,VD-000855,Social Media,2025-04-08,08:47,1545.0,False,2,True
COMM-0003350,VD-000638,VD-000137,E-Mail,2025-03-22,14:24,1060.0,True,10,True
COMM-0003351,VD-000584,VD-000884,Telefonat,2023-08-09,17:28,2773.0,True,8,True
COMM-0003352,VD-000016,VD-000587,Brief,2025-03-23,23:14,1524.0,True,2,False
COMM-0003353,VD-000932,VD-000009,Brief,2025-02-19,16:13,284.0,False,10,False
COMM-0003354,VD-000733,VD-000801,Social Media,2025-07-08,05:06,,True,3,False
COMM-0003355,VD-000617,VD-000155,Signal,2024-09-27,22:51,1129.0,True,1,False
COMM-0003356,VD-000886,VD-000735,Telegram,2023-03-21,08:22,2878.0,False,7,False
COMM-0003357,VD-000625,VD-000320,SMS,2024-05-21,23:39,66.0,True,2,True
COMM-0003358,VD-000145,VD-000485,SMS,2025-09-09,01:53,2001.0,False,2,False
COMM-0003359,VD-000127,VD-000835,E-Mail,2025-10-08,11:33,373.0,True,1,False
COMM-0003360,VD-000885,VD-000305,Signal,2023-08-04,12:24,1563.0,False,6,True
COMM-0003361,VD-000107,VD-000375,Signal,2023-07-26,21:28,1841.0,True,2,True
COMM-0003362,VD-000105,VD-000604,Persönlicher Kontakt,2023-08-04,04:01,1790.0,False,1,False
COMM-0003363,VD-000832,VD-000159,Social Media,2023-07-14,16:46,2524.0,False,5,True
COMM-0003364,VD-000271,VD-000200,SMS,2024-11-15,11:52,,False,7,False
COMM-0003365,VD-000497,VD-000505,WhatsApp,2023-06-23,03:42,1010.0,True,7,True
COMM-0003366,VD-000312,VD-000696,WhatsApp,2025-07-01,04:53,3057.0,True,1,True
COMM-0003367,VD-000361,VD-000643,WhatsApp,2024-07-23,13:53,,True,3,False
COMM-0003368,VD-000210,VD-000406,Telegram,2024-09-10,08:41,2269.0,True,3,False
COMM-0003369,VD-000566,VD-000362,WhatsApp,2025-07-12,01:59,,True,7,False
COMM-0003370,VD-000618,VD-000479,Persönlicher Kontakt,2024-06-09,00:05,,False,7,False
COMM-0003371,VD-000811,VD-000143,Telefonat,2025-09-25,05:00,1324.0,False,10,True
COMM-0003372,VD-000806,VD-000583,Social Media,2024-06-17,14:13,,True,10,True
COMM-0003373,VD-000329,VD-000155,Telefonat,2025-03-26,00:47,1069.0,True,8,False
COMM-0003374,VD-000499,VD-000024,Telegram,2025-05-29,04:24,,False,1,False
COMM-0003375,VD-000521,VD-000008,Persönlicher Kontakt,2025-05-15,12:17,175.0,True,2,False
COMM-0003376,VD-000180,VD-000217,Persönlicher Kontakt,2024-07-30,09:45,1597.0,True,6,False
COMM-0003377,VD-000165,VD-000405,Signal,2023-10-07,23:51,,False,4,True
COMM-0003378,VD-000260,VD-000096,Persönlicher Kontakt,2024-09-12,14:59,719.0,False,10,False
COMM-0003379,VD-000223,VD-000808,Signal,2024-11-29,20:08,1678.0,True,1,True
COMM-0003380,VD-000613,VD-000102,Persönlicher Kontakt,2025-02-10,21:08,2256.0,False,6,True
COMM-0003381,VD-000881,VD-000365,Telefonat,2025-05-30,13:11,2093.0,False,10,True
COMM-0003382,VD-000645,VD-000143,Brief,2024-03-04,11:47,50.0,True,10,True
COMM-0003383,VD-000403,VD-000618,Brief,2023-01-03,08:15,1204.0,False,8,False
COMM-0003384,VD-000085,VD-000351,Persönlicher Kontakt,2024-02-25,17:12,,True,9,True
COMM-0003385,VD-000567,VD-000088,WhatsApp,2023-05-30,03:20,,True,10,False
COMM-0003386,VD-000314,VD-000746,E-Mail,2025-10-15,16:33,500.0,True,1,False
COMM-0003387,VD-000593,VD-000235,E-Mail,2024-05-23,01:05,,False,8,False
COMM-0003388,VD-000151,VD-000216,Telegram,2023-05-05,07:43,,False,6,False
COMM-0003389,VD-000757,VD-000070,SMS,2024-12-11,07:17,1556.0,True,7,True
COMM-0003390,VD-000483,VD-000722,SMS,2025-09-23,06:04,,False,4,False
COMM-0003391,VD-000220,VD-000939,E-Mail,2025-06-06,10:52,929.0,True,8,True
COMM-0003392,VD-000749,VD-000930,E-Mail,2024-11-08,21:25,1459.0,True,4,True
COMM-0003393,VD-000082,VD-000012,WhatsApp,2024-10-26,01:54,,False,7,False
COMM-0003394,VD-000049,VD-000813,Telefonat,2023-11-13,00:54,589.0,False,3,True
COMM-0003395,VD-000130,VD-000705,Telefonat,2024-07-08,06:00,1396.0,True,3,False
COMM-0003396,VD-000827,VD-000261,SMS,2025-08-04,21:11,2888.0,False,4,False
COMM-0003397,VD-000642,VD-000283,E-Mail,2025-02-05,12:37,2532.0,False,6,True
COMM-0003398,VD-000479,VD-000255,Brief,2024-03-15,13:39,3285.0,False,7,True
COMM-0003399,VD-000304,VD-000511,Telegram,2024-01-05,01:06,,False,3,True
COMM-0003400,VD-000146,VD-000123,Signal,2023-01-04,16:23,1697.0,False,5,False
COMM-0003401,VD-000340,VD-000874,E-Mail,2024-03-06,19:56,974.0,False,7,False
COMM-0003402,VD-000144,VD-000686,WhatsApp,2023-10-17,08:06,2023.0,False,4,False
COMM-0003403,VD-000121,VD-000779,Persönlicher Kontakt,2023-08-29,21:04,,False,4,True
COMM-0003404,VD-000670,VD-000066,Telegram,2024-05-12,21:54,,True,10,True
COMM-0003405,VD-000562,VD-000332,WhatsApp,2025-11-13,09:09,148.0,True,6,False
COMM-0003406,VD-000595,VD-000278,Telefonat,2025-08-13,18:46,,False,10,True
COMM-0003407,VD-000812,VD-000994,Brief,2024-03-27,02:13,3251.0,True,8,False
COMM-0003408,VD-000256,VD-000560,Telegram,2025-10-27,03:08,1671.0,True,2,True
COMM-0003409,VD-000440,VD-000628,Brief,2024-03-07,18:13,3594.0,True,7,True
COMM-0003410,VD-000097,VD-000764,Signal,2023-04-06,11:57,,False,5,False
COMM-0003411,VD-000490,VD-000308,Social Media,2025-06-10,16:22,,True,2,True
COMM-0003412,VD-000468,VD-000053,Signal,2023-05-21,21:33,914.0,False,7,False
COMM-0003413,VD-000988,VD-001000,Brief,2025-01-02,14:24,967.0,True,6,True
COMM-0003414,VD-000061,VD-000341,SMS,2024-01-20,01:03,324.0,True,3,False
COMM-0003415,VD-000182,VD-000365,Social Media,2024-02-26,03:15,3435.0,True,4,True
COMM-0003416,VD-000772,VD-000505,Persönlicher Kontakt,2025-08-19,07:15,,False,2,False
COMM-0003417,VD-000523,VD-000201,Social Media,2025-03-19,22:35,,True,3,False
COMM-0003418,VD-000293,VD-000866,Social Media,2024-08-14,06:03,2924.0,True,8,True
COMM-0003419,VD-000706,VD-000177,WhatsApp,2023-12-08,01:27,280.0,False,8,True
COMM-0003420,VD-000944,VD-000774,SMS,2024-08-25,02:31,,True,9,False
COMM-0003421,VD-000653,VD-000525,SMS,2025-05-14,15:16,2024.0,True,5,False
COMM-0003422,VD-000331,VD-000867,E-Mail,2024-01-13,01:42,,True,10,True
COMM-0003423,VD-000729,VD-000076,WhatsApp,2024-06-07,11:53,2200.0,True,2,False
COMM-0003424,VD-000272,VD-000510,SMS,2025-02-17,20:50,2474.0,False,5,True
COMM-0003425,VD-000968,VD-000589,SMS,2024-11-24,09:47,3161.0,False,4,False
COMM-0003426,VD-000917,VD-000956,Signal,2024-10-03,05:08,762.0,False,5,True
COMM-0003427,VD-000204,VD-000903,E-Mail,2025-01-15,09:09,1009.0,True,1,False
COMM-0003428,VD-000411,VD-000541,Persönlicher Kontakt,2023-04-15,00:03,3191.0,False,1,True
COMM-0003429,VD-000688,VD-000016,SMS,2024-01-25,17:55,2657.0,True,1,True
COMM-0003430,VD-000078,VD-000549,Signal,2024-08-27,08:08,510.0,True,9,False
COMM-0003431,VD-000420,VD-000634,E-Mail,2023-10-10,15:25,1867.0,True,7,False
COMM-0003432,VD-000049,VD-000901,Social Media,2024-08-24,23:34,,False,7,True
COMM-0003433,VD-000486,VD-000658,SMS,2024-04-04,08:19,,False,7,False
COMM-0003434,VD-000032,VD-000713,Telefonat,2024-05-06,11:11,2939.0,True,4,False
COMM-0003435,VD-000245,VD-000530,Persönlicher Kontakt,2024-06-13,07:45,,True,5,True
COMM-0003436,VD-000774,VD-000503,Persönlicher Kontakt,2025-04-11,09:22,3213.0,False,9,False
COMM-0003437,VD-000050,VD-000623,Brief,2024-07-01,15:28,3230.0,False,8,True
COMM-0003438,VD-000832,VD-000872,E-Mail,2024-09-16,04:30,1148.0,False,10,True
COMM-0003439,VD-000634,VD-000572,E-Mail,2023-06-10,12:10,83.0,True,4,False
COMM-0003440,VD-000844,VD-000640,Telegram,2025-01-01,13:51,2842.0,False,8,True
COMM-0003441,VD-000691,VD-000899,Telegram,2025-01-09,01:52,3438.0,True,8,True
COMM-0003442,VD-000123,VD-000272,SMS,2024-11-28,23:28,3600.0,True,7,True
COMM-0003443,VD-000141,VD-000956,Telegram,2024-05-03,19:55,1605.0,True,8,True
COMM-0003444,VD-000131,VD-000274,E-Mail,2023-02-14,21:17,2058.0,False,8,False
COMM-0003445,VD-000729,VD-000412,WhatsApp,2023-02-16,03:43,1574.0,True,9,False
COMM-0003446,VD-000172,VD-000717,WhatsApp,2024-04-15,06:56,351.0,True,7,False
COMM-0003447,VD-000446,VD-000493,Brief,2024-06-28,12:36,2474.0,True,5,True
COMM-0003448,VD-000323,VD-000895,Telegram,2025-03-06,05:07,625.0,True,3,False
COMM-0003449,VD-000221,VD-000223,Social Media,2024-05-09,00:12,3375.0,True,5,False
COMM-0003450,VD-000351,VD-000315,Persönlicher Kontakt,2023-11-22,12:09,2385.0,False,9,True
COMM-0003451,VD-000858,VD-000996,Persönlicher Kontakt,2023-08-15,13:50,2993.0,True,5,False
COMM-0003452,VD-000941,VD-000871,Telefonat,2025-04-13,08:33,3039.0,False,8,False
COMM-0003453,VD-000704,VD-000852,Social Media,2023-02-13,16:18,,False,2,True
COMM-0003454,VD-000617,VD-000649,E-Mail,2023-04-01,18:20,2123.0,False,7,False
COMM-0003455,VD-000160,VD-000850,Brief,2023-10-26,22:02,81.0,False,7,True
COMM-0003456,VD-000355,VD-000734,Telegram,2023-04-14,00:57,3174.0,False,7,True
COMM-0003457,VD-000956,VD-000580,Persönlicher Kontakt,2025-09-13,20:06,,False,10,True
COMM-0003458,VD-000181,VD-000162,Telefonat,2023-10-13,15:18,,True,6,False
COMM-0003459,VD-000568,VD-000595,Social Media,2025-09-05,05:47,3341.0,False,7,False
COMM-0003460,VD-000829,VD-000048,Brief,2025-09-30,09:57,,False,9,True
COMM-0003461,VD-000257,VD-000031,Persönlicher Kontakt,2025-10-09,07:34,3021.0,False,3,False
COMM-0003462,VD-000884,VD-000177,Telegram,2024-10-02,03:17,,True,8,False
COMM-0003463,VD-000916,VD-000321,SMS,2023-03-18,22:15,1724.0,True,9,False
COMM-0003464,VD-000719,VD-000992,E-Mail,2025-02-23,00:05,417.0,True,5,False
COMM-0003465,VD-000765,VD-000804,Persönlicher Kontakt,2023-08-28,15:08,2857.0,True,7,False
COMM-0003466,VD-000115,VD-000436,WhatsApp,2025-02-07,10:03,,True,3,True
COMM-0003467,VD-000268,VD-000162,E-Mail,2023-05-10,06:22,,True,2,False
COMM-0003468,VD-000039,VD-000604,SMS,2025-04-05,21:19,,False,4,True
COMM-0003469,VD-000679,VD-000470,Telegram,2024-10-10,02:46,,True,4,True
COMM-0003470,VD-000275,VD-000569,Telegram,2024-03-28,03:00,834.0,False,2,False
COMM-0003471,VD-000915,VD-000018,SMS,2024-01-08,17:56,1726.0,False,5,False
COMM-0003472,VD-000933,VD-000318,E-Mail,2024-03-15,13:09,3561.0,False,1,True
COMM-0003473,VD-000960,VD-000391,E-Mail,2024-09-22,20:34,1128.0,False,7,False
COMM-0003474,VD-000077,VD-000962,E-Mail,2024-02-29,20:06,2727.0,True,7,True
COMM-0003475,VD-000280,VD-000959,E-Mail,2023-09-06,15:30,800.0,False,10,True
COMM-0003476,VD-000880,VD-000349,WhatsApp,2023-01-13,09:11,,True,10,False
COMM-0003477,VD-000442,VD-000906,Brief,2023-09-30,18:12,,False,9,True
COMM-0003478,VD-000701,VD-000971,Signal,2024-07-28,19:15,,True,3,True
COMM-0003479,VD-000788,VD-000704,Persönlicher Kontakt,2024-04-12,00:25,3069.0,True,9,True
COMM-0003480,VD-000228,VD-000529,E-Mail,2024-05-26,23:46,,False,5,True
COMM-0003481,VD-000958,VD-000317,E-Mail,2024-07-28,09:40,2327.0,False,7,True
COMM-0003482,VD-000930,VD-000254,Brief,2025-06-02,20:20,3463.0,False,2,True
COMM-0003483,VD-000841,VD-000865,WhatsApp,2023-08-15,13:09,354.0,False,9,False
COMM-0003484,VD-000872,VD-000650,WhatsApp,2024-08-27,09:17,1875.0,True,9,False
COMM-0003485,VD-000642,VD-000151,E-Mail,2024-11-02,17:29,,False,4,False
COMM-0003486,VD-000813,VD-000821,WhatsApp,2023-10-02,00:47,,False,7,False
COMM-0003487,VD-000156,VD-000864,E-Mail,2023-09-15,11:14,,True,7,False
COMM-0003488,VD-000429,VD-000996,Telefonat,2024-08-29,20:43,327.0,True,4,True
COMM-0003489,VD-000334,VD-000859,Telefonat,2024-05-24,05:05,,True,3,False
COMM-0003490,VD-000894,VD-000912,Telefonat,2024-12-05,05:56,2576.0,True,7,False
COMM-0003491,VD-000968,VD-000510,Telefonat,2025-05-05,17:40,2343.0,False,3,True
COMM-0003492,VD-000556,VD-000759,Telefonat,2025-03-01,04:41,2126.0,False,2,True
COMM-0003493,VD-000240,VD-000006,WhatsApp,2024-11-01,23:05,3506.0,True,10,True
COMM-0003494,VD-001000,VD-000776,SMS,2024-05-14,05:05,2429.0,True,4,False
COMM-0003495,VD-000192,VD-000777,Telefonat,2024-02-08,16:33,1505.0,False,10,False
COMM-0003496,VD-000056,VD-000399,Brief,2025-10-07,00:22,,False,9,False
COMM-0003497,VD-000460,VD-000226,Brief,2023-12-24,10:43,10.0,True,7,False
COMM-0003498,VD-000248,VD-000666,Persönlicher Kontakt,2023-06-07,15:41,3324.0,False,6,False
COMM-0003499,VD-000887,VD-000365,WhatsApp,2023-04-30,02:39,,False,8,False
COMM-0003500,VD-000605,VD-000929,WhatsApp,2025-01-16,12:32,1159.0,True,5,True
COMM-0003501,VD-000544,VD-000011,E-Mail,2023-07-31,02:45,3556.0,True,1,True
COMM-0003502,VD-000442,VD-000447,Persönlicher Kontakt,2024-10-18,22:15,,False,5,True
COMM-0003503,VD-000047,VD-000493,WhatsApp,2025-05-26,01:12,,False,4,False
COMM-0003504,VD-000111,VD-000917,Social Media,2023-08-25,19:36,365.0,False,9,True
COMM-0003505,VD-000173,VD-000511,WhatsApp,2024-03-05,01:31,188.0,True,7,False
COMM-0003506,VD-000834,VD-000834,WhatsApp,2024-12-29,07:23,1955.0,True,3,False
COMM-0003507,VD-000547,VD-000881,WhatsApp,2024-03-18,19:32,2379.0,True,5,True
COMM-0003508,VD-000126,VD-000102,Persönlicher Kontakt,2023-09-04,00:39,,False,6,True
COMM-0003509,VD-000931,VD-000635,Persönlicher Kontakt,2023-01-26,11:16,,False,6,True
COMM-0003510,VD-000345,VD-000652,Brief,2023-03-24,15:24,1530.0,True,1,True
COMM-0003511,VD-000207,VD-000366,Telefonat,2025-08-01,00:30,3204.0,True,3,True
COMM-0003512,VD-000394,VD-000905,Persönlicher Kontakt,2025-05-19,09:54,2391.0,True,8,False
COMM-0003513,VD-000048,VD-000984,Persönlicher Kontakt,2023-12-20,07:24,2044.0,True,9,False
COMM-0003514,VD-000393,VD-000355,E-Mail,2024-06-21,18:56,1226.0,True,7,False
COMM-0003515,VD-000059,VD-000406,SMS,2023-10-06,14:53,1658.0,False,9,False
COMM-0003516,VD-000411,VD-000451,Telefonat,2024-02-13,14:09,786.0,True,5,False
COMM-0003517,VD-000206,VD-000841,Brief,2024-12-04,13:03,1358.0,False,7,True
COMM-0003518,VD-000885,VD-000639,E-Mail,2023-12-19,06:30,2666.0,True,8,False
COMM-0003519,VD-000778,VD-000776,Signal,2025-06-29,16:33,1784.0,False,5,True
COMM-0003520,VD-000169,VD-000056,E-Mail,2024-04-20,23:14,2885.0,False,6,False
COMM-0003521,VD-000779,VD-000760,Brief,2025-03-14,12:00,,False,3,True
COMM-0003522,VD-000074,VD-000583,Social Media,2023-11-11,06:39,536.0,True,7,False
COMM-0003523,VD-000877,VD-000426,Social Media,2025-10-19,23:33,2099.0,True,4,False
COMM-0003524,VD-000459,VD-000768,Persönlicher Kontakt,2025-01-04,20:05,,True,2,True
COMM-0003525,VD-000631,VD-000509,Social Media,2024-11-17,02:20,919.0,True,6,False
COMM-0003526,VD-000985,VD-000263,Persönlicher Kontakt,2024-04-05,02:40,1344.0,True,1,False
COMM-0003527,VD-000833,VD-000821,Telefonat,2024-05-29,05:21,,True,5,False
COMM-0003528,VD-000595,VD-000285,Brief,2025-08-03,21:18,3332.0,True,7,True
COMM-0003529,VD-000098,VD-000449,E-Mail,2025-03-22,18:24,308.0,False,9,False
COMM-0003530,VD-000935,VD-000645,Telegram,2024-12-17,19:13,2901.0,False,5,False
COMM-0003531,VD-000489,VD-000142,Telegram,2025-07-23,07:13,1060.0,False,5,True
COMM-0003532,VD-000922,VD-000599,Telefonat,2024-04-17,22:08,2003.0,False,3,False
COMM-0003533,VD-000980,VD-000963,WhatsApp,2025-09-04,13:57,636.0,False,3,False
COMM-0003534,VD-000256,VD-000302,Telefonat,2023-06-01,07:58,785.0,False,10,False
COMM-0003535,VD-000673,VD-000621,Social Media,2023-10-19,08:11,1529.0,False,2,False
COMM-0003536,VD-000904,VD-000153,Telefonat,2025-02-10,05:38,1371.0,True,5,False
COMM-0003537,VD-000301,VD-000575,Social Media,2025-03-05,11:05,784.0,True,1,True
COMM-0003538,VD-000734,VD-000178,Social Media,2025-08-01,12:00,,False,4,True
COMM-0003539,VD-000308,VD-000439,WhatsApp,2024-10-19,19:36,2487.0,True,7,True
COMM-0003540,VD-000365,VD-000540,SMS,2023-04-12,03:12,1999.0,False,5,True
COMM-0003541,VD-000093,VD-001000,Telefonat,2023-02-16,08:14,,True,3,True
COMM-0003542,VD-000781,VD-000597,Telefonat,2023-01-17,23:34,925.0,False,6,False
COMM-0003543,VD-000179,VD-000748,Persönlicher Kontakt,2023-03-01,06:22,1974.0,True,8,False
COMM-0003544,VD-000053,VD-000105,WhatsApp,2024-10-03,18:27,,False,8,True
COMM-0003545,VD-000560,VD-000800,Persönlicher Kontakt,2024-06-29,10:03,916.0,False,4,False
COMM-0003546,VD-000649,VD-000262,Telefonat,2023-08-26,14:10,3462.0,False,1,True
COMM-0003547,VD-000092,VD-000422,Signal,2024-06-15,03:48,1423.0,True,4,False
COMM-0003548,VD-000493,VD-000320,SMS,2024-08-25,07:46,2996.0,False,2,False
COMM-0003549,VD-000273,VD-000101,SMS,2025-09-08,17:57,,False,8,True
COMM-0003550,VD-000291,VD-000541,Brief,2023-12-22,14:54,664.0,True,10,True
COMM-0003551,VD-000453,VD-000114,Brief,2023-01-22,17:05,1217.0,False,2,False
COMM-0003552,VD-000495,VD-000454,WhatsApp,2023-03-07,09:37,,False,1,False
COMM-0003553,VD-000505,VD-000754,WhatsApp,2023-11-21,14:03,1496.0,False,1,False
COMM-0003554,VD-000966,VD-000316,Telegram,2024-06-01,11:23,,True,2,True
COMM-0003555,VD-000646,VD-000135,E-Mail,2024-02-11,16:39,,True,10,False
COMM-0003556,VD-000873,VD-000932,Signal,2025-04-23,23:40,,False,8,False
COMM-0003557,VD-000551,VD-000316,Brief,2025-11-07,22:01,2719.0,True,2,False
COMM-0003558,VD-000432,VD-000130,E-Mail,2025-08-26,21:30,3250.0,True,6,True
COMM-0003559,VD-000665,VD-000103,E-Mail,2023-06-02,15:31,,False,1,False
COMM-0003560,VD-000764,VD-000979,SMS,2025-07-18,09:24,3245.0,True,2,True
COMM-0003561,VD-000694,VD-000688,Persönlicher Kontakt,2025-07-07,22:06,542.0,True,9,False
COMM-0003562,VD-000066,VD-000046,E-Mail,2023-02-09,20:44,1218.0,True,10,True
COMM-0003563,VD-000443,VD-000903,Signal,2024-11-12,01:51,1984.0,True,8,False
COMM-0003564,VD-000316,VD-000685,Social Media,2025-10-16,10:19,44.0,True,8,True
COMM-0003565,VD-000663,VD-000660,Signal,2025-06-23,18:13,,False,7,True
COMM-0003566,VD-000455,VD-000933,Persönlicher Kontakt,2025-07-02,11:16,2872.0,True,9,True
COMM-0003567,VD-000923,VD-000468,WhatsApp,2023-03-09,12:22,,True,8,False
COMM-0003568,VD-000760,VD-000313,Telegram,2024-11-17,13:42,,False,6,False
COMM-0003569,VD-000354,VD-000445,Signal,2024-03-02,11:34,,True,1,False
COMM-0003570,VD-000809,VD-000016,Persönlicher Kontakt,2023-12-24,20:30,,False,4,True
COMM-0003571,VD-000807,VD-000147,SMS,2025-02-28,03:04,1706.0,True,6,True
COMM-0003572,VD-000268,VD-000271,Telegram,2024-09-09,14:01,1000.0,True,8,True
COMM-0003573,VD-000332,VD-000150,E-Mail,2023-01-28,04:20,,False,9,True
COMM-0003574,VD-000341,VD-000026,Signal,2024-05-02,13:42,3138.0,True,7,True
COMM-0003575,VD-000992,VD-000565,E-Mail,2023-10-28,01:29,,False,3,True
COMM-0003576,VD-000020,VD-000470,Social Media,2023-04-23,03:24,490.0,True,1,False
COMM-0003577,VD-000481,VD-000013,E-Mail,2024-03-22,18:20,,True,3,True
COMM-0003578,VD-000622,VD-000191,SMS,2024-12-22,08:24,1521.0,True,7,False
COMM-0003579,VD-000613,VD-000610,Telegram,2023-11-21,14:01,,True,3,True
COMM-0003580,VD-000897,VD-000611,E-Mail,2024-03-16,08:01,2093.0,False,2,False
COMM-0003581,VD-000093,VD-000397,Telegram,2024-05-03,18:04,,False,5,True
COMM-0003582,VD-000616,VD-000779,Persönlicher Kontakt,2024-09-10,06:16,,False,10,False
COMM-0003583,VD-000512,VD-000444,WhatsApp,2025-04-14,09:17,2308.0,True,9,False
COMM-0003584,VD-000888,VD-000266,SMS,2025-06-24,23:10,1646.0,False,2,True
COMM-0003585,VD-000379,VD-000587,Telefonat,2023-07-22,22:41,1997.0,False,3,False
COMM-0003586,VD-000256,VD-000444,Brief,2025-02-08,15:09,695.0,True,10,True
COMM-0003587,VD-000698,VD-000846,Telegram,2025-04-23,19:59,1587.0,True,1,False
COMM-0003588,VD-000385,VD-000981,Brief,2023-02-05,04:41,,True,2,True
COMM-0003589,VD-000202,VD-000728,WhatsApp,2023-08-14,14:18,,True,5,True
COMM-0003590,VD-000189,VD-000749,SMS,2023-01-03,00:33,1810.0,True,5,False
COMM-0003591,VD-000906,VD-000384,Persönlicher Kontakt,2025-02-05,21:25,1023.0,True,9,False
COMM-0003592,VD-000443,VD-000623,SMS,2024-07-11,20:59,135.0,True,2,False
COMM-0003593,VD-000791,VD-000796,E-Mail,2024-09-25,10:26,,False,3,True
COMM-0003594,VD-000115,VD-000885,SMS,2024-04-20,10:38,1150.0,False,1,True
COMM-0003595,VD-000605,VD-000540,Telefonat,2024-10-26,22:52,1861.0,True,9,False
COMM-0003596,VD-000780,VD-000994,Brief,2024-09-07,16:48,302.0,True,10,False
COMM-0003597,VD-000879,VD-000143,Brief,2025-10-07,02:14,,False,7,False
COMM-0003598,VD-000711,VD-000581,Social Media,2025-08-11,20:07,,False,8,False
COMM-0003599,VD-000694,VD-000881,E-Mail,2023-11-10,19:30,336.0,False,1,False
COMM-0003600,VD-000397,VD-000552,Persönlicher Kontakt,2025-07-10,10:43,1289.0,False,7,True
COMM-0003601,VD-000528,VD-000097,Signal,2023-05-16,22:35,3491.0,True,7,True
COMM-0003602,VD-000224,VD-000616,WhatsApp,2024-08-19,10:37,,True,10,True
COMM-0003603,VD-000687,VD-000644,Brief,2024-02-28,15:28,3434.0,False,10,True
COMM-0003604,VD-000983,VD-000961,Social Media,2025-03-10,07:50,,True,4,False
COMM-0003605,VD-000177,VD-000587,Persönlicher Kontakt,2024-04-09,03:50,,True,8,False
COMM-0003606,VD-000213,VD-000773,Brief,2024-03-16,06:44,2378.0,True,1,True
COMM-0003607,VD-000429,VD-000863,Telegram,2025-10-06,23:04,770.0,False,8,True
COMM-0003608,VD-000674,VD-000467,Signal,2024-10-14,18:11,,False,3,True
COMM-0003609,VD-000505,VD-000626,Telefonat,2024-01-16,05:12,,False,2,True
COMM-0003610,VD-000086,VD-000045,WhatsApp,2024-10-23,02:26,116.0,False,2,True
COMM-0003611,VD-000667,VD-000576,Brief,2025-09-02,14:06,2609.0,False,9,False
COMM-0003612,VD-000078,VD-000384,Telegram,2025-05-14,11:22,,False,10,False
COMM-0003613,VD-000770,VD-000028,SMS,2024-10-03,14:27,2097.0,False,10,False
COMM-0003614,VD-000600,VD-000925,WhatsApp,2025-07-08,23:24,696.0,False,9,False
COMM-0003615,VD-000392,VD-000302,WhatsApp,2024-07-04,21:48,,False,2,False
COMM-0003616,VD-000342,VD-000444,Brief,2023-01-14,13:16,3390.0,False,8,True
COMM-0003617,VD-000998,VD-000094,Signal,2025-04-27,02:14,3158.0,True,6,False
COMM-0003618,VD-000502,VD-000384,Persönlicher Kontakt,2025-03-15,21:10,599.0,False,6,True
COMM-0003619,VD-000526,VD-000495,Telegram,2025-10-18,15:12,,False,5,True
COMM-0003620,VD-000238,VD-000310,Brief,2024-12-30,02:51,1984.0,True,6,True
COMM-0003621,VD-000188,VD-000315,Persönlicher Kontakt,2023-07-16,07:22,401.0,False,8,True
COMM-0003622,VD-000962,VD-000187,Telegram,2024-08-01,18:39,346.0,False,9,True
COMM-0003623,VD-000111,VD-000225,WhatsApp,2023-01-06,16:05,323.0,True,7,False
COMM-0003624,VD-000295,VD-000718,Social Media,2024-09-25,02:07,267.0,False,3,True
COMM-0003625,VD-000604,VD-000137,Brief,2023-12-31,20:43,3322.0,False,1,True
COMM-0003626,VD-000972,VD-000922,Signal,2024-08-09,01:14,2501.0,False,3,True
COMM-0003627,VD-000744,VD-000525,SMS,2025-06-25,04:26,967.0,True,6,False
COMM-0003628,VD-000333,VD-000104,Social Media,2023-05-03,19:05,1911.0,True,4,True
COMM-0003629,VD-000917,VD-000488,E-Mail,2024-05-03,18:01,1531.0,True,1,True
COMM-0003630,VD-000641,VD-000307,SMS,2025-05-22,23:35,2838.0,True,4,True
COMM-0003631,VD-000041,VD-000185,WhatsApp,2023-11-26,15:33,1016.0,True,2,False
COMM-0003632,VD-000768,VD-000077,SMS,2024-01-02,15:30,1110.0,False,10,False
COMM-0003633,VD-000019,VD-000620,Social Media,2024-07-11,00:31,,True,5,True
COMM-0003634,VD-000383,VD-000049,Telegram,2023-01-23,14:41,,True,1,False
COMM-0003635,VD-000941,VD-000011,E-Mail,2024-11-26,00:26,3220.0,False,1,False
COMM-0003636,VD-000154,VD-000452,Brief,2025-02-02,20:40,118.0,True,10,True
COMM-0003637,VD-000251,VD-000393,Persönlicher Kontakt,2023-05-08,17:42,766.0,False,5,False
COMM-0003638,VD-000297,VD-000588,SMS,2024-07-25,16:31,1907.0,False,7,True
COMM-0003639,VD-000914,VD-000904,Social Media,2024-03-09,08:56,,False,4,False
COMM-0003640,VD-000390,VD-000557,Social Media,2025-05-08,12:57,,True,2,True
COMM-0003641,VD-000263,VD-000831,Telegram,2023-09-01,14:29,2698.0,True,5,False
COMM-0003642,VD-000746,VD-000969,Brief,2024-09-06,01:14,,True,7,False
COMM-0003643,VD-000742,VD-000534,Brief,2024-07-26,20:54,3164.0,False,5,False
COMM-0003644,VD-000860,VD-000565,WhatsApp,2025-04-17,12:08,3286.0,False,2,False
COMM-0003645,VD-000967,VD-000183,Telegram,2023-05-11,13:28,1406.0,True,6,True
COMM-0003646,VD-000723,VD-000155,Signal,2023-01-29,22:46,,True,5,True
COMM-0003647,VD-000567,VD-000713,Telegram,2025-09-26,05:00,184.0,False,10,False
COMM-0003648,VD-000414,VD-000148,Persönlicher Kontakt,2024-02-15,15:17,3025.0,False,4,False
COMM-0003649,VD-000710,VD-000121,Social Media,2024-05-24,04:43,,True,6,True
COMM-0003650,VD-000338,VD-000150,Persönlicher Kontakt,2025-01-15,23:04,,True,4,False
COMM-0003651,VD-000990,VD-000824,Signal,2023-12-10,11:10,151.0,False,1,False
COMM-0003652,VD-000689,VD-000664,E-Mail,2025-09-02,10:34,3469.0,False,4,False
COMM-0003653,VD-000048,VD-000947,Signal,2023-03-04,11:04,245.0,True,4,True
COMM-0003654,VD-000014,VD-000537,SMS,2023-09-20,06:58,106.0,False,5,False
COMM-0003655,VD-000285,VD-000148,E-Mail,2024-11-23,13:38,1335.0,False,6,False
COMM-0003656,VD-000582,VD-000399,Telegram,2024-11-03,18:20,183.0,True,9,False
COMM-0003657,VD-000745,VD-000542,Brief,2024-05-23,06:30,886.0,False,10,False
COMM-0003658,VD-000525,VD-000831,Brief,2024-10-20,06:45,1911.0,False,1,False
COMM-0003659,VD-000625,VD-000906,Telefonat,2023-03-01,17:13,3091.0,False,6,False
COMM-0003660,VD-000823,VD-000298,Signal,2024-02-09,07:38,656.0,False,8,False
COMM-0003661,VD-000248,VD-000704,Brief,2024-05-24,05:25,,False,7,False
COMM-0003662,VD-000823,VD-000792,Telegram,2023-07-16,12:54,,True,8,True
COMM-0003663,VD-000378,VD-000026,Persönlicher Kontakt,2023-05-21,03:32,,True,9,True
COMM-0003664,VD-000807,VD-000156,Brief,2024-05-31,15:29,2670.0,True,2,False
COMM-0003665,VD-000816,VD-000710,Brief,2024-01-23,02:44,3129.0,True,4,True
COMM-0003666,VD-000826,VD-000528,Telefonat,2023-07-31,16:03,,True,10,True
COMM-0003667,VD-000731,VD-000939,Telefonat,2024-11-05,11:13,3000.0,False,7,False
COMM-0003668,VD-000454,VD-000734,Brief,2024-01-07,08:52,315.0,False,3,True
COMM-0003669,VD-000465,VD-000164,SMS,2024-11-10,12:03,,True,3,True
COMM-0003670,VD-000546,VD-000688,SMS,2023-08-05,07:20,,True,4,False
COMM-0003671,VD-000049,VD-000977,SMS,2024-03-21,18:25,,False,10,True
COMM-0003672,VD-000172,VD-000505,Brief,2024-09-17,10:24,,False,6,False
COMM-0003673,VD-000448,VD-000534,E-Mail,2023-03-31,08:26,,False,5,False
COMM-0003674,VD-000327,VD-000849,SMS,2025-04-25,09:27,2479.0,False,6,False
COMM-0003675,VD-000207,VD-000738,Telegram,2024-05-21,09:46,398.0,True,6,False
COMM-0003676,VD-000633,VD-000122,SMS,2025-07-17,18:47,874.0,False,1,False
COMM-0003677,VD-000665,VD-000060,E-Mail,2024-06-26,23:48,2344.0,False,8,True
COMM-0003678,VD-000345,VD-000947,Telefonat,2025-06-04,17:20,2703.0,False,10,False
COMM-0003679,VD-000575,VD-000085,Telegram,2023-07-04,22:20,,True,2,True
COMM-0003680,VD-000199,VD-000544,WhatsApp,2024-08-24,20:17,1065.0,True,2,True
COMM-0003681,VD-000287,VD-000269,Persönlicher Kontakt,2025-05-25,17:06,1714.0,True,7,True
COMM-0003682,VD-000608,VD-000701,SMS,2024-03-27,21:08,1885.0,False,3,False
COMM-0003683,VD-000658,VD-000119,E-Mail,2024-02-13,09:00,,True,8,True
COMM-0003684,VD-000850,VD-000925,Social Media,2024-08-02,15:09,3338.0,False,7,True
COMM-0003685,VD-000451,VD-000884,Brief,2024-04-24,10:51,2113.0,False,5,True
COMM-0003686,VD-000249,VD-000116,E-Mail,2023-12-06,19:57,783.0,False,8,False
COMM-0003687,VD-000686,VD-000863,Brief,2025-04-23,06:06,874.0,False,10,True
COMM-0003688,VD-000054,VD-000117,E-Mail,2024-06-17,14:32,,True,1,False
COMM-0003689,VD-000475,VD-000668,Signal,2025-03-31,11:26,380.0,True,6,True
COMM-0003690,VD-000236,VD-000138,WhatsApp,2023-05-16,12:54,,True,8,True
COMM-0003691,VD-000045,VD-000644,Persönlicher Kontakt,2024-08-03,08:36,1880.0,False,5,False
COMM-0003692,VD-000233,VD-000653,SMS,2025-09-05,03:28,378.0,True,6,True
COMM-0003693,VD-000684,VD-000111,Social Media,2023-08-18,16:54,3073.0,False,9,True
COMM-0003694,VD-000139,VD-000743,Telegram,2025-03-10,07:05,,False,3,True
COMM-0003695,VD-000485,VD-000470,SMS,2025-02-20,10:44,,True,10,True
COMM-0003696,VD-000068,VD-000016,SMS,2023-07-03,18:12,864.0,False,5,True
COMM-0003697,VD-000695,VD-000540,Persönlicher Kontakt,2024-02-15,15:06,595.0,False,5,False
COMM-0003698,VD-000667,VD-000959,Persönlicher Kontakt,2023-04-17,14:24,,False,9,True
COMM-0003699,VD-000899,VD-000649,SMS,2023-07-30,00:28,,False,5,True
COMM-0003700,VD-000257,VD-000339,Persönlicher Kontakt,2023-11-18,22:35,3543.0,True,9,False
COMM-0003701,VD-000548,VD-000473,Signal,2023-12-01,12:15,552.0,True,10,True
COMM-0003702,VD-000608,VD-000880,Social Media,2024-12-04,02:08,,True,5,True
COMM-0003703,VD-000284,VD-000157,Social Media,2024-01-09,02:51,2319.0,False,5,True
COMM-0003704,VD-000689,VD-000857,Social Media,2023-12-13,23:18,16.0,False,3,True
COMM-0003705,VD-000678,VD-000169,Signal,2024-08-01,02:46,1104.0,False,7,True
COMM-0003706,VD-000533,VD-000656,E-Mail,2025-05-15,08:47,656.0,False,8,False
COMM-0003707,VD-000231,VD-000709,Social Media,2024-11-26,07:14,676.0,False,4,True
COMM-0003708,VD-000888,VD-000855,Telegram,2023-05-07,02:31,377.0,True,6,True
COMM-0003709,VD-000591,VD-000003,Telegram,2024-09-08,06:58,1195.0,False,10,True
COMM-0003710,VD-000965,VD-000547,Telegram,2025-02-20,11:31,1937.0,False,3,True
COMM-0003711,VD-000703,VD-000264,Social Media,2023-08-15,03:12,2544.0,True,3,True
COMM-0003712,VD-000906,VD-000665,Brief,2023-03-22,04:06,,False,1,True
COMM-0003713,VD-000203,VD-000623,Social Media,2023-09-06,03:25,933.0,False,4,False
COMM-0003714,VD-000571,VD-000892,Telefonat,2023-06-25,23:57,,False,9,False
COMM-0003715,VD-000127,VD-000791,Social Media,2024-06-27,13:43,680.0,True,9,True
COMM-0003716,VD-000565,VD-000763,SMS,2024-11-21,21:39,546.0,True,7,True
COMM-0003717,VD-000552,VD-000283,Telefonat,2024-06-21,10:57,1630.0,False,5,True
COMM-0003718,VD-000317,VD-000647,Social Media,2024-04-21,23:38,2983.0,True,4,True
COMM-0003719,VD-000532,VD-000897,Persönlicher Kontakt,2024-10-09,12:42,1074.0,True,2,False
COMM-0003720,VD-001000,VD-000524,SMS,2023-06-03,18:20,3558.0,False,7,False
COMM-0003721,VD-000412,VD-000696,Persönlicher Kontakt,2025-02-08,08:07,,False,8,True
COMM-0003722,VD-000718,VD-000547,E-Mail,2025-05-03,18:14,936.0,False,3,False
COMM-0003723,VD-000664,VD-000847,Persönlicher Kontakt,2023-03-23,10:44,1442.0,False,8,True
COMM-0003724,VD-000415,VD-000931,SMS,2025-07-05,18:11,533.0,False,5,True
COMM-0003725,VD-000608,VD-000523,Social Media,2023-03-07,07:29,2142.0,False,5,False
COMM-0003726,VD-000021,VD-000617,E-Mail,2025-01-19,05:50,,False,4,False
COMM-0003727,VD-000309,VD-000102,Telegram,2023-03-11,09:37,691.0,True,1,False
COMM-0003728,VD-000758,VD-000363,Brief,2024-04-14,07:36,,False,4,False
COMM-0003729,VD-000605,VD-000177,E-Mail,2024-03-09,16:27,,False,9,False
COMM-0003730,VD-000273,VD-000619,Telegram,2024-04-01,16:49,,True,6,True
COMM-0003731,VD-000430,VD-000282,SMS,2025-06-10,09:24,451.0,True,9,True
COMM-0003732,VD-000396,VD-000568,Persönlicher Kontakt,2024-12-26,03:20,1268.0,False,2,False
COMM-0003733,VD-000617,VD-000629,Brief,2024-05-08,04:57,1313.0,False,8,False
COMM-0003734,VD-000044,VD-000209,Brief,2024-07-14,02:17,,False,10,True
COMM-0003735,VD-000194,VD-000820,Telegram,2025-10-20,16:25,,True,9,False
COMM-0003736,VD-000890,VD-000306,Telefonat,2023-03-30,13:04,,True,10,True
COMM-0003737,VD-000504,VD-000449,Brief,2023-05-20,21:27,1799.0,False,5,False
COMM-0003738,VD-000846,VD-000606,Brief,2024-01-23,00:48,1530.0,False,7,True
COMM-0003739,VD-000667,VD-000264,Telefonat,2025-04-21,08:07,892.0,False,6,True
COMM-0003740,VD-000633,VD-000922,Telefonat,2024-08-27,15:39,1508.0,False,3,False
COMM-0003741,VD-000818,VD-000519,Brief,2023-05-12,03:57,,False,8,False
COMM-0003742,VD-000607,VD-000625,Persönlicher Kontakt,2023-10-12,02:15,988.0,False,2,True
COMM-0003743,VD-000957,VD-000061,Brief,2023-09-02,10:24,643.0,False,3,False
COMM-0003744,VD-000038,VD-000168,Telegram,2024-12-10,18:58,1983.0,True,3,True
COMM-0003745,VD-000323,VD-000542,E-Mail,2025-11-13,14:38,,False,6,False
COMM-0003746,VD-000084,VD-000159,E-Mail,2024-10-01,02:25,966.0,False,4,True
COMM-0003747,VD-000504,VD-000514,Signal,2024-11-16,08:49,1012.0,False,1,True
COMM-0003748,VD-000841,VD-000325,WhatsApp,2023-03-31,20:12,2295.0,True,3,True
COMM-0003749,VD-000300,VD-000606,Telegram,2023-01-28,00:15,2653.0,False,9,True
COMM-0003750,VD-000338,VD-000407,E-Mail,2023-04-19,21:22,365.0,True,1,False
COMM-0003751,VD-000830,VD-000197,E-Mail,2024-03-13,22:04,1120.0,True,7,False
COMM-0003752,VD-000911,VD-000351,Persönlicher Kontakt,2025-06-26,03:25,896.0,True,3,False
COMM-0003753,VD-000713,VD-000854,Signal,2023-07-19,09:32,268.0,True,1,True
COMM-0003754,VD-000252,VD-000151,Signal,2024-04-17,18:42,2815.0,False,9,True
COMM-0003755,VD-000127,VD-000352,Signal,2023-07-21,03:38,,False,1,True
COMM-0003756,VD-000126,VD-000371,Persönlicher Kontakt,2025-09-29,14:36,1839.0,True,6,True
COMM-0003757,VD-000140,VD-000378,Brief,2025-08-08,22:47,,True,1,True
COMM-0003758,VD-000334,VD-000759,Telefonat,2024-10-16,06:59,2849.0,False,10,True
COMM-0003759,VD-000514,VD-000002,Signal,2023-11-21,13:28,835.0,False,3,False
COMM-0003760,VD-000490,VD-000094,WhatsApp,2023-07-23,02:45,3088.0,True,7,False
COMM-0003761,VD-000023,VD-000399,Telegram,2024-09-20,02:43,822.0,True,7,False
COMM-0003762,VD-000188,VD-000688,Brief,2025-07-30,22:18,,True,2,True
COMM-0003763,VD-000924,VD-000582,Telefonat,2023-09-13,22:27,,False,1,False
COMM-0003764,VD-000659,VD-000467,WhatsApp,2024-04-29,17:06,2113.0,True,8,True
COMM-0003765,VD-000647,VD-000055,Telegram,2025-06-28,08:31,,True,1,True
COMM-0003766,VD-000638,VD-000213,Social Media,2024-07-07,00:01,3304.0,True,7,False
COMM-0003767,VD-000943,VD-000443,Signal,2023-01-02,15:43,,False,2,True
COMM-0003768,VD-000101,VD-000054,Signal,2025-02-11,19:56,2605.0,True,3,True
COMM-0003769,VD-000991,VD-000273,Telefonat,2023-11-02,03:37,1332.0,True,10,False
COMM-0003770,VD-000482,VD-000585,Persönlicher Kontakt,2025-04-26,10:03,2028.0,False,3,False
COMM-0003771,VD-000791,VD-000495,Persönlicher Kontakt,2023-09-30,19:56,3306.0,True,1,False
COMM-0003772,VD-000285,VD-000239,Persönlicher Kontakt,2025-02-06,05:48,,True,5,False
COMM-0003773,VD-000269,VD-000913,SMS,2023-02-27,01:15,,True,5,True
COMM-0003774,VD-000838,VD-000221,Signal,2024-04-07,11:42,2324.0,False,7,False
COMM-0003775,VD-000913,VD-000682,Signal,2024-04-23,22:02,,True,6,False
COMM-0003776,VD-000942,VD-000820,Signal,2024-02-08,09:41,2099.0,False,8,True
COMM-0003777,VD-000288,VD-000302,Brief,2023-04-27,18:34,2323.0,True,3,False
COMM-0003778,VD-000371,VD-000962,WhatsApp,2025-02-03,04:36,,False,7,True
COMM-0003779,VD-000166,VD-000337,Social Media,2023-09-11,02:27,,False,5,False
COMM-0003780,VD-000278,VD-000408,Signal,2025-08-07,10:54,2195.0,False,8,False
COMM-0003781,VD-000476,VD-000606,Signal,2025-11-07,18:56,,True,1,False
COMM-0003782,VD-000269,VD-000639,Telefonat,2023-10-20,09:44,,True,6,True
COMM-0003783,VD-000174,VD-000928,Social Media,2023-12-20,00:36,390.0,False,4,False
COMM-0003784,VD-000827,VD-000209,Brief,2025-07-10,14:36,,False,9,True
COMM-0003785,VD-000501,VD-000020,Telefonat,2023-02-05,20:00,3204.0,False,10,True
COMM-0003786,VD-000273,VD-000116,E-Mail,2023-12-20,20:33,,False,8,True
COMM-0003787,VD-000404,VD-000607,Brief,2023-09-09,18:53,565.0,True,4,True
COMM-0003788,VD-000346,VD-000157,Persönlicher Kontakt,2025-10-17,10:32,,True,9,True
COMM-0003789,VD-000724,VD-000292,E-Mail,2025-05-22,00:19,1031.0,False,3,True
COMM-0003790,VD-000284,VD-000625,Telegram,2023-07-29,01:27,3390.0,True,6,True
COMM-0003791,VD-000025,VD-000702,Brief,2023-01-19,17:53,1987.0,True,1,True
COMM-0003792,VD-000958,VD-000843,SMS,2023-12-10,08:53,,False,6,False
COMM-0003793,VD-000629,VD-000576,E-Mail,2023-06-07,04:04,1746.0,False,3,False
COMM-0003794,VD-000972,VD-000682,E-Mail,2024-02-03,10:03,709.0,False,1,False
COMM-0003795,VD-000935,VD-000500,SMS,2024-01-02,16:02,2172.0,False,7,False
COMM-0003796,VD-000631,VD-000551,E-Mail,2024-02-20,16:45,186.0,True,6,False
COMM-0003797,VD-000861,VD-000410,E-Mail,2023-10-03,07:45,1635.0,True,10,False
COMM-0003798,VD-000829,VD-000325,Social Media,2024-10-23,02:31,,True,5,False
COMM-0003799,VD-000412,VD-000375,Social Media,2023-08-26,12:15,1124.0,False,9,True
COMM-0003800,VD-000415,VD-000688,E-Mail,2024-01-05,08:38,1260.0,False,4,True
COMM-0003801,VD-000315,VD-000839,WhatsApp,2023-06-07,17:31,919.0,False,5,False
COMM-0003802,VD-000316,VD-000998,WhatsApp,2025-05-12,18:00,1289.0,False,6,True
COMM-0003803,VD-000700,VD-000220,WhatsApp,2024-01-27,13:44,,True,10,True
COMM-0003804,VD-000468,VD-000004,WhatsApp,2024-03-02,00:22,350.0,True,7,True
COMM-0003805,VD-000181,VD-000549,Signal,2023-07-21,03:24,1889.0,True,7,False
COMM-0003806,VD-000478,VD-000137,Telefonat,2024-07-30,17:04,528.0,True,3,True
COMM-0003807,VD-000376,VD-000766,Persönlicher Kontakt,2023-07-09,16:54,527.0,True,3,True
COMM-0003808,VD-000536,VD-000194,SMS,2023-09-28,16:16,,False,10,False
COMM-0003809,VD-000799,VD-000376,Social Media,2023-10-21,05:08,1274.0,False,2,True
COMM-0003810,VD-000084,VD-000306,E-Mail,2025-07-03,03:29,3093.0,True,6,True
COMM-0003811,VD-000717,VD-000785,Telegram,2023-05-07,02:51,289.0,False,8,False
COMM-0003812,VD-000111,VD-000522,Telefonat,2023-10-19,06:22,216.0,False,9,True
COMM-0003813,VD-000492,VD-000349,WhatsApp,2025-01-23,06:27,2247.0,False,7,True
COMM-0003814,VD-000609,VD-000032,SMS,2023-08-17,03:16,,False,8,False
COMM-0003815,VD-000742,VD-000499,Persönlicher Kontakt,2024-04-20,22:00,736.0,False,10,True
COMM-0003816,VD-000553,VD-000152,Social Media,2023-09-27,19:39,,False,8,False
COMM-0003817,VD-000212,VD-000035,Telegram,2024-07-25,18:05,3008.0,False,1,False
COMM-0003818,VD-000341,VD-000497,Signal,2023-12-28,11:58,1091.0,False,2,True
COMM-0003819,VD-000888,VD-000902,Signal,2024-07-01,05:55,607.0,False,9,False
COMM-0003820,VD-000580,VD-000172,Social Media,2023-08-30,23:23,3399.0,False,6,True
COMM-0003821,VD-000905,VD-000751,Brief,2024-06-13,05:51,1987.0,False,10,False
COMM-0003822,VD-000141,VD-000036,E-Mail,2024-08-13,11:49,2515.0,False,6,False
COMM-0003823,VD-000254,VD-000162,Signal,2023-11-28,11:00,3247.0,False,6,True
COMM-0003824,VD-000313,VD-000753,E-Mail,2023-11-09,09:50,2572.0,False,3,True
COMM-0003825,VD-000167,VD-000334,Brief,2025-05-11,15:40,1373.0,True,5,True
COMM-0003826,VD-000671,VD-000652,SMS,2024-02-29,23:23,2288.0,False,7,False
COMM-0003827,VD-000258,VD-000447,SMS,2025-06-18,18:48,1639.0,True,8,True
COMM-0003828,VD-000524,VD-000522,Social Media,2023-10-01,22:25,,False,3,True
COMM-0003829,VD-000195,VD-000262,E-Mail,2023-12-29,09:53,669.0,True,8,True
COMM-0003830,VD-000888,VD-000295,Telefonat,2024-08-15,02:57,,False,3,True
COMM-0003831,VD-000998,VD-000181,Telegram,2023-10-07,18:14,1284.0,False,10,True
COMM-0003832,VD-000377,VD-000062,Telegram,2023-07-14,20:37,2190.0,True,4,False
COMM-0003833,VD-000959,VD-000670,SMS,2025-03-02,17:21,595.0,False,9,False
COMM-0003834,VD-000225,VD-000639,Social Media,2023-12-22,10:29,2460.0,False,3,True
COMM-0003835,VD-000417,VD-000248,SMS,2023-07-06,11:37,416.0,True,1,False
COMM-0003836,VD-000226,VD-000701,Social Media,2025-01-02,02:25,3594.0,False,3,False
COMM-0003837,VD-000484,VD-000524,Telegram,2025-09-06,11:06,,False,5,False
COMM-0003838,VD-000397,VD-000791,Telegram,2023-07-19,14:41,,False,2,False
COMM-0003839,VD-000735,VD-000316,Brief,2023-09-16,18:55,2840.0,True,10,False
COMM-0003840,VD-000125,VD-000591,Persönlicher Kontakt,2025-04-29,15:56,3523.0,False,10,False
COMM-0003841,VD-000557,VD-000209,WhatsApp,2024-11-09,22:36,,True,5,True
COMM-0003842,VD-000098,VD-000546,Brief,2024-04-20,10:12,47.0,True,3,False
COMM-0003843,VD-000516,VD-000908,E-Mail,2025-06-15,09:47,,False,8,True
COMM-0003844,VD-000450,VD-000257,Brief,2025-05-21,03:58,1412.0,False,9,False
COMM-0003845,VD-000099,VD-000507,Brief,2023-04-22,17:21,,False,8,False
COMM-0003846,VD-000891,VD-000127,Signal,2023-09-22,13:28,,False,3,False
COMM-0003847,VD-000551,VD-000172,WhatsApp,2023-01-30,00:44,,False,7,True
COMM-0003848,VD-000389,VD-000269,Telefonat,2023-12-18,22:25,,True,5,True
COMM-0003849,VD-000770,VD-000267,Persönlicher Kontakt,2023-08-27,13:22,3310.0,True,3,True
COMM-0003850,VD-000435,VD-000073,Signal,2023-12-23,20:45,2419.0,False,1,False
COMM-0003851,VD-000130,VD-000966,E-Mail,2024-12-31,10:16,,True,10,False
COMM-0003852,VD-000574,VD-000265,WhatsApp,2023-02-01,23:09,,False,6,True
COMM-0003853,VD-000074,VD-000622,Signal,2024-05-20,06:59,2551.0,True,2,True
COMM-0003854,VD-000576,VD-000317,E-Mail,2025-05-09,21:27,316.0,False,2,False
COMM-0003855,VD-000614,VD-000554,Telefonat,2025-07-15,11:44,,False,4,True
COMM-0003856,VD-000273,VD-000107,SMS,2023-02-23,18:40,2496.0,False,9,True
COMM-0003857,VD-000332,VD-000153,Persönlicher Kontakt,2025-03-28,14:17,2024.0,False,1,True
COMM-0003858,VD-000122,VD-000739,Persönlicher Kontakt,2024-09-18,13:45,3335.0,True,2,False
COMM-0003859,VD-000492,VD-000876,Persönlicher Kontakt,2023-02-14,22:02,3219.0,False,3,False
COMM-0003860,VD-000042,VD-000899,E-Mail,2023-06-22,22:32,852.0,True,8,True
COMM-0003861,VD-000264,VD-000418,Social Media,2024-04-19,05:51,244.0,True,10,False
COMM-0003862,VD-000924,VD-000428,Persönlicher Kontakt,2023-06-08,14:30,3277.0,True,1,False
COMM-0003863,VD-000883,VD-000531,Telefonat,2024-02-04,04:02,393.0,False,7,True
COMM-0003864,VD-000890,VD-000960,Brief,2023-06-23,12:22,,True,1,False
COMM-0003865,VD-000513,VD-000959,WhatsApp,2024-09-01,17:49,,True,2,True
COMM-0003866,VD-000265,VD-000533,Telefonat,2024-12-04,20:40,2620.0,True,6,False
COMM-0003867,VD-000563,VD-000061,Telefonat,2025-07-07,06:12,2167.0,True,5,False
COMM-0003868,VD-000719,VD-000570,Persönlicher Kontakt,2025-02-01,08:48,2487.0,False,1,False
COMM-0003869,VD-000191,VD-000813,E-Mail,2023-12-18,09:25,2194.0,False,3,False
COMM-0003870,VD-000407,VD-000486,Signal,2023-12-27,06:51,1283.0,True,9,False
COMM-0003871,VD-000075,VD-000256,Brief,2023-03-10,09:10,2311.0,False,1,True
COMM-0003872,VD-000540,VD-000639,Brief,2023-07-07,03:36,,True,10,False
COMM-0003873,VD-000966,VD-000284,Telefonat,2023-07-16,17:16,3393.0,True,7,False
COMM-0003874,VD-000329,VD-000011,Brief,2024-11-26,22:13,2550.0,True,9,False
COMM-0003875,VD-000878,VD-000081,Brief,2024-08-27,06:07,,False,4,True
COMM-0003876,VD-000933,VD-000739,Telefonat,2023-03-28,23:19,,True,10,False
COMM-0003877,VD-000100,VD-000053,SMS,2024-03-16,03:17,1288.0,True,5,False
COMM-0003878,VD-000078,VD-000205,Telefonat,2023-04-06,06:39,,False,4,False
COMM-0003879,VD-000177,VD-000048,Brief,2023-07-02,08:07,805.0,True,9,False
COMM-0003880,VD-000699,VD-000735,Social Media,2023-11-26,21:57,557.0,True,1,False
COMM-0003881,VD-000640,VD-000392,E-Mail,2023-09-14,00:25,3364.0,True,8,False
COMM-0003882,VD-000266,VD-000569,SMS,2024-05-04,06:47,56.0,False,9,False
COMM-0003883,VD-000755,VD-000375,Signal,2024-06-27,23:01,1526.0,False,2,False
COMM-0003884,VD-000752,VD-000766,Telefonat,2025-03-19,03:17,280.0,False,5,False
COMM-0003885,VD-000713,VD-000602,Persönlicher Kontakt,2025-02-07,18:04,3074.0,True,5,True
COMM-0003886,VD-000606,VD-000829,E-Mail,2024-09-10,17:25,2809.0,False,1,True
COMM-0003887,VD-000166,VD-000364,Telegram,2025-02-16,11:08,954.0,True,3,True
COMM-0003888,VD-000776,VD-000080,Persönlicher Kontakt,2024-04-14,08:12,,True,3,True
COMM-0003889,VD-000601,VD-000759,Telefonat,2025-02-11,09:23,,False,10,True
COMM-0003890,VD-000536,VD-000523,SMS,2023-01-26,17:53,,False,5,False
COMM-0003891,VD-000619,VD-000546,Telegram,2024-10-07,03:00,2273.0,False,1,False
COMM-0003892,VD-000839,VD-000966,Persönlicher Kontakt,2023-04-29,23:24,1746.0,True,3,True
COMM-0003893,VD-000397,VD-000323,Signal,2025-03-21,12:38,57.0,False,6,True
COMM-0003894,VD-000858,VD-000344,WhatsApp,2025-09-11,16:13,997.0,False,6,True
COMM-0003895,VD-000715,VD-000400,Persönlicher Kontakt,2025-02-24,20:38,,True,1,True
COMM-0003896,VD-000480,VD-000071,E-Mail,2023-07-09,10:00,2922.0,True,8,True
COMM-0003897,VD-000817,VD-000489,Signal,2025-10-25,22:49,1187.0,True,1,False
COMM-0003898,VD-000929,VD-000199,Persönlicher Kontakt,2024-06-06,09:48,2752.0,False,2,False
COMM-0003899,VD-000338,VD-000887,Persönlicher Kontakt,2023-09-17,04:06,2451.0,True,5,False
COMM-0003900,VD-000793,VD-000739,Persönlicher Kontakt,2023-10-31,21:05,1044.0,False,3,True
COMM-0003901,VD-000416,VD-000741,SMS,2025-10-03,07:05,2858.0,False,1,True
COMM-0003902,VD-000014,VD-000648,Persönlicher Kontakt,2023-01-25,01:00,208.0,True,7,False
COMM-0003903,VD-000252,VD-000092,WhatsApp,2024-02-24,05:11,1399.0,False,8,True
COMM-0003904,VD-000859,VD-000365,Telefonat,2025-02-25,18:56,3515.0,True,10,False
COMM-0003905,VD-000319,VD-000504,E-Mail,2024-11-29,20:57,1288.0,False,9,True
COMM-0003906,VD-000052,VD-000200,WhatsApp,2024-04-11,12:05,2931.0,True,6,True
COMM-0003907,VD-000497,VD-000328,Persönlicher Kontakt,2023-07-20,08:43,,True,7,True
COMM-0003908,VD-000909,VD-000534,E-Mail,2024-07-19,06:57,642.0,False,4,True
COMM-0003909,VD-000425,VD-000789,WhatsApp,2024-04-02,19:08,,False,10,True
COMM-0003910,VD-000625,VD-000629,WhatsApp,2024-05-15,09:38,665.0,False,9,False
COMM-0003911,VD-000121,VD-000264,Telefonat,2023-02-08,14:15,1858.0,True,10,False
COMM-0003912,VD-000247,VD-000712,SMS,2023-06-01,14:52,,True,5,False
COMM-0003913,VD-000036,VD-000024,Brief,2025-05-30,02:37,1704.0,True,8,True
COMM-0003914,VD-000847,VD-000840,Persönlicher Kontakt,2023-11-14,19:57,2394.0,False,7,False
COMM-0003915,VD-000813,VD-000863,E-Mail,2023-08-19,12:40,,False,5,True
COMM-0003916,VD-000661,VD-000353,Persönlicher Kontakt,2024-01-06,18:56,1210.0,False,1,True
COMM-0003917,VD-000909,VD-000364,Social Media,2025-08-04,00:03,,False,8,False
COMM-0003918,VD-000644,VD-000180,WhatsApp,2023-12-03,17:07,1921.0,False,6,True
COMM-0003919,VD-000708,VD-000536,Telefonat,2024-09-04,02:39,2224.0,False,5,True
COMM-0003920,VD-000667,VD-000356,Persönlicher Kontakt,2024-04-23,04:10,1198.0,True,7,False
COMM-0003921,VD-000849,VD-000400,WhatsApp,2023-11-01,23:58,842.0,False,3,False
COMM-0003922,VD-000648,VD-000292,WhatsApp,2024-04-13,07:57,,True,6,False
COMM-0003923,VD-000869,VD-000651,Telefonat,2025-03-14,23:15,529.0,True,9,True
COMM-0003924,VD-000409,VD-000539,Telefonat,2024-12-13,04:33,1117.0,False,2,False
COMM-0003925,VD-000313,VD-000301,Telegram,2024-06-29,19:04,702.0,False,1,False
COMM-0003926,VD-000888,VD-000854,Persönlicher Kontakt,2023-04-10,23:05,257.0,False,8,True
COMM-0003927,VD-000652,VD-000539,Persönlicher Kontakt,2025-08-12,03:22,930.0,False,5,True
COMM-0003928,VD-000732,VD-000280,Telefonat,2024-10-15,13:03,,False,9,True
COMM-0003929,VD-000912,VD-000961,SMS,2023-11-22,14:52,1951.0,True,2,True
COMM-0003930,VD-000963,VD-000369,Telefonat,2023-04-15,12:49,2340.0,True,6,False
COMM-0003931,VD-000450,VD-000212,Telegram,2025-06-06,18:44,,True,1,False
COMM-0003932,VD-000507,VD-000604,Telegram,2025-06-25,22:56,1626.0,False,8,False
COMM-0003933,VD-000551,VD-000124,Brief,2025-07-18,13:29,,False,7,False
COMM-0003934,VD-000443,VD-000807,Social Media,2025-08-27,03:40,792.0,False,8,True
COMM-0003935,VD-000252,VD-000199,WhatsApp,2025-06-02,07:59,,True,1,True
COMM-0003936,VD-000745,VD-000302,Social Media,2024-08-27,20:38,2401.0,False,2,True
COMM-0003937,VD-000781,VD-000305,Telefonat,2025-11-07,00:01,,False,5,True
COMM-0003938,VD-000223,VD-000035,Social Media,2025-10-10,10:23,2298.0,False,7,False
COMM-0003939,VD-000530,VD-000395,Signal,2023-12-10,03:21,3539.0,True,10,False
COMM-0003940,VD-000067,VD-000978,Signal,2024-11-15,22:06,555.0,True,2,True
COMM-0003941,VD-000949,VD-000242,Telefonat,2024-10-25,17:03,399.0,True,2,True
COMM-0003942,VD-000851,VD-000584,Telegram,2023-01-23,13:38,,False,3,True
COMM-0003943,VD-000819,VD-000803,E-Mail,2023-08-29,00:08,636.0,False,1,True
COMM-0003944,VD-000697,VD-000650,Telefonat,2024-11-25,10:21,3003.0,False,10,False
COMM-0003945,VD-000866,VD-000485,Telegram,2024-02-27,04:00,2933.0,True,6,True
COMM-0003946,VD-000692,VD-000934,Brief,2023-10-19,13:44,,False,4,False
COMM-0003947,VD-000426,VD-000672,SMS,2023-05-15,20:49,,True,6,False
COMM-0003948,VD-000528,VD-000294,E-Mail,2025-04-19,18:24,2131.0,True,6,False
COMM-0003949,VD-000379,VD-000342,WhatsApp,2025-01-11,11:22,,False,10,False
COMM-0003950,VD-000166,VD-000853,WhatsApp,2025-10-14,05:50,1224.0,True,9,True
COMM-0003951,VD-000812,VD-000952,Telegram,2024-01-21,20:28,166.0,True,3,False
COMM-0003952,VD-000602,VD-000261,Persönlicher Kontakt,2024-02-04,17:43,2524.0,False,10,False
COMM-0003953,VD-000740,VD-000647,Social Media,2023-04-11,19:56,787.0,False,8,True
COMM-0003954,VD-000319,VD-000179,Social Media,2023-10-05,16:58,2861.0,False,1,False
COMM-0003955,VD-000897,VD-000515,Telefonat,2023-05-06,03:24,,False,7,True
COMM-0003956,VD-000771,VD-000046,Brief,2024-12-12,04:23,2516.0,False,8,False
COMM-0003957,VD-000292,VD-000728,WhatsApp,2023-01-06,18:46,2304.0,False,8,True
COMM-0003958,VD-000094,VD-000092,Social Media,2024-03-20,03:14,2526.0,True,9,False
COMM-0003959,VD-000073,VD-000281,WhatsApp,2024-12-22,00:42,3591.0,True,3,False
COMM-0003960,VD-000784,VD-000529,Brief,2023-12-05,12:54,3092.0,True,5,False
COMM-0003961,VD-000344,VD-000616,Telefonat,2024-04-13,11:55,2752.0,False,1,False
COMM-0003962,VD-000286,VD-000900,Persönlicher Kontakt,2023-10-28,02:31,2808.0,True,7,False
COMM-0003963,VD-000179,VD-000399,Brief,2023-03-19,12:14,3002.0,False,8,True
COMM-0003964,VD-000491,VD-000269,Brief,2024-02-14,23:33,,True,3,False
COMM-0003965,VD-000407,VD-000511,Telefonat,2023-10-18,03:23,2103.0,True,3,True
COMM-0003966,VD-000201,VD-000661,Persönlicher Kontakt,2023-08-28,10:18,2163.0,True,6,True
COMM-0003967,VD-000592,VD-000671,Persönlicher Kontakt,2024-11-30,07:02,1352.0,False,9,False
COMM-0003968,VD-000909,VD-000218,Signal,2023-05-15,21:41,1357.0,False,3,True
COMM-0003969,VD-000033,VD-000208,Telefonat,2025-09-14,00:42,3339.0,False,5,True
COMM-0003970,VD-000739,VD-000248,Telefonat,2023-04-02,22:21,,True,3,False
COMM-0003971,VD-000368,VD-000408,Telegram,2024-02-16,09:15,,False,8,True
COMM-0003972,VD-000898,VD-000107,Signal,2023-05-06,21:05,,False,9,True
COMM-0003973,VD-000281,VD-000242,SMS,2023-11-14,04:28,1505.0,False,6,False
COMM-0003974,VD-000712,VD-000723,WhatsApp,2025-06-18,14:58,1987.0,True,7,False
COMM-0003975,VD-000104,VD-000177,Social Media,2025-05-31,23:28,2288.0,False,10,False
COMM-0003976,VD-000224,VD-000552,Signal,2024-02-06,08:22,2597.0,False,6,False
COMM-0003977,VD-000351,VD-000655,SMS,2025-05-20,09:36,,False,9,True
COMM-0003978,VD-000011,VD-000271,Persönlicher Kontakt,2023-07-02,14:19,2046.0,True,10,True
COMM-0003979,VD-000216,VD-000514,WhatsApp,2024-03-27,02:42,1183.0,False,9,False
COMM-0003980,VD-000238,VD-000819,Social Media,2025-03-06,17:33,,True,4,False
COMM-0003981,VD-000751,VD-000798,Social Media,2024-11-11,10:31,,False,6,False
COMM-0003982,VD-000104,VD-000055,Signal,2024-03-08,13:27,1257.0,True,3,False
COMM-0003983,VD-000070,VD-000856,Brief,2024-06-26,12:44,,True,10,True
COMM-0003984,VD-000689,VD-000326,Brief,2023-02-16,16:48,594.0,True,3,False
COMM-0003985,VD-000365,VD-000023,SMS,2023-12-26,20:14,2197.0,False,7,True
COMM-0003986,VD-000142,VD-000556,Persönlicher Kontakt,2023-11-21,10:08,,False,2,True
COMM-0003987,VD-000918,VD-000850,Brief,2025-10-18,18:50,1033.0,True,6,True
COMM-0003988,VD-000326,VD-000039,Telegram,2023-02-18,21:36,642.0,False,5,True
COMM-0003989,VD-000740,VD-000874,Social Media,2023-10-21,05:39,,True,4,True
COMM-0003990,VD-000293,VD-000975,SMS,2023-03-18,09:21,98.0,True,8,False
COMM-0003991,VD-000378,VD-000130,Telegram,2025-09-15,06:26,1554.0,False,7,True
COMM-0003992,VD-000418,VD-000609,Persönlicher Kontakt,2023-02-22,16:54,,True,1,False
COMM-0003993,VD-000851,VD-000140,Brief,2025-04-29,22:38,,True,2,True
COMM-0003994,VD-000910,VD-000075,Brief,2023-03-05,05:13,975.0,False,4,False
COMM-0003995,VD-000106,VD-000748,E-Mail,2023-12-08,01:27,655.0,False,6,True
COMM-0003996,VD-000769,VD-000021,SMS,2025-11-02,17:11,,True,1,True
COMM-0003997,VD-000760,VD-000346,Telegram,2024-10-09,09:42,509.0,False,2,True
COMM-0003998,VD-000577,VD-000531,WhatsApp,2025-08-29,14:19,,True,6,True
COMM-0003999,VD-000810,VD-000328,WhatsApp,2024-03-27,01:13,,False,7,True
COMM-0004000,VD-000379,VD-000410,Persönlicher Kontakt,2025-09-24,21:11,1448.0,False,2,True
COMM-0004001,VD-000106,VD-000332,Social Media,2023-10-05,21:53,,True,5,False
COMM-0004002,VD-000748,VD-000489,Social Media,2023-11-13,19:15,2722.0,True,2,False
COMM-0004003,VD-000175,VD-000882,Telegram,2023-01-19,23:16,1134.0,True,2,True
COMM-0004004,VD-000726,VD-000502,Persönlicher Kontakt,2025-04-15,11:10,838.0,True,7,False
COMM-0004005,VD-000718,VD-000757,WhatsApp,2024-06-29,09:51,1266.0,True,2,True
COMM-0004006,VD-000177,VD-000576,Brief,2024-07-16,05:46,,True,3,False
COMM-0004007,VD-000102,VD-000136,WhatsApp,2023-05-15,16:17,1725.0,True,2,True
COMM-0004008,VD-000260,VD-000461,WhatsApp,2025-09-23,05:16,,False,3,True
COMM-0004009,VD-000757,VD-000984,Social Media,2024-07-18,12:11,2530.0,False,8,True
COMM-0004010,VD-000460,VD-000809,Telegram,2024-07-21,18:48,,False,1,False
COMM-0004011,VD-000440,VD-000010,Persönlicher Kontakt,2024-02-27,16:55,,True,1,False
COMM-0004012,VD-000187,VD-000151,Persönlicher Kontakt,2024-03-14,11:57,2817.0,False,8,False
COMM-0004013,VD-000484,VD-000993,Persönlicher Kontakt,2023-01-19,08:49,1821.0,True,4,False
COMM-0004014,VD-000614,VD-000099,WhatsApp,2023-12-06,16:39,328.0,False,3,False
COMM-0004015,VD-000162,VD-000708,Persönlicher Kontakt,2023-03-02,16:25,3002.0,False,6,False
COMM-0004016,VD-000630,VD-000896,SMS,2023-03-23,15:18,2630.0,False,2,False
COMM-0004017,VD-000261,VD-000371,Telefonat,2023-04-23,07:33,1218.0,False,6,False
COMM-0004018,VD-000713,VD-000029,Persönlicher Kontakt,2023-12-19,03:57,3396.0,False,4,True
COMM-0004019,VD-000056,VD-000463,Telegram,2024-08-25,06:25,,False,9,False
COMM-0004020,VD-000435,VD-000316,Persönlicher Kontakt,2025-01-21,06:51,342.0,False,3,False
COMM-0004021,VD-000784,VD-000546,Social Media,2025-06-19,15:54,,False,1,False
COMM-0004022,VD-000235,VD-000805,WhatsApp,2023-01-08,01:27,649.0,False,5,False
COMM-0004023,VD-000534,VD-000360,Brief,2025-04-30,09:50,2652.0,True,1,True
COMM-0004024,VD-000569,VD-000394,SMS,2023-03-03,06:51,985.0,True,4,False
COMM-0004025,VD-000679,VD-000537,E-Mail,2025-06-21,11:02,,True,4,False
COMM-0004026,VD-000903,VD-000377,Brief,2023-11-28,17:46,1218.0,True,10,True
COMM-0004027,VD-000401,VD-000991,WhatsApp,2023-10-22,17:40,,True,2,True
COMM-0004028,VD-000057,VD-000574,Telefonat,2025-09-14,15:57,2599.0,True,10,True
COMM-0004029,VD-000117,VD-000302,E-Mail,2023-04-25,08:55,1026.0,True,7,True
COMM-0004030,VD-000051,VD-000573,SMS,2024-06-24,19:51,1336.0,True,9,False
COMM-0004031,VD-000643,VD-000287,Telegram,2025-08-16,16:08,377.0,False,8,False
COMM-0004032,VD-000268,VD-000083,E-Mail,2025-10-26,06:32,,True,8,True
COMM-0004033,VD-000970,VD-000321,Telefonat,2023-04-13,21:46,323.0,False,3,True
COMM-0004034,VD-000435,VD-000938,SMS,2024-04-07,12:57,900.0,False,5,True
COMM-0004035,VD-000118,VD-000381,WhatsApp,2024-10-27,13:42,2369.0,True,3,True
COMM-0004036,VD-000794,VD-000326,E-Mail,2023-07-25,20:02,2080.0,True,8,False
COMM-0004037,VD-000970,VD-000062,Telegram,2023-06-18,09:14,43.0,False,8,False
COMM-0004038,VD-000078,VD-000803,Social Media,2025-01-28,08:17,,False,3,False
COMM-0004039,VD-000524,VD-000117,Telegram,2024-10-03,19:07,,True,6,True
COMM-0004040,VD-000408,VD-000281,Persönlicher Kontakt,2025-10-26,12:15,2725.0,False,3,True
COMM-0004041,VD-000241,VD-000934,Telegram,2024-12-11,01:09,,False,4,False
COMM-0004042,VD-000218,VD-000954,Signal,2025-05-19,00:47,,False,2,False
COMM-0004043,VD-000090,VD-000456,Telegram,2023-12-04,11:13,,True,5,False
COMM-0004044,VD-000188,VD-000966,SMS,2024-05-11,11:34,,True,5,True
COMM-0004045,VD-000054,VD-000152,Persönlicher Kontakt,2023-12-25,19:30,736.0,False,1,True
COMM-0004046,VD-000162,VD-000005,SMS,2025-03-16,07:12,1476.0,False,8,False
COMM-0004047,VD-000704,VD-000697,SMS,2023-05-03,12:18,2367.0,True,7,True
COMM-0004048,VD-000808,VD-000892,Persönlicher Kontakt,2023-12-28,17:49,2713.0,True,4,False
COMM-0004049,VD-000691,VD-000058,Telefonat,2024-05-26,17:49,3473.0,True,2,True
COMM-0004050,VD-000047,VD-000480,E-Mail,2025-11-06,15:05,1781.0,True,6,True
COMM-0004051,VD-000637,VD-000869,Brief,2023-11-05,02:27,3134.0,False,5,False
COMM-0004052,VD-000815,VD-000666,Signal,2024-10-30,00:43,506.0,False,1,False
COMM-0004053,VD-000879,VD-000262,Telefonat,2025-05-08,12:55,685.0,False,8,True
COMM-0004054,VD-000852,VD-000392,E-Mail,2023-04-23,13:44,1502.0,False,1,True
COMM-0004055,VD-000016,VD-000581,Persönlicher Kontakt,2024-05-22,09:25,2793.0,False,5,True
COMM-0004056,VD-000293,VD-000173,Telegram,2023-10-16,05:22,1052.0,False,7,False
COMM-0004057,VD-000935,VD-000109,Social Media,2023-06-20,15:22,,True,7,False
COMM-0004058,VD-000818,VD-000817,Signal,2025-07-29,03:57,,True,5,False
COMM-0004059,VD-000634,VD-000913,Signal,2024-03-11,06:54,,True,2,True
COMM-0004060,VD-000655,VD-000611,Social Media,2023-08-25,20:05,2224.0,False,3,False
COMM-0004061,VD-000073,VD-000825,SMS,2025-01-26,13:43,1838.0,False,5,False
COMM-0004062,VD-000459,VD-000194,WhatsApp,2023-06-14,04:58,,False,2,False
COMM-0004063,VD-000423,VD-000302,E-Mail,2023-06-25,00:07,,True,3,True
COMM-0004064,VD-000277,VD-000913,Telegram,2023-04-30,15:24,824.0,False,9,True
COMM-0004065,VD-000585,VD-000056,WhatsApp,2024-11-02,07:51,1257.0,True,8,True
COMM-0004066,VD-000373,VD-000049,Telefonat,2023-02-13,17:38,1882.0,True,4,False
COMM-0004067,VD-000728,VD-000682,E-Mail,2025-04-26,15:21,,False,4,True
COMM-0004068,VD-000255,VD-000148,Signal,2025-04-06,08:47,1172.0,True,7,False
COMM-0004069,VD-000100,VD-000657,E-Mail,2023-07-22,07:32,162.0,True,6,True
COMM-0004070,VD-000260,VD-000225,Telegram,2023-12-26,01:26,3183.0,True,9,False
COMM-0004071,VD-000250,VD-000557,SMS,2024-06-21,20:04,1448.0,True,8,False
COMM-0004072,VD-000042,VD-000764,SMS,2024-01-14,08:05,2405.0,False,6,True
COMM-0004073,VD-000939,VD-000434,Persönlicher Kontakt,2024-01-30,07:01,1851.0,False,4,True
COMM-0004074,VD-000560,VD-000241,Telegram,2024-10-04,00:30,3093.0,False,2,True
COMM-0004075,VD-000846,VD-000193,Brief,2023-07-23,16:54,766.0,False,1,True
COMM-0004076,VD-000286,VD-000143,E-Mail,2024-03-11,17:25,,True,10,True
COMM-0004077,VD-000980,VD-000362,E-Mail,2025-06-20,19:34,2415.0,False,2,False
COMM-0004078,VD-000186,VD-000544,Social Media,2023-05-04,14:00,,True,8,True
COMM-0004079,VD-000208,VD-000421,Signal,2025-05-13,04:45,1458.0,False,7,False
COMM-0004080,VD-000249,VD-000206,SMS,2023-04-05,08:03,2914.0,False,5,True
COMM-0004081,VD-000392,VD-000659,Social Media,2024-05-07,08:06,960.0,False,4,False
COMM-0004082,VD-000676,VD-000653,WhatsApp,2025-05-14,21:36,2981.0,False,6,True
COMM-0004083,VD-000008,VD-000704,WhatsApp,2024-10-14,15:31,3581.0,False,9,False
COMM-0004084,VD-000670,VD-000234,WhatsApp,2023-01-16,12:27,856.0,False,5,True
COMM-0004085,VD-000651,VD-000646,E-Mail,2025-05-18,21:05,1143.0,True,9,False
COMM-0004086,VD-000056,VD-000316,SMS,2024-04-08,16:43,2012.0,True,2,False
COMM-0004087,VD-000178,VD-000206,WhatsApp,2023-04-11,18:44,,False,4,False
COMM-0004088,VD-000253,VD-000009,Brief,2023-03-20,09:54,,True,3,True
COMM-0004089,VD-000822,VD-000647,Social Media,2025-04-08,23:52,,False,10,True
COMM-0004090,VD-000631,VD-000129,Persönlicher Kontakt,2024-04-24,06:11,60.0,True,9,False
COMM-0004091,VD-000962,VD-000458,Persönlicher Kontakt,2023-10-08,00:38,,True,4,False
COMM-0004092,VD-000323,VD-000815,E-Mail,2025-10-21,01:23,1794.0,False,8,False
COMM-0004093,VD-000361,VD-000028,E-Mail,2023-06-22,14:14,,True,3,False
COMM-0004094,VD-000049,VD-000729,Telegram,2024-04-23,11:35,,False,9,False
COMM-0004095,VD-000888,VD-000904,Signal,2024-01-13,07:36,,True,9,False
COMM-0004096,VD-000568,VD-000911,Telegram,2025-07-18,23:37,3597.0,False,9,True
COMM-0004097,VD-000440,VD-000168,Persönlicher Kontakt,2025-07-17,11:41,,False,7,False
COMM-0004098,VD-000600,VD-000856,Brief,2024-03-18,22:09,904.0,True,3,False
COMM-0004099,VD-000796,VD-000599,Telegram,2023-01-16,16:58,2910.0,False,5,False
COMM-0004100,VD-000889,VD-000112,Telegram,2024-06-21,19:06,,False,7,True
COMM-0004101,VD-000258,VD-000003,Telegram,2023-04-02,20:39,2961.0,False,9,True
COMM-0004102,VD-000579,VD-000923,E-Mail,2023-08-29,18:08,879.0,True,3,False
COMM-0004103,VD-000505,VD-000560,Telegram,2024-12-01,19:15,,False,3,True
COMM-0004104,VD-000357,VD-000586,WhatsApp,2025-03-10,03:23,3121.0,True,10,True
COMM-0004105,VD-000017,VD-000861,Social Media,2023-03-07,23:05,2796.0,False,8,False
COMM-0004106,VD-000047,VD-000450,SMS,2024-12-16,22:39,1110.0,False,3,False
COMM-0004107,VD-000800,VD-000578,E-Mail,2023-09-28,02:49,1298.0,True,4,True
COMM-0004108,VD-000223,VD-000933,Social Media,2023-09-10,08:50,616.0,False,6,True
COMM-0004109,VD-000251,VD-000668,E-Mail,2025-08-03,13:12,2031.0,True,5,True
COMM-0004110,VD-000798,VD-000840,WhatsApp,2023-03-31,10:18,,False,4,False
COMM-0004111,VD-000866,VD-000842,Signal,2025-10-09,22:52,1487.0,False,4,False
COMM-0004112,VD-000406,VD-000587,Signal,2023-02-05,20:54,3592.0,False,10,False
COMM-0004113,VD-000122,VD-000271,Telegram,2023-05-13,19:57,2458.0,False,1,True
COMM-0004114,VD-000003,VD-000055,Telefonat,2025-03-17,05:08,1417.0,False,7,False
COMM-0004115,VD-000020,VD-000894,WhatsApp,2025-04-22,04:35,43.0,False,7,False
COMM-0004116,VD-000142,VD-000635,Persönlicher Kontakt,2025-01-26,21:28,3389.0,True,5,False
COMM-0004117,VD-000304,VD-000549,Social Media,2024-05-12,02:53,527.0,True,8,False
COMM-0004118,VD-000797,VD-000313,Signal,2024-05-19,23:59,,True,3,False
COMM-0004119,VD-000143,VD-000410,Telefonat,2025-04-14,16:14,2561.0,True,10,False
COMM-0004120,VD-000039,VD-000615,Brief,2024-06-14,04:30,1733.0,False,10,False
COMM-0004121,VD-000687,VD-000193,Telefonat,2024-05-19,01:20,,True,7,True
COMM-0004122,VD-000242,VD-000358,WhatsApp,2025-03-29,04:50,,False,8,False
COMM-0004123,VD-000480,VD-000415,WhatsApp,2024-10-22,12:40,,False,3,True
COMM-0004124,VD-000602,VD-000953,Persönlicher Kontakt,2023-11-07,03:15,1379.0,False,10,False
COMM-0004125,VD-000009,VD-000877,Telefonat,2024-07-26,12:15,1502.0,False,8,False
COMM-0004126,VD-000882,VD-000236,Social Media,2023-01-19,18:19,,True,3,False
COMM-0004127,VD-000931,VD-000959,Telefonat,2023-06-27,04:23,2213.0,False,8,False
COMM-0004128,VD-000778,VD-000144,Brief,2023-11-05,02:34,476.0,False,2,False
COMM-0004129,VD-001000,VD-000979,SMS,2025-10-01,22:16,,False,8,False
COMM-0004130,VD-000253,VD-000309,WhatsApp,2024-10-08,03:08,,True,3,True
COMM-0004131,VD-000986,VD-000862,SMS,2025-01-25,14:22,488.0,True,6,True
COMM-0004132,VD-000415,VD-000819,Social Media,2024-09-14,03:58,,True,10,False
COMM-0004133,VD-000025,VD-000338,SMS,2023-09-14,20:49,1184.0,True,9,False
COMM-0004134,VD-000501,VD-000593,Persönlicher Kontakt,2025-10-28,10:20,1220.0,False,2,True
COMM-0004135,VD-000399,VD-000114,WhatsApp,2024-05-25,19:43,2852.0,True,2,False
COMM-0004136,VD-000488,VD-000949,Persönlicher Kontakt,2025-01-26,06:00,3287.0,False,1,True
COMM-0004137,VD-000675,VD-000689,Persönlicher Kontakt,2024-01-16,02:58,2447.0,True,7,False
COMM-0004138,VD-000517,VD-000643,Persönlicher Kontakt,2024-04-21,12:37,747.0,False,10,True
COMM-0004139,VD-000510,VD-000147,E-Mail,2023-03-02,04:39,478.0,True,5,False
COMM-0004140,VD-000044,VD-000384,WhatsApp,2024-09-10,10:59,,False,1,False
COMM-0004141,VD-000815,VD-000353,Persönlicher Kontakt,2024-11-11,15:57,,False,4,False
COMM-0004142,VD-000775,VD-000780,Persönlicher Kontakt,2024-07-01,08:16,3162.0,True,4,True
COMM-0004143,VD-000202,VD-000447,SMS,2025-06-30,03:43,1531.0,False,8,False
COMM-0004144,VD-000070,VD-000465,WhatsApp,2023-09-19,20:02,17.0,False,9,False
COMM-0004145,VD-000036,VD-000816,WhatsApp,2024-07-31,10:26,857.0,True,8,False
COMM-0004146,VD-000834,VD-000590,E-Mail,2024-01-22,09:48,1816.0,False,6,True
COMM-0004147,VD-000194,VD-000880,Social Media,2024-10-17,13:57,2946.0,True,1,False
COMM-0004148,VD-000807,VD-000085,Signal,2024-03-13,07:40,2377.0,True,2,True
COMM-0004149,VD-000627,VD-000587,Brief,2023-08-04,07:50,3015.0,False,10,True
COMM-0004150,VD-000686,VD-000471,Telegram,2025-02-05,16:58,2146.0,True,6,True
COMM-0004151,VD-000942,VD-000728,WhatsApp,2025-03-27,05:53,61.0,False,3,False
COMM-0004152,VD-000153,VD-000946,E-Mail,2025-06-23,06:32,3173.0,True,3,False
COMM-0004153,VD-000824,VD-000228,Brief,2024-05-09,18:50,2071.0,False,8,True
COMM-0004154,VD-000672,VD-000732,Brief,2023-12-14,20:31,2820.0,True,4,True
COMM-0004155,VD-000179,VD-000108,Persönlicher Kontakt,2024-02-07,23:30,2016.0,False,7,True
COMM-0004156,VD-000832,VD-000068,Telefonat,2023-12-08,15:17,1312.0,False,2,False
COMM-0004157,VD-000913,VD-000578,Signal,2024-05-19,23:52,,False,5,False
COMM-0004158,VD-000707,VD-000493,E-Mail,2024-03-16,19:01,2722.0,True,1,True
COMM-0004159,VD-000373,VD-000517,E-Mail,2025-04-08,12:04,3221.0,True,6,False
COMM-0004160,VD-000158,VD-000804,Social Media,2025-03-11,07:01,948.0,False,8,False
COMM-0004161,VD-000644,VD-000696,Telefonat,2024-06-21,13:05,536.0,False,3,True
COMM-0004162,VD-000963,VD-000334,E-Mail,2023-09-17,16:09,505.0,False,2,True
COMM-0004163,VD-000804,VD-000038,Telegram,2023-07-30,09:50,,False,10,True
COMM-0004164,VD-000277,VD-000528,Telegram,2023-08-03,01:30,3289.0,True,4,False
COMM-0004165,VD-000798,VD-000846,Persönlicher Kontakt,2024-08-02,14:58,,True,5,False
COMM-0004166,VD-000104,VD-000510,SMS,2023-01-03,09:56,,False,10,False
COMM-0004167,VD-000361,VD-000525,Persönlicher Kontakt,2023-05-28,18:34,2630.0,False,9,True
COMM-0004168,VD-000872,VD-000022,Telegram,2023-10-18,06:05,2957.0,True,10,True
COMM-0004169,VD-000382,VD-000887,Social Media,2025-08-26,16:21,975.0,False,4,False
COMM-0004170,VD-000653,VD-000990,Social Media,2023-08-26,01:09,3014.0,True,10,True
COMM-0004171,VD-000499,VD-000188,WhatsApp,2024-03-15,05:06,,True,2,True
COMM-0004172,VD-000373,VD-000144,Persönlicher Kontakt,2025-01-08,11:49,,False,1,False
COMM-0004173,VD-000505,VD-000253,Telegram,2023-10-27,02:24,3392.0,False,4,True
COMM-0004174,VD-000081,VD-000171,E-Mail,2023-09-20,18:09,,False,8,False
COMM-0004175,VD-000379,VD-000939,E-Mail,2024-10-12,03:48,2378.0,False,9,True
COMM-0004176,VD-000323,VD-000354,Telefonat,2024-12-13,17:25,,False,8,False
COMM-0004177,VD-000067,VD-000084,WhatsApp,2024-08-11,19:50,,True,9,True
COMM-0004178,VD-000542,VD-000021,E-Mail,2024-02-24,05:00,2897.0,False,10,True
COMM-0004179,VD-000784,VD-000777,Telefonat,2023-11-04,00:22,,False,2,False
COMM-0004180,VD-000172,VD-000927,E-Mail,2024-05-28,17:37,,True,3,True
COMM-0004181,VD-000494,VD-000787,Telefonat,2023-03-03,15:59,1109.0,False,4,False
COMM-0004182,VD-000421,VD-000141,Signal,2024-07-06,21:31,986.0,True,3,True
COMM-0004183,VD-000451,VD-000284,Telefonat,2023-01-26,05:41,,False,6,True
COMM-0004184,VD-000558,VD-000122,WhatsApp,2025-04-22,05:16,2021.0,False,9,False
COMM-0004185,VD-000824,VD-000745,Telegram,2025-10-23,11:16,977.0,False,10,False
COMM-0004186,VD-000014,VD-000141,Signal,2023-04-20,18:08,1323.0,False,4,True
COMM-0004187,VD-000663,VD-000236,Signal,2024-02-04,09:47,570.0,False,2,False
COMM-0004188,VD-000247,VD-000932,WhatsApp,2023-09-25,13:54,,True,7,True
COMM-0004189,VD-000798,VD-000328,Telegram,2024-08-22,20:56,428.0,True,4,False
COMM-0004190,VD-000251,VD-000358,Brief,2024-05-12,18:25,,True,3,False
COMM-0004191,VD-000070,VD-000231,Telegram,2025-01-16,10:13,1224.0,True,5,True
COMM-0004192,VD-000800,VD-000385,SMS,2023-09-18,22:23,46.0,False,7,True
COMM-0004193,VD-000767,VD-000723,Social Media,2023-12-22,08:58,3571.0,False,4,True
COMM-0004194,VD-000782,VD-000324,Brief,2023-08-14,02:26,,False,10,True
COMM-0004195,VD-000866,VD-000944,Persönlicher Kontakt,2024-04-28,01:32,1072.0,True,2,False
COMM-0004196,VD-000239,VD-000314,Persönlicher Kontakt,2023-04-27,12:20,17.0,True,10,False
COMM-0004197,VD-000483,VD-000604,E-Mail,2023-07-09,22:30,,False,2,True
COMM-0004198,VD-000918,VD-000622,SMS,2024-04-28,22:12,,True,2,True
COMM-0004199,VD-000162,VD-000652,SMS,2023-09-17,23:32,1756.0,True,8,False
COMM-0004200,VD-000334,VD-000756,WhatsApp,2023-09-05,15:28,2187.0,True,2,False
COMM-0004201,VD-000038,VD-000672,Brief,2024-07-12,22:52,,False,3,False
COMM-0004202,VD-000975,VD-000786,SMS,2023-01-11,20:09,2935.0,True,7,True
COMM-0004203,VD-000232,VD-000404,Signal,2024-05-03,20:22,,False,2,False
COMM-0004204,VD-000862,VD-000301,WhatsApp,2023-04-18,12:09,3269.0,True,9,True
COMM-0004205,VD-000381,VD-000467,Telefonat,2023-10-27,04:12,1753.0,True,4,False
COMM-0004206,VD-000421,VD-000479,E-Mail,2023-06-12,18:51,2108.0,False,8,False
COMM-0004207,VD-000129,VD-000612,E-Mail,2025-02-07,15:08,,True,4,True
COMM-0004208,VD-000312,VD-000872,Social Media,2024-06-16,22:02,,True,7,True
COMM-0004209,VD-000826,VD-000572,SMS,2024-07-16,09:08,,True,4,False
COMM-0004210,VD-000231,VD-000241,Telegram,2025-10-24,12:59,,True,3,True
COMM-0004211,VD-000319,VD-000706,Social Media,2025-03-15,02:11,,True,4,True
COMM-0004212,VD-000698,VD-000149,Telefonat,2024-04-08,12:02,3503.0,False,6,True
COMM-0004213,VD-000233,VD-000120,Telegram,2024-03-25,01:32,,True,2,True
COMM-0004214,VD-000872,VD-000414,Persönlicher Kontakt,2024-07-31,22:20,,True,10,False
COMM-0004215,VD-000591,VD-000956,WhatsApp,2025-01-28,16:20,2964.0,True,7,True
COMM-0004216,VD-000117,VD-000844,Signal,2025-02-18,03:05,2933.0,True,6,True
COMM-0004217,VD-000772,VD-000337,Signal,2023-03-15,17:58,2098.0,False,9,True
COMM-0004218,VD-000368,VD-000844,E-Mail,2024-04-03,16:51,,False,6,False
COMM-0004219,VD-000157,VD-000118,Brief,2025-01-02,06:54,509.0,True,2,False
COMM-0004220,VD-000168,VD-000633,Telefonat,2025-02-05,13:30,3071.0,True,2,True
COMM-0004221,VD-000775,VD-000544,Social Media,2025-09-30,18:23,171.0,True,9,True
COMM-0004222,VD-000698,VD-000814,Persönlicher Kontakt,2024-09-12,06:25,2289.0,False,1,False
COMM-0004223,VD-000309,VD-000398,Persönlicher Kontakt,2023-10-25,06:15,2384.0,True,7,True
COMM-0004224,VD-000723,VD-000241,Telegram,2024-04-20,08:13,1434.0,False,4,True
COMM-0004225,VD-000866,VD-000313,Social Media,2024-06-25,04:44,,False,6,False
COMM-0004226,VD-000349,VD-000315,WhatsApp,2023-11-28,08:48,,True,7,True
COMM-0004227,VD-000660,VD-000969,Telefonat,2024-09-16,10:38,,False,9,True
COMM-0004228,VD-000483,VD-000756,Telefonat,2023-04-11,12:08,2977.0,False,3,False
COMM-0004229,VD-000754,VD-000925,Telefonat,2024-05-31,00:31,2013.0,True,3,True
COMM-0004230,VD-000206,VD-000293,E-Mail,2025-02-03,02:21,,False,3,False
COMM-0004231,VD-000414,VD-000145,Persönlicher Kontakt,2024-08-30,04:31,3424.0,False,9,False
COMM-0004232,VD-000913,VD-000358,Telefonat,2024-05-19,23:38,,False,2,True
COMM-0004233,VD-000016,VD-000563,Persönlicher Kontakt,2023-06-29,16:01,1720.0,False,10,True
COMM-0004234,VD-000541,VD-000604,SMS,2024-01-01,21:12,2884.0,True,1,False
COMM-0004235,VD-000225,VD-000445,Telegram,2023-01-08,17:14,2620.0,False,7,False
COMM-0004236,VD-000158,VD-000140,Telefonat,2025-04-03,16:43,,False,6,False
COMM-0004237,VD-000786,VD-000439,Social Media,2024-08-11,18:43,1738.0,True,5,False
COMM-0004238,VD-000450,VD-000191,E-Mail,2025-05-04,19:58,,False,10,False
COMM-0004239,VD-000627,VD-000606,Signal,2025-10-24,05:18,228.0,True,2,False
COMM-0004240,VD-000825,VD-000813,Social Media,2023-09-11,00:11,1646.0,False,2,False
COMM-0004241,VD-000043,VD-000056,Brief,2024-06-24,12:54,228.0,True,4,True
COMM-0004242,VD-000305,VD-000509,Brief,2023-11-01,11:13,892.0,False,6,True
COMM-0004243,VD-000649,VD-000711,Persönlicher Kontakt,2025-09-22,00:48,731.0,False,1,False
COMM-0004244,VD-000172,VD-000121,Signal,2024-04-13,05:53,3316.0,False,5,False
COMM-0004245,VD-000720,VD-000627,Persönlicher Kontakt,2025-04-11,23:23,393.0,True,1,True
COMM-0004246,VD-000242,VD-000769,WhatsApp,2025-05-03,21:38,,False,4,False
COMM-0004247,VD-000929,VD-000964,Social Media,2024-11-08,22:49,2906.0,True,3,False
COMM-0004248,VD-000469,VD-000674,Telegram,2023-08-30,02:00,1529.0,True,1,False
COMM-0004249,VD-000750,VD-000708,SMS,2023-06-03,19:02,2074.0,True,9,False
COMM-0004250,VD-000027,VD-000278,Telegram,2025-09-14,05:04,3583.0,False,2,False
COMM-0004251,VD-000038,VD-000413,Telefonat,2025-01-16,11:51,,True,1,True
COMM-0004252,VD-000104,VD-000319,Signal,2023-03-10,05:59,3346.0,True,5,False
COMM-0004253,VD-000734,VD-000319,E-Mail,2023-06-14,10:45,1488.0,True,6,True
COMM-0004254,VD-000900,VD-000389,Signal,2025-11-02,15:54,,False,6,False
COMM-0004255,VD-000399,VD-000411,Persönlicher Kontakt,2025-06-18,13:01,3325.0,True,6,False
COMM-0004256,VD-000535,VD-000799,WhatsApp,2025-03-05,03:34,2162.0,True,5,False
COMM-0004257,VD-000435,VD-000759,Telegram,2024-07-27,02:39,2041.0,False,3,False
COMM-0004258,VD-000038,VD-000483,Telegram,2023-10-19,02:46,,True,1,False
COMM-0004259,VD-000285,VD-000613,Brief,2023-11-11,23:28,1164.0,True,2,False
COMM-0004260,VD-000501,VD-000655,Social Media,2023-04-07,05:05,,True,1,True
COMM-0004261,VD-000530,VD-000706,Signal,2024-09-20,21:33,2814.0,True,2,False
COMM-0004262,VD-000761,VD-000245,Brief,2023-09-12,20:31,1224.0,False,4,True
COMM-0004263,VD-000363,VD-000141,Telefonat,2023-01-12,04:38,,False,6,False
COMM-0004264,VD-000110,VD-000390,Persönlicher Kontakt,2023-08-25,18:54,,False,4,True
COMM-0004265,VD-000199,VD-000556,E-Mail,2023-06-19,13:30,,True,6,False
COMM-0004266,VD-000660,VD-000887,SMS,2023-10-12,06:50,1756.0,True,6,False
COMM-0004267,VD-000756,VD-000296,Telegram,2023-05-27,02:52,751.0,False,3,True
COMM-0004268,VD-000637,VD-000147,Social Media,2025-05-06,06:03,2003.0,True,3,True
COMM-0004269,VD-000091,VD-000278,Signal,2024-09-05,11:54,247.0,False,2,True
COMM-0004270,VD-000662,VD-000955,WhatsApp,2023-12-22,18:07,2276.0,True,8,False
COMM-0004271,VD-000728,VD-000203,SMS,2023-03-16,13:02,3481.0,False,5,False
COMM-0004272,VD-000630,VD-000325,Brief,2025-04-01,04:36,3040.0,True,8,True
COMM-0004273,VD-000001,VD-000080,Social Media,2023-05-13,17:24,1787.0,True,7,False
COMM-0004274,VD-000371,VD-000017,Brief,2023-11-18,05:40,2750.0,False,1,False
COMM-0004275,VD-000481,VD-000098,Brief,2024-10-09,21:47,,False,8,True
COMM-0004276,VD-000302,VD-000731,Social Media,2025-09-12,02:29,551.0,True,8,True
COMM-0004277,VD-000150,VD-000794,Telefonat,2023-09-02,01:04,,True,3,False
COMM-0004278,VD-000285,VD-000467,Telefonat,2025-09-16,07:13,71.0,True,10,False
COMM-0004279,VD-000618,VD-000700,Persönlicher Kontakt,2025-11-10,19:08,2223.0,False,10,False
COMM-0004280,VD-000275,VD-000403,WhatsApp,2024-01-21,16:07,2488.0,False,4,True
COMM-0004281,VD-000202,VD-000422,WhatsApp,2025-04-07,03:23,1036.0,True,4,True
COMM-0004282,VD-000622,VD-000745,Persönlicher Kontakt,2025-02-14,12:25,650.0,False,7,False
COMM-0004283,VD-000794,VD-000044,E-Mail,2023-07-23,20:00,3177.0,True,1,True
COMM-0004284,VD-000802,VD-000330,Social Media,2024-11-13,15:32,2878.0,False,1,True
COMM-0004285,VD-000702,VD-000909,Telegram,2023-12-26,09:45,2636.0,False,8,True
COMM-0004286,VD-000513,VD-000476,Brief,2025-05-11,04:03,1938.0,False,3,False
COMM-0004287,VD-000359,VD-000270,Signal,2024-11-02,17:23,653.0,False,8,False
COMM-0004288,VD-000152,VD-000557,Social Media,2024-09-12,00:10,2595.0,False,8,True
COMM-0004289,VD-000238,VD-000415,E-Mail,2023-07-06,04:36,,False,10,True
COMM-0004290,VD-000067,VD-000310,WhatsApp,2024-07-28,13:43,935.0,True,8,False
COMM-0004291,VD-000197,VD-000885,WhatsApp,2024-12-17,06:17,,True,5,True
COMM-0004292,VD-000851,VD-000561,Telefonat,2024-03-09,02:01,,True,7,False
COMM-0004293,VD-000075,VD-000127,Signal,2023-10-04,16:45,1964.0,True,9,True
COMM-0004294,VD-000462,VD-000714,Brief,2025-06-06,12:15,1792.0,True,7,True
COMM-0004295,VD-000699,VD-000925,SMS,2024-11-20,22:42,102.0,True,7,False
COMM-0004296,VD-000692,VD-000595,E-Mail,2023-12-22,14:13,,True,7,True
COMM-0004297,VD-000560,VD-000929,Telegram,2025-08-16,05:01,1578.0,False,3,True
COMM-0004298,VD-000592,VD-000059,SMS,2023-02-04,18:15,,True,5,False
COMM-0004299,VD-000496,VD-000386,Brief,2025-02-19,05:43,1924.0,True,10,False
COMM-0004300,VD-000878,VD-000490,Telefonat,2024-06-10,09:16,2275.0,True,8,True
COMM-0004301,VD-000850,VD-000172,E-Mail,2025-05-26,17:36,,True,5,False
COMM-0004302,VD-000490,VD-000260,WhatsApp,2024-09-11,05:36,1724.0,True,2,True
COMM-0004303,VD-000534,VD-000753,WhatsApp,2023-02-12,00:13,98.0,True,6,False
COMM-0004304,VD-000200,VD-000855,WhatsApp,2024-06-24,04:33,,True,3,True
COMM-0004305,VD-000432,VD-000862,E-Mail,2023-05-21,19:06,73.0,False,2,True
COMM-0004306,VD-000223,VD-000850,SMS,2023-10-31,07:41,2897.0,True,9,False
COMM-0004307,VD-000654,VD-000761,Telefonat,2024-04-20,10:13,3007.0,True,10,True
COMM-0004308,VD-000180,VD-000458,Telegram,2024-05-18,23:56,701.0,False,8,True
COMM-0004309,VD-000713,VD-000843,WhatsApp,2024-01-29,13:20,975.0,True,9,True
COMM-0004310,VD-000699,VD-000562,Telefonat,2023-08-27,23:29,,True,1,True
COMM-0004311,VD-000586,VD-000273,E-Mail,2023-04-20,11:50,3298.0,False,3,True
COMM-0004312,VD-000510,VD-000912,E-Mail,2024-11-23,09:30,2272.0,True,8,False
COMM-0004313,VD-000130,VD-000758,SMS,2025-05-21,09:03,,True,10,True
COMM-0004314,VD-000446,VD-000193,Signal,2025-08-31,11:21,2422.0,False,8,False
COMM-0004315,VD-000294,VD-000784,SMS,2025-08-25,09:20,440.0,True,3,False
COMM-0004316,VD-000993,VD-000701,Social Media,2023-04-16,15:28,653.0,True,9,False
COMM-0004317,VD-000240,VD-000211,Persönlicher Kontakt,2023-01-15,08:59,2353.0,True,8,True
COMM-0004318,VD-000118,VD-000376,Telefonat,2025-09-10,00:46,,True,6,False
COMM-0004319,VD-000071,VD-000685,E-Mail,2024-05-23,17:40,3499.0,True,9,True
COMM-0004320,VD-000854,VD-000493,SMS,2024-07-17,04:06,3267.0,False,3,False
COMM-0004321,VD-000706,VD-000154,Telefonat,2024-07-06,22:23,584.0,True,8,False
COMM-0004322,VD-000134,VD-000059,SMS,2025-04-26,00:15,3100.0,False,2,True
COMM-0004323,VD-000785,VD-000519,SMS,2025-10-15,13:54,1537.0,True,7,False
COMM-0004324,VD-000822,VD-000230,Telegram,2024-06-12,23:28,,False,2,False
COMM-0004325,VD-000484,VD-000255,Social Media,2025-05-07,09:18,,False,8,True
COMM-0004326,VD-000180,VD-000367,WhatsApp,2024-05-11,04:01,,True,5,False
COMM-0004327,VD-000280,VD-000435,Telegram,2023-09-10,12:39,,False,3,False
COMM-0004328,VD-000851,VD-000885,Social Media,2023-09-16,18:41,927.0,True,1,True
COMM-0004329,VD-000724,VD-000551,E-Mail,2023-11-08,08:12,,False,9,True
COMM-0004330,VD-000335,VD-000187,E-Mail,2025-05-22,16:38,,True,8,True
COMM-0004331,VD-000631,VD-000584,Persönlicher Kontakt,2024-05-24,15:49,,False,7,True
COMM-0004332,VD-000296,VD-000047,Telegram,2023-03-21,11:58,3211.0,False,5,False
COMM-0004333,VD-000620,VD-000562,SMS,2023-01-21,15:02,,False,10,True
COMM-0004334,VD-000721,VD-000336,Telefonat,2023-08-25,21:56,3312.0,True,2,False
COMM-0004335,VD-000075,VD-000458,Signal,2023-09-02,02:50,928.0,True,1,False
COMM-0004336,VD-000297,VD-000910,E-Mail,2024-03-21,04:22,974.0,False,5,True
COMM-0004337,VD-000808,VD-000469,WhatsApp,2023-03-02,13:53,,False,7,False
COMM-0004338,VD-000693,VD-000513,Telegram,2025-09-03,23:32,,True,1,True
COMM-0004339,VD-000349,VD-000605,SMS,2023-02-14,16:25,128.0,False,10,False
COMM-0004340,VD-000579,VD-000428,E-Mail,2025-03-12,22:05,,True,6,True
COMM-0004341,VD-000484,VD-000436,Telegram,2024-10-13,07:20,3593.0,False,7,False
COMM-0004342,VD-000664,VD-000077,SMS,2023-02-27,13:13,2206.0,True,4,False
COMM-0004343,VD-000735,VD-000948,SMS,2025-02-01,21:15,3403.0,True,2,True
COMM-0004344,VD-000001,VD-000739,Telefonat,2024-12-20,03:32,2248.0,True,6,True
COMM-0004345,VD-000796,VD-000816,Brief,2023-04-19,00:09,,False,9,False
COMM-0004346,VD-000951,VD-000310,WhatsApp,2024-06-20,17:28,3366.0,True,7,True
COMM-0004347,VD-000889,VD-000829,SMS,2023-08-12,00:14,2155.0,True,1,True
COMM-0004348,VD-000617,VD-000498,Brief,2023-07-19,10:49,2147.0,True,4,True
COMM-0004349,VD-000976,VD-000041,SMS,2024-05-25,16:58,1416.0,True,10,False
COMM-0004350,VD-000294,VD-000427,Telegram,2024-06-15,03:32,2025.0,True,10,True
COMM-0004351,VD-000999,VD-000302,WhatsApp,2023-02-25,03:53,2858.0,False,1,False
COMM-0004352,VD-000149,VD-000348,Brief,2023-10-22,17:56,3156.0,False,1,True
COMM-0004353,VD-000167,VD-000668,SMS,2023-09-02,22:51,545.0,True,2,False
COMM-0004354,VD-000888,VD-000667,Brief,2025-02-26,10:14,1085.0,False,8,False
COMM-0004355,VD-000112,VD-000640,Signal,2025-04-09,06:45,,True,4,False
COMM-0004356,VD-000282,VD-000424,Signal,2023-06-18,22:14,592.0,True,4,True
COMM-0004357,VD-000409,VD-000978,Social Media,2024-01-20,03:17,,True,10,False
COMM-0004358,VD-000955,VD-000839,Social Media,2024-03-01,16:14,,True,9,False
COMM-0004359,VD-000378,VD-000596,Brief,2025-07-19,11:08,918.0,False,9,False
COMM-0004360,VD-000683,VD-000563,Telefonat,2025-07-09,07:08,2003.0,False,5,False
COMM-0004361,VD-000368,VD-000742,E-Mail,2025-09-09,15:06,290.0,True,1,True
COMM-0004362,VD-000617,VD-000093,Signal,2025-09-19,23:19,,True,2,False
COMM-0004363,VD-000561,VD-000502,Telegram,2023-03-18,03:04,3443.0,True,5,False
COMM-0004364,VD-000894,VD-000680,Telefonat,2025-02-25,06:04,401.0,True,8,False
COMM-0004365,VD-000176,VD-000985,E-Mail,2023-01-11,03:11,2892.0,False,1,False
COMM-0004366,VD-000310,VD-000660,Persönlicher Kontakt,2025-03-01,09:42,,True,9,False
COMM-0004367,VD-000679,VD-000346,WhatsApp,2025-01-25,14:52,840.0,True,1,True
COMM-0004368,VD-000825,VD-000733,Telegram,2023-05-11,20:22,,False,6,False
COMM-0004369,VD-000785,VD-000373,E-Mail,2024-03-11,01:52,1202.0,False,3,True
COMM-0004370,VD-000034,VD-000441,Telegram,2024-01-27,05:09,,False,5,False
COMM-0004371,VD-000481,VD-000331,Brief,2024-02-16,19:09,2159.0,False,3,True
COMM-0004372,VD-000340,VD-000785,Signal,2024-09-01,22:29,1251.0,True,9,False
COMM-0004373,VD-000439,VD-000695,SMS,2025-01-03,06:37,,True,1,False
COMM-0004374,VD-000864,VD-000292,Social Media,2025-07-30,00:10,2611.0,True,6,False
COMM-0004375,VD-000016,VD-000555,WhatsApp,2023-08-19,04:09,1441.0,True,3,True
COMM-0004376,VD-000034,VD-000655,Telegram,2024-08-21,13:13,1138.0,False,6,False
COMM-0004377,VD-000962,VD-000411,Brief,2024-03-28,02:42,,False,7,True
COMM-0004378,VD-000108,VD-000775,Brief,2024-01-14,01:25,,True,9,False
COMM-0004379,VD-000165,VD-000610,Signal,2024-08-09,22:34,,False,5,False
COMM-0004380,VD-000992,VD-000081,Persönlicher Kontakt,2025-11-05,09:31,,True,7,True
COMM-0004381,VD-000368,VD-000190,Telegram,2023-09-16,20:04,1190.0,False,1,False
COMM-0004382,VD-000620,VD-000268,SMS,2024-04-24,08:58,,True,7,False
COMM-0004383,VD-000139,VD-000282,Telegram,2024-05-06,09:10,1397.0,True,10,False
COMM-0004384,VD-000417,VD-000083,Persönlicher Kontakt,2025-02-24,19:42,,False,7,False
COMM-0004385,VD-000169,VD-000516,Telegram,2023-05-15,08:44,2988.0,True,1,False
COMM-0004386,VD-000329,VD-000140,Persönlicher Kontakt,2023-03-13,04:58,,False,10,False
COMM-0004387,VD-000996,VD-000187,Telegram,2023-08-11,13:35,,True,8,True
COMM-0004388,VD-000844,VD-000645,Social Media,2024-12-26,03:31,,True,3,True
COMM-0004389,VD-000693,VD-000005,Social Media,2025-04-30,05:06,473.0,True,2,True
COMM-0004390,VD-000571,VD-000510,Telegram,2023-01-27,02:25,2208.0,False,4,True
COMM-0004391,VD-000065,VD-000625,Social Media,2023-12-28,04:02,,False,10,True
COMM-0004392,VD-000458,VD-000637,Telefonat,2025-05-20,05:02,3174.0,True,6,False
COMM-0004393,VD-000980,VD-000714,Brief,2024-04-21,18:45,1457.0,True,10,False
COMM-0004394,VD-000812,VD-000924,Brief,2025-07-11,01:07,2364.0,True,2,False
COMM-0004395,VD-000732,VD-000738,E-Mail,2025-06-14,01:29,,False,6,False
COMM-0004396,VD-000732,VD-000453,Social Media,2024-05-13,22:58,2528.0,False,5,False
COMM-0004397,VD-000375,VD-000978,Telegram,2024-04-17,22:46,2047.0,True,10,True
COMM-0004398,VD-000619,VD-000219,SMS,2024-04-10,22:36,,False,4,False
COMM-0004399,VD-000995,VD-000341,Signal,2025-04-01,08:01,,False,8,True
COMM-0004400,VD-000798,VD-000737,Persönlicher Kontakt,2023-05-21,18:25,3068.0,False,9,False
COMM-0004401,VD-000868,VD-000363,Persönlicher Kontakt,2024-01-13,15:12,,True,2,False
COMM-0004402,VD-000826,VD-000641,Telegram,2025-05-12,22:21,3307.0,False,7,True
COMM-0004403,VD-000141,VD-000608,E-Mail,2025-01-23,01:55,,True,7,True
COMM-0004404,VD-000879,VD-000162,Telefonat,2025-09-03,14:11,,False,8,False
COMM-0004405,VD-000336,VD-000345,Telefonat,2023-11-01,04:49,,True,1,True
COMM-0004406,VD-000908,VD-000234,WhatsApp,2024-03-15,10:15,2174.0,True,9,False
COMM-0004407,VD-000277,VD-000823,E-Mail,2024-05-01,08:57,1168.0,False,6,True
COMM-0004408,VD-000887,VD-000476,Telegram,2024-01-13,16:40,3030.0,True,7,True
COMM-0004409,VD-000785,VD-000713,Persönlicher Kontakt,2024-04-20,12:16,,True,7,True
COMM-0004410,VD-000252,VD-000792,SMS,2023-03-27,11:16,2599.0,False,2,False
COMM-0004411,VD-000320,VD-000572,SMS,2024-10-10,17:34,1252.0,False,5,False
COMM-0004412,VD-000456,VD-000406,Social Media,2023-08-08,08:32,225.0,False,1,False
COMM-0004413,VD-000494,VD-000880,E-Mail,2024-11-13,15:51,,True,9,False
COMM-0004414,VD-000607,VD-000017,Brief,2024-09-01,12:00,1389.0,True,10,True
COMM-0004415,VD-000742,VD-000238,Persönlicher Kontakt,2025-03-07,12:55,880.0,True,5,False
COMM-0004416,VD-000514,VD-000755,WhatsApp,2025-11-01,23:36,,False,5,False
COMM-0004417,VD-000200,VD-000363,Persönlicher Kontakt,2023-10-27,10:17,3167.0,False,9,False
COMM-0004418,VD-000244,VD-000678,Persönlicher Kontakt,2024-08-02,19:30,,True,7,False
COMM-0004419,VD-000397,VD-000552,E-Mail,2025-09-09,10:16,,True,6,False
COMM-0004420,VD-000226,VD-000294,SMS,2025-07-27,00:38,,False,5,True
COMM-0004421,VD-000461,VD-000232,Telefonat,2024-09-12,09:07,1948.0,False,10,False
COMM-0004422,VD-000903,VD-000228,Signal,2025-10-08,13:24,384.0,False,9,True
COMM-0004423,VD-000599,VD-000815,Brief,2024-03-11,16:30,1377.0,False,4,True
COMM-0004424,VD-000098,VD-000409,Telegram,2024-09-14,23:04,,True,5,False
COMM-0004425,VD-000263,VD-000719,WhatsApp,2024-08-04,03:34,2813.0,False,9,True
COMM-0004426,VD-000746,VD-000152,SMS,2023-05-02,19:58,,False,7,False
COMM-0004427,VD-000932,VD-000771,Persönlicher Kontakt,2025-05-11,22:28,489.0,False,10,False
COMM-0004428,VD-000470,VD-000030,Signal,2023-03-07,01:04,2188.0,True,3,True
COMM-0004429,VD-000347,VD-000596,Brief,2023-09-24,06:26,1960.0,False,6,False
COMM-0004430,VD-000485,VD-000963,SMS,2025-02-26,01:47,657.0,False,4,True
COMM-0004431,VD-000518,VD-000646,Telefonat,2024-06-16,09:10,1071.0,True,7,True
COMM-0004432,VD-000654,VD-000228,Telegram,2024-08-02,11:28,3086.0,False,5,False
COMM-0004433,VD-000517,VD-000679,SMS,2024-04-06,17:41,888.0,True,3,False
COMM-0004434,VD-000260,VD-000953,Brief,2024-10-19,08:40,169.0,True,3,False
COMM-0004435,VD-000548,VD-000906,E-Mail,2023-08-14,00:43,2326.0,False,4,False
COMM-0004436,VD-000021,VD-000035,Signal,2024-06-25,08:56,,True,8,True
COMM-0004437,VD-000371,VD-000040,WhatsApp,2025-03-28,05:17,,False,6,True
COMM-0004438,VD-000249,VD-000875,Telefonat,2025-06-05,18:44,3154.0,True,9,False
COMM-0004439,VD-000320,VD-000202,E-Mail,2025-11-03,04:12,1118.0,True,3,True
COMM-0004440,VD-000960,VD-000521,Telefonat,2023-01-20,23:34,,True,9,False
COMM-0004441,VD-000183,VD-000293,SMS,2023-05-01,18:27,,True,4,True
COMM-0004442,VD-000656,VD-000222,SMS,2025-02-22,09:11,1500.0,False,2,True
COMM-0004443,VD-000892,VD-000826,E-Mail,2025-01-27,16:17,1869.0,True,1,False
COMM-0004444,VD-000877,VD-000136,Telefonat,2023-10-26,09:24,2358.0,False,4,False
COMM-0004445,VD-000626,VD-000016,Social Media,2023-01-18,08:59,1626.0,True,2,True
COMM-0004446,VD-000316,VD-000839,Persönlicher Kontakt,2024-04-24,03:10,2947.0,False,5,True
COMM-0004447,VD-000693,VD-000637,Social Media,2023-01-30,23:18,,True,5,True
COMM-0004448,VD-000102,VD-000373,Persönlicher Kontakt,2024-02-11,01:39,,True,2,True
COMM-0004449,VD-000750,VD-000937,Signal,2024-10-17,02:05,796.0,False,10,False
COMM-0004450,VD-000600,VD-000100,E-Mail,2023-08-27,02:43,286.0,False,1,False
COMM-0004451,VD-000796,VD-000520,Telefonat,2025-03-12,07:58,1259.0,False,3,False
COMM-0004452,VD-000750,VD-000072,Signal,2023-10-28,19:19,966.0,False,8,True
COMM-0004453,VD-000874,VD-000611,Persönlicher Kontakt,2023-12-04,08:57,,True,6,False
COMM-0004454,VD-000198,VD-000054,Telegram,2025-02-04,06:20,2690.0,True,8,True
COMM-0004455,VD-000373,VD-000781,Social Media,2023-08-11,17:45,2886.0,True,10,True
COMM-0004456,VD-000331,VD-000130,WhatsApp,2024-08-06,20:25,1523.0,False,8,False
COMM-0004457,VD-000624,VD-000858,Telegram,2023-07-08,15:18,,True,4,False
COMM-0004458,VD-000230,VD-000351,Brief,2025-03-11,04:00,2550.0,False,5,False
COMM-0004459,VD-000592,VD-000659,Telegram,2023-01-09,19:41,,True,7,True
COMM-0004460,VD-000668,VD-000107,SMS,2025-03-17,02:14,2488.0,True,4,True
COMM-0004461,VD-000735,VD-000947,Telegram,2024-01-23,18:43,,False,5,True
COMM-0004462,VD-000553,VD-000673,E-Mail,2023-02-14,16:12,1602.0,True,3,True
COMM-0004463,VD-000553,VD-000321,Signal,2025-01-16,11:51,2491.0,False,2,False
COMM-0004464,VD-000910,VD-000966,WhatsApp,2025-09-04,19:21,362.0,False,7,False
COMM-0004465,VD-000647,VD-000841,E-Mail,2024-05-17,18:16,3072.0,False,3,False
COMM-0004466,VD-000355,VD-000687,WhatsApp,2024-11-08,04:35,1525.0,False,3,True
COMM-0004467,VD-000565,VD-000688,Telefonat,2025-02-12,17:15,2375.0,True,9,False
COMM-0004468,VD-000878,VD-000710,WhatsApp,2024-05-10,13:35,1580.0,True,5,True
COMM-0004469,VD-000823,VD-000332,WhatsApp,2023-04-02,07:18,,False,9,True
COMM-0004470,VD-000694,VD-000565,WhatsApp,2024-05-19,19:46,3455.0,True,6,True
COMM-0004471,VD-000686,VD-000963,Signal,2024-12-19,11:00,855.0,True,4,True
COMM-0004472,VD-000799,VD-000981,Brief,2023-10-31,07:45,1087.0,False,9,False
COMM-0004473,VD-000726,VD-000456,SMS,2024-10-24,04:44,3066.0,False,4,True
COMM-0004474,VD-000717,VD-000894,Signal,2023-08-29,00:15,2784.0,True,5,True
COMM-0004475,VD-000316,VD-000222,Signal,2023-08-09,13:07,2496.0,False,4,False
COMM-0004476,VD-000152,VD-000983,Persönlicher Kontakt,2024-10-08,04:11,3481.0,True,1,False
COMM-0004477,VD-000092,VD-000494,SMS,2024-02-16,08:42,1522.0,False,9,False
COMM-0004478,VD-000892,VD-000153,Persönlicher Kontakt,2025-06-08,08:40,2799.0,False,7,False
COMM-0004479,VD-000454,VD-000837,Signal,2024-08-12,12:31,,False,10,False
COMM-0004480,VD-000062,VD-000842,Telegram,2023-04-02,06:15,2752.0,False,5,False
COMM-0004481,VD-000481,VD-000568,SMS,2024-02-22,09:03,,True,4,True
COMM-0004482,VD-000472,VD-000556,Telegram,2025-09-23,09:18,3203.0,False,10,True
COMM-0004483,VD-000451,VD-000150,Brief,2024-04-07,11:46,1257.0,False,2,False
COMM-0004484,VD-000283,VD-000854,Persönlicher Kontakt,2023-03-24,20:26,,False,6,False
COMM-0004485,VD-000271,VD-000518,SMS,2023-08-15,11:18,3226.0,False,2,True
COMM-0004486,VD-000756,VD-000805,Persönlicher Kontakt,2024-03-19,19:54,2855.0,False,9,True
COMM-0004487,VD-000551,VD-000589,Signal,2025-03-17,20:58,2803.0,False,4,True
COMM-0004488,VD-000541,VD-000401,SMS,2023-11-12,07:31,999.0,False,4,False
COMM-0004489,VD-000872,VD-000540,Signal,2024-02-10,12:17,3483.0,True,7,True
COMM-0004490,VD-000044,VD-000831,Brief,2025-10-11,23:53,1309.0,True,6,True
COMM-0004491,VD-000333,VD-000358,E-Mail,2023-07-27,09:02,2437.0,True,2,True
COMM-0004492,VD-000426,VD-000663,Persönlicher Kontakt,2025-10-01,10:50,,False,1,False
COMM-0004493,VD-000146,VD-000568,Social Media,2024-01-15,16:41,,False,8,False
COMM-0004494,VD-000282,VD-000235,SMS,2024-07-26,06:56,259.0,False,2,True
COMM-0004495,VD-000275,VD-000879,Social Media,2024-09-21,06:33,2813.0,False,8,True
COMM-0004496,VD-000154,VD-000803,Brief,2024-09-07,00:54,,False,2,True
COMM-0004497,VD-000867,VD-000609,Telegram,2024-12-07,17:42,3484.0,False,2,False
COMM-0004498,VD-000629,VD-000396,Telegram,2023-01-08,18:39,2592.0,True,6,False
COMM-0004499,VD-000720,VD-000780,Telegram,2024-02-19,19:19,254.0,True,6,False
COMM-0004500,VD-000130,VD-000339,Signal,2025-05-17,05:37,,True,7,True
COMM-0004501,VD-000773,VD-000269,Brief,2025-02-07,16:43,1782.0,True,10,True
COMM-0004502,VD-000465,VD-000430,Persönlicher Kontakt,2025-02-07,04:30,,True,7,True
COMM-0004503,VD-000488,VD-000159,Social Media,2025-02-07,07:13,3369.0,False,6,True
COMM-0004504,VD-000914,VD-000897,WhatsApp,2023-11-03,09:17,547.0,False,4,True
COMM-0004505,VD-000570,VD-000179,Social Media,2023-03-10,05:38,2300.0,True,4,True
COMM-0004506,VD-000326,VD-000005,Telegram,2025-08-20,00:44,2712.0,True,2,False
COMM-0004507,VD-000127,VD-000752,Telegram,2024-03-13,14:06,3556.0,True,7,False
COMM-0004508,VD-000930,VD-000700,Telefonat,2023-03-08,23:03,,True,8,True
COMM-0004509,VD-000477,VD-000549,Telefonat,2024-12-01,05:43,211.0,True,3,True
COMM-0004510,VD-000317,VD-000394,WhatsApp,2024-01-10,19:34,2100.0,False,9,False
COMM-0004511,VD-000449,VD-000849,Social Media,2024-03-02,05:14,2039.0,True,2,False
COMM-0004512,VD-000567,VD-000952,SMS,2023-08-13,13:08,3128.0,True,2,True
COMM-0004513,VD-000646,VD-000434,Brief,2024-11-17,09:47,,False,6,True
COMM-0004514,VD-000964,VD-000856,Telegram,2023-06-25,13:13,463.0,True,10,True
COMM-0004515,VD-000399,VD-000896,Brief,2025-03-26,03:51,3183.0,True,4,False
COMM-0004516,VD-000059,VD-000858,Persönlicher Kontakt,2024-09-06,05:18,65.0,True,7,False
COMM-0004517,VD-000002,VD-000210,SMS,2023-09-01,23:16,1049.0,False,9,False
COMM-0004518,VD-000951,VD-000422,Brief,2024-12-09,01:02,,True,3,False
COMM-0004519,VD-000392,VD-000661,Social Media,2024-03-02,07:49,,False,4,True
COMM-0004520,VD-000502,VD-000730,Social Media,2023-05-25,06:00,1469.0,False,7,True
COMM-0004521,VD-000249,VD-000196,Social Media,2023-07-11,06:09,452.0,False,6,False
COMM-0004522,VD-000199,VD-000155,WhatsApp,2024-03-19,11:04,,False,4,False
COMM-0004523,VD-000508,VD-000281,Social Media,2024-06-11,22:44,3128.0,False,2,False
COMM-0004524,VD-000902,VD-000811,E-Mail,2023-03-09,22:02,1325.0,False,9,True
COMM-0004525,VD-000748,VD-000667,Telegram,2024-05-24,23:18,2851.0,True,8,False
COMM-0004526,VD-000795,VD-000858,Social Media,2023-06-18,10:28,1944.0,False,8,False
COMM-0004527,VD-000117,VD-000808,Brief,2024-08-29,04:34,3456.0,False,9,False
COMM-0004528,VD-000267,VD-000499,Telegram,2023-04-01,14:07,544.0,False,9,True
COMM-0004529,VD-000922,VD-000872,Telegram,2024-06-30,11:10,,False,4,False
COMM-0004530,VD-000679,VD-000525,Telefonat,2025-09-17,07:04,1689.0,True,3,True
COMM-0004531,VD-000354,VD-000970,Social Media,2025-07-08,09:18,538.0,True,6,True
COMM-0004532,VD-000840,VD-000921,Signal,2024-09-30,07:16,656.0,False,10,False
COMM-0004533,VD-000015,VD-000352,Signal,2024-02-22,12:41,,True,4,False
COMM-0004534,VD-000421,VD-000179,Telegram,2025-07-27,13:25,2570.0,False,10,True
COMM-0004535,VD-000920,VD-000157,Telegram,2025-01-15,09:22,597.0,True,8,True
COMM-0004536,VD-000389,VD-000257,Signal,2023-01-08,03:48,,False,5,False
COMM-0004537,VD-000809,VD-000698,Telefonat,2025-09-11,12:15,1262.0,False,4,True
COMM-0004538,VD-000802,VD-000906,Telefonat,2023-09-21,18:01,732.0,True,8,True
COMM-0004539,VD-000889,VD-000893,Telegram,2023-05-30,06:25,229.0,True,6,True
COMM-0004540,VD-000716,VD-000582,Persönlicher Kontakt,2024-08-12,20:38,,False,3,False
COMM-0004541,VD-000351,VD-000359,Social Media,2025-05-01,23:01,887.0,False,6,False
COMM-0004542,VD-000435,VD-000826,Telefonat,2025-07-18,21:14,3535.0,True,5,False
COMM-0004543,VD-000751,VD-000892,Persönlicher Kontakt,2025-03-19,20:22,,True,2,True
COMM-0004544,VD-000606,VD-000168,Social Media,2023-11-03,11:50,,True,1,True
COMM-0004545,VD-000091,VD-000254,SMS,2023-09-28,11:13,1349.0,True,9,True
COMM-0004546,VD-000380,VD-000071,E-Mail,2024-07-29,02:55,,False,2,False
COMM-0004547,VD-000609,VD-000027,Social Media,2025-07-26,22:42,1432.0,True,8,True
COMM-0004548,VD-000619,VD-000498,WhatsApp,2025-02-05,22:31,285.0,True,4,True
COMM-0004549,VD-000873,VD-000850,Telefonat,2023-04-07,07:46,2499.0,False,4,False
COMM-0004550,VD-000032,VD-000285,WhatsApp,2023-08-28,23:17,,False,8,False
COMM-0004551,VD-000843,VD-000217,Persönlicher Kontakt,2025-01-02,07:40,3066.0,True,4,False
COMM-0004552,VD-000962,VD-000564,Signal,2023-07-25,13:27,,False,1,False
COMM-0004553,VD-000620,VD-000141,WhatsApp,2023-05-20,08:51,2673.0,True,3,True
COMM-0004554,VD-000022,VD-000608,Persönlicher Kontakt,2024-12-10,09:09,70.0,False,4,True
COMM-0004555,VD-000613,VD-000799,Brief,2025-02-26,05:20,2917.0,True,4,True
COMM-0004556,VD-000844,VD-000829,Persönlicher Kontakt,2023-06-16,16:03,978.0,False,6,False
COMM-0004557,VD-000220,VD-000085,Telefonat,2023-04-22,15:14,1453.0,True,1,True
COMM-0004558,VD-000224,VD-000286,SMS,2025-10-26,15:13,2057.0,True,1,True
COMM-0004559,VD-000558,VD-000755,Telefonat,2025-10-03,20:36,2227.0,True,4,False
COMM-0004560,VD-000457,VD-000378,Brief,2025-10-21,15:55,,False,2,False
COMM-0004561,VD-000864,VD-000467,Telegram,2025-02-28,12:27,,False,1,True
COMM-0004562,VD-000893,VD-000803,Telefonat,2025-09-06,12:12,3034.0,True,7,True
COMM-0004563,VD-000828,VD-000440,SMS,2024-08-19,22:07,2813.0,True,2,False
COMM-0004564,VD-000534,VD-000300,Brief,2024-09-25,19:56,1224.0,True,6,True
COMM-0004565,VD-000642,VD-000219,Telefonat,2024-01-08,07:15,677.0,False,2,True
COMM-0004566,VD-000863,VD-000678,Signal,2024-08-31,10:00,,False,9,True
COMM-0004567,VD-000289,VD-000535,Signal,2024-09-05,12:19,,True,5,True
COMM-0004568,VD-000747,VD-000563,Brief,2024-11-03,02:20,2612.0,True,2,True
COMM-0004569,VD-000637,VD-000594,Social Media,2023-09-11,07:03,3065.0,True,8,False
COMM-0004570,VD-000149,VD-000216,WhatsApp,2023-09-27,22:07,3029.0,True,6,False
COMM-0004571,VD-000801,VD-000189,Telegram,2024-02-05,13:49,1624.0,False,8,False
COMM-0004572,VD-000032,VD-000313,Social Media,2024-03-04,01:59,1158.0,True,5,False
COMM-0004573,VD-000064,VD-000106,Telefonat,2025-09-11,18:58,,True,7,True
COMM-0004574,VD-000940,VD-000367,SMS,2024-05-08,17:21,,False,6,True
COMM-0004575,VD-000196,VD-000614,SMS,2024-07-25,09:35,1080.0,False,8,True
COMM-0004576,VD-000641,VD-000650,Persönlicher Kontakt,2025-10-02,01:58,3532.0,True,3,True
COMM-0004577,VD-000358,VD-000202,WhatsApp,2025-03-06,18:28,,True,6,False
COMM-0004578,VD-000544,VD-000305,E-Mail,2024-01-17,14:35,1276.0,False,8,False
COMM-0004579,VD-000397,VD-000445,Social Media,2024-12-31,03:19,3555.0,True,8,True
COMM-0004580,VD-000566,VD-000824,Signal,2024-09-28,09:13,3283.0,False,2,True
COMM-0004581,VD-000538,VD-000492,SMS,2025-01-13,23:57,545.0,False,6,True
COMM-0004582,VD-000280,VD-000162,Signal,2023-01-13,17:17,616.0,True,5,False
COMM-0004583,VD-000506,VD-000661,E-Mail,2025-03-30,13:12,3337.0,False,2,False
COMM-0004584,VD-000090,VD-000719,WhatsApp,2023-01-22,10:52,,True,7,True
COMM-0004585,VD-000830,VD-000193,SMS,2025-08-16,03:16,2246.0,True,4,False
COMM-0004586,VD-000069,VD-000565,Signal,2023-03-21,11:48,,False,10,False
COMM-0004587,VD-000348,VD-000378,Telefonat,2024-09-08,20:29,2227.0,True,8,False
COMM-0004588,VD-000010,VD-000574,Signal,2024-03-09,20:54,171.0,False,10,True
COMM-0004589,VD-000897,VD-000194,SMS,2024-06-04,08:21,2416.0,False,6,False
COMM-0004590,VD-000090,VD-000473,SMS,2023-03-17,04:23,2518.0,True,9,False
COMM-0004591,VD-000106,VD-000717,E-Mail,2025-08-15,01:13,1750.0,True,7,False
COMM-0004592,VD-000251,VD-000694,Brief,2023-03-11,19:55,1066.0,False,4,False
COMM-0004593,VD-000287,VD-000185,Signal,2025-08-17,00:26,3458.0,True,7,False
COMM-0004594,VD-000629,VD-000533,Social Media,2025-02-10,03:53,110.0,False,6,True
COMM-0004595,VD-000359,VD-000220,Brief,2025-01-05,21:17,,False,7,False
COMM-0004596,VD-000292,VD-000119,WhatsApp,2024-03-10,20:26,894.0,False,10,True
COMM-0004597,VD-000047,VD-000578,Social Media,2023-10-24,15:26,1130.0,True,9,True
COMM-0004598,VD-000676,VD-000296,SMS,2024-10-14,11:05,1636.0,True,10,True
COMM-0004599,VD-000186,VD-000857,Telegram,2024-08-12,07:59,2793.0,False,5,False
COMM-0004600,VD-000563,VD-000410,WhatsApp,2025-05-18,06:03,,True,3,True
COMM-0004601,VD-000010,VD-000251,E-Mail,2023-09-14,05:48,,False,2,False
COMM-0004602,VD-000871,VD-000556,Brief,2023-10-29,14:58,,True,7,True
COMM-0004603,VD-000599,VD-000007,E-Mail,2023-04-21,21:29,2360.0,False,6,False
COMM-0004604,VD-000946,VD-000085,E-Mail,2024-07-04,21:04,,False,2,False
COMM-0004605,VD-000747,VD-000399,Telegram,2025-10-20,07:30,2321.0,True,9,False
COMM-0004606,VD-000839,VD-000328,Persönlicher Kontakt,2024-08-08,17:36,2785.0,False,8,False
COMM-0004607,VD-000977,VD-000994,WhatsApp,2024-06-29,19:09,,False,1,False
COMM-0004608,VD-000158,VD-000318,Signal,2024-02-01,21:34,2786.0,False,9,False
COMM-0004609,VD-000335,VD-000288,WhatsApp,2023-01-04,11:46,362.0,False,1,True
COMM-0004610,VD-000816,VD-000724,WhatsApp,2023-08-21,05:57,2599.0,True,9,True
COMM-0004611,VD-000084,VD-000182,Signal,2025-01-02,02:31,,True,4,False
COMM-0004612,VD-000550,VD-000828,Telegram,2025-10-13,05:59,2198.0,False,2,False
COMM-0004613,VD-000897,VD-000998,Persönlicher Kontakt,2023-07-23,23:48,2030.0,True,5,True
COMM-0004614,VD-000043,VD-000321,E-Mail,2025-08-22,06:34,1314.0,False,4,False
COMM-0004615,VD-000431,VD-000333,Signal,2023-11-10,10:49,961.0,True,4,False
COMM-0004616,VD-000639,VD-000889,Telefonat,2024-11-18,09:40,1291.0,False,9,False
COMM-0004617,VD-000155,VD-000914,E-Mail,2024-10-27,22:22,3161.0,True,8,False
COMM-0004618,VD-000318,VD-000446,Social Media,2023-10-07,18:33,274.0,False,8,False
COMM-0004619,VD-000191,VD-000411,Telefonat,2025-06-20,17:53,532.0,True,1,True
COMM-0004620,VD-000453,VD-000060,E-Mail,2024-01-22,20:38,2225.0,False,7,True
COMM-0004621,VD-000831,VD-000179,Persönlicher Kontakt,2023-05-05,10:28,,False,9,True
COMM-0004622,VD-000555,VD-000650,Brief,2023-09-21,19:37,,True,2,False
COMM-0004623,VD-000984,VD-000595,SMS,2025-08-02,18:56,361.0,True,10,False
COMM-0004624,VD-000061,VD-000701,Social Media,2025-04-10,12:29,1798.0,True,2,True
COMM-0004625,VD-000473,VD-000030,Signal,2025-10-23,13:05,2689.0,False,10,True
COMM-0004626,VD-000194,VD-000931,Telegram,2025-09-29,21:31,1596.0,True,4,False
COMM-0004627,VD-000980,VD-000618,WhatsApp,2024-09-03,21:46,1135.0,True,6,True
COMM-0004628,VD-000942,VD-000554,Telegram,2025-02-23,06:19,2044.0,False,7,True
COMM-0004629,VD-000096,VD-000320,SMS,2025-08-19,17:42,649.0,False,7,True
COMM-0004630,VD-000549,VD-000708,Persönlicher Kontakt,2025-06-12,09:54,3266.0,True,1,False
COMM-0004631,VD-000859,VD-000138,WhatsApp,2024-06-24,06:12,1812.0,False,4,False
COMM-0004632,VD-000112,VD-000352,WhatsApp,2025-09-18,13:46,3486.0,True,8,False
COMM-0004633,VD-000007,VD-000837,Signal,2024-02-19,05:10,,False,3,False
COMM-0004634,VD-000581,VD-000813,Signal,2025-08-02,12:14,1133.0,False,7,False
COMM-0004635,VD-000261,VD-000319,WhatsApp,2023-01-19,04:13,2548.0,True,5,False
COMM-0004636,VD-000281,VD-000598,Telegram,2025-07-20,18:08,,False,2,False
COMM-0004637,VD-000695,VD-000687,Social Media,2024-06-19,03:23,,True,4,False
COMM-0004638,VD-000264,VD-000662,E-Mail,2024-12-25,02:31,,True,1,False
COMM-0004639,VD-000676,VD-000187,Telegram,2025-05-05,20:55,,True,10,False
COMM-0004640,VD-000503,VD-000968,Brief,2025-10-29,23:36,,True,3,False
COMM-0004641,VD-000672,VD-000581,Social Media,2023-10-01,07:58,1623.0,True,6,False
COMM-0004642,VD-000854,VD-000227,Brief,2025-08-01,17:31,1801.0,True,6,True
COMM-0004643,VD-000800,VD-000634,SMS,2023-02-12,17:08,365.0,True,9,True
COMM-0004644,VD-000335,VD-000365,SMS,2024-12-31,04:06,1634.0,True,7,False
COMM-0004645,VD-000461,VD-000104,Brief,2024-05-08,11:18,1618.0,False,8,False
COMM-0004646,VD-000614,VD-000247,Social Media,2023-02-26,05:03,193.0,False,2,True
COMM-0004647,VD-000244,VD-000906,Telegram,2024-12-08,11:35,3297.0,False,8,False
COMM-0004648,VD-000438,VD-000008,Social Media,2024-02-13,05:49,1411.0,False,1,True
COMM-0004649,VD-000689,VD-000848,E-Mail,2025-04-10,00:50,,False,7,False
COMM-0004650,VD-000472,VD-000847,SMS,2024-03-05,21:24,1543.0,True,6,False
COMM-0004651,VD-000416,VD-000952,SMS,2023-07-23,12:56,368.0,True,4,True
COMM-0004652,VD-000989,VD-000576,Social Media,2025-09-02,01:05,,True,5,False
COMM-0004653,VD-000676,VD-000904,Telegram,2025-04-08,17:11,,True,8,False
COMM-0004654,VD-000212,VD-000463,Brief,2023-10-26,16:02,,False,9,False
COMM-0004655,VD-000515,VD-000721,Social Media,2024-10-22,15:46,317.0,True,1,False
COMM-0004656,VD-000941,VD-000199,Brief,2025-09-17,18:44,3217.0,True,10,True
COMM-0004657,VD-000593,VD-000431,SMS,2024-10-13,17:02,3212.0,True,8,True
COMM-0004658,VD-000432,VD-000346,WhatsApp,2024-06-02,16:29,1700.0,False,8,False
COMM-0004659,VD-000460,VD-000986,Telefonat,2023-06-11,13:31,1375.0,True,9,True
COMM-0004660,VD-000705,VD-000472,Social Media,2024-09-12,06:35,,True,6,False
COMM-0004661,VD-000002,VD-000060,E-Mail,2024-08-31,19:31,1829.0,False,10,True
COMM-0004662,VD-000745,VD-000637,E-Mail,2023-07-02,18:57,1927.0,False,2,False
COMM-0004663,VD-000309,VD-000871,Persönlicher Kontakt,2024-10-15,07:17,838.0,False,3,False
COMM-0004664,VD-000947,VD-000717,Persönlicher Kontakt,2025-08-15,11:10,74.0,False,9,True
COMM-0004665,VD-000927,VD-000171,Social Media,2024-04-09,15:56,2906.0,False,8,False
COMM-0004666,VD-000817,VD-000111,Telegram,2024-01-16,13:58,170.0,False,6,True
COMM-0004667,VD-000687,VD-000275,Persönlicher Kontakt,2025-05-06,13:13,2818.0,False,9,False
COMM-0004668,VD-000886,VD-000101,Social Media,2024-12-08,13:56,2077.0,True,9,False
COMM-0004669,VD-000662,VD-000016,SMS,2024-04-10,06:32,984.0,False,10,False
COMM-0004670,VD-000209,VD-000882,Brief,2024-07-03,13:27,,False,8,True
COMM-0004671,VD-000637,VD-000415,Signal,2023-12-10,00:43,,False,9,False
COMM-0004672,VD-000394,VD-000150,Telegram,2025-02-21,23:05,,True,5,True
COMM-0004673,VD-000365,VD-000272,Telegram,2024-06-13,11:16,357.0,False,1,True
COMM-0004674,VD-000838,VD-000552,Telegram,2025-06-11,20:12,1852.0,True,3,True
COMM-0004675,VD-000413,VD-000915,Telegram,2023-06-08,18:15,3455.0,True,3,False
COMM-0004676,VD-000987,VD-000265,Brief,2023-07-03,13:13,339.0,True,9,True
COMM-0004677,VD-000685,VD-000542,E-Mail,2025-05-07,17:02,2487.0,True,1,False
COMM-0004678,VD-000331,VD-000698,E-Mail,2023-11-07,03:17,3554.0,True,1,True
COMM-0004679,VD-000243,VD-000681,WhatsApp,2024-06-15,05:35,1411.0,True,2,False
COMM-0004680,VD-000835,VD-000858,Brief,2024-11-11,02:40,1233.0,True,10,True
COMM-0004681,VD-000424,VD-000833,E-Mail,2024-10-09,17:00,2789.0,True,2,False
COMM-0004682,VD-000341,VD-000120,Signal,2023-11-07,06:58,1108.0,False,3,False
COMM-0004683,VD-000921,VD-000769,E-Mail,2025-06-16,11:25,3409.0,True,7,False
COMM-0004684,VD-000092,VD-000006,Social Media,2023-01-05,09:01,,True,1,True
COMM-0004685,VD-000291,VD-000941,WhatsApp,2023-01-17,10:42,,True,4,False
COMM-0004686,VD-000982,VD-000369,WhatsApp,2025-03-18,12:29,3491.0,True,4,False
COMM-0004687,VD-000849,VD-000347,Persönlicher Kontakt,2024-05-23,23:24,,False,1,True
COMM-0004688,VD-000547,VD-000176,Signal,2025-07-29,02:11,2449.0,False,2,True
COMM-0004689,VD-000719,VD-000903,Telefonat,2024-12-26,08:43,2923.0,False,5,True
COMM-0004690,VD-000046,VD-000515,SMS,2024-03-12,02:43,,True,5,True
COMM-0004691,VD-000625,VD-000952,Telegram,2023-08-04,18:17,2494.0,True,2,False
COMM-0004692,VD-000350,VD-000588,Telegram,2024-11-11,04:01,3089.0,True,2,False
COMM-0004693,VD-000068,VD-000419,E-Mail,2024-08-23,01:57,3598.0,False,7,True
COMM-0004694,VD-000903,VD-000442,SMS,2025-11-07,03:41,3458.0,True,8,False
COMM-0004695,VD-000821,VD-000111,Telefonat,2023-11-11,18:52,1489.0,False,5,False
COMM-0004696,VD-000790,VD-000815,E-Mail,2023-03-27,02:58,3321.0,False,7,False
COMM-0004697,VD-000639,VD-000535,Persönlicher Kontakt,2025-02-23,03:07,255.0,False,1,True
COMM-0004698,VD-000080,VD-000207,Brief,2024-06-21,11:56,2935.0,False,3,True
COMM-0004699,VD-000074,VD-000656,SMS,2024-01-18,20:16,707.0,False,4,True
COMM-0004700,VD-000208,VD-000931,Signal,2025-09-06,04:56,277.0,False,2,False
COMM-0004701,VD-000024,VD-000682,Brief,2024-02-09,21:57,3081.0,True,1,True
COMM-0004702,VD-000104,VD-000850,Signal,2024-03-31,15:37,366.0,True,4,False
COMM-0004703,VD-000719,VD-000575,E-Mail,2023-05-25,08:48,1646.0,False,2,False
COMM-0004704,VD-000857,VD-000196,Telefonat,2023-09-02,23:22,3584.0,True,8,True
COMM-0004705,VD-000635,VD-000093,Telegram,2024-04-26,12:56,2871.0,True,2,False
COMM-0004706,VD-000267,VD-000583,Telegram,2025-10-15,03:29,1742.0,True,2,False
COMM-0004707,VD-000858,VD-000289,Telefonat,2025-01-19,14:28,1412.0,False,5,True
COMM-0004708,VD-000868,VD-000013,WhatsApp,2024-04-13,18:10,,True,8,False
COMM-0004709,VD-000796,VD-000783,Brief,2023-08-25,11:11,,True,8,True
COMM-0004710,VD-000656,VD-000569,E-Mail,2023-05-19,14:27,,False,5,True
COMM-0004711,VD-000437,VD-000357,Brief,2023-04-12,18:07,3073.0,True,6,True
COMM-0004712,VD-000783,VD-000939,Telegram,2024-09-19,12:01,1229.0,True,10,False
COMM-0004713,VD-000375,VD-000542,Telefonat,2023-11-25,21:34,1355.0,False,8,True
COMM-0004714,VD-000520,VD-000583,Brief,2025-05-04,04:06,2340.0,False,9,True
COMM-0004715,VD-000113,VD-000226,Signal,2023-10-27,18:58,3517.0,True,1,False
COMM-0004716,VD-000702,VD-000392,Signal,2025-07-11,04:00,1220.0,False,6,False
COMM-0004717,VD-000683,VD-000707,Brief,2023-05-21,20:11,182.0,True,1,True
COMM-0004718,VD-000200,VD-000468,Persönlicher Kontakt,2023-03-06,03:56,2199.0,True,10,False
COMM-0004719,VD-000423,VD-000278,Persönlicher Kontakt,2025-03-14,21:27,2509.0,True,4,True
COMM-0004720,VD-000087,VD-000304,Social Media,2023-05-16,20:07,516.0,True,7,True
COMM-0004721,VD-000492,VD-000535,E-Mail,2024-04-10,23:31,2805.0,False,1,True
COMM-0004722,VD-000511,VD-000867,WhatsApp,2023-07-11,05:30,1644.0,True,9,True
COMM-0004723,VD-000288,VD-000610,Brief,2025-01-03,19:07,1819.0,True,1,False
COMM-0004724,VD-000352,VD-000081,WhatsApp,2024-05-27,00:53,,False,1,False
COMM-0004725,VD-000428,VD-000997,E-Mail,2025-06-12,10:33,,True,1,True
COMM-0004726,VD-000709,VD-000987,Signal,2025-06-21,06:23,560.0,False,6,False
COMM-0004727,VD-000861,VD-000847,Telefonat,2024-12-05,19:15,2995.0,True,7,False
COMM-0004728,VD-000561,VD-000835,Social Media,2023-01-20,03:09,282.0,False,4,True
COMM-0004729,VD-000251,VD-000073,SMS,2025-10-29,02:02,1350.0,False,2,True
COMM-0004730,VD-000891,VD-000041,Telefonat,2024-02-28,00:53,515.0,True,8,False
COMM-0004731,VD-000654,VD-000146,Signal,2024-07-17,01:47,108.0,False,2,True
COMM-0004732,VD-000877,VD-000545,Social Media,2023-03-08,03:37,,False,8,False
COMM-0004733,VD-000182,VD-000522,Signal,2023-04-15,00:23,3448.0,False,9,True
COMM-0004734,VD-000678,VD-000967,Social Media,2023-07-10,12:08,,True,10,False
COMM-0004735,VD-000816,VD-000506,Persönlicher Kontakt,2025-05-23,12:42,1245.0,False,2,False
COMM-0004736,VD-000030,VD-000793,Signal,2024-06-01,15:08,1964.0,False,9,False
COMM-0004737,VD-000789,VD-000904,SMS,2024-03-01,05:00,3438.0,True,4,True
COMM-0004738,VD-000527,VD-000652,WhatsApp,2024-05-29,07:53,780.0,True,2,False
COMM-0004739,VD-000682,VD-000916,SMS,2025-08-21,07:28,3158.0,False,10,True
COMM-0004740,VD-000718,VD-000411,WhatsApp,2023-04-13,09:10,,True,9,False
COMM-0004741,VD-000006,VD-000575,SMS,2025-04-28,04:28,,False,1,True
COMM-0004742,VD-000014,VD-000258,Social Media,2024-03-23,15:17,,True,9,True
COMM-0004743,VD-000871,VD-000019,Persönlicher Kontakt,2025-08-21,14:52,1504.0,False,5,True
COMM-0004744,VD-000574,VD-000072,Telefonat,2024-09-12,01:06,2413.0,True,6,True
COMM-0004745,VD-000602,VD-000594,Social Media,2023-12-29,00:17,,False,6,False
COMM-0004746,VD-000724,VD-000670,Social Media,2023-11-20,23:07,753.0,False,7,True
COMM-0004747,VD-000975,VD-000233,Telegram,2024-08-09,00:17,3084.0,True,5,False
COMM-0004748,VD-000737,VD-000110,SMS,2025-04-29,05:42,2078.0,False,7,False
COMM-0004749,VD-000233,VD-000565,Signal,2024-12-11,18:07,3001.0,True,3,True
COMM-0004750,VD-000813,VD-000444,Telefonat,2023-07-22,00:13,1811.0,False,7,False
COMM-0004751,VD-000658,VD-000592,Telefonat,2024-01-17,07:21,,False,4,False
COMM-0004752,VD-000198,VD-000706,E-Mail,2023-03-04,02:26,,False,10,False
COMM-0004753,VD-000592,VD-000031,WhatsApp,2024-10-15,22:12,,False,3,True
COMM-0004754,VD-000017,VD-000635,E-Mail,2023-05-23,15:17,1967.0,True,1,False
COMM-0004755,VD-000741,VD-000370,Persönlicher Kontakt,2025-10-25,01:46,3233.0,False,7,False
COMM-0004756,VD-000211,VD-000095,Social Media,2025-08-22,17:07,3477.0,True,7,True
COMM-0004757,VD-000008,VD-000829,Telegram,2023-09-16,11:09,,True,3,False
COMM-0004758,VD-000305,VD-000117,Telefonat,2024-07-06,16:51,1638.0,False,7,False
COMM-0004759,VD-000278,VD-000251,WhatsApp,2025-07-04,03:36,1755.0,True,2,False
COMM-0004760,VD-000310,VD-000254,Social Media,2023-09-05,00:54,266.0,False,8,True
COMM-0004761,VD-000488,VD-000050,Signal,2023-02-17,09:43,931.0,True,4,False
COMM-0004762,VD-000799,VD-000720,WhatsApp,2024-06-28,05:30,3179.0,True,2,False
COMM-0004763,VD-000476,VD-000739,SMS,2023-08-05,11:13,429.0,False,9,False
COMM-0004764,VD-000151,VD-000487,Telefonat,2024-08-06,20:24,420.0,True,9,False
COMM-0004765,VD-000298,VD-000497,SMS,2024-10-07,11:52,,False,3,False
COMM-0004766,VD-000577,VD-000876,WhatsApp,2024-06-20,23:14,,False,2,False
COMM-0004767,VD-000067,VD-000869,Telegram,2024-09-07,19:42,1231.0,False,5,False
COMM-0004768,VD-000144,VD-000103,E-Mail,2023-05-13,06:40,,False,3,True
COMM-0004769,VD-000939,VD-000472,SMS,2023-07-01,16:03,2505.0,True,4,False
COMM-0004770,VD-000898,VD-000404,Social Media,2023-05-30,18:31,1887.0,False,9,True
COMM-0004771,VD-000539,VD-000819,Social Media,2023-06-14,07:03,,True,8,False
COMM-0004772,VD-000014,VD-000437,Persönlicher Kontakt,2023-11-13,03:43,696.0,False,9,True
COMM-0004773,VD-000200,VD-000498,Persönlicher Kontakt,2023-06-19,22:29,,False,10,True
COMM-0004774,VD-000319,VD-000796,Signal,2024-02-07,01:12,1493.0,False,8,False
COMM-0004775,VD-000642,VD-000590,Telefonat,2024-11-04,03:17,1212.0,False,3,True
COMM-0004776,VD-000443,VD-000109,E-Mail,2025-06-10,23:42,,True,7,False
COMM-0004777,VD-000703,VD-000134,E-Mail,2025-04-08,01:27,,True,4,True
COMM-0004778,VD-000310,VD-000948,E-Mail,2025-05-14,05:02,3375.0,False,10,True
COMM-0004779,VD-000105,VD-000119,Telefonat,2025-10-01,13:13,,True,8,False
COMM-0004780,VD-000522,VD-000335,Social Media,2024-04-08,07:34,1015.0,True,4,False
COMM-0004781,VD-000681,VD-000571,Brief,2023-07-29,11:01,890.0,False,8,True
COMM-0004782,VD-000004,VD-000123,Brief,2024-09-18,07:07,135.0,False,4,True
COMM-0004783,VD-000807,VD-000780,SMS,2024-07-12,22:19,3267.0,True,10,True
COMM-0004784,VD-000301,VD-000727,Telefonat,2024-06-06,03:25,1042.0,True,3,True
COMM-0004785,VD-000922,VD-000736,Social Media,2024-07-07,13:17,,True,10,False
COMM-0004786,VD-000343,VD-000084,Brief,2023-09-30,09:14,,False,8,False
COMM-0004787,VD-000282,VD-000357,Signal,2024-02-02,14:12,1842.0,False,3,True
COMM-0004788,VD-000787,VD-000369,Telefonat,2025-09-08,01:54,1733.0,False,7,False
COMM-0004789,VD-000649,VD-000654,Telegram,2023-09-29,19:35,1639.0,True,10,True
COMM-0004790,VD-000592,VD-000389,Telegram,2025-10-06,11:25,3176.0,True,3,True
COMM-0004791,VD-000898,VD-000251,Social Media,2023-11-27,18:37,73.0,False,1,True
COMM-0004792,VD-000772,VD-000301,Social Media,2024-08-25,21:57,,True,2,False
COMM-0004793,VD-000634,VD-000296,SMS,2024-11-08,06:46,,False,4,True
COMM-0004794,VD-000243,VD-000413,SMS,2024-03-12,03:41,1246.0,False,10,False
COMM-0004795,VD-000610,VD-000352,Signal,2024-11-21,21:38,,False,2,True
COMM-0004796,VD-000862,VD-000511,Telefonat,2023-02-04,21:01,,True,3,False
COMM-0004797,VD-000488,VD-000207,Telegram,2023-04-23,08:46,515.0,True,2,True
COMM-0004798,VD-000820,VD-000900,Persönlicher Kontakt,2024-11-05,16:27,2294.0,False,10,True
COMM-0004799,VD-000366,VD-000576,SMS,2023-06-11,13:00,1714.0,True,8,False
COMM-0004800,VD-000231,VD-000933,Telegram,2025-08-19,17:10,447.0,False,7,False
COMM-0004801,VD-000298,VD-000356,Telegram,2023-02-23,20:49,1080.0,True,9,False
COMM-0004802,VD-000837,VD-000465,Brief,2024-12-26,20:40,3075.0,False,4,False
COMM-0004803,VD-000092,VD-000928,Persönlicher Kontakt,2024-04-18,04:43,,False,4,False
COMM-0004804,VD-000830,VD-000040,Persönlicher Kontakt,2025-04-05,22:51,2035.0,True,9,False
COMM-0004805,VD-000962,VD-000900,WhatsApp,2025-07-23,17:26,1070.0,False,5,True
COMM-0004806,VD-000980,VD-000178,SMS,2025-06-30,05:23,,False,8,True
COMM-0004807,VD-000227,VD-000799,Social Media,2023-01-16,01:02,,False,3,True
COMM-0004808,VD-000765,VD-000202,Signal,2024-11-25,06:02,,False,5,False
COMM-0004809,VD-000590,VD-000989,Telegram,2025-08-08,18:18,3442.0,False,3,True
COMM-0004810,VD-000556,VD-000519,Brief,2024-10-18,04:49,,False,5,True
COMM-0004811,VD-000052,VD-000556,Telegram,2025-06-13,18:10,1291.0,True,7,True
COMM-0004812,VD-000875,VD-000556,Telegram,2024-01-24,17:14,,True,3,True
COMM-0004813,VD-000959,VD-000850,Telefonat,2025-04-28,16:10,2915.0,False,9,True
COMM-0004814,VD-000374,VD-000103,Telefonat,2024-03-02,12:39,,False,8,True
COMM-0004815,VD-000460,VD-000032,SMS,2024-12-20,04:42,2089.0,True,8,False
COMM-0004816,VD-000073,VD-000776,E-Mail,2024-06-14,01:34,1215.0,True,8,True
COMM-0004817,VD-000380,VD-000843,Telefonat,2023-07-08,05:50,995.0,False,8,True
COMM-0004818,VD-000011,VD-000087,Brief,2023-01-18,16:30,652.0,False,3,False
COMM-0004819,VD-000905,VD-000359,SMS,2024-04-25,18:39,1118.0,False,4,False
COMM-0004820,VD-000313,VD-000577,E-Mail,2023-08-10,00:43,3249.0,False,4,True
COMM-0004821,VD-000761,VD-000719,E-Mail,2024-01-22,07:37,1247.0,False,4,True
COMM-0004822,VD-000523,VD-000665,Persönlicher Kontakt,2024-02-06,02:16,2442.0,True,1,True
COMM-0004823,VD-000319,VD-000451,Social Media,2025-04-02,12:01,1482.0,False,4,False
COMM-0004824,VD-000014,VD-000165,Telegram,2024-05-08,06:10,,False,9,True
COMM-0004825,VD-000327,VD-000612,Brief,2025-08-08,09:23,2151.0,True,4,True
COMM-0004826,VD-000767,VD-000798,Brief,2025-10-15,20:55,,False,2,True
COMM-0004827,VD-000610,VD-000053,Telegram,2024-07-18,04:19,2019.0,False,4,True
COMM-0004828,VD-000487,VD-000670,Telefonat,2025-07-08,17:44,1537.0,False,10,False
COMM-0004829,VD-000981,VD-000550,WhatsApp,2024-04-16,16:20,2425.0,True,1,False
COMM-0004830,VD-000095,VD-000902,Signal,2023-05-29,02:26,,True,1,True
COMM-0004831,VD-000581,VD-001000,Telefonat,2024-11-24,16:54,3427.0,False,1,True
COMM-0004832,VD-000122,VD-000050,Telefonat,2023-05-27,18:55,1000.0,True,3,False
COMM-0004833,VD-000206,VD-000272,Telefonat,2025-03-25,01:53,2759.0,False,1,False
COMM-0004834,VD-000928,VD-000432,WhatsApp,2024-02-26,22:52,3579.0,True,6,True
COMM-0004835,VD-000629,VD-000280,Social Media,2023-01-06,04:12,1184.0,True,8,False
COMM-0004836,VD-000174,VD-000493,Telefonat,2025-04-14,20:31,1943.0,False,3,False
COMM-0004837,VD-000922,VD-000534,Brief,2024-06-21,03:16,1901.0,True,4,False
COMM-0004838,VD-000558,VD-000886,Telegram,2025-10-29,04:09,,True,5,True
COMM-0004839,VD-000944,VD-000710,SMS,2024-03-01,07:19,3046.0,True,5,False
COMM-0004840,VD-000672,VD-000242,Brief,2024-04-21,14:27,1098.0,False,7,False
COMM-0004841,VD-000477,VD-000231,Signal,2023-12-23,03:03,1844.0,True,9,False
COMM-0004842,VD-000658,VD-000696,Signal,2023-04-02,05:20,2553.0,True,3,False
COMM-0004843,VD-000520,VD-000408,SMS,2024-07-23,22:19,1438.0,True,2,True
COMM-0004844,VD-000896,VD-000805,Social Media,2023-06-06,03:42,2204.0,False,8,True
COMM-0004845,VD-000259,VD-000744,E-Mail,2023-10-29,15:35,3061.0,True,7,True
COMM-0004846,VD-000992,VD-000395,Signal,2024-01-20,11:46,1601.0,True,4,False
COMM-0004847,VD-000469,VD-000143,SMS,2024-05-29,19:48,,True,7,False
COMM-0004848,VD-000508,VD-000064,WhatsApp,2024-04-06,20:03,1758.0,False,3,False
COMM-0004849,VD-000379,VD-000770,Persönlicher Kontakt,2024-09-23,01:03,,True,7,False
COMM-0004850,VD-000347,VD-000117,Telegram,2025-05-22,19:32,2075.0,False,1,True
COMM-0004851,VD-000293,VD-000994,Social Media,2024-03-02,19:55,3312.0,False,1,False
COMM-0004852,VD-000177,VD-000572,Social Media,2024-07-28,13:59,,True,8,False
COMM-0004853,VD-000156,VD-000066,WhatsApp,2023-01-27,03:59,,False,6,False
COMM-0004854,VD-000905,VD-000102,Persönlicher Kontakt,2024-03-25,01:30,,True,10,True
COMM-0004855,VD-000853,VD-000651,Signal,2025-05-14,16:31,1322.0,False,5,False
COMM-0004856,VD-000406,VD-000133,Social Media,2025-05-10,13:35,,True,5,True
COMM-0004857,VD-000930,VD-000290,Signal,2025-04-16,07:34,2180.0,True,2,True
COMM-0004858,VD-000144,VD-000570,Social Media,2025-03-13,14:22,,False,3,True
COMM-0004859,VD-000452,VD-000833,Persönlicher Kontakt,2025-08-02,14:44,1059.0,True,10,True
COMM-0004860,VD-000773,VD-000054,E-Mail,2025-05-09,05:39,332.0,True,10,False
COMM-0004861,VD-000157,VD-000832,SMS,2023-07-18,21:05,1281.0,True,9,True
COMM-0004862,VD-000113,VD-000270,Telegram,2023-07-07,15:15,2083.0,False,9,True
COMM-0004863,VD-000652,VD-000171,Persönlicher Kontakt,2024-04-07,19:13,907.0,True,6,True
COMM-0004864,VD-000642,VD-000908,Telefonat,2024-08-21,13:18,1105.0,True,7,True
COMM-0004865,VD-000296,VD-000277,Telegram,2024-08-10,00:20,3195.0,False,5,False
COMM-0004866,VD-000519,VD-000181,E-Mail,2025-06-15,04:01,,True,8,True
COMM-0004867,VD-000628,VD-000298,Telegram,2023-12-07,05:29,174.0,False,7,False
COMM-0004868,VD-000836,VD-000711,Social Media,2024-05-30,02:21,1130.0,True,4,False
COMM-0004869,VD-000664,VD-000219,Social Media,2024-06-27,05:22,1334.0,True,10,False
COMM-0004870,VD-000864,VD-000190,Brief,2023-10-19,21:17,,False,2,False
COMM-0004871,VD-000766,VD-000937,Persönlicher Kontakt,2024-02-20,06:18,1104.0,False,7,False
COMM-0004872,VD-000531,VD-000819,E-Mail,2023-08-11,00:27,,True,8,False
COMM-0004873,VD-000386,VD-000752,Brief,2025-11-06,01:08,1665.0,False,3,True
COMM-0004874,VD-000387,VD-000037,Telefonat,2024-10-05,14:44,336.0,True,9,False
COMM-0004875,VD-000969,VD-000494,Social Media,2024-12-18,19:00,1854.0,False,1,False
COMM-0004876,VD-000680,VD-000371,Persönlicher Kontakt,2025-10-04,16:52,3299.0,True,7,False
COMM-0004877,VD-000803,VD-000590,Signal,2023-03-18,18:07,,True,9,True
COMM-0004878,VD-000144,VD-000258,Brief,2024-02-13,06:29,2303.0,True,3,False
COMM-0004879,VD-000432,VD-000347,Persönlicher Kontakt,2025-02-19,15:54,1940.0,False,10,True
COMM-0004880,VD-000146,VD-000545,Signal,2023-02-22,06:57,,True,4,False
COMM-0004881,VD-000645,VD-000022,SMS,2024-09-10,01:28,,True,6,True
COMM-0004882,VD-000483,VD-000042,Telefonat,2025-06-27,02:53,3509.0,True,8,False
COMM-0004883,VD-000548,VD-000963,Brief,2023-04-12,19:56,716.0,True,10,False
COMM-0004884,VD-000170,VD-000015,WhatsApp,2023-06-26,01:11,2574.0,True,4,False
COMM-0004885,VD-000741,VD-000450,Brief,2023-01-14,15:23,1212.0,True,2,True
COMM-0004886,VD-000003,VD-000284,Brief,2024-03-02,21:28,1567.0,False,8,False
COMM-0004887,VD-000840,VD-000187,Signal,2024-03-20,08:02,2246.0,True,9,True
COMM-0004888,VD-000805,VD-000263,SMS,2023-04-09,11:54,,True,5,False
COMM-0004889,VD-000517,VD-000031,E-Mail,2024-05-25,15:35,,True,2,False
COMM-0004890,VD-000031,VD-000404,Persönlicher Kontakt,2024-05-21,18:18,833.0,False,3,True
COMM-0004891,VD-000930,VD-000359,SMS,2024-10-12,16:58,,True,10,False
COMM-0004892,VD-000997,VD-000434,E-Mail,2025-05-26,16:12,151.0,True,7,False
COMM-0004893,VD-000468,VD-000996,Social Media,2023-06-18,19:52,94.0,False,7,True
COMM-0004894,VD-000290,VD-000179,Telegram,2023-11-18,05:34,,False,2,False
COMM-0004895,VD-000594,VD-000486,Telefonat,2025-07-30,00:07,72.0,False,9,False
COMM-0004896,VD-000833,VD-000697,Social Media,2024-10-01,13:29,,False,8,True
COMM-0004897,VD-000651,VD-000012,Telegram,2025-10-18,07:39,423.0,False,3,True
COMM-0004898,VD-000460,VD-000878,WhatsApp,2024-08-02,02:02,,True,6,True
COMM-0004899,VD-000171,VD-000028,Social Media,2024-08-17,13:44,,False,8,True
COMM-0004900,VD-000463,VD-000323,Telefonat,2025-02-13,07:56,2017.0,False,7,True
COMM-0004901,VD-000950,VD-000094,Brief,2024-12-27,06:56,593.0,False,10,False
COMM-0004902,VD-000701,VD-000415,WhatsApp,2024-03-04,04:34,2531.0,True,10,False
COMM-0004903,VD-000729,VD-000024,SMS,2024-08-19,23:10,671.0,True,6,False
COMM-0004904,VD-000054,VD-000178,WhatsApp,2024-10-26,13:06,1115.0,False,8,True
COMM-0004905,VD-000297,VD-000335,Brief,2024-11-01,02:20,,False,6,True
COMM-0004906,VD-000152,VD-000592,Telefonat,2023-08-10,13:15,,True,3,True
COMM-0004907,VD-000389,VD-000961,E-Mail,2024-10-04,05:41,987.0,True,1,True
COMM-0004908,VD-000933,VD-000296,Signal,2025-01-23,10:07,,True,1,False
COMM-0004909,VD-000123,VD-000892,SMS,2025-01-30,16:05,,True,4,True
COMM-0004910,VD-000181,VD-000839,WhatsApp,2023-12-09,22:28,2590.0,True,4,False
COMM-0004911,VD-000091,VD-000198,E-Mail,2024-05-10,02:26,,True,7,True
COMM-0004912,VD-000323,VD-000636,Social Media,2024-07-02,01:40,,True,3,False
COMM-0004913,VD-000831,VD-000286,SMS,2023-05-26,13:58,1873.0,False,2,False
COMM-0004914,VD-000519,VD-000184,Brief,2023-08-05,21:50,2577.0,False,8,True
COMM-0004915,VD-000638,VD-000314,Social Media,2023-09-15,17:49,2369.0,False,6,True
COMM-0004916,VD-000149,VD-000831,Telefonat,2023-08-29,10:54,2121.0,True,9,True
COMM-0004917,VD-000306,VD-000059,Telefonat,2025-03-11,04:44,,False,1,True
COMM-0004918,VD-000037,VD-000574,Social Media,2023-07-03,02:00,,True,5,False
COMM-0004919,VD-000261,VD-000895,Telegram,2023-04-13,22:10,701.0,True,3,False
COMM-0004920,VD-000366,VD-000390,E-Mail,2025-01-28,09:19,,False,9,False
COMM-0004921,VD-000511,VD-000543,E-Mail,2024-09-12,03:42,,True,4,True
COMM-0004922,VD-000177,VD-000716,Telegram,2023-02-23,20:35,,True,10,True
COMM-0004923,VD-000063,VD-000744,Telefonat,2025-04-29,09:30,3553.0,False,10,False
COMM-0004924,VD-000966,VD-000430,Social Media,2024-04-17,09:05,3251.0,True,6,True
COMM-0004925,VD-000932,VD-000400,Social Media,2024-09-11,22:35,,False,7,False
COMM-0004926,VD-000309,VD-000317,Brief,2024-04-21,20:12,988.0,True,9,True
COMM-0004927,VD-000214,VD-000474,Telegram,2024-10-27,19:49,2173.0,False,9,True
COMM-0004928,VD-000375,VD-000450,E-Mail,2025-04-11,14:40,,True,2,False
COMM-0004929,VD-000440,VD-000307,Social Media,2024-03-30,14:28,2975.0,False,8,True
COMM-0004930,VD-000773,VD-000814,Persönlicher Kontakt,2025-01-23,03:43,,False,9,True
COMM-0004931,VD-000214,VD-000512,WhatsApp,2023-09-12,08:44,2305.0,True,7,True
COMM-0004932,VD-000035,VD-000270,WhatsApp,2024-12-07,01:50,3316.0,False,5,True
COMM-0004933,VD-000779,VD-000862,Persönlicher Kontakt,2024-03-16,12:06,735.0,False,6,True
COMM-0004934,VD-000920,VD-000665,Signal,2025-02-14,22:20,534.0,True,3,True
COMM-0004935,VD-000599,VD-000690,WhatsApp,2025-03-10,08:21,1079.0,False,8,False
COMM-0004936,VD-000254,VD-000527,Persönlicher Kontakt,2023-09-24,23:42,588.0,False,5,False
COMM-0004937,VD-000169,VD-000938,Brief,2023-11-11,01:04,2300.0,False,6,True
COMM-0004938,VD-000104,VD-000783,E-Mail,2025-03-26,22:29,839.0,True,8,False
COMM-0004939,VD-000543,VD-000637,Social Media,2023-04-15,19:34,549.0,True,6,True
COMM-0004940,VD-000807,VD-000805,Social Media,2025-04-04,00:16,366.0,True,9,False
COMM-0004941,VD-000758,VD-000747,Persönlicher Kontakt,2024-08-28,13:11,2655.0,False,10,True
COMM-0004942,VD-000859,VD-000047,E-Mail,2024-08-16,07:13,3202.0,False,1,False
COMM-0004943,VD-000774,VD-000149,Persönlicher Kontakt,2025-06-28,07:38,1623.0,False,9,True
COMM-0004944,VD-000507,VD-000649,Signal,2024-02-01,09:31,,False,5,True
COMM-0004945,VD-000174,VD-000173,Signal,2024-08-19,14:29,3464.0,True,3,True
COMM-0004946,VD-000066,VD-000199,Telegram,2024-06-14,04:23,,False,2,True
COMM-0004947,VD-000025,VD-000292,WhatsApp,2024-06-01,01:00,,True,8,True
COMM-0004948,VD-000905,VD-000152,Telefonat,2024-10-06,03:49,3216.0,True,8,False
COMM-0004949,VD-000935,VD-000347,Telegram,2025-10-22,16:39,3058.0,False,3,False
COMM-0004950,VD-000687,VD-000925,E-Mail,2024-01-16,01:46,1016.0,False,1,False
COMM-0004951,VD-000036,VD-000309,E-Mail,2023-02-02,05:11,1853.0,True,8,False
COMM-0004952,VD-000032,VD-000611,SMS,2023-10-12,05:23,3016.0,False,6,True
COMM-0004953,VD-000751,VD-000847,WhatsApp,2023-12-17,20:30,1857.0,True,10,False
COMM-0004954,VD-000112,VD-000921,Telefonat,2025-01-31,14:35,,True,7,True
COMM-0004955,VD-000615,VD-000281,Persönlicher Kontakt,2024-02-28,13:51,,False,3,False
COMM-0004956,VD-000230,VD-000164,Signal,2023-05-27,06:07,3451.0,True,8,True
COMM-0004957,VD-000970,VD-000665,Persönlicher Kontakt,2024-06-10,04:31,,True,4,True
COMM-0004958,VD-000659,VD-000041,Telegram,2023-11-25,00:00,2240.0,False,9,False
COMM-0004959,VD-000350,VD-000579,Brief,2023-05-30,06:29,1753.0,False,4,True
COMM-0004960,VD-000544,VD-000949,Brief,2023-12-16,03:52,,False,3,False
COMM-0004961,VD-000873,VD-000415,SMS,2023-04-17,01:19,555.0,False,9,False
COMM-0004962,VD-000270,VD-000125,WhatsApp,2024-04-03,06:09,229.0,False,7,False
COMM-0004963,VD-000466,VD-000491,SMS,2023-10-29,08:33,1377.0,False,4,True
COMM-0004964,VD-000665,VD-000784,Persönlicher Kontakt,2024-07-26,13:59,3005.0,True,7,False
COMM-0004965,VD-000048,VD-000881,Signal,2024-03-04,07:02,1762.0,True,3,True
COMM-0004966,VD-000887,VD-000936,Telegram,2024-10-24,02:58,2916.0,False,10,True
COMM-0004967,VD-000927,VD-000581,Social Media,2024-10-30,17:02,2344.0,False,9,False
COMM-0004968,VD-000803,VD-000412,Telefonat,2023-05-05,09:38,,True,2,False
COMM-0004969,VD-000853,VD-000812,WhatsApp,2024-02-02,01:47,1870.0,True,8,False
COMM-0004970,VD-000425,VD-000916,Social Media,2025-08-25,11:21,166.0,True,7,True
COMM-0004971,VD-000675,VD-000400,Social Media,2025-03-27,15:03,2429.0,True,7,True
COMM-0004972,VD-000962,VD-000860,Telegram,2025-07-18,15:12,1195.0,True,5,False
COMM-0004973,VD-000523,VD-000058,Persönlicher Kontakt,2025-01-29,09:15,2098.0,True,10,True
COMM-0004974,VD-000798,VD-000177,WhatsApp,2024-04-26,15:42,,True,4,False
COMM-0004975,VD-000077,VD-000333,Brief,2023-03-29,06:11,3016.0,True,7,False
COMM-0004976,VD-000422,VD-000772,E-Mail,2023-01-05,09:46,1309.0,True,2,False
COMM-0004977,VD-000375,VD-000046,SMS,2024-06-18,18:10,,True,1,False
COMM-0004978,VD-000977,VD-000496,Brief,2024-03-16,20:52,2839.0,True,5,False
COMM-0004979,VD-000955,VD-000253,Brief,2024-09-15,21:47,3108.0,True,7,False
COMM-0004980,VD-000698,VD-000977,SMS,2025-09-22,10:37,,False,3,False
COMM-0004981,VD-000790,VD-000741,WhatsApp,2023-02-13,01:47,,False,10,False
COMM-0004982,VD-000350,VD-000699,E-Mail,2024-07-25,04:49,,False,4,False
COMM-0004983,VD-000963,VD-000649,Telefonat,2024-06-18,10:20,1978.0,False,6,True
COMM-0004984,VD-000689,VD-000136,WhatsApp,2023-07-23,20:15,1046.0,True,9,False
COMM-0004985,VD-000286,VD-000234,SMS,2025-05-30,02:01,,False,9,True
COMM-0004986,VD-000653,VD-000731,SMS,2023-03-02,09:56,3460.0,True,8,False
COMM-0004987,VD-000137,VD-000163,WhatsApp,2024-02-12,07:02,2043.0,True,5,False
COMM-0004988,VD-000900,VD-000120,Telegram,2023-11-29,11:50,,True,8,False
COMM-0004989,VD-000577,VD-000388,Signal,2025-08-24,06:58,,True,9,True
COMM-0004990,VD-000214,VD-000071,Telefonat,2025-11-11,07:26,455.0,True,7,True
COMM-0004991,VD-000528,VD-000254,Brief,2025-09-14,18:50,2069.0,True,8,True
COMM-0004992,VD-000108,VD-000614,WhatsApp,2024-04-01,09:10,3365.0,True,6,True
COMM-0004993,VD-000803,VD-000890,Persönlicher Kontakt,2024-07-29,01:04,3450.0,False,3,False
COMM-0004994,VD-000392,VD-000383,Brief,2025-10-08,00:42,,True,1,True
COMM-0004995,VD-000639,VD-000989,E-Mail,2023-11-16,06:09,1278.0,False,4,True
COMM-0004996,VD-000757,VD-000369,Signal,2025-10-27,00:39,2510.0,True,6,False
COMM-0004997,VD-000673,VD-000490,Brief,2023-09-15,12:13,,False,2,False
COMM-0004998,VD-000742,VD-000723,Telefonat,2025-05-29,22:54,,False,3,False
COMM-0004999,VD-000486,VD-000771,WhatsApp,2023-01-10,11:39,,False,2,False
COMM-0005000,VD-000594,VD-000819,Signal,2024-03-26,08:53,,True,10,True
COMM-0005001,VD-000265,VD-000975,WhatsApp,2025-08-20,03:49,1622.0,True,10,False
COMM-0005002,VD-000547,VD-000101,Social Media,2023-03-24,10:00,2761.0,True,3,True
COMM-0005003,VD-000384,VD-000737,SMS,2023-07-16,11:31,,True,6,False
COMM-0005004,VD-000793,VD-000730,Social Media,2024-06-14,03:55,2424.0,True,8,False
COMM-0005005,VD-000796,VD-000411,Brief,2025-08-18,16:24,2167.0,False,2,True
COMM-0005006,VD-000941,VD-000681,SMS,2025-03-27,21:49,3462.0,False,1,False
COMM-0005007,VD-000195,VD-000858,Social Media,2024-02-13,12:48,1962.0,False,5,False
COMM-0005008,VD-000976,VD-000415,Telefonat,2025-02-06,03:13,3378.0,True,2,False
COMM-0005009,VD-000419,VD-000138,Signal,2023-08-26,00:10,,False,5,False
COMM-0005010,VD-000041,VD-000603,WhatsApp,2023-05-18,01:02,1904.0,True,8,False
COMM-0005011,VD-000536,VD-000063,Persönlicher Kontakt,2024-11-20,02:56,,True,4,False
COMM-0005012,VD-000890,VD-000314,Persönlicher Kontakt,2025-11-09,16:16,2284.0,True,2,True
COMM-0005013,VD-000380,VD-000220,Signal,2023-01-09,03:52,,False,6,False
COMM-0005014,VD-000454,VD-000982,Signal,2025-05-26,19:33,2027.0,False,9,False
COMM-0005015,VD-000016,VD-000982,Persönlicher Kontakt,2024-05-08,04:47,,False,3,True
COMM-0005016,VD-000053,VD-000521,Telegram,2025-06-29,04:50,,True,7,True
COMM-0005017,VD-000713,VD-000548,WhatsApp,2024-07-19,16:00,2812.0,True,9,True
COMM-0005018,VD-000730,VD-000616,WhatsApp,2024-06-01,23:58,3499.0,True,2,True
COMM-0005019,VD-000875,VD-000555,Social Media,2024-12-25,12:33,,True,2,False
COMM-0005020,VD-000897,VD-000937,WhatsApp,2025-06-07,11:45,99.0,False,3,False
COMM-0005021,VD-000272,VD-000710,Telegram,2024-01-04,08:09,2345.0,False,9,False
COMM-0005022,VD-000651,VD-000602,E-Mail,2025-11-07,05:11,3349.0,True,2,True
COMM-0005023,VD-000759,VD-000578,SMS,2025-10-16,11:54,608.0,True,5,True
COMM-0005024,VD-000722,VD-000602,Telefonat,2023-06-17,13:05,2978.0,True,7,True
COMM-0005025,VD-000366,VD-000034,Telegram,2025-05-26,10:11,380.0,True,3,False
COMM-0005026,VD-000457,VD-000525,Telegram,2024-03-22,07:20,2096.0,False,7,True
COMM-0005027,VD-000204,VD-000627,Telegram,2025-03-31,13:38,385.0,False,10,True
COMM-0005028,VD-000062,VD-000308,Brief,2024-09-15,04:56,2804.0,True,8,True
COMM-0005029,VD-000069,VD-000418,E-Mail,2023-07-16,05:49,2209.0,True,4,True
COMM-0005030,VD-000296,VD-000976,Telefonat,2025-07-28,03:38,,False,8,True
COMM-0005031,VD-000147,VD-000695,E-Mail,2024-04-23,13:21,3496.0,True,2,True
COMM-0005032,VD-000308,VD-000017,Persönlicher Kontakt,2025-06-17,02:20,1835.0,True,9,False
COMM-0005033,VD-000711,VD-000797,Brief,2025-07-27,11:12,,False,10,False
COMM-0005034,VD-000706,VD-000800,Telegram,2025-08-06,02:06,1852.0,False,9,True
COMM-0005035,VD-000773,VD-000203,WhatsApp,2025-02-03,15:54,247.0,False,3,True
COMM-0005036,VD-000579,VD-000879,Persönlicher Kontakt,2025-07-28,19:47,2393.0,False,10,True
COMM-0005037,VD-000613,VD-000244,Telefonat,2023-03-05,02:08,3592.0,False,6,True
COMM-0005038,VD-000359,VD-000174,SMS,2023-10-06,00:51,3141.0,True,5,True
COMM-0005039,VD-000121,VD-000283,Brief,2023-05-02,10:23,935.0,False,6,True
COMM-0005040,VD-000714,VD-000731,Social Media,2024-05-20,17:56,3055.0,False,9,True
COMM-0005041,VD-000937,VD-000753,Brief,2025-10-30,01:12,1848.0,False,2,True
COMM-0005042,VD-000926,VD-000474,WhatsApp,2024-07-12,22:56,2419.0,False,2,True
COMM-0005043,VD-000810,VD-000864,Brief,2023-04-16,09:29,1850.0,True,3,False
COMM-0005044,VD-000366,VD-000255,WhatsApp,2023-01-09,03:22,,False,10,False
COMM-0005045,VD-000779,VD-000890,Persönlicher Kontakt,2024-03-29,09:58,,True,8,False
COMM-0005046,VD-000934,VD-000355,E-Mail,2024-02-19,18:47,,False,6,False
COMM-0005047,VD-000602,VD-000744,Signal,2025-05-16,16:57,3541.0,True,5,False
COMM-0005048,VD-000038,VD-000636,Brief,2023-10-28,07:08,2021.0,False,9,True
COMM-0005049,VD-000125,VD-000288,WhatsApp,2024-11-15,08:49,1568.0,True,4,False
COMM-0005050,VD-000083,VD-000561,Social Media,2023-02-11,06:58,2971.0,False,1,False
COMM-0005051,VD-000341,VD-000469,WhatsApp,2024-04-26,22:27,3132.0,False,9,False
COMM-0005052,VD-000495,VD-000304,Brief,2023-12-15,11:58,2261.0,False,9,False
COMM-0005053,VD-000847,VD-000880,SMS,2025-05-03,02:09,1966.0,False,4,True
COMM-0005054,VD-000321,VD-000556,Social Media,2025-01-18,09:19,,True,7,True
COMM-0005055,VD-000299,VD-000280,Social Media,2024-03-15,06:32,353.0,False,7,True
COMM-0005056,VD-000500,VD-000627,WhatsApp,2023-10-30,23:23,,False,2,True
COMM-0005057,VD-000837,VD-000846,Brief,2023-07-07,21:04,377.0,False,6,True
COMM-0005058,VD-000675,VD-000408,WhatsApp,2024-08-23,05:37,,False,4,False
COMM-0005059,VD-000096,VD-000245,Telefonat,2023-10-11,10:23,2712.0,False,9,True
COMM-0005060,VD-000189,VD-000577,Brief,2025-04-11,10:38,2335.0,False,2,True
COMM-0005061,VD-000864,VD-000340,Persönlicher Kontakt,2023-07-13,05:06,,False,6,False
COMM-0005062,VD-000596,VD-000629,E-Mail,2024-08-23,11:50,2586.0,True,8,False
COMM-0005063,VD-000283,VD-000767,E-Mail,2023-09-05,01:34,1517.0,False,8,True
COMM-0005064,VD-000190,VD-000399,Persönlicher Kontakt,2025-02-02,09:13,2972.0,False,7,True
COMM-0005065,VD-000435,VD-000382,Social Media,2024-04-17,08:18,2878.0,True,6,False
COMM-0005066,VD-000658,VD-000483,SMS,2023-05-05,04:13,3492.0,False,9,True
COMM-0005067,VD-000767,VD-000969,WhatsApp,2024-05-16,07:45,3407.0,False,10,True
COMM-0005068,VD-000129,VD-000796,Telefonat,2023-12-29,13:01,2495.0,True,10,False
COMM-0005069,VD-000591,VD-000370,Telegram,2024-09-26,13:47,3221.0,True,3,True
COMM-0005070,VD-000423,VD-000085,SMS,2024-04-06,18:48,2239.0,True,1,False
COMM-0005071,VD-000770,VD-000307,Telefonat,2023-09-09,15:50,3012.0,False,1,True
COMM-0005072,VD-000194,VD-000486,Persönlicher Kontakt,2024-01-31,02:15,2500.0,True,6,True
COMM-0005073,VD-000778,VD-000181,SMS,2024-04-20,09:13,2889.0,True,8,False
COMM-0005074,VD-000764,VD-000997,Signal,2024-03-26,15:47,1132.0,False,6,False
COMM-0005075,VD-000528,VD-000175,Signal,2024-11-03,23:38,2683.0,True,4,False
COMM-0005076,VD-000131,VD-000105,Telegram,2025-07-09,18:01,,True,9,True
COMM-0005077,VD-000693,VD-000087,E-Mail,2025-05-03,09:08,,False,6,False
COMM-0005078,VD-000118,VD-000430,E-Mail,2023-05-17,17:02,195.0,False,7,False
COMM-0005079,VD-000050,VD-000676,Telegram,2024-09-28,04:18,2686.0,True,2,True
COMM-0005080,VD-000465,VD-000601,Signal,2024-08-02,20:21,,True,2,True
COMM-0005081,VD-000030,VD-000925,Telefonat,2023-09-11,00:54,51.0,False,5,False
COMM-0005082,VD-000462,VD-000969,Brief,2023-03-11,23:25,518.0,False,7,False
COMM-0005083,VD-000503,VD-000299,Brief,2023-08-15,16:41,1942.0,False,2,False
COMM-0005084,VD-000245,VD-000355,E-Mail,2025-09-03,20:59,,True,9,True
COMM-0005085,VD-000349,VD-000076,WhatsApp,2024-05-13,06:40,,False,6,True
COMM-0005086,VD-000926,VD-000273,SMS,2025-03-12,04:28,,True,5,False
COMM-0005087,VD-000911,VD-000916,WhatsApp,2023-02-06,21:24,677.0,True,10,True
COMM-0005088,VD-000380,VD-000321,Brief,2025-03-21,20:40,22.0,False,7,True
COMM-0005089,VD-000300,VD-000584,WhatsApp,2024-12-11,02:57,2686.0,False,9,False
COMM-0005090,VD-000641,VD-000332,E-Mail,2023-05-04,13:16,,False,6,True
COMM-0005091,VD-000864,VD-000063,WhatsApp,2024-12-11,02:03,1297.0,True,8,True
COMM-0005092,VD-000697,VD-000465,E-Mail,2024-10-28,17:13,2821.0,False,10,False
COMM-0005093,VD-000929,VD-000836,Signal,2025-04-12,05:58,,True,4,False
COMM-0005094,VD-000223,VD-000488,Signal,2025-09-20,17:14,2060.0,True,8,True
COMM-0005095,VD-000841,VD-000370,E-Mail,2023-01-07,11:07,,True,9,True
COMM-0005096,VD-000012,VD-000328,Brief,2023-06-19,04:41,,True,9,False
COMM-0005097,VD-000694,VD-000627,Telegram,2025-08-16,13:16,3045.0,True,2,False
COMM-0005098,VD-000091,VD-000236,Telegram,2025-10-16,09:51,2279.0,True,6,True
COMM-0005099,VD-000285,VD-000802,Brief,2024-04-11,04:01,17.0,True,3,True
COMM-0005100,VD-000300,VD-000024,Signal,2023-11-20,03:26,,False,7,False
COMM-0005101,VD-000702,VD-000968,Telefonat,2023-12-21,07:30,,True,6,False
COMM-0005102,VD-000505,VD-000582,Signal,2023-01-28,10:40,470.0,False,6,False
COMM-0005103,VD-000535,VD-000655,Brief,2025-07-06,15:36,931.0,False,2,True
COMM-0005104,VD-000819,VD-000560,E-Mail,2024-10-29,09:08,440.0,True,3,False
COMM-0005105,VD-000031,VD-000989,Signal,2024-10-21,19:37,,True,6,True
COMM-0005106,VD-000629,VD-000702,E-Mail,2025-06-18,19:45,1220.0,True,4,True
COMM-0005107,VD-000666,VD-000480,Telegram,2025-06-28,15:58,,False,7,True
COMM-0005108,VD-000899,VD-000546,SMS,2024-06-18,12:55,,False,2,True
COMM-0005109,VD-000277,VD-000773,Signal,2024-02-08,08:17,2045.0,True,1,True
COMM-0005110,VD-000294,VD-000540,Brief,2023-03-11,12:52,1986.0,True,6,True
COMM-0005111,VD-000775,VD-000405,WhatsApp,2024-12-22,22:08,563.0,False,2,True
COMM-0005112,VD-000466,VD-000083,Persönlicher Kontakt,2025-11-08,11:00,2295.0,True,8,False
COMM-0005113,VD-000040,VD-000005,Brief,2024-06-14,08:15,,True,1,True
COMM-0005114,VD-000868,VD-000578,SMS,2025-05-11,16:39,3387.0,True,6,False
COMM-0005115,VD-000183,VD-000577,Brief,2023-07-15,16:38,3510.0,False,10,False
COMM-0005116,VD-000020,VD-000309,Signal,2025-10-16,05:24,,False,6,True
COMM-0005117,VD-000561,VD-000053,SMS,2024-10-05,23:23,,True,4,True
COMM-0005118,VD-000741,VD-000976,Persönlicher Kontakt,2023-07-16,00:39,,True,7,True
COMM-0005119,VD-000726,VD-000858,Telefonat,2024-10-08,20:02,67.0,False,5,False
COMM-0005120,VD-000310,VD-000424,Social Media,2024-11-20,07:59,,False,1,True
COMM-0005121,VD-000938,VD-000792,Signal,2025-06-09,15:22,,False,10,True
COMM-0005122,VD-000536,VD-000356,Persönlicher Kontakt,2025-04-13,08:08,,False,8,False
COMM-0005123,VD-000801,VD-000640,Signal,2025-03-05,23:03,1632.0,True,2,False
COMM-0005124,VD-000766,VD-000080,Brief,2023-12-07,06:26,,True,8,True
COMM-0005125,VD-000626,VD-000069,Telefonat,2025-01-12,22:08,158.0,True,9,False
COMM-0005126,VD-000933,VD-000996,E-Mail,2025-04-14,16:46,2662.0,False,8,True
COMM-0005127,VD-000664,VD-000061,E-Mail,2025-10-31,18:36,1797.0,False,7,True
COMM-0005128,VD-000649,VD-000665,Persönlicher Kontakt,2023-10-05,05:21,2998.0,True,7,False
COMM-0005129,VD-000110,VD-000849,Persönlicher Kontakt,2023-08-26,11:45,1395.0,True,1,True
COMM-0005130,VD-000311,VD-000355,Social Media,2024-09-09,03:39,383.0,False,4,True
COMM-0005131,VD-000326,VD-000591,Persönlicher Kontakt,2025-07-27,00:10,2509.0,False,7,False
COMM-0005132,VD-000395,VD-000016,E-Mail,2025-03-23,07:14,2664.0,False,1,False
COMM-0005133,VD-000344,VD-000765,Brief,2024-10-28,20:26,,False,1,False
COMM-0005134,VD-000370,VD-000335,Persönlicher Kontakt,2023-10-18,10:33,2073.0,True,1,False
COMM-0005135,VD-000517,VD-000565,Social Media,2024-10-31,22:11,2403.0,True,8,False
COMM-0005136,VD-000433,VD-000171,Telegram,2023-10-18,00:04,1512.0,False,8,True
COMM-0005137,VD-000276,VD-000297,Telefonat,2023-11-21,08:31,2391.0,False,8,True
COMM-0005138,VD-000465,VD-000812,Telegram,2024-05-24,03:03,1839.0,False,10,True
COMM-0005139,VD-000865,VD-000895,Persönlicher Kontakt,2024-07-10,00:03,807.0,False,5,False
COMM-0005140,VD-000500,VD-000370,SMS,2025-08-04,06:52,2392.0,True,1,False
COMM-0005141,VD-000245,VD-000049,Social Media,2023-05-08,10:02,3293.0,False,10,True
COMM-0005142,VD-000572,VD-000033,E-Mail,2025-07-16,00:56,1972.0,False,8,False
COMM-0005143,VD-000507,VD-000694,WhatsApp,2023-02-16,06:41,,False,7,False
COMM-0005144,VD-000359,VD-000749,Brief,2023-08-05,01:44,122.0,False,7,False
COMM-0005145,VD-000333,VD-000727,Brief,2024-06-06,15:48,,True,10,True
COMM-0005146,VD-000181,VD-000650,Signal,2025-05-23,20:25,2852.0,True,8,True
COMM-0005147,VD-000708,VD-000265,Brief,2024-07-28,05:42,667.0,False,7,True
COMM-0005148,VD-000376,VD-000332,Signal,2024-08-16,23:50,1118.0,True,3,True
COMM-0005149,VD-000985,VD-000303,Persönlicher Kontakt,2024-11-21,15:02,,False,1,False
COMM-0005150,VD-000634,VD-000528,Signal,2023-11-19,20:30,1597.0,False,5,True
COMM-0005151,VD-000098,VD-000751,Signal,2024-02-01,13:13,2386.0,False,7,True
COMM-0005152,VD-000651,VD-000445,WhatsApp,2024-02-22,03:45,3388.0,False,3,False
COMM-0005153,VD-000771,VD-000913,Brief,2023-03-22,03:08,2606.0,True,7,False
COMM-0005154,VD-000193,VD-000133,Brief,2025-09-15,02:59,,True,2,True
COMM-0005155,VD-000619,VD-000891,E-Mail,2024-07-09,08:31,2331.0,True,1,False
COMM-0005156,VD-000035,VD-000486,WhatsApp,2023-02-27,22:36,3061.0,False,10,True
COMM-0005157,VD-000778,VD-000453,Telefonat,2024-01-03,00:35,267.0,False,3,False
COMM-0005158,VD-000634,VD-000277,Telefonat,2023-05-15,13:36,177.0,False,3,False
COMM-0005159,VD-000586,VD-000257,Signal,2025-07-23,22:18,,False,7,False
COMM-0005160,VD-000724,VD-000744,Social Media,2025-08-05,13:15,676.0,True,5,False
COMM-0005161,VD-000869,VD-000519,Brief,2025-06-11,10:17,971.0,True,4,False
COMM-0005162,VD-000787,VD-000969,Telegram,2024-07-26,02:52,,True,2,True
COMM-0005163,VD-000430,VD-000491,Signal,2023-04-19,03:09,,False,4,False
COMM-0005164,VD-000017,VD-000137,Telegram,2025-08-05,12:54,,True,6,True
COMM-0005165,VD-000725,VD-000841,Signal,2024-09-10,21:11,2531.0,False,6,True
COMM-0005166,VD-000030,VD-000256,Persönlicher Kontakt,2023-04-23,07:32,,True,8,False
COMM-0005167,VD-000070,VD-000012,Telefonat,2025-04-30,04:59,2668.0,False,10,False
COMM-0005168,VD-000864,VD-000604,Telegram,2025-02-21,23:17,1495.0,False,6,True
COMM-0005169,VD-000105,VD-000024,Social Media,2025-07-12,14:17,2727.0,True,5,False
COMM-0005170,VD-000325,VD-000991,Signal,2024-05-04,22:32,1521.0,False,2,False
COMM-0005171,VD-000329,VD-000148,Social Media,2024-07-17,16:09,3529.0,True,1,False
COMM-0005172,VD-000593,VD-000254,SMS,2024-01-21,23:26,519.0,True,2,True
COMM-0005173,VD-000210,VD-000542,E-Mail,2023-03-03,05:23,1761.0,False,1,False
COMM-0005174,VD-000075,VD-000785,WhatsApp,2023-04-11,18:05,3402.0,True,2,True
COMM-0005175,VD-000988,VD-000723,SMS,2023-04-19,14:21,1588.0,True,7,True
COMM-0005176,VD-000014,VD-000185,Telegram,2025-07-20,11:34,2226.0,False,8,False
COMM-0005177,VD-000452,VD-000119,Social Media,2023-11-07,10:16,214.0,True,10,True
COMM-0005178,VD-000975,VD-000090,SMS,2025-07-30,13:19,2280.0,False,2,False
COMM-0005179,VD-000464,VD-000493,SMS,2023-06-24,23:42,789.0,False,3,True
COMM-0005180,VD-000694,VD-000032,Signal,2025-02-17,13:59,85.0,False,5,True
COMM-0005181,VD-000608,VD-000982,E-Mail,2023-08-12,07:27,1136.0,False,1,False
COMM-0005182,VD-000173,VD-000337,Social Media,2023-07-10,17:06,3583.0,False,7,True
COMM-0005183,VD-000832,VD-000743,Telefonat,2025-07-22,00:27,,True,2,False
COMM-0005184,VD-000777,VD-000169,Telegram,2025-07-27,23:20,,True,7,True
COMM-0005185,VD-000893,VD-000825,E-Mail,2024-10-23,18:09,1017.0,True,4,True
COMM-0005186,VD-000633,VD-000553,Social Media,2024-10-21,18:31,,False,3,False
COMM-0005187,VD-000004,VD-000110,SMS,2023-07-01,08:47,2334.0,False,3,True
COMM-0005188,VD-000646,VD-000314,WhatsApp,2023-04-28,01:32,3514.0,True,3,False
COMM-0005189,VD-000140,VD-000072,Telegram,2024-09-10,22:34,,False,4,False
COMM-0005190,VD-000909,VD-000936,Brief,2023-09-03,10:44,3164.0,True,3,True
COMM-0005191,VD-000304,VD-000248,Telegram,2023-09-16,14:05,2051.0,True,9,False
COMM-0005192,VD-000633,VD-000644,Signal,2023-10-15,03:18,,False,2,True
COMM-0005193,VD-000424,VD-000165,Social Media,2024-05-04,19:34,365.0,True,7,False
COMM-0005194,VD-000049,VD-001000,Brief,2023-03-18,19:25,3480.0,False,2,False
COMM-0005195,VD-000442,VD-000579,Telegram,2024-03-04,09:23,,True,2,False
COMM-0005196,VD-000444,VD-000110,Telefonat,2024-11-05,19:09,1304.0,False,2,False
COMM-0005197,VD-000122,VD-000621,Social Media,2025-05-16,07:32,26.0,True,7,True
COMM-0005198,VD-000364,VD-000230,Telegram,2024-10-06,00:32,1425.0,False,8,False
COMM-0005199,VD-000797,VD-000453,WhatsApp,2023-02-08,11:56,1269.0,True,4,False
COMM-0005200,VD-000623,VD-000506,E-Mail,2024-12-01,13:52,569.0,True,5,True
COMM-0005201,VD-000647,VD-000377,Telegram,2024-01-11,08:39,508.0,False,6,True
COMM-0005202,VD-000193,VD-000985,SMS,2025-11-06,04:45,898.0,True,10,False
COMM-0005203,VD-000052,VD-000404,E-Mail,2025-03-01,08:11,3333.0,True,10,True
COMM-0005204,VD-000865,VD-000110,Signal,2024-10-24,23:21,2202.0,True,9,True
COMM-0005205,VD-000372,VD-000357,Brief,2024-10-17,04:00,2601.0,True,9,True
COMM-0005206,VD-000894,VD-000957,WhatsApp,2025-09-02,16:24,,False,3,False
COMM-0005207,VD-000698,VD-000167,Social Media,2025-10-13,11:04,2362.0,False,1,True
COMM-0005208,VD-000946,VD-000699,Telegram,2023-07-08,13:28,,False,4,False
COMM-0005209,VD-000336,VD-000826,Persönlicher Kontakt,2024-01-03,01:04,3591.0,False,3,False
COMM-0005210,VD-000548,VD-000068,WhatsApp,2025-07-26,07:11,2628.0,False,4,True
COMM-0005211,VD-000027,VD-000124,Social Media,2023-04-24,15:39,,True,2,False
COMM-0005212,VD-000538,VD-000526,WhatsApp,2025-03-21,11:51,,False,9,False
COMM-0005213,VD-000832,VD-000247,E-Mail,2025-02-28,00:20,571.0,False,9,False
COMM-0005214,VD-000437,VD-000480,SMS,2024-01-10,07:02,2550.0,False,7,False
COMM-0005215,VD-000343,VD-000440,Brief,2025-09-27,03:07,519.0,False,3,True
COMM-0005216,VD-000003,VD-000311,SMS,2023-11-24,10:33,1897.0,False,7,True
COMM-0005217,VD-000543,VD-000619,Telegram,2023-07-15,14:27,433.0,True,9,False
COMM-0005218,VD-000869,VD-000401,E-Mail,2023-02-18,08:13,3282.0,True,3,False
COMM-0005219,VD-000351,VD-000843,WhatsApp,2024-01-06,05:41,1683.0,False,5,True
COMM-0005220,VD-000719,VD-000525,Telegram,2024-07-05,08:18,782.0,False,4,False
COMM-0005221,VD-000308,VD-000977,Telefonat,2024-11-20,14:06,537.0,True,10,False
COMM-0005222,VD-000070,VD-000512,Persönlicher Kontakt,2023-05-21,05:12,,True,9,False
COMM-0005223,VD-000507,VD-000798,Signal,2023-03-19,16:34,1484.0,False,10,False
COMM-0005224,VD-000749,VD-000966,Telefonat,2025-06-11,23:21,,True,5,False
COMM-0005225,VD-000476,VD-000686,Brief,2023-06-16,13:24,2196.0,False,3,False
COMM-0005226,VD-000765,VD-000087,Social Media,2025-01-26,18:12,,True,9,False
COMM-0005227,VD-000729,VD-000837,Brief,2023-08-09,17:44,,False,1,False
COMM-0005228,VD-000750,VD-000125,SMS,2025-05-11,10:19,,True,2,True
COMM-0005229,VD-000311,VD-000537,Signal,2023-06-15,09:49,2539.0,True,3,False
COMM-0005230,VD-000525,VD-000491,Brief,2025-06-19,10:33,692.0,True,2,True
COMM-0005231,VD-000319,VD-000215,Brief,2025-10-20,14:05,1073.0,True,2,True
COMM-0005232,VD-000628,VD-000158,Persönlicher Kontakt,2024-12-14,14:41,651.0,True,3,False
COMM-0005233,VD-000702,VD-000641,Persönlicher Kontakt,2024-03-16,22:49,,True,6,True
COMM-0005234,VD-000423,VD-000482,Telegram,2025-08-04,03:59,,True,10,False
COMM-0005235,VD-000987,VD-000167,Social Media,2024-04-28,14:26,,True,10,True
COMM-0005236,VD-000334,VD-000368,Telegram,2025-06-29,12:31,,False,8,False
COMM-0005237,VD-000739,VD-000576,Signal,2023-03-24,15:02,1052.0,False,9,True
COMM-0005238,VD-000484,VD-000164,Signal,2025-09-01,08:23,,True,9,True
COMM-0005239,VD-000381,VD-000514,Telegram,2025-02-23,03:59,1805.0,False,4,False
COMM-0005240,VD-000251,VD-000641,Telegram,2023-09-17,09:57,615.0,False,3,False
COMM-0005241,VD-000817,VD-000982,Persönlicher Kontakt,2023-06-01,00:22,,True,6,True
COMM-0005242,VD-000103,VD-000719,Telefonat,2023-09-04,13:55,307.0,False,1,True
COMM-0005243,VD-000355,VD-000892,WhatsApp,2025-03-27,21:18,,True,8,False
COMM-0005244,VD-000071,VD-000499,Signal,2023-09-27,22:22,,True,3,True
COMM-0005245,VD-000137,VD-000524,E-Mail,2025-11-05,00:00,,False,9,True
COMM-0005246,VD-000547,VD-000503,Signal,2025-11-11,02:45,,False,4,False
COMM-0005247,VD-000831,VD-000062,WhatsApp,2025-01-18,15:26,1837.0,False,9,False
COMM-0005248,VD-000200,VD-000549,Signal,2023-12-26,13:56,,True,6,True
COMM-0005249,VD-000287,VD-000067,Telefonat,2023-09-12,16:38,1553.0,True,2,False
COMM-0005250,VD-000543,VD-000628,WhatsApp,2023-06-02,20:32,,True,10,True
COMM-0005251,VD-000277,VD-000236,WhatsApp,2025-07-16,20:12,804.0,True,8,True
COMM-0005252,VD-000847,VD-000898,Signal,2023-01-03,05:52,,False,8,False
COMM-0005253,VD-000126,VD-000447,WhatsApp,2023-11-24,22:05,,False,8,True
COMM-0005254,VD-000830,VD-000763,Telegram,2025-03-12,07:06,2911.0,False,10,True
COMM-0005255,VD-000429,VD-000249,SMS,2024-02-24,15:32,928.0,True,4,True
COMM-0005256,VD-000739,VD-000934,Persönlicher Kontakt,2025-10-28,20:42,,True,8,True
COMM-0005257,VD-000162,VD-000321,Persönlicher Kontakt,2024-10-28,14:36,3001.0,False,8,False
COMM-0005258,VD-000806,VD-000601,SMS,2024-09-17,10:37,3450.0,True,10,True
COMM-0005259,VD-000760,VD-000882,E-Mail,2025-01-31,00:24,,True,7,False
COMM-0005260,VD-000334,VD-000318,Persönlicher Kontakt,2024-03-07,18:40,1748.0,True,7,True
COMM-0005261,VD-000611,VD-000654,Telefonat,2025-07-06,16:13,1807.0,True,2,False
COMM-0005262,VD-000529,VD-000310,Telefonat,2023-01-13,07:16,2467.0,False,6,False
COMM-0005263,VD-000307,VD-000299,Signal,2024-07-17,16:12,,True,6,False
COMM-0005264,VD-000592,VD-000935,Telefonat,2025-08-13,04:59,2465.0,True,4,True
COMM-0005265,VD-000741,VD-000424,Social Media,2024-09-16,08:08,1850.0,True,1,False
COMM-0005266,VD-000878,VD-000967,Brief,2024-10-19,00:52,,True,2,True
COMM-0005267,VD-000817,VD-000329,Telegram,2025-04-18,23:02,1158.0,False,7,True
COMM-0005268,VD-000898,VD-000088,Persönlicher Kontakt,2025-11-02,06:30,2629.0,True,3,False
COMM-0005269,VD-000409,VD-000079,Social Media,2025-02-23,16:16,2498.0,True,3,True
COMM-0005270,VD-000447,VD-000414,Signal,2025-10-06,17:39,1637.0,True,2,False
COMM-0005271,VD-000675,VD-000536,SMS,2024-08-19,19:24,1999.0,True,6,False
COMM-0005272,VD-000441,VD-000957,Brief,2025-03-25,22:46,280.0,True,8,False
COMM-0005273,VD-000385,VD-000557,Signal,2024-06-21,21:45,,True,8,False
COMM-0005274,VD-000456,VD-000968,Persönlicher Kontakt,2025-08-20,00:52,355.0,False,2,True
COMM-0005275,VD-000498,VD-000178,WhatsApp,2024-12-29,22:37,628.0,False,9,False
COMM-0005276,VD-000946,VD-000058,Brief,2025-09-22,04:56,,False,9,False
COMM-0005277,VD-000530,VD-000221,Social Media,2024-02-16,03:02,1831.0,True,2,True
COMM-0005278,VD-000586,VD-000391,Telefonat,2024-07-22,12:54,3049.0,True,10,True
COMM-0005279,VD-000585,VD-000263,Telefonat,2024-07-07,01:43,,False,10,True
COMM-0005280,VD-000218,VD-000222,Signal,2025-07-10,15:41,1719.0,True,4,True
COMM-0005281,VD-000960,VD-000406,SMS,2023-06-22,08:06,1020.0,False,8,True
COMM-0005282,VD-000944,VD-000887,Telefonat,2025-02-26,04:37,892.0,False,6,True
COMM-0005283,VD-000775,VD-000777,E-Mail,2024-03-01,10:07,794.0,True,4,False
COMM-0005284,VD-000761,VD-000040,Telegram,2025-01-10,10:03,1404.0,True,7,True
COMM-0005285,VD-000992,VD-000289,Persönlicher Kontakt,2025-02-19,23:06,399.0,False,2,True
COMM-0005286,VD-000028,VD-000848,Telefonat,2023-07-26,21:01,3436.0,False,3,True
COMM-0005287,VD-000827,VD-000144,Brief,2023-05-02,22:14,,False,7,False
COMM-0005288,VD-000026,VD-000646,Signal,2025-02-15,08:06,2094.0,False,10,False
COMM-0005289,VD-000978,VD-000553,WhatsApp,2024-08-04,23:45,1766.0,True,3,True
COMM-0005290,VD-000685,VD-000822,Signal,2024-11-26,11:16,403.0,True,7,True
COMM-0005291,VD-000863,VD-000049,Brief,2024-05-07,00:26,1373.0,True,1,True
COMM-0005292,VD-000289,VD-000195,Telegram,2025-10-25,08:52,,False,3,True
COMM-0005293,VD-000237,VD-000929,WhatsApp,2025-02-04,06:34,1020.0,True,8,False
COMM-0005294,VD-000383,VD-000331,SMS,2025-05-28,17:41,2178.0,False,8,False
COMM-0005295,VD-000856,VD-000420,Telefonat,2024-03-27,01:40,442.0,True,9,False
COMM-0005296,VD-000870,VD-000650,Brief,2024-09-05,16:56,3047.0,True,7,False
COMM-0005297,VD-000827,VD-000351,Persönlicher Kontakt,2024-07-20,08:36,2027.0,False,7,False
COMM-0005298,VD-000136,VD-000810,Telegram,2025-07-01,23:53,929.0,False,7,False
COMM-0005299,VD-000122,VD-000309,SMS,2025-06-17,01:48,,False,8,True
COMM-0005300,VD-000718,VD-000870,Signal,2023-12-22,14:50,,False,9,False
COMM-0005301,VD-000078,VD-000314,Telegram,2025-05-29,15:14,3298.0,True,5,False
COMM-0005302,VD-000457,VD-000171,Signal,2023-08-04,19:48,2537.0,False,4,True
COMM-0005303,VD-000598,VD-000548,Telefonat,2024-01-25,16:22,588.0,False,8,False
COMM-0005304,VD-000924,VD-000840,E-Mail,2025-10-24,04:32,,False,9,True
COMM-0005305,VD-000566,VD-000224,SMS,2023-10-14,04:45,1137.0,True,10,True
COMM-0005306,VD-000991,VD-000655,Signal,2023-08-27,22:34,,True,6,True
COMM-0005307,VD-000832,VD-000805,Telegram,2024-01-27,13:25,,True,2,False
COMM-0005308,VD-000336,VD-000493,Brief,2025-08-25,16:42,1387.0,True,4,True
COMM-0005309,VD-000227,VD-000972,Social Media,2023-05-20,09:01,,True,2,False
COMM-0005310,VD-000105,VD-000392,Social Media,2025-08-18,01:01,1289.0,True,2,True
COMM-0005311,VD-000081,VD-000129,Telegram,2023-02-14,22:58,,False,1,False
COMM-0005312,VD-000070,VD-000659,Persönlicher Kontakt,2023-04-01,10:26,695.0,False,1,False
COMM-0005313,VD-000106,VD-000336,Signal,2024-08-09,09:40,2167.0,True,10,True
COMM-0005314,VD-000276,VD-000964,Signal,2023-12-31,12:37,1122.0,True,6,True
COMM-0005315,VD-000420,VD-000607,Telegram,2024-07-24,09:44,,False,4,False
COMM-0005316,VD-000867,VD-000427,SMS,2025-03-08,12:35,1580.0,False,8,True
COMM-0005317,VD-000545,VD-000536,E-Mail,2023-10-06,06:00,1319.0,True,5,False
COMM-0005318,VD-000404,VD-000748,Telefonat,2024-03-01,11:45,3294.0,False,6,False
COMM-0005319,VD-000506,VD-000392,Brief,2023-10-22,23:52,,True,6,True
COMM-0005320,VD-000071,VD-000324,Telefonat,2023-05-28,15:59,530.0,False,10,False
COMM-0005321,VD-000348,VD-000056,Telegram,2024-09-21,11:49,2591.0,False,6,True
COMM-0005322,VD-000606,VD-000028,WhatsApp,2024-01-07,06:51,3118.0,False,9,False
COMM-0005323,VD-000857,VD-000383,Social Media,2025-07-28,08:39,174.0,False,5,False
COMM-0005324,VD-000728,VD-000935,WhatsApp,2023-01-12,10:49,2552.0,False,9,False
COMM-0005325,VD-000274,VD-000971,Signal,2025-09-08,15:01,3381.0,False,4,True
COMM-0005326,VD-000121,VD-000547,E-Mail,2023-03-19,17:56,2610.0,False,9,False
COMM-0005327,VD-000589,VD-000638,Signal,2025-10-23,18:32,,False,3,True
COMM-0005328,VD-000006,VD-000589,Social Media,2023-03-18,12:44,3059.0,False,9,False
COMM-0005329,VD-000061,VD-000157,Brief,2023-09-06,08:19,,False,6,True
COMM-0005330,VD-000255,VD-000790,WhatsApp,2024-03-22,15:22,292.0,False,6,True
COMM-0005331,VD-000912,VD-000863,WhatsApp,2023-07-07,15:48,,False,5,True
COMM-0005332,VD-000537,VD-000259,Telefonat,2025-03-14,04:29,2256.0,True,3,False
COMM-0005333,VD-000578,VD-000017,Persönlicher Kontakt,2024-06-07,13:01,,True,8,False
COMM-0005334,VD-000888,VD-000239,Telegram,2023-10-10,05:30,1889.0,True,4,False
COMM-0005335,VD-000151,VD-000254,E-Mail,2023-10-22,10:05,2194.0,False,5,False
COMM-0005336,VD-000170,VD-000075,Social Media,2024-12-16,18:52,,False,3,True
COMM-0005337,VD-000507,VD-000130,WhatsApp,2023-05-03,03:53,1343.0,False,10,False
COMM-0005338,VD-000622,VD-000644,WhatsApp,2023-01-02,01:00,742.0,True,10,False
COMM-0005339,VD-000591,VD-000629,Telefonat,2024-06-24,01:01,2485.0,True,1,True
COMM-0005340,VD-000302,VD-000251,WhatsApp,2024-09-24,13:12,,False,6,True
COMM-0005341,VD-000487,VD-000033,Social Media,2023-09-03,02:52,,True,9,True
COMM-0005342,VD-000459,VD-000802,SMS,2024-11-18,17:24,,False,4,False
COMM-0005343,VD-000684,VD-000880,Social Media,2023-12-22,11:05,1736.0,True,3,False
COMM-0005344,VD-000246,VD-000187,Brief,2025-09-01,14:27,2858.0,True,4,False
COMM-0005345,VD-000740,VD-000198,Telegram,2024-11-29,01:24,3212.0,True,7,False
COMM-0005346,VD-000540,VD-000121,Brief,2024-08-01,07:04,1312.0,True,6,True
COMM-0005347,VD-000570,VD-000492,Signal,2023-03-13,22:38,,True,1,True
COMM-0005348,VD-000140,VD-000102,WhatsApp,2023-05-12,20:53,1508.0,True,5,False
COMM-0005349,VD-000166,VD-000949,SMS,2025-10-10,00:37,1741.0,False,7,False
COMM-0005350,VD-000165,VD-000207,Signal,2023-03-16,14:22,1636.0,True,2,False
COMM-0005351,VD-000295,VD-000275,Social Media,2024-01-10,07:20,3009.0,False,1,False
COMM-0005352,VD-000315,VD-000549,Telefonat,2024-09-29,04:13,910.0,False,10,False
COMM-0005353,VD-000204,VD-000801,Telefonat,2023-07-08,00:21,2685.0,False,9,False
COMM-0005354,VD-000462,VD-000951,Persönlicher Kontakt,2025-08-18,02:49,2964.0,False,10,False
COMM-0005355,VD-000388,VD-000780,Signal,2023-05-15,02:26,,True,6,False
COMM-0005356,VD-000978,VD-000879,WhatsApp,2025-01-05,01:36,1580.0,True,1,False
COMM-0005357,VD-000685,VD-000052,Telegram,2023-03-06,04:16,442.0,True,1,True
COMM-0005358,VD-000648,VD-000996,Social Media,2025-08-31,12:22,845.0,False,5,False
COMM-0005359,VD-000412,VD-000888,Signal,2024-02-05,11:47,,False,7,False
COMM-0005360,VD-000410,VD-000151,Signal,2024-11-18,03:22,3359.0,False,8,False
COMM-0005361,VD-000161,VD-000404,Social Media,2025-05-02,11:43,,False,9,False
COMM-0005362,VD-000274,VD-000171,Telefonat,2023-05-11,09:27,1307.0,True,2,True
COMM-0005363,VD-000475,VD-000833,E-Mail,2025-09-22,11:03,3323.0,False,6,False
COMM-0005364,VD-000366,VD-000845,SMS,2024-05-20,02:16,1626.0,True,1,True
COMM-0005365,VD-000397,VD-000185,Brief,2024-01-31,03:12,,True,8,False
COMM-0005366,VD-000821,VD-000266,Telefonat,2023-05-31,21:25,739.0,True,2,True
COMM-0005367,VD-000382,VD-000996,Telefonat,2025-06-04,19:01,1210.0,False,1,False
COMM-0005368,VD-000610,VD-000090,Brief,2023-02-11,05:58,2011.0,True,8,True
COMM-0005369,VD-000191,VD-000785,Social Media,2024-09-18,02:37,,False,8,False
COMM-0005370,VD-000388,VD-000990,Telefonat,2023-01-29,17:36,399.0,True,2,True
COMM-0005371,VD-000207,VD-000291,SMS,2025-08-12,23:12,755.0,False,9,False
COMM-0005372,VD-000109,VD-000889,Brief,2023-09-18,20:01,,False,4,False
COMM-0005373,VD-000363,VD-000509,SMS,2024-10-01,23:03,1929.0,False,8,False
COMM-0005374,VD-000758,VD-000231,Brief,2023-09-19,15:36,1727.0,False,8,True
COMM-0005375,VD-000230,VD-000188,Persönlicher Kontakt,2025-09-20,12:49,,True,3,False
COMM-0005376,VD-000965,VD-000246,Telegram,2025-09-30,14:23,408.0,True,7,True
COMM-0005377,VD-000504,VD-000437,SMS,2023-11-06,15:41,,False,6,False
COMM-0005378,VD-000917,VD-000771,Telegram,2025-08-25,17:40,,True,1,False
COMM-0005379,VD-000234,VD-000353,Brief,2023-05-09,13:35,,False,5,True
COMM-0005380,VD-000036,VD-000141,WhatsApp,2023-05-26,12:35,,False,9,False
COMM-0005381,VD-000973,VD-000618,Brief,2023-09-27,12:05,1817.0,False,4,False
COMM-0005382,VD-000137,VD-000318,SMS,2025-05-13,20:39,188.0,True,6,True
COMM-0005383,VD-000043,VD-000674,Telegram,2023-08-13,22:21,1626.0,False,5,False
COMM-0005384,VD-000472,VD-000285,E-Mail,2023-09-18,19:17,1491.0,False,3,True
COMM-0005385,VD-000360,VD-000860,Social Media,2025-08-18,23:42,,True,3,False
COMM-0005386,VD-000022,VD-000053,Persönlicher Kontakt,2023-08-20,07:52,3437.0,True,5,False
COMM-0005387,VD-000153,VD-000743,Brief,2025-11-10,07:50,10.0,False,3,True
COMM-0005388,VD-000306,VD-000475,Signal,2025-08-11,03:57,2939.0,False,10,False
COMM-0005389,VD-000478,VD-000015,E-Mail,2023-07-17,02:41,1392.0,False,5,False
COMM-0005390,VD-000288,VD-000361,Signal,2024-02-11,22:10,1378.0,True,4,False
COMM-0005391,VD-000822,VD-000679,Telegram,2024-01-27,21:06,1956.0,True,7,False
COMM-0005392,VD-000317,VD-000595,Social Media,2024-02-22,08:34,3469.0,False,4,True
COMM-0005393,VD-000026,VD-000460,Telefonat,2024-07-13,14:44,3178.0,True,7,False
COMM-0005394,VD-000826,VD-000279,E-Mail,2023-12-02,09:54,,True,4,True
COMM-0005395,VD-000735,VD-000927,SMS,2025-04-03,20:22,2470.0,True,7,True
COMM-0005396,VD-000759,VD-000020,Persönlicher Kontakt,2024-11-29,15:27,225.0,True,4,False
COMM-0005397,VD-000689,VD-000930,Telegram,2025-04-13,16:07,2901.0,False,3,False
COMM-0005398,VD-000741,VD-000537,Telefonat,2025-10-13,22:00,,False,1,True
COMM-0005399,VD-000825,VD-000096,Signal,2023-02-04,17:42,635.0,True,4,False
COMM-0005400,VD-000614,VD-000270,Telefonat,2024-09-20,21:55,,True,2,False
COMM-0005401,VD-000174,VD-000807,Brief,2023-08-02,04:23,,True,5,False
COMM-0005402,VD-000212,VD-000735,WhatsApp,2025-10-06,17:51,,False,6,True
COMM-0005403,VD-000519,VD-000172,E-Mail,2024-10-14,09:05,3271.0,False,5,False
COMM-0005404,VD-000708,VD-000312,Telegram,2023-10-25,10:51,487.0,True,4,False
COMM-0005405,VD-000448,VD-000255,SMS,2025-11-11,11:03,1793.0,False,7,True
COMM-0005406,VD-000735,VD-000397,SMS,2023-11-05,03:29,2713.0,True,3,True
COMM-0005407,VD-000567,VD-000698,Persönlicher Kontakt,2025-10-12,20:56,,True,4,True
COMM-0005408,VD-000815,VD-000120,E-Mail,2023-05-15,13:03,,True,1,False
COMM-0005409,VD-000982,VD-000552,Brief,2024-02-19,23:47,2581.0,True,8,True
COMM-0005410,VD-000361,VD-000933,Persönlicher Kontakt,2023-04-20,23:19,1467.0,True,4,True
COMM-0005411,VD-000940,VD-000074,Telefonat,2025-05-19,20:29,3358.0,True,2,True
COMM-0005412,VD-000345,VD-000356,E-Mail,2024-01-22,13:02,405.0,True,4,False
COMM-0005413,VD-000068,VD-000807,Brief,2024-04-21,14:02,,False,8,True
COMM-0005414,VD-000485,VD-000153,SMS,2023-12-21,00:46,3539.0,True,1,False
COMM-0005415,VD-000350,VD-000622,Signal,2023-05-27,02:28,,False,8,True
COMM-0005416,VD-000087,VD-000642,Persönlicher Kontakt,2025-10-22,09:48,,True,2,False
COMM-0005417,VD-000650,VD-000955,Social Media,2024-10-17,01:11,1273.0,False,7,True
COMM-0005418,VD-000709,VD-000958,Signal,2023-03-18,18:03,2293.0,True,3,False
COMM-0005419,VD-000879,VD-000284,Persönlicher Kontakt,2024-04-14,22:21,,True,4,False
COMM-0005420,VD-000452,VD-000111,WhatsApp,2023-10-15,05:40,3555.0,True,5,False
COMM-0005421,VD-000539,VD-000764,Brief,2025-07-08,15:07,,True,8,False
COMM-0005422,VD-000912,VD-000930,Persönlicher Kontakt,2023-05-26,19:39,3453.0,True,10,True
COMM-0005423,VD-000465,VD-000563,WhatsApp,2023-04-14,13:16,2627.0,True,3,True
COMM-0005424,VD-000990,VD-000522,Signal,2025-09-17,18:28,2988.0,True,5,True
COMM-0005425,VD-000827,VD-000594,SMS,2023-11-07,22:35,1139.0,False,7,False
COMM-0005426,VD-000145,VD-000906,Signal,2024-08-03,04:41,2767.0,True,1,True
COMM-0005427,VD-000570,VD-000442,WhatsApp,2023-07-15,22:01,2407.0,True,7,False
COMM-0005428,VD-000392,VD-000709,E-Mail,2025-09-10,21:10,,True,5,False
COMM-0005429,VD-000448,VD-000510,Telefonat,2025-02-24,19:57,2610.0,False,6,True
COMM-0005430,VD-000531,VD-000445,Brief,2024-12-06,15:10,2049.0,True,1,False
COMM-0005431,VD-000285,VD-000638,SMS,2024-08-16,14:52,1047.0,False,2,False
COMM-0005432,VD-000685,VD-000061,Signal,2024-07-20,09:27,354.0,True,3,True
COMM-0005433,VD-000339,VD-000262,Telegram,2025-08-06,16:17,,False,9,False
COMM-0005434,VD-000970,VD-000369,Brief,2024-10-19,11:13,2010.0,True,6,False
COMM-0005435,VD-000488,VD-000869,E-Mail,2025-01-06,00:17,599.0,True,8,False
COMM-0005436,VD-000517,VD-000479,Signal,2024-06-28,18:32,1133.0,False,3,False
COMM-0005437,VD-000699,VD-000776,Telegram,2025-04-08,05:20,,False,6,False
COMM-0005438,VD-000216,VD-000853,Telegram,2023-05-13,17:36,3208.0,True,10,False
COMM-0005439,VD-000419,VD-000099,Telefonat,2024-04-29,13:15,2737.0,False,9,False
COMM-0005440,VD-000752,VD-000559,Persönlicher Kontakt,2024-03-29,07:34,,True,7,True
COMM-0005441,VD-000556,VD-000481,Telegram,2025-04-29,16:37,1484.0,False,4,True
COMM-0005442,VD-000845,VD-000200,WhatsApp,2023-09-25,17:17,2969.0,True,8,False
COMM-0005443,VD-000579,VD-000291,Telefonat,2024-07-30,12:33,2465.0,True,2,True
COMM-0005444,VD-000668,VD-000383,Brief,2023-06-23,13:15,859.0,False,3,False
COMM-0005445,VD-000378,VD-000507,Persönlicher Kontakt,2024-04-14,17:33,,False,9,False
COMM-0005446,VD-000839,VD-000382,Brief,2023-04-11,15:38,145.0,False,7,True
COMM-0005447,VD-000578,VD-000979,Signal,2023-10-05,19:52,,False,6,True
COMM-0005448,VD-000020,VD-000754,SMS,2023-10-20,23:51,321.0,True,7,True
COMM-0005449,VD-000087,VD-000341,Signal,2025-09-02,09:59,321.0,True,9,False
COMM-0005450,VD-000419,VD-000460,Persönlicher Kontakt,2025-05-07,15:09,2835.0,True,3,True
COMM-0005451,VD-000384,VD-000806,Persönlicher Kontakt,2025-05-28,14:40,,False,3,False
COMM-0005452,VD-000488,VD-000706,Persönlicher Kontakt,2024-02-18,01:58,1375.0,True,3,False
COMM-0005453,VD-000442,VD-000629,WhatsApp,2024-07-31,07:27,3350.0,False,10,False
COMM-0005454,VD-000711,VD-000482,Signal,2025-02-03,09:15,1276.0,True,7,True
COMM-0005455,VD-000131,VD-000352,Telegram,2025-09-09,03:44,,True,6,False
COMM-0005456,VD-000387,VD-000094,E-Mail,2024-01-29,07:06,1596.0,True,7,False
COMM-0005457,VD-000376,VD-000165,Social Media,2024-02-04,07:40,109.0,False,9,False
COMM-0005458,VD-000844,VD-000226,Telegram,2024-04-07,09:35,1540.0,False,9,False
COMM-0005459,VD-000367,VD-000536,Persönlicher Kontakt,2023-01-02,10:16,2795.0,True,2,False
COMM-0005460,VD-000625,VD-000506,WhatsApp,2025-03-11,15:04,,False,10,False
COMM-0005461,VD-000050,VD-000299,E-Mail,2023-07-17,00:33,1597.0,True,10,True
COMM-0005462,VD-000649,VD-000770,Telefonat,2025-07-27,17:44,,False,9,True
COMM-0005463,VD-000105,VD-000735,WhatsApp,2024-12-07,19:30,,False,2,False
COMM-0005464,VD-000660,VD-000718,Social Media,2025-09-22,04:28,2813.0,False,3,True
COMM-0005465,VD-000112,VD-000627,Social Media,2023-10-15,20:46,,False,7,False
COMM-0005466,VD-000741,VD-000225,WhatsApp,2025-02-07,11:54,,False,5,True
COMM-0005467,VD-000590,VD-000184,Persönlicher Kontakt,2023-05-03,16:17,2762.0,True,8,False
COMM-0005468,VD-000895,VD-000200,E-Mail,2025-11-11,08:54,2544.0,True,3,False
COMM-0005469,VD-000711,VD-000950,Social Media,2024-02-24,21:38,257.0,True,4,False
COMM-0005470,VD-000322,VD-000585,WhatsApp,2025-02-07,14:22,2350.0,False,2,True
COMM-0005471,VD-000776,VD-000257,Signal,2024-05-30,10:26,3569.0,True,3,False
COMM-0005472,VD-000104,VD-000891,WhatsApp,2024-08-25,18:42,2873.0,False,2,False
COMM-0005473,VD-000740,VD-000819,Persönlicher Kontakt,2023-05-07,05:03,670.0,False,6,True
COMM-0005474,VD-000977,VD-000289,Brief,2024-10-04,16:01,,False,5,True
COMM-0005475,VD-000624,VD-000344,Brief,2024-02-27,00:25,3474.0,False,5,True
COMM-0005476,VD-000416,VD-000616,SMS,2024-06-14,06:05,2635.0,True,6,True
COMM-0005477,VD-000342,VD-000148,SMS,2024-01-16,19:04,,False,3,True
COMM-0005478,VD-000471,VD-000806,WhatsApp,2024-05-27,02:39,1703.0,False,6,False
COMM-0005479,VD-000698,VD-000328,Telegram,2023-03-14,21:29,,False,6,True
COMM-0005480,VD-000351,VD-000389,E-Mail,2023-04-04,07:55,726.0,False,7,False
COMM-0005481,VD-000745,VD-000091,Signal,2025-02-10,04:32,,False,7,True
COMM-0005482,VD-000347,VD-000824,Social Media,2023-12-09,10:24,448.0,False,7,False
COMM-0005483,VD-000294,VD-000170,WhatsApp,2024-08-18,11:37,3099.0,False,4,False
COMM-0005484,VD-000675,VD-000613,Persönlicher Kontakt,2025-07-11,10:16,,False,2,False
COMM-0005485,VD-000777,VD-000892,Signal,2024-10-08,13:54,1527.0,True,1,True
COMM-0005486,VD-000961,VD-000402,Social Media,2024-07-05,23:55,3250.0,False,8,True
COMM-0005487,VD-000984,VD-000565,Telefonat,2024-04-16,16:40,,True,4,True
COMM-0005488,VD-000036,VD-000972,Social Media,2024-08-04,22:45,3266.0,False,7,True
COMM-0005489,VD-000307,VD-000987,Telegram,2023-12-27,07:47,,True,2,True
COMM-0005490,VD-000760,VD-000395,SMS,2025-07-09,14:16,,True,6,False
COMM-0005491,VD-000829,VD-000559,Telegram,2025-10-15,11:40,2240.0,True,10,False
COMM-0005492,VD-000777,VD-000702,Brief,2024-10-05,23:47,2355.0,True,2,True
COMM-0005493,VD-000481,VD-000632,Persönlicher Kontakt,2024-12-07,04:58,,False,1,True
COMM-0005494,VD-000545,VD-000061,WhatsApp,2024-05-04,19:03,1680.0,False,3,False
COMM-0005495,VD-000598,VD-000910,E-Mail,2025-01-23,17:19,975.0,True,4,False
COMM-0005496,VD-000390,VD-000068,Telegram,2024-09-03,00:31,1691.0,False,3,False
COMM-0005497,VD-000032,VD-000800,Brief,2025-09-12,11:21,,True,1,False
COMM-0005498,VD-000108,VD-000670,SMS,2024-09-02,23:59,,True,4,False
COMM-0005499,VD-000654,VD-000047,Signal,2025-03-08,15:11,2419.0,False,1,True
COMM-0005500,VD-000141,VD-000932,Signal,2023-08-06,08:55,,False,6,False
COMM-0005501,VD-000819,VD-000502,Signal,2023-01-11,01:39,1053.0,True,3,False
COMM-0005502,VD-000688,VD-000470,Telegram,2024-08-12,07:29,851.0,True,1,False
COMM-0005503,VD-000846,VD-000410,Brief,2024-10-27,04:44,1578.0,True,5,True
COMM-0005504,VD-000380,VD-000214,Telefonat,2024-01-12,08:38,1787.0,True,3,True
COMM-0005505,VD-000706,VD-000476,Signal,2024-01-17,14:40,3031.0,True,2,True
COMM-0005506,VD-000707,VD-000014,E-Mail,2023-04-08,17:33,1355.0,False,1,True
COMM-0005507,VD-000344,VD-000196,Brief,2025-06-18,20:25,,True,3,False
COMM-0005508,VD-000855,VD-000966,Persönlicher Kontakt,2025-09-13,13:33,,False,1,True
COMM-0005509,VD-000977,VD-000941,Telegram,2025-10-15,21:02,1093.0,False,4,False
COMM-0005510,VD-000073,VD-000901,Persönlicher Kontakt,2025-08-08,22:24,2916.0,False,1,False
COMM-0005511,VD-000655,VD-000166,E-Mail,2025-04-01,16:44,,False,7,True
COMM-0005512,VD-000369,VD-000074,E-Mail,2025-08-10,02:30,1625.0,False,9,False
COMM-0005513,VD-000134,VD-000038,SMS,2024-05-27,03:25,192.0,True,5,True
COMM-0005514,VD-000792,VD-000878,Signal,2024-10-11,15:06,114.0,True,1,True
COMM-0005515,VD-000762,VD-000449,Telegram,2023-09-01,16:14,360.0,True,7,False
COMM-0005516,VD-000537,VD-000583,Signal,2023-09-03,09:38,496.0,True,2,True
COMM-0005517,VD-000785,VD-000937,Signal,2025-04-26,12:40,639.0,True,6,True
COMM-0005518,VD-000327,VD-000867,E-Mail,2025-02-05,10:23,,True,7,True
COMM-0005519,VD-000086,VD-000238,WhatsApp,2025-05-24,13:57,,False,4,True
COMM-0005520,VD-000472,VD-000815,E-Mail,2024-02-25,20:55,1498.0,False,2,False
COMM-0005521,VD-000561,VD-000766,Telegram,2023-01-24,04:00,3549.0,True,1,False
COMM-0005522,VD-000176,VD-000964,Signal,2024-09-02,18:35,1184.0,True,8,False
COMM-0005523,VD-000649,VD-000067,Telegram,2025-03-24,17:21,1756.0,False,10,True
COMM-0005524,VD-000202,VD-000865,Social Media,2023-05-27,10:39,68.0,False,4,False
COMM-0005525,VD-000035,VD-000628,Persönlicher Kontakt,2024-05-04,01:30,,False,10,True
COMM-0005526,VD-000437,VD-000798,Signal,2025-08-21,06:53,,True,10,False
COMM-0005527,VD-000026,VD-000226,E-Mail,2024-05-11,03:41,,True,1,True
COMM-0005528,VD-000743,VD-000099,Brief,2023-01-04,21:07,3428.0,True,6,False
COMM-0005529,VD-000480,VD-000555,SMS,2025-06-24,01:24,,False,3,False
COMM-0005530,VD-000476,VD-000413,SMS,2025-02-23,14:04,1240.0,True,1,True
COMM-0005531,VD-000253,VD-000795,Telegram,2024-01-18,04:20,2705.0,True,3,True
COMM-0005532,VD-000731,VD-000280,Social Media,2024-06-11,07:54,2228.0,False,7,True
COMM-0005533,VD-000795,VD-000762,Telegram,2025-05-03,11:30,,True,6,True
COMM-0005534,VD-000770,VD-000716,WhatsApp,2024-10-09,00:32,2972.0,False,3,False
COMM-0005535,VD-000411,VD-000117,Telegram,2024-09-22,05:09,,False,5,False
COMM-0005536,VD-000204,VD-000114,Telefonat,2023-06-16,01:37,1890.0,False,6,True
COMM-0005537,VD-000937,VD-000481,Signal,2025-07-14,21:23,,True,2,True
COMM-0005538,VD-000360,VD-000109,WhatsApp,2023-04-18,05:42,1177.0,False,6,True
COMM-0005539,VD-000464,VD-000146,Telegram,2025-10-09,00:34,1862.0,False,8,False
COMM-0005540,VD-000069,VD-000572,Telefonat,2025-04-29,11:59,3552.0,False,8,False
COMM-0005541,VD-000031,VD-000761,Persönlicher Kontakt,2023-11-13,04:41,,True,10,False
COMM-0005542,VD-000672,VD-000236,SMS,2024-10-09,08:49,,False,6,True
COMM-0005543,VD-000408,VD-000324,E-Mail,2025-07-13,02:23,,True,10,False
COMM-0005544,VD-000240,VD-000730,Persönlicher Kontakt,2025-11-12,15:34,774.0,False,7,False
COMM-0005545,VD-000197,VD-000829,SMS,2024-07-20,13:22,,False,2,True
COMM-0005546,VD-000681,VD-000366,Persönlicher Kontakt,2023-03-03,13:26,27.0,True,9,False
COMM-0005547,VD-000032,VD-000333,E-Mail,2023-07-17,19:10,,True,8,False
COMM-0005548,VD-000515,VD-000507,SMS,2024-04-24,14:42,2346.0,True,8,True
COMM-0005549,VD-000081,VD-000745,E-Mail,2024-10-19,11:50,2887.0,True,6,True
COMM-0005550,VD-000085,VD-000471,Telegram,2025-07-06,19:04,1911.0,True,8,True
COMM-0005551,VD-000051,VD-000272,Social Media,2023-10-16,05:10,1463.0,False,10,False
COMM-0005552,VD-000610,VD-000275,Telefonat,2023-09-30,23:18,,True,6,False
COMM-0005553,VD-000507,VD-000728,E-Mail,2023-06-05,01:31,368.0,True,1,True
COMM-0005554,VD-000374,VD-000209,Telegram,2025-08-21,21:33,1676.0,False,1,False
COMM-0005555,VD-000563,VD-000436,Telefonat,2025-06-03,03:27,2966.0,True,1,True
COMM-0005556,VD-000063,VD-000623,Signal,2024-03-28,20:36,2928.0,False,9,True
COMM-0005557,VD-000586,VD-000429,Brief,2025-03-06,17:35,,True,2,True
COMM-0005558,VD-000314,VD-000447,Telegram,2024-09-18,03:08,3237.0,False,5,False
COMM-0005559,VD-000398,VD-000084,Telegram,2024-05-13,00:27,203.0,False,6,True
COMM-0005560,VD-000818,VD-000941,Brief,2023-05-18,00:38,2304.0,False,6,False
COMM-0005561,VD-000144,VD-000420,Telegram,2024-02-24,13:50,735.0,True,1,False
COMM-0005562,VD-000053,VD-000377,E-Mail,2025-02-25,19:34,2728.0,True,10,True
COMM-0005563,VD-000067,VD-000150,Signal,2023-09-21,06:15,,False,10,False
COMM-0005564,VD-000283,VD-000365,Persönlicher Kontakt,2024-10-02,22:49,,False,7,True
COMM-0005565,VD-000459,VD-000253,SMS,2024-04-16,08:33,137.0,True,8,True
COMM-0005566,VD-000437,VD-000494,Persönlicher Kontakt,2024-06-03,16:42,,False,10,True
COMM-0005567,VD-000389,VD-000365,Brief,2024-11-27,06:06,1643.0,False,7,True
COMM-0005568,VD-000642,VD-000362,E-Mail,2024-02-20,04:22,1128.0,False,10,False
COMM-0005569,VD-000185,VD-000696,Brief,2025-08-01,19:31,2227.0,True,4,False
COMM-0005570,VD-000982,VD-000498,Signal,2024-07-24,14:09,3079.0,True,1,False
COMM-0005571,VD-000502,VD-000729,Persönlicher Kontakt,2025-01-01,19:48,,False,3,False
COMM-0005572,VD-000462,VD-000845,Signal,2025-03-11,00:12,911.0,False,3,False
COMM-0005573,VD-000013,VD-000461,Social Media,2025-09-29,11:11,967.0,True,9,True
COMM-0005574,VD-000222,VD-000742,Signal,2025-02-05,13:07,788.0,True,3,False
COMM-0005575,VD-000770,VD-000840,Signal,2023-06-03,10:42,1285.0,True,1,True
COMM-0005576,VD-000084,VD-000447,Signal,2023-12-14,22:26,829.0,False,1,False
COMM-0005577,VD-000709,VD-000457,WhatsApp,2025-10-26,18:03,2057.0,False,3,False
COMM-0005578,VD-000706,VD-000142,E-Mail,2025-10-28,17:46,,True,2,False
COMM-0005579,VD-000420,VD-000924,Persönlicher Kontakt,2025-05-22,05:37,,False,5,True
COMM-0005580,VD-000549,VD-000702,WhatsApp,2023-12-05,00:09,,False,7,True
COMM-0005581,VD-000470,VD-000195,WhatsApp,2023-11-20,13:11,1621.0,True,6,False
COMM-0005582,VD-000831,VD-000836,Telegram,2024-09-02,00:56,1884.0,False,10,False
COMM-0005583,VD-000846,VD-000773,SMS,2023-07-22,13:43,,False,7,True
COMM-0005584,VD-000694,VD-000614,Brief,2024-09-24,10:03,,True,2,True
COMM-0005585,VD-000363,VD-000968,SMS,2024-11-05,04:03,,False,7,False
COMM-0005586,VD-000059,VD-000374,Telefonat,2023-04-15,15:49,244.0,True,1,True
COMM-0005587,VD-000766,VD-000321,E-Mail,2023-10-20,09:13,,True,8,True
COMM-0005588,VD-000485,VD-000163,Telegram,2023-02-21,03:56,1617.0,True,4,True
COMM-0005589,VD-000213,VD-000562,Telegram,2023-12-01,17:38,1538.0,True,3,True
COMM-0005590,VD-000371,VD-000566,Telefonat,2023-08-03,10:39,1640.0,True,2,False
COMM-0005591,VD-000338,VD-000493,Persönlicher Kontakt,2024-04-12,19:18,,False,7,True
COMM-0005592,VD-000442,VD-000983,SMS,2023-03-04,21:53,1817.0,True,4,True
COMM-0005593,VD-000757,VD-000157,Telefonat,2025-08-07,13:31,,False,6,False
COMM-0005594,VD-000158,VD-000722,E-Mail,2023-05-09,06:00,,False,7,True
COMM-0005595,VD-000388,VD-000910,WhatsApp,2025-06-17,08:51,2483.0,False,6,False
COMM-0005596,VD-000002,VD-000889,SMS,2023-11-08,03:12,,True,5,False
COMM-0005597,VD-000468,VD-000702,Persönlicher Kontakt,2023-05-07,09:27,528.0,False,3,True
COMM-0005598,VD-000643,VD-000327,Signal,2023-05-15,12:16,1043.0,False,6,False
COMM-0005599,VD-000340,VD-000615,Social Media,2024-06-22,07:40,1974.0,True,10,True
COMM-0005600,VD-000297,VD-000623,Social Media,2025-03-03,10:57,,True,7,False
COMM-0005601,VD-000713,VD-000809,WhatsApp,2023-09-04,01:25,,False,2,False
COMM-0005602,VD-000254,VD-000696,Persönlicher Kontakt,2023-10-07,13:53,,False,3,False
COMM-0005603,VD-000055,VD-000669,E-Mail,2024-09-14,06:48,,True,4,True
COMM-0005604,VD-000260,VD-000182,Brief,2023-11-10,10:17,1594.0,True,3,False
COMM-0005605,VD-000634,VD-000681,Signal,2025-08-26,23:13,987.0,False,2,False
COMM-0005606,VD-000570,VD-000409,Signal,2023-01-17,08:18,821.0,True,5,True
COMM-0005607,VD-000074,VD-000869,Signal,2023-10-17,12:25,2539.0,False,6,True
COMM-0005608,VD-000156,VD-000106,SMS,2023-07-30,06:39,1541.0,False,4,True
COMM-0005609,VD-000657,VD-000044,Telefonat,2024-12-27,22:39,,False,3,False
COMM-0005610,VD-000461,VD-000876,E-Mail,2025-02-04,10:41,,True,8,True
COMM-0005611,VD-000364,VD-000802,Brief,2024-01-16,04:40,1781.0,True,5,True
COMM-0005612,VD-000900,VD-000880,Telefonat,2023-02-13,02:29,3268.0,True,2,False
COMM-0005613,VD-000382,VD-000968,Telefonat,2023-03-28,22:23,484.0,False,1,True
COMM-0005614,VD-000908,VD-000363,E-Mail,2024-04-28,20:08,528.0,False,9,False
COMM-0005615,VD-000514,VD-000611,Telefonat,2024-01-02,22:57,203.0,False,8,True
COMM-0005616,VD-000377,VD-000840,Persönlicher Kontakt,2023-05-13,12:11,1861.0,True,8,True
COMM-0005617,VD-001000,VD-000876,WhatsApp,2024-01-19,20:42,2393.0,True,4,False
COMM-0005618,VD-000531,VD-000905,Signal,2024-06-03,15:32,,False,8,False
COMM-0005619,VD-000973,VD-000174,WhatsApp,2025-09-28,18:51,529.0,False,10,False
COMM-0005620,VD-000102,VD-000441,Brief,2023-05-17,18:53,,True,9,True
COMM-0005621,VD-000418,VD-000977,Persönlicher Kontakt,2023-12-08,14:13,2432.0,True,7,False
COMM-0005622,VD-000960,VD-000604,Telefonat,2025-02-05,05:15,3215.0,False,9,False
COMM-0005623,VD-000861,VD-000258,WhatsApp,2023-08-03,07:23,1493.0,True,4,True
COMM-0005624,VD-000038,VD-000095,WhatsApp,2023-02-17,22:24,,True,7,False
COMM-0005625,VD-000243,VD-000830,WhatsApp,2025-09-20,14:52,,True,8,False
COMM-0005626,VD-000039,VD-000175,Social Media,2024-11-08,07:35,1899.0,True,6,True
COMM-0005627,VD-000659,VD-000115,Telegram,2024-06-24,00:49,3290.0,True,9,True
COMM-0005628,VD-000575,VD-000104,Persönlicher Kontakt,2025-06-06,00:59,1724.0,False,7,True
COMM-0005629,VD-000629,VD-000527,WhatsApp,2024-11-30,18:10,3140.0,True,5,True
COMM-0005630,VD-000547,VD-000245,SMS,2024-06-06,01:14,,False,4,True
COMM-0005631,VD-000582,VD-000406,Telegram,2024-06-01,11:20,,False,4,False
COMM-0005632,VD-000011,VD-000374,Brief,2025-02-15,02:59,1406.0,True,10,False
COMM-0005633,VD-000303,VD-000502,Telegram,2025-09-18,10:37,2445.0,True,5,True
COMM-0005634,VD-000290,VD-000997,Signal,2024-05-04,18:49,1024.0,True,5,True
COMM-0005635,VD-000659,VD-000988,Persönlicher Kontakt,2024-03-24,04:36,,False,7,True
COMM-0005636,VD-000217,VD-000551,Brief,2023-06-01,04:13,,False,1,True
COMM-0005637,VD-000096,VD-000631,WhatsApp,2025-11-10,19:43,189.0,True,2,False
COMM-0005638,VD-000638,VD-000992,WhatsApp,2023-01-29,01:13,252.0,False,1,False
COMM-0005639,VD-000824,VD-000672,Telefonat,2025-03-19,07:10,2007.0,True,5,False
COMM-0005640,VD-000729,VD-000214,Telefonat,2023-08-18,07:30,1795.0,False,8,False
COMM-0005641,VD-000008,VD-000108,Brief,2023-11-21,10:00,2262.0,False,3,True
COMM-0005642,VD-000734,VD-000699,Persönlicher Kontakt,2023-07-18,11:00,901.0,False,6,False
COMM-0005643,VD-000754,VD-000962,Social Media,2023-03-10,08:20,,False,2,True
COMM-0005644,VD-000789,VD-000193,Brief,2023-05-29,05:56,187.0,True,7,False
COMM-0005645,VD-000357,VD-000729,Social Media,2024-02-05,23:35,,False,7,True
COMM-0005646,VD-000450,VD-000706,Social Media,2023-03-18,18:21,268.0,False,6,False
COMM-0005647,VD-000147,VD-000625,Telegram,2025-10-27,13:12,1480.0,False,10,False
COMM-0005648,VD-000486,VD-000333,SMS,2025-01-21,23:51,2804.0,False,5,True
COMM-0005649,VD-000595,VD-000786,Telefonat,2024-12-06,23:51,2486.0,True,2,True
COMM-0005650,VD-000407,VD-000181,Social Media,2023-06-05,00:26,,True,2,True
COMM-0005651,VD-000203,VD-000011,WhatsApp,2024-10-18,09:40,,False,4,False
COMM-0005652,VD-000603,VD-000686,SMS,2023-02-15,05:46,3300.0,False,4,False
COMM-0005653,VD-000917,VD-000459,WhatsApp,2024-05-22,09:43,2575.0,False,7,False
COMM-0005654,VD-000485,VD-000854,Brief,2025-03-09,20:55,2486.0,True,3,True
COMM-0005655,VD-000229,VD-000632,SMS,2023-07-30,22:22,105.0,True,8,True
COMM-0005656,VD-000605,VD-000878,E-Mail,2024-05-31,03:12,2967.0,True,3,True
COMM-0005657,VD-000512,VD-000905,Social Media,2023-06-10,11:51,2458.0,True,6,False
COMM-0005658,VD-000649,VD-000125,Signal,2023-04-29,09:23,1155.0,True,3,False
COMM-0005659,VD-000448,VD-000736,Signal,2024-05-19,09:40,1165.0,False,6,False
COMM-0005660,VD-000399,VD-000791,Social Media,2023-08-26,05:03,3159.0,False,5,True
COMM-0005661,VD-000923,VD-000157,Telefonat,2025-05-19,11:33,145.0,True,10,True
COMM-0005662,VD-000669,VD-000193,Social Media,2023-08-26,13:14,,False,6,True
COMM-0005663,VD-000296,VD-000505,Social Media,2023-12-17,11:15,3303.0,True,5,True
COMM-0005664,VD-000066,VD-000125,SMS,2024-12-16,15:56,140.0,True,3,True
COMM-0005665,VD-000650,VD-000128,Persönlicher Kontakt,2025-03-15,07:17,,False,2,False
COMM-0005666,VD-000814,VD-000118,Social Media,2025-05-15,05:54,,False,10,True
COMM-0005667,VD-000635,VD-000919,Social Media,2024-07-02,06:39,1512.0,False,6,False
COMM-0005668,VD-000403,VD-000846,WhatsApp,2023-06-25,04:13,765.0,False,8,False
COMM-0005669,VD-000556,VD-000659,Telegram,2024-08-06,10:21,1874.0,False,4,False
COMM-0005670,VD-000244,VD-000154,Social Media,2025-03-02,14:22,,True,2,False
COMM-0005671,VD-000432,VD-000724,SMS,2024-11-15,02:22,1806.0,True,3,True
COMM-0005672,VD-000081,VD-000414,Persönlicher Kontakt,2024-08-14,04:47,2311.0,False,4,False
COMM-0005673,VD-000339,VD-000385,Social Media,2024-08-08,14:43,2859.0,True,8,False
COMM-0005674,VD-000237,VD-000218,E-Mail,2025-01-21,02:06,389.0,False,5,True
COMM-0005675,VD-000841,VD-000215,Telefonat,2024-02-05,17:13,470.0,True,6,True
COMM-0005676,VD-000510,VD-000091,Signal,2025-10-28,12:26,,True,2,False
COMM-0005677,VD-000568,VD-000964,Brief,2023-02-22,20:02,1879.0,True,10,True
COMM-0005678,VD-000488,VD-000981,Telegram,2024-10-02,15:46,,True,1,False
COMM-0005679,VD-000313,VD-000409,Telegram,2023-06-17,04:58,,False,1,True
COMM-0005680,VD-000562,VD-000786,Telefonat,2024-12-17,02:00,2606.0,True,2,False
COMM-0005681,VD-000104,VD-000820,Telegram,2024-05-19,23:35,2942.0,True,5,True
COMM-0005682,VD-000222,VD-000907,E-Mail,2023-03-22,16:09,2367.0,True,10,True
COMM-0005683,VD-000713,VD-000584,WhatsApp,2025-06-09,20:23,1998.0,False,8,False
COMM-0005684,VD-000745,VD-000187,Telegram,2023-02-21,05:32,739.0,True,1,True
COMM-0005685,VD-000302,VD-000700,Brief,2023-10-09,12:19,546.0,True,7,True
COMM-0005686,VD-000578,VD-000239,SMS,2024-05-17,05:56,,False,4,True
COMM-0005687,VD-000824,VD-000477,Social Media,2025-07-02,01:40,3331.0,False,3,False
COMM-0005688,VD-000852,VD-000734,Telefonat,2025-03-29,10:06,1811.0,False,2,True
COMM-0005689,VD-000614,VD-000199,E-Mail,2023-10-24,19:23,2647.0,False,3,True
COMM-0005690,VD-000038,VD-000967,WhatsApp,2025-09-06,20:23,,True,6,True
COMM-0005691,VD-000565,VD-000579,Brief,2025-03-10,13:53,3468.0,True,5,False
COMM-0005692,VD-000896,VD-000252,WhatsApp,2023-01-06,15:06,1111.0,False,2,True
COMM-0005693,VD-000413,VD-000566,Brief,2023-07-27,11:53,,False,7,False
COMM-0005694,VD-000287,VD-000237,Telegram,2023-09-17,20:59,966.0,True,9,True
COMM-0005695,VD-000456,VD-000695,E-Mail,2025-01-11,04:11,3129.0,False,2,False
COMM-0005696,VD-000488,VD-000564,Telegram,2025-11-03,22:33,1645.0,True,10,False
COMM-0005697,VD-000285,VD-000317,Brief,2024-09-03,11:23,859.0,True,8,False
COMM-0005698,VD-000797,VD-000477,Brief,2023-12-09,21:51,3571.0,True,10,True
COMM-0005699,VD-000585,VD-000108,Signal,2023-05-14,17:59,,True,5,False
COMM-0005700,VD-000125,VD-000869,SMS,2025-01-29,08:45,,False,9,True
COMM-0005701,VD-000500,VD-000232,Social Media,2024-12-07,22:11,1341.0,False,2,False
COMM-0005702,VD-000571,VD-000282,Persönlicher Kontakt,2023-10-18,21:34,1407.0,False,6,True
COMM-0005703,VD-000591,VD-000170,Signal,2024-01-14,01:01,1506.0,True,8,False
COMM-0005704,VD-000061,VD-000106,Brief,2025-08-05,12:36,,True,6,True
COMM-0005705,VD-000930,VD-000723,Social Media,2024-09-15,21:39,1391.0,True,4,False
COMM-0005706,VD-000696,VD-000365,Brief,2025-02-14,20:21,1409.0,False,1,False
COMM-0005707,VD-000885,VD-000810,E-Mail,2024-06-20,23:45,692.0,True,1,True
COMM-0005708,VD-000180,VD-000224,WhatsApp,2023-12-28,23:31,,False,7,True
COMM-0005709,VD-000533,VD-000980,Telegram,2024-09-11,23:37,,False,9,True
COMM-0005710,VD-000772,VD-000526,Telefonat,2024-07-07,11:59,,False,7,True
COMM-0005711,VD-000050,VD-000582,Telefonat,2024-05-15,02:38,986.0,True,4,True
COMM-0005712,VD-000335,VD-000821,Social Media,2023-03-25,04:22,2198.0,True,4,True
COMM-0005713,VD-000028,VD-000532,WhatsApp,2025-01-31,13:40,827.0,True,5,False
COMM-0005714,VD-000953,VD-000770,Persönlicher Kontakt,2024-11-07,14:10,2668.0,True,7,False
COMM-0005715,VD-000415,VD-000270,WhatsApp,2024-10-03,06:58,205.0,False,5,False
COMM-0005716,VD-000846,VD-000993,Telegram,2024-04-19,08:34,1190.0,False,8,True
COMM-0005717,VD-000670,VD-000371,E-Mail,2025-01-05,11:18,1885.0,True,3,True
COMM-0005718,VD-000295,VD-000287,Telefonat,2025-05-21,01:54,2180.0,True,10,False
COMM-0005719,VD-000926,VD-000476,Signal,2024-08-16,01:09,,True,1,True
COMM-0005720,VD-000489,VD-000397,Telefonat,2024-11-09,07:50,2321.0,False,9,False
COMM-0005721,VD-000845,VD-000980,Brief,2023-07-30,07:24,1950.0,False,8,True
COMM-0005722,VD-000627,VD-000686,Brief,2023-10-29,14:15,,False,9,True
COMM-0005723,VD-000466,VD-000987,Telefonat,2024-10-10,16:22,830.0,False,2,False
COMM-0005724,VD-000188,VD-000270,Telegram,2024-03-29,19:08,1048.0,False,4,True
COMM-0005725,VD-000711,VD-000634,WhatsApp,2024-09-26,15:00,,False,9,True
COMM-0005726,VD-000939,VD-000456,Social Media,2024-04-06,19:58,,True,5,False
COMM-0005727,VD-000114,VD-000922,E-Mail,2023-03-09,15:08,,True,8,True
COMM-0005728,VD-000437,VD-000257,Social Media,2023-07-13,07:40,,True,1,True
COMM-0005729,VD-000890,VD-000860,Telegram,2025-08-18,03:29,1500.0,True,4,True
COMM-0005730,VD-000631,VD-000343,Brief,2025-03-29,11:43,,False,9,False
COMM-0005731,VD-000711,VD-000623,Telefonat,2025-03-16,00:52,,True,2,True
COMM-0005732,VD-000066,VD-000104,Social Media,2025-09-22,07:50,1498.0,True,2,False
COMM-0005733,VD-000777,VD-000179,Telegram,2025-07-21,22:23,3254.0,True,1,True
COMM-0005734,VD-000095,VD-000850,Brief,2024-11-09,09:46,185.0,True,7,False
COMM-0005735,VD-000585,VD-000799,Telefonat,2024-06-16,23:36,687.0,True,10,True
COMM-0005736,VD-000058,VD-000037,Telefonat,2023-10-01,20:23,,False,7,False
COMM-0005737,VD-000421,VD-000180,Brief,2025-08-09,01:51,1249.0,False,9,False
COMM-0005738,VD-000580,VD-000896,E-Mail,2025-05-07,23:50,,True,1,True
COMM-0005739,VD-000596,VD-000702,Telefonat,2024-08-14,08:35,591.0,False,9,False
COMM-0005740,VD-000183,VD-000391,Persönlicher Kontakt,2025-11-01,15:20,,True,6,False
COMM-0005741,VD-000479,VD-000260,Brief,2024-06-22,08:37,,False,10,False
COMM-0005742,VD-000361,VD-000888,SMS,2023-03-07,08:30,580.0,False,2,True
COMM-0005743,VD-000950,VD-000812,Social Media,2024-04-29,12:52,1097.0,False,2,False
COMM-0005744,VD-000820,VD-000238,Social Media,2025-01-10,00:32,203.0,False,2,False
COMM-0005745,VD-000772,VD-000451,WhatsApp,2025-01-12,13:36,3530.0,True,9,True
COMM-0005746,VD-000704,VD-000726,Social Media,2023-06-28,12:00,2021.0,True,4,False
COMM-0005747,VD-000018,VD-000295,Brief,2023-09-18,21:29,,True,10,False
COMM-0005748,VD-000708,VD-000760,Brief,2024-12-10,19:59,776.0,False,6,False
COMM-0005749,VD-000619,VD-000909,Social Media,2024-05-01,10:27,,True,4,True
COMM-0005750,VD-000390,VD-000265,E-Mail,2023-10-31,12:34,72.0,False,3,True
COMM-0005751,VD-000284,VD-000253,Telegram,2023-08-28,16:00,1390.0,False,6,True
COMM-0005752,VD-000424,VD-000338,Social Media,2024-11-04,09:14,2934.0,False,2,True
COMM-0005753,VD-000335,VD-000318,Telefonat,2025-01-07,17:51,2987.0,False,8,False
COMM-0005754,VD-000586,VD-000631,Telefonat,2025-01-02,05:29,,True,5,False
COMM-0005755,VD-000145,VD-000160,Signal,2025-03-17,18:41,,True,5,False
COMM-0005756,VD-000332,VD-000338,SMS,2023-06-26,06:17,3550.0,False,2,True
COMM-0005757,VD-000426,VD-000083,Brief,2025-09-21,15:38,2695.0,True,1,True
COMM-0005758,VD-000350,VD-000944,E-Mail,2023-10-13,04:56,,False,5,False
COMM-0005759,VD-000425,VD-000854,Telegram,2025-11-09,18:09,1323.0,False,5,False
COMM-0005760,VD-000798,VD-000049,Telefonat,2025-05-01,02:20,2236.0,True,6,False
COMM-0005761,VD-000824,VD-000027,Telefonat,2025-05-11,15:37,,False,10,False
COMM-0005762,VD-000455,VD-000965,Social Media,2025-01-02,05:53,456.0,True,4,False
COMM-0005763,VD-000424,VD-000712,Social Media,2023-06-24,10:12,606.0,True,9,True
COMM-0005764,VD-000258,VD-000123,Persönlicher Kontakt,2023-07-18,16:32,1497.0,True,8,False
COMM-0005765,VD-000769,VD-000418,Brief,2024-03-20,05:52,1308.0,True,2,False
COMM-0005766,VD-000077,VD-000993,WhatsApp,2023-11-16,02:04,,False,1,True
COMM-0005767,VD-000623,VD-000086,Telefonat,2024-05-02,02:15,2798.0,True,5,False
COMM-0005768,VD-000783,VD-000061,E-Mail,2025-06-13,22:40,,True,5,False
COMM-0005769,VD-000735,VD-000138,WhatsApp,2023-12-01,13:35,2549.0,True,1,False
COMM-0005770,VD-000340,VD-000383,WhatsApp,2024-12-27,20:30,2788.0,False,9,False
COMM-0005771,VD-000005,VD-000328,Persönlicher Kontakt,2024-04-13,16:32,,True,7,True
COMM-0005772,VD-000905,VD-000681,Telegram,2023-07-20,12:45,2300.0,True,1,True
COMM-0005773,VD-000766,VD-000786,Brief,2025-04-18,17:10,616.0,False,4,False
COMM-0005774,VD-000446,VD-000959,Brief,2024-03-07,09:53,,False,7,False
COMM-0005775,VD-000875,VD-000192,E-Mail,2023-08-12,11:02,2202.0,False,5,False
COMM-0005776,VD-000255,VD-000680,Telegram,2025-07-16,09:43,1179.0,True,2,True
COMM-0005777,VD-000494,VD-000127,Brief,2025-03-24,00:06,2589.0,True,7,False
COMM-0005778,VD-000848,VD-000395,Telefonat,2025-02-14,21:37,2066.0,True,10,True
COMM-0005779,VD-000263,VD-000679,Brief,2023-07-14,00:26,2103.0,True,10,True
COMM-0005780,VD-000137,VD-000043,WhatsApp,2024-03-23,14:16,1390.0,True,10,False
COMM-0005781,VD-000699,VD-000261,Persönlicher Kontakt,2023-10-10,12:28,3470.0,True,3,False
COMM-0005782,VD-000279,VD-000123,Social Media,2025-10-15,06:46,1487.0,False,4,False
COMM-0005783,VD-000005,VD-000594,Social Media,2025-08-06,03:01,2506.0,True,10,False
COMM-0005784,VD-000130,VD-000536,Telefonat,2023-08-18,19:46,,False,2,False
COMM-0005785,VD-000985,VD-000254,Signal,2024-01-07,07:43,3489.0,True,10,False
COMM-0005786,VD-000323,VD-000840,E-Mail,2024-09-25,11:50,,True,9,False
COMM-0005787,VD-000909,VD-000763,WhatsApp,2025-10-05,23:56,2821.0,False,8,False
COMM-0005788,VD-000970,VD-000548,E-Mail,2024-02-11,09:22,,True,8,True
COMM-0005789,VD-000602,VD-000496,E-Mail,2024-10-24,17:34,2960.0,True,3,True
COMM-0005790,VD-000322,VD-000144,Brief,2025-01-26,07:26,,False,7,True
COMM-0005791,VD-000733,VD-000932,Signal,2024-11-24,18:07,2265.0,False,1,False
COMM-0005792,VD-000687,VD-000463,Telefonat,2023-11-28,09:22,3232.0,False,10,True
COMM-0005793,VD-000787,VD-000234,Persönlicher Kontakt,2025-04-27,00:49,186.0,False,8,False
COMM-0005794,VD-000520,VD-000672,Telefonat,2024-05-13,09:45,1637.0,False,3,False
COMM-0005795,VD-000480,VD-000849,Brief,2023-05-20,20:35,3248.0,True,4,True
COMM-0005796,VD-000417,VD-000358,Telegram,2025-09-29,04:15,1867.0,False,10,True
COMM-0005797,VD-000437,VD-000115,Telegram,2025-07-06,20:27,3026.0,True,4,True
COMM-0005798,VD-000024,VD-000287,E-Mail,2024-10-24,08:44,2615.0,False,9,True
COMM-0005799,VD-000072,VD-000549,SMS,2024-12-13,10:39,1069.0,False,10,False
COMM-0005800,VD-000617,VD-000803,WhatsApp,2024-01-17,09:38,1686.0,False,9,False
COMM-0005801,VD-000069,VD-000860,Telegram,2023-03-26,02:12,,True,7,True
COMM-0005802,VD-000422,VD-000963,Persönlicher Kontakt,2023-12-17,11:59,2258.0,True,8,False
COMM-0005803,VD-000059,VD-000442,E-Mail,2023-08-07,16:52,1187.0,False,6,False
COMM-0005804,VD-000281,VD-000215,E-Mail,2023-04-14,11:49,536.0,False,1,True
COMM-0005805,VD-000771,VD-000202,Signal,2024-02-02,04:14,709.0,True,1,False
COMM-0005806,VD-000381,VD-000933,WhatsApp,2025-09-15,22:22,1055.0,False,3,True
COMM-0005807,VD-000876,VD-000244,SMS,2024-03-03,21:54,51.0,True,7,False
COMM-0005808,VD-000607,VD-000783,Persönlicher Kontakt,2025-05-31,18:23,1681.0,False,10,False
COMM-0005809,VD-000665,VD-000017,E-Mail,2023-07-01,11:07,11.0,False,7,True
COMM-0005810,VD-000363,VD-000959,Telegram,2023-09-30,23:42,2408.0,True,3,False
COMM-0005811,VD-000375,VD-000799,Signal,2024-07-20,02:48,,True,9,False
COMM-0005812,VD-000500,VD-000215,E-Mail,2025-01-25,18:26,,False,2,True
COMM-0005813,VD-000387,VD-000798,SMS,2025-06-08,04:04,,True,10,False
COMM-0005814,VD-000428,VD-000835,WhatsApp,2025-08-09,04:13,2958.0,False,10,False
COMM-0005815,VD-000665,VD-000557,Brief,2023-04-03,19:56,1855.0,False,8,False
COMM-0005816,VD-000636,VD-000425,SMS,2023-01-22,07:56,1677.0,True,9,True
COMM-0005817,VD-000780,VD-000446,Persönlicher Kontakt,2023-11-22,18:39,1439.0,False,5,False
COMM-0005818,VD-000137,VD-000194,Social Media,2023-03-10,13:44,1909.0,True,3,True
COMM-0005819,VD-000330,VD-000779,Social Media,2024-08-18,12:12,3516.0,False,5,True
COMM-0005820,VD-000359,VD-000533,Persönlicher Kontakt,2025-02-08,13:29,1836.0,False,5,False
COMM-0005821,VD-000373,VD-000729,Brief,2024-11-16,13:42,1371.0,True,6,True
COMM-0005822,VD-000127,VD-000218,E-Mail,2025-06-06,09:40,3154.0,True,9,False
COMM-0005823,VD-000365,VD-000980,Telefonat,2024-05-14,01:43,1139.0,False,4,False
COMM-0005824,VD-000501,VD-000289,Persönlicher Kontakt,2023-09-05,01:38,1634.0,False,4,True
COMM-0005825,VD-000354,VD-000040,WhatsApp,2024-01-02,11:58,2204.0,False,7,True
COMM-0005826,VD-000081,VD-000056,SMS,2024-06-03,09:48,892.0,True,3,True
COMM-0005827,VD-000726,VD-000523,E-Mail,2023-07-15,13:46,,True,7,True
COMM-0005828,VD-000790,VD-000423,Signal,2024-05-10,17:37,202.0,False,4,False
COMM-0005829,VD-000387,VD-000453,SMS,2024-04-05,16:57,445.0,True,1,True
COMM-0005830,VD-000963,VD-000816,Signal,2023-08-29,22:55,2095.0,False,9,False
COMM-0005831,VD-000470,VD-000814,Persönlicher Kontakt,2025-09-26,05:55,1634.0,True,7,False
COMM-0005832,VD-000660,VD-000568,Persönlicher Kontakt,2025-07-28,02:50,2799.0,True,6,False
COMM-0005833,VD-000235,VD-000723,E-Mail,2025-02-19,19:12,,False,9,False
COMM-0005834,VD-000823,VD-000862,Persönlicher Kontakt,2025-08-28,01:31,2560.0,True,8,False
COMM-0005835,VD-000580,VD-000482,Telegram,2025-01-27,12:32,,True,7,True
COMM-0005836,VD-000357,VD-000010,SMS,2025-10-28,00:51,,True,5,False
COMM-0005837,VD-000076,VD-000272,SMS,2024-08-12,16:36,,False,9,True
COMM-0005838,VD-000570,VD-000864,Telegram,2024-03-02,01:58,390.0,True,4,False
COMM-0005839,VD-000125,VD-000956,Brief,2025-06-14,02:22,,False,4,False
COMM-0005840,VD-000369,VD-000145,E-Mail,2023-11-15,03:00,3076.0,True,8,False
COMM-0005841,VD-000173,VD-000020,Persönlicher Kontakt,2024-02-21,14:02,2863.0,True,5,True
COMM-0005842,VD-000374,VD-000132,Brief,2023-02-07,01:41,2168.0,False,9,False
COMM-0005843,VD-000814,VD-000200,WhatsApp,2024-10-10,08:24,1880.0,False,1,False
COMM-0005844,VD-000578,VD-000803,Social Media,2025-07-05,00:39,907.0,False,9,True
COMM-0005845,VD-000675,VD-000702,Brief,2023-01-23,07:01,,False,7,False
COMM-0005846,VD-000301,VD-000382,Social Media,2025-07-27,00:40,1009.0,False,6,False
COMM-0005847,VD-000468,VD-000221,E-Mail,2024-04-12,14:59,1862.0,False,7,True
COMM-0005848,VD-000041,VD-000944,Telefonat,2024-01-04,06:10,,False,5,False
COMM-0005849,VD-000544,VD-000627,Signal,2025-08-09,01:03,,True,4,True
COMM-0005850,VD-000335,VD-000303,SMS,2024-06-07,13:18,3120.0,False,7,False
COMM-0005851,VD-000443,VD-000007,SMS,2024-01-21,06:23,3396.0,True,7,True
COMM-0005852,VD-000420,VD-000899,Telefonat,2023-04-23,08:04,3286.0,True,3,False
COMM-0005853,VD-000243,VD-000379,Telefonat,2023-06-06,10:25,512.0,True,10,True
COMM-0005854,VD-000396,VD-000005,Social Media,2024-05-08,02:55,3279.0,True,7,True
COMM-0005855,VD-000227,VD-000647,Telefonat,2025-08-30,02:25,3117.0,False,4,True
COMM-0005856,VD-000827,VD-000376,WhatsApp,2023-09-20,00:23,604.0,False,1,False
COMM-0005857,VD-000054,VD-000292,Brief,2024-08-06,06:30,318.0,False,7,True
COMM-0005858,VD-000817,VD-000800,Persönlicher Kontakt,2024-05-18,09:33,504.0,True,9,True
COMM-0005859,VD-000040,VD-000350,Social Media,2024-05-05,00:09,,True,4,False
COMM-0005860,VD-000017,VD-000199,Signal,2025-02-22,13:32,1516.0,False,10,True
COMM-0005861,VD-000228,VD-000611,E-Mail,2024-11-29,07:13,1976.0,True,7,False
COMM-0005862,VD-000685,VD-000479,Signal,2024-02-23,02:14,526.0,True,1,True
COMM-0005863,VD-000636,VD-000330,WhatsApp,2024-05-16,23:41,2780.0,False,9,False
COMM-0005864,VD-000713,VD-000176,Telefonat,2024-09-04,05:44,2223.0,False,3,True
COMM-0005865,VD-000263,VD-000699,Social Media,2024-03-07,04:47,1216.0,True,7,False
COMM-0005866,VD-000314,VD-000248,Persönlicher Kontakt,2024-05-27,00:02,595.0,True,8,True
COMM-0005867,VD-000712,VD-001000,WhatsApp,2024-02-07,03:01,,True,6,False
COMM-0005868,VD-000905,VD-000089,Brief,2025-10-27,23:46,1195.0,False,4,True
COMM-0005869,VD-000746,VD-000206,Persönlicher Kontakt,2024-02-01,06:56,,False,3,True
COMM-0005870,VD-000864,VD-000844,Telegram,2024-02-23,19:38,,False,3,False
COMM-0005871,VD-000601,VD-000734,Signal,2025-02-20,15:40,1431.0,True,10,False
COMM-0005872,VD-000740,VD-000392,Persönlicher Kontakt,2023-12-24,19:09,,True,9,True
COMM-0005873,VD-000082,VD-000002,WhatsApp,2023-09-10,03:40,1452.0,False,1,True
COMM-0005874,VD-000229,VD-000484,Social Media,2023-03-24,05:01,2835.0,False,4,True
COMM-0005875,VD-000382,VD-000593,Telefonat,2023-10-22,16:56,2176.0,True,1,False
COMM-0005876,VD-000254,VD-000765,Persönlicher Kontakt,2025-04-27,13:15,,False,9,True
COMM-0005877,VD-000233,VD-000298,E-Mail,2025-08-16,21:05,,True,1,True
COMM-0005878,VD-000104,VD-000340,Telefonat,2025-09-24,14:18,,True,4,True
COMM-0005879,VD-000730,VD-000462,E-Mail,2023-02-25,14:08,1873.0,True,10,False
COMM-0005880,VD-000252,VD-000109,Persönlicher Kontakt,2023-11-25,23:28,429.0,True,7,True
COMM-0005881,VD-000674,VD-000555,Persönlicher Kontakt,2025-07-15,21:41,1698.0,True,4,False
COMM-0005882,VD-000657,VD-000182,SMS,2024-11-08,04:17,,False,10,True
COMM-0005883,VD-000744,VD-000286,Brief,2024-05-01,16:19,1925.0,True,9,False
COMM-0005884,VD-000210,VD-000569,Brief,2023-12-11,17:20,,False,8,True
COMM-0005885,VD-000533,VD-000255,Telefonat,2025-10-07,18:26,,False,4,False
COMM-0005886,VD-000079,VD-000442,Persönlicher Kontakt,2024-09-27,00:54,2363.0,True,9,True
COMM-0005887,VD-000764,VD-000079,SMS,2024-06-23,18:34,,False,3,False
COMM-0005888,VD-000236,VD-000278,Social Media,2023-04-02,07:36,,True,5,True
COMM-0005889,VD-000813,VD-000022,Telegram,2025-06-23,00:42,2303.0,False,3,False
COMM-0005890,VD-000708,VD-000546,Telefonat,2025-10-02,09:43,1128.0,True,1,True
COMM-0005891,VD-000996,VD-000638,Persönlicher Kontakt,2023-09-20,02:40,837.0,False,4,True
COMM-0005892,VD-000793,VD-000838,Telegram,2024-08-17,15:50,,True,10,False
COMM-0005893,VD-000192,VD-000484,Social Media,2024-10-11,05:48,1326.0,True,1,True
COMM-0005894,VD-000413,VD-000713,Signal,2025-10-12,07:53,1060.0,True,7,True
COMM-0005895,VD-000359,VD-000599,WhatsApp,2024-03-17,02:43,2947.0,False,6,True
COMM-0005896,VD-000715,VD-000089,SMS,2023-11-22,09:28,2515.0,False,3,True
COMM-0005897,VD-000452,VD-000361,Brief,2024-01-23,10:46,599.0,True,9,True
COMM-0005898,VD-000171,VD-000522,Social Media,2024-12-10,20:34,3523.0,True,2,True
COMM-0005899,VD-000730,VD-000945,WhatsApp,2024-05-21,10:36,,False,10,True
COMM-0005900,VD-000495,VD-000778,Telegram,2024-03-30,07:43,,False,7,True
COMM-0005901,VD-000754,VD-000893,Social Media,2024-03-29,21:27,170.0,False,10,False
COMM-0005902,VD-000879,VD-000155,Social Media,2024-07-20,22:53,1154.0,True,5,True
COMM-0005903,VD-000479,VD-000524,Telefonat,2023-05-23,21:08,,True,9,False
COMM-0005904,VD-000490,VD-000737,Telegram,2025-11-05,12:03,1424.0,False,8,True
COMM-0005905,VD-000177,VD-000714,Brief,2025-07-03,20:21,,True,3,False
COMM-0005906,VD-000735,VD-000694,WhatsApp,2024-07-12,00:52,2311.0,True,2,False
COMM-0005907,VD-000005,VD-000631,Telegram,2024-07-15,00:32,2801.0,False,9,True
COMM-0005908,VD-000616,VD-000076,WhatsApp,2024-07-25,10:37,,False,6,False
COMM-0005909,VD-000127,VD-000653,Signal,2024-09-15,02:48,,False,4,False
COMM-0005910,VD-000366,VD-000449,WhatsApp,2024-06-13,20:49,,True,2,True
COMM-0005911,VD-000286,VD-000195,Brief,2024-05-01,15:21,287.0,False,6,False
COMM-0005912,VD-000845,VD-000139,WhatsApp,2025-06-28,07:40,2395.0,False,7,False
COMM-0005913,VD-000020,VD-000483,Telefonat,2024-03-21,13:04,,False,1,True
COMM-0005914,VD-000217,VD-000988,SMS,2025-08-05,23:17,1813.0,False,5,True
COMM-0005915,VD-000539,VD-000181,Persönlicher Kontakt,2023-06-19,10:23,2997.0,True,10,False
COMM-0005916,VD-000405,VD-000961,SMS,2024-08-17,18:50,362.0,True,2,False
COMM-0005917,VD-000984,VD-000207,Telefonat,2024-12-03,03:27,,True,4,False
COMM-0005918,VD-000936,VD-000020,Brief,2023-08-21,10:00,1609.0,True,5,False
COMM-0005919,VD-000705,VD-000397,SMS,2025-11-10,05:33,2403.0,True,9,False
COMM-0005920,VD-000131,VD-000263,Social Media,2023-06-07,07:49,,False,10,True
COMM-0005921,VD-000949,VD-000033,Signal,2024-02-10,22:47,,True,6,False
COMM-0005922,VD-000004,VD-000659,Social Media,2024-12-28,10:03,2313.0,False,5,False
COMM-0005923,VD-000319,VD-000568,Persönlicher Kontakt,2025-01-09,16:43,,False,9,True
COMM-0005924,VD-000274,VD-000492,SMS,2025-10-06,12:17,2656.0,False,7,False
COMM-0005925,VD-000644,VD-000228,Telefonat,2025-06-11,21:05,,True,9,True
COMM-0005926,VD-000162,VD-000362,Telegram,2023-05-24,11:25,2336.0,True,9,False
COMM-0005927,VD-000339,VD-000882,Brief,2024-09-04,01:40,411.0,False,3,False
COMM-0005928,VD-000280,VD-000638,E-Mail,2024-10-11,21:15,362.0,True,6,False
COMM-0005929,VD-000907,VD-000379,Brief,2024-11-24,20:53,1292.0,False,9,False
COMM-0005930,VD-000263,VD-000466,E-Mail,2024-08-31,00:30,2323.0,False,1,False
COMM-0005931,VD-000155,VD-000704,SMS,2025-03-14,10:26,742.0,True,6,False
COMM-0005932,VD-000454,VD-000808,Social Media,2025-02-06,09:33,1600.0,True,3,False
COMM-0005933,VD-000843,VD-000789,Telefonat,2024-08-18,20:09,25.0,True,7,False
COMM-0005934,VD-000601,VD-000616,SMS,2023-09-15,19:18,,False,9,False
COMM-0005935,VD-000219,VD-000055,SMS,2023-11-11,15:13,1393.0,True,2,False
COMM-0005936,VD-000713,VD-000979,SMS,2025-03-26,22:46,2178.0,True,1,False
COMM-0005937,VD-000456,VD-000472,Social Media,2025-07-18,06:40,680.0,False,1,True
COMM-0005938,VD-000354,VD-000306,Persönlicher Kontakt,2025-03-27,02:44,973.0,False,4,False
COMM-0005939,VD-000423,VD-000774,Brief,2025-05-15,06:23,2507.0,False,2,False
COMM-0005940,VD-000143,VD-000436,Persönlicher Kontakt,2025-06-03,04:15,1330.0,True,6,True
COMM-0005941,VD-000861,VD-000979,Telegram,2025-06-06,20:51,58.0,True,4,True
COMM-0005942,VD-000849,VD-000076,Signal,2025-09-15,08:23,2680.0,True,7,False
COMM-0005943,VD-000462,VD-000471,Brief,2023-03-10,16:43,,False,3,True
COMM-0005944,VD-000503,VD-000319,Brief,2024-02-01,10:10,3118.0,False,3,False
COMM-0005945,VD-000237,VD-000796,Telegram,2025-04-04,06:35,,False,3,False
COMM-0005946,VD-000410,VD-000358,E-Mail,2024-11-07,20:09,1858.0,True,3,False
COMM-0005947,VD-000712,VD-000638,E-Mail,2025-04-04,06:51,2087.0,False,3,False
COMM-0005948,VD-000520,VD-000676,Signal,2025-09-21,18:03,,True,6,True
COMM-0005949,VD-000062,VD-000480,E-Mail,2025-02-27,12:11,,False,8,True
COMM-0005950,VD-000132,VD-000747,Telefonat,2023-03-20,20:07,,True,5,True
COMM-0005951,VD-000722,VD-000704,Telefonat,2025-04-07,20:26,3074.0,True,10,False
COMM-0005952,VD-000508,VD-000359,E-Mail,2023-06-10,13:59,814.0,False,7,True
COMM-0005953,VD-000211,VD-000867,Brief,2025-07-02,00:47,1361.0,True,9,False
COMM-0005954,VD-000458,VD-000457,Social Media,2024-11-22,02:14,3031.0,True,3,True
COMM-0005955,VD-000570,VD-000716,Social Media,2023-03-18,00:46,3073.0,False,5,True
COMM-0005956,VD-000956,VD-000135,WhatsApp,2023-11-13,10:05,,True,2,True
COMM-0005957,VD-000843,VD-000934,WhatsApp,2025-10-20,00:05,2258.0,False,2,True
COMM-0005958,VD-000977,VD-000642,Signal,2023-11-11,12:42,1719.0,False,5,False
COMM-0005959,VD-000775,VD-000073,Brief,2023-07-29,07:39,3309.0,False,3,False
COMM-0005960,VD-000518,VD-000003,Signal,2025-03-24,01:24,1414.0,False,1,False
COMM-0005961,VD-000149,VD-000441,SMS,2023-06-14,05:10,3223.0,True,6,True
COMM-0005962,VD-000367,VD-000941,Brief,2024-10-09,15:39,3478.0,True,8,True
COMM-0005963,VD-000604,VD-000041,Brief,2024-05-25,00:08,2785.0,False,8,False
COMM-0005964,VD-000738,VD-000123,Social Media,2024-07-20,02:26,,False,2,False
COMM-0005965,VD-000878,VD-000117,E-Mail,2024-01-11,16:23,2944.0,False,2,False
COMM-0005966,VD-000633,VD-000571,Telefonat,2025-03-22,07:51,,True,2,True
COMM-0005967,VD-000550,VD-000729,WhatsApp,2024-01-30,01:13,599.0,False,7,False
COMM-0005968,VD-000877,VD-000756,Social Media,2025-08-14,16:07,2431.0,True,2,False
COMM-0005969,VD-000417,VD-000956,Telegram,2023-02-12,10:22,2086.0,True,3,False
COMM-0005970,VD-000237,VD-000713,Telegram,2025-10-23,13:59,,True,5,True
COMM-0005971,VD-000955,VD-000264,SMS,2024-06-20,22:39,2625.0,False,8,True
COMM-0005972,VD-000130,VD-000448,SMS,2024-04-13,16:41,2687.0,False,6,True
COMM-0005973,VD-000985,VD-000120,Telefonat,2024-12-31,08:02,3519.0,True,7,True
COMM-0005974,VD-000084,VD-000769,E-Mail,2025-11-02,13:33,,False,5,True
COMM-0005975,VD-000082,VD-000570,Signal,2025-08-07,08:25,,True,10,False
COMM-0005976,VD-000572,VD-000356,E-Mail,2024-05-23,04:47,,False,4,True
COMM-0005977,VD-000635,VD-000387,Telegram,2023-06-14,17:58,3356.0,True,2,False
COMM-0005978,VD-000586,VD-000888,Social Media,2024-12-10,08:14,1927.0,True,7,True
COMM-0005979,VD-000979,VD-000956,WhatsApp,2023-10-13,01:42,,True,4,True
COMM-0005980,VD-000050,VD-000549,Social Media,2024-03-01,03:47,330.0,True,3,False
COMM-0005981,VD-000309,VD-000996,Brief,2024-05-21,02:02,1700.0,False,6,True
COMM-0005982,VD-000823,VD-000768,Telefonat,2024-06-18,01:03,910.0,False,1,False
COMM-0005983,VD-000967,VD-000904,WhatsApp,2024-11-22,12:49,,False,3,True
COMM-0005984,VD-000058,VD-000731,SMS,2024-03-23,17:40,2497.0,False,1,False
COMM-0005985,VD-000562,VD-000422,Telefonat,2025-09-23,05:45,2069.0,False,10,True
COMM-0005986,VD-000814,VD-000940,Social Media,2024-08-05,08:50,,False,1,True
COMM-0005987,VD-000977,VD-000949,Telegram,2025-07-08,00:28,309.0,True,2,True
COMM-0005988,VD-000637,VD-000136,SMS,2024-07-25,01:15,1931.0,True,1,False
COMM-0005989,VD-000817,VD-000384,Persönlicher Kontakt,2025-01-06,06:56,991.0,False,2,True
COMM-0005990,VD-000382,VD-000550,E-Mail,2023-07-27,02:07,2371.0,False,5,True
COMM-0005991,VD-000151,VD-000923,Telefonat,2023-02-23,16:15,1960.0,False,5,True
COMM-0005992,VD-001000,VD-000572,SMS,2023-06-29,15:23,1412.0,True,1,True
COMM-0005993,VD-000884,VD-000995,Brief,2023-07-10,22:40,966.0,False,8,False
COMM-0005994,VD-000071,VD-000705,Telegram,2024-02-06,05:34,1889.0,False,9,False
COMM-0005995,VD-000554,VD-000227,Telefonat,2025-01-22,18:10,,True,3,True
COMM-0005996,VD-000195,VD-000746,Telegram,2024-04-21,02:58,,True,5,False
COMM-0005997,VD-000399,VD-000752,Signal,2025-02-06,02:24,,True,3,False
COMM-0005998,VD-000178,VD-000100,E-Mail,2023-07-05,20:31,1812.0,False,5,True
COMM-0005999,VD-000592,VD-000037,Telegram,2024-02-03,21:18,,True,1,False
COMM-0006000,VD-000195,VD-000901,SMS,2024-12-03,23:34,2182.0,False,6,False
COMM-0006001,VD-000831,VD-000598,Persönlicher Kontakt,2023-03-05,22:17,3003.0,False,5,False
COMM-0006002,VD-000493,VD-000220,SMS,2023-12-21,16:29,3211.0,True,3,True
COMM-0006003,VD-000509,VD-000025,Brief,2024-01-29,09:16,3534.0,False,3,False
COMM-0006004,VD-000979,VD-000123,Signal,2024-12-26,08:42,2197.0,True,4,False
COMM-0006005,VD-000264,VD-000261,Social Media,2024-03-04,11:27,,False,7,True
COMM-0006006,VD-000378,VD-000880,Telefonat,2023-09-11,21:44,1012.0,True,9,True
COMM-0006007,VD-000118,VD-000380,Signal,2025-09-14,17:51,1795.0,False,8,False
COMM-0006008,VD-000235,VD-000664,SMS,2024-05-31,11:37,2622.0,False,8,False
COMM-0006009,VD-000895,VD-000844,SMS,2023-04-22,00:12,709.0,True,1,True
COMM-0006010,VD-000339,VD-000027,Brief,2025-04-21,01:22,2083.0,True,6,False
COMM-0006011,VD-000663,VD-000316,WhatsApp,2025-04-23,02:06,214.0,False,3,True
COMM-0006012,VD-000922,VD-000335,Brief,2024-09-23,19:11,2851.0,False,10,True
COMM-0006013,VD-000115,VD-000146,Persönlicher Kontakt,2025-07-28,14:49,363.0,False,6,True
COMM-0006014,VD-000455,VD-000199,Signal,2024-09-20,16:59,,True,3,False
COMM-0006015,VD-000308,VD-000537,Brief,2024-07-14,15:49,,True,3,True
COMM-0006016,VD-000085,VD-000519,WhatsApp,2025-11-02,09:11,969.0,True,4,False
COMM-0006017,VD-000109,VD-000562,Brief,2024-10-09,20:37,990.0,True,4,True
COMM-0006018,VD-000891,VD-000842,E-Mail,2025-09-14,01:10,,True,1,False
COMM-0006019,VD-000526,VD-000755,Social Media,2023-09-08,08:10,,False,4,True
COMM-0006020,VD-000647,VD-000820,SMS,2023-11-06,20:08,,False,3,False
COMM-0006021,VD-000810,VD-000493,WhatsApp,2023-06-10,04:45,3335.0,False,4,False
COMM-0006022,VD-000112,VD-000567,SMS,2025-05-09,19:24,2965.0,False,8,True
COMM-0006023,VD-000620,VD-000307,WhatsApp,2023-12-19,22:10,2542.0,False,1,False
COMM-0006024,VD-000945,VD-000375,Telefonat,2024-04-20,05:24,1191.0,False,8,False
COMM-0006025,VD-000812,VD-000737,E-Mail,2024-02-03,11:02,2718.0,True,9,True
COMM-0006026,VD-000166,VD-000351,Signal,2025-01-27,10:49,1235.0,False,10,True
COMM-0006027,VD-000542,VD-000284,Telefonat,2023-09-27,19:48,1092.0,True,4,True
COMM-0006028,VD-000454,VD-000548,WhatsApp,2025-09-12,21:08,898.0,False,3,False
COMM-0006029,VD-000713,VD-000331,Persönlicher Kontakt,2023-07-08,16:21,,True,1,True
COMM-0006030,VD-000827,VD-000387,Social Media,2025-05-11,00:00,3024.0,True,7,False
COMM-0006031,VD-000433,VD-000546,E-Mail,2023-07-28,11:27,510.0,False,5,False
COMM-0006032,VD-000283,VD-000075,Persönlicher Kontakt,2024-03-29,02:13,2912.0,False,9,False
COMM-0006033,VD-000806,VD-000884,Social Media,2023-05-14,14:54,512.0,True,9,True
COMM-0006034,VD-000515,VD-000134,Social Media,2025-04-23,13:39,2309.0,False,8,True
COMM-0006035,VD-000709,VD-000820,Persönlicher Kontakt,2023-01-14,21:52,26.0,False,5,False
COMM-0006036,VD-000107,VD-000704,Telefonat,2024-01-14,02:58,2363.0,False,8,True
COMM-0006037,VD-000271,VD-000177,Social Media,2023-07-17,13:59,1691.0,False,3,True
COMM-0006038,VD-000891,VD-000067,Brief,2025-07-31,12:16,1412.0,True,3,True
COMM-0006039,VD-000139,VD-000214,Telefonat,2025-07-09,16:52,239.0,False,2,True
COMM-0006040,VD-000546,VD-000820,Brief,2023-02-04,05:52,2808.0,False,10,True
COMM-0006041,VD-000339,VD-000930,Signal,2024-10-12,09:55,1061.0,False,5,False
COMM-0006042,VD-000952,VD-000681,Telegram,2025-03-13,10:31,,True,6,True
COMM-0006043,VD-000372,VD-000835,Brief,2023-03-21,15:10,3506.0,False,8,False
COMM-0006044,VD-000740,VD-000432,Brief,2024-02-25,17:10,2333.0,False,1,False
COMM-0006045,VD-000314,VD-000128,Signal,2023-02-17,09:36,,True,6,False
COMM-0006046,VD-000065,VD-000749,Signal,2023-12-18,11:00,,False,3,False
COMM-0006047,VD-000531,VD-000751,WhatsApp,2023-07-16,18:16,,False,1,True
COMM-0006048,VD-000105,VD-000281,Brief,2023-09-20,02:33,2337.0,True,10,False
COMM-0006049,VD-000574,VD-000309,SMS,2024-04-17,19:59,403.0,False,6,True
COMM-0006050,VD-000528,VD-000002,WhatsApp,2023-01-09,12:56,2652.0,True,2,False
COMM-0006051,VD-000217,VD-000208,Brief,2024-12-14,12:29,1823.0,True,7,False
COMM-0006052,VD-000011,VD-000006,WhatsApp,2023-01-28,20:37,1031.0,True,4,True
COMM-0006053,VD-000948,VD-000141,Telegram,2024-05-04,06:20,611.0,False,8,True
COMM-0006054,VD-000689,VD-000636,Telegram,2023-12-08,01:22,2068.0,False,7,True
COMM-0006055,VD-000235,VD-000215,Persönlicher Kontakt,2024-03-02,08:35,111.0,True,9,False
COMM-0006056,VD-000961,VD-000804,Social Media,2023-02-06,11:36,,True,7,False
COMM-0006057,VD-000345,VD-000740,Persönlicher Kontakt,2023-11-24,01:38,,False,6,False
COMM-0006058,VD-000259,VD-000620,Signal,2024-04-07,03:48,3598.0,False,8,False
COMM-0006059,VD-000548,VD-000734,Telefonat,2023-05-30,09:07,2196.0,False,1,True
COMM-0006060,VD-000676,VD-000643,E-Mail,2023-12-19,16:37,457.0,False,2,True
COMM-0006061,VD-000980,VD-000006,Telegram,2024-06-04,16:50,550.0,True,3,True
COMM-0006062,VD-000427,VD-000200,Brief,2023-01-05,21:06,2541.0,True,7,False
COMM-0006063,VD-000076,VD-000992,WhatsApp,2024-01-01,12:15,581.0,False,10,True
COMM-0006064,VD-000495,VD-000543,Telefonat,2025-01-01,03:34,,False,7,False
COMM-0006065,VD-000272,VD-000054,Brief,2025-06-22,14:32,,True,2,True
COMM-0006066,VD-000170,VD-000425,WhatsApp,2025-08-10,05:46,761.0,False,5,False
COMM-0006067,VD-000043,VD-000203,Signal,2024-12-14,05:36,,True,6,False
COMM-0006068,VD-000345,VD-000916,E-Mail,2024-05-14,01:34,152.0,True,8,False
COMM-0006069,VD-000952,VD-000407,Social Media,2023-07-14,10:16,,False,8,False
COMM-0006070,VD-000262,VD-000659,WhatsApp,2025-03-02,19:42,,False,10,True
COMM-0006071,VD-000655,VD-000896,Persönlicher Kontakt,2025-10-11,06:45,1303.0,True,8,True
COMM-0006072,VD-000998,VD-000483,SMS,2023-11-06,18:24,1748.0,True,10,False
COMM-0006073,VD-000485,VD-000365,Telefonat,2025-07-08,08:24,2547.0,False,6,True
COMM-0006074,VD-000701,VD-000335,Signal,2025-08-18,00:37,,False,7,True
COMM-0006075,VD-000199,VD-000214,Telefonat,2023-02-18,16:55,665.0,True,10,True
COMM-0006076,VD-000155,VD-000746,Social Media,2025-10-06,15:46,1691.0,False,1,True
COMM-0006077,VD-000549,VD-000220,SMS,2025-11-02,11:21,2728.0,True,3,True
COMM-0006078,VD-000747,VD-000756,WhatsApp,2024-06-21,21:50,1348.0,False,1,False
COMM-0006079,VD-000157,VD-000233,Persönlicher Kontakt,2023-02-08,15:09,,False,7,False
COMM-0006080,VD-000356,VD-000125,Telefonat,2024-05-12,09:50,574.0,False,1,False
COMM-0006081,VD-000673,VD-000691,WhatsApp,2024-09-03,11:25,1989.0,False,3,False
COMM-0006082,VD-000666,VD-000818,Brief,2024-08-12,05:13,,True,3,True
COMM-0006083,VD-000060,VD-000706,WhatsApp,2024-08-16,04:54,,False,8,False
COMM-0006084,VD-000067,VD-000061,Telefonat,2025-05-08,12:39,1615.0,False,2,True
COMM-0006085,VD-000398,VD-000268,SMS,2024-05-23,20:37,1619.0,True,9,False
COMM-0006086,VD-000726,VD-000396,Brief,2023-06-18,05:40,2580.0,False,7,True
COMM-0006087,VD-000287,VD-000894,Brief,2025-08-05,20:49,3049.0,True,10,False
COMM-0006088,VD-000365,VD-000911,E-Mail,2025-08-25,00:49,,True,1,True
COMM-0006089,VD-000527,VD-000065,SMS,2023-09-02,18:25,596.0,False,3,True
COMM-0006090,VD-000557,VD-000181,SMS,2025-11-07,03:15,3520.0,False,10,True
COMM-0006091,VD-000124,VD-000680,Persönlicher Kontakt,2025-02-05,16:23,,True,6,False
COMM-0006092,VD-000383,VD-000229,Persönlicher Kontakt,2024-08-12,05:49,517.0,True,3,False
COMM-0006093,VD-000075,VD-000111,Signal,2024-05-15,08:43,1943.0,True,1,True
COMM-0006094,VD-000719,VD-000361,E-Mail,2025-01-29,18:26,,False,2,True
COMM-0006095,VD-000090,VD-000506,Persönlicher Kontakt,2024-09-28,22:03,613.0,False,4,True
COMM-0006096,VD-000233,VD-000551,SMS,2024-02-10,05:15,828.0,True,6,True
COMM-0006097,VD-000886,VD-000239,Telegram,2023-06-29,23:53,,True,3,False
COMM-0006098,VD-000384,VD-000069,Telegram,2023-10-05,20:02,,True,2,True
COMM-0006099,VD-000774,VD-000489,SMS,2023-07-08,17:51,,False,1,True
COMM-0006100,VD-000859,VD-000971,E-Mail,2023-07-19,10:34,,True,2,True
COMM-0006101,VD-000338,VD-000792,Social Media,2023-12-08,18:59,,False,1,False
COMM-0006102,VD-000031,VD-000231,Social Media,2023-05-03,23:11,2087.0,False,5,True
COMM-0006103,VD-000899,VD-000055,Brief,2025-05-29,15:55,1217.0,False,9,False
COMM-0006104,VD-000527,VD-000069,Telegram,2023-11-06,22:23,3474.0,False,9,True
COMM-0006105,VD-000604,VD-000075,Social Media,2023-04-20,05:07,2598.0,False,3,True
COMM-0006106,VD-000243,VD-000406,E-Mail,2025-07-22,02:08,,True,9,True
COMM-0006107,VD-000792,VD-000053,Brief,2024-08-08,02:00,1594.0,False,4,True
COMM-0006108,VD-000289,VD-000569,E-Mail,2025-01-01,07:11,,True,5,True
COMM-0006109,VD-000673,VD-000195,Social Media,2025-03-20,10:22,818.0,True,10,True
COMM-0006110,VD-000475,VD-000419,Brief,2023-05-13,11:09,1574.0,False,6,False
COMM-0006111,VD-000957,VD-000966,Telegram,2025-05-19,05:22,,False,5,False
COMM-0006112,VD-000371,VD-000617,Signal,2025-09-23,03:01,,False,8,False
COMM-0006113,VD-000560,VD-000026,Brief,2023-10-19,18:02,747.0,True,3,True
COMM-0006114,VD-000925,VD-000026,WhatsApp,2024-10-02,01:18,68.0,True,3,False
COMM-0006115,VD-000721,VD-000391,SMS,2025-05-13,14:36,2039.0,False,7,True
COMM-0006116,VD-000079,VD-000491,SMS,2025-10-25,05:49,,True,5,True
COMM-0006117,VD-000680,VD-000766,Persönlicher Kontakt,2025-08-25,13:51,2206.0,False,9,False
COMM-0006118,VD-000394,VD-000623,Telegram,2024-08-12,06:50,729.0,False,2,True
COMM-0006119,VD-000178,VD-000743,E-Mail,2023-04-16,19:55,986.0,False,8,True
COMM-0006120,VD-000807,VD-000825,Persönlicher Kontakt,2024-01-13,03:23,2639.0,False,9,True
COMM-0006121,VD-000033,VD-000728,Persönlicher Kontakt,2023-05-31,13:41,2274.0,False,5,False
COMM-0006122,VD-000087,VD-000988,Signal,2025-06-09,11:41,1421.0,False,9,True
COMM-0006123,VD-000288,VD-000602,Brief,2024-03-11,12:16,1064.0,False,5,False
COMM-0006124,VD-000321,VD-000964,Persönlicher Kontakt,2024-08-01,07:38,2081.0,False,5,True
COMM-0006125,VD-000991,VD-000134,Brief,2023-06-19,00:48,2004.0,False,10,False
COMM-0006126,VD-000929,VD-000345,Social Media,2025-03-03,13:09,1172.0,True,9,True
COMM-0006127,VD-000554,VD-000469,Signal,2025-10-30,12:30,1656.0,True,10,True
COMM-0006128,VD-000978,VD-000867,Telefonat,2024-12-27,23:07,3384.0,False,7,False
COMM-0006129,VD-000217,VD-000258,WhatsApp,2023-12-06,22:08,,False,8,False
COMM-0006130,VD-000312,VD-000538,Social Media,2023-11-09,23:38,,True,5,True
COMM-0006131,VD-000062,VD-000124,Persönlicher Kontakt,2024-05-12,09:56,780.0,False,8,True
COMM-0006132,VD-000665,VD-000421,SMS,2023-06-22,20:54,1103.0,True,5,True
COMM-0006133,VD-000933,VD-000966,Telefonat,2025-08-07,01:44,,False,4,True
COMM-0006134,VD-000886,VD-000182,WhatsApp,2024-06-04,07:34,,False,7,True
COMM-0006135,VD-000450,VD-000781,Telegram,2025-06-14,20:35,,False,6,True
COMM-0006136,VD-000970,VD-000130,Social Media,2024-10-27,11:20,3168.0,False,5,True
COMM-0006137,VD-000437,VD-000308,Telegram,2023-12-05,14:45,2028.0,False,7,True
COMM-0006138,VD-000738,VD-000355,Persönlicher Kontakt,2024-03-02,09:07,1672.0,False,6,False
COMM-0006139,VD-000144,VD-000432,WhatsApp,2023-05-10,17:52,146.0,False,6,False
COMM-0006140,VD-000432,VD-000050,Brief,2025-07-20,07:42,3269.0,True,9,False
COMM-0006141,VD-000368,VD-000697,Telefonat,2025-05-16,23:52,647.0,False,7,False
COMM-0006142,VD-000270,VD-000917,WhatsApp,2024-04-27,15:28,2818.0,True,3,True
COMM-0006143,VD-000081,VD-000216,Brief,2025-10-26,15:16,2494.0,False,6,True
COMM-0006144,VD-000460,VD-000582,SMS,2024-09-22,13:08,2247.0,False,3,True
COMM-0006145,VD-000171,VD-000626,Signal,2025-04-19,03:50,,True,10,False
COMM-0006146,VD-000072,VD-000281,SMS,2025-04-11,16:39,,True,4,True
COMM-0006147,VD-000158,VD-000948,Telegram,2024-07-13,06:15,2271.0,True,6,True
COMM-0006148,VD-000977,VD-000908,E-Mail,2023-09-19,15:30,2799.0,False,3,True
COMM-0006149,VD-000047,VD-000816,SMS,2024-10-03,20:41,2699.0,True,5,True
COMM-0006150,VD-000239,VD-000194,Persönlicher Kontakt,2025-02-05,16:37,2849.0,False,1,False
COMM-0006151,VD-000279,VD-000996,E-Mail,2024-06-07,01:05,2165.0,True,8,True
COMM-0006152,VD-000701,VD-000549,Brief,2024-05-21,12:52,3473.0,True,1,True
COMM-0006153,VD-000975,VD-000298,Brief,2023-05-23,00:31,2457.0,False,10,True
COMM-0006154,VD-000950,VD-000334,Telefonat,2023-08-30,07:02,3186.0,False,6,True
COMM-0006155,VD-000789,VD-000064,Social Media,2023-12-18,17:47,3076.0,True,4,False
COMM-0006156,VD-000184,VD-000383,Brief,2024-03-17,05:24,3596.0,True,1,True
COMM-0006157,VD-000753,VD-000681,Social Media,2024-10-26,06:26,753.0,True,5,False
COMM-0006158,VD-000766,VD-000869,Social Media,2024-03-24,00:25,3307.0,True,1,True
COMM-0006159,VD-000369,VD-000935,SMS,2025-10-08,03:00,1150.0,False,4,False
COMM-0006160,VD-000924,VD-000421,Signal,2023-08-11,12:31,,True,9,True
COMM-0006161,VD-000999,VD-000024,WhatsApp,2025-05-07,20:52,1137.0,True,4,True
COMM-0006162,VD-000128,VD-000530,Telegram,2024-03-08,20:15,3195.0,True,8,False
COMM-0006163,VD-000116,VD-000851,Brief,2023-06-18,12:08,,True,9,True
COMM-0006164,VD-000229,VD-000806,Social Media,2025-03-12,17:26,1166.0,False,3,True
COMM-0006165,VD-000151,VD-000815,SMS,2025-07-25,08:51,1367.0,False,3,False
COMM-0006166,VD-000661,VD-000195,Telegram,2024-02-24,18:06,,True,5,False
COMM-0006167,VD-000207,VD-000683,SMS,2025-01-09,23:52,,False,10,True
COMM-0006168,VD-000310,VD-000184,Brief,2024-04-21,07:19,521.0,True,8,False
COMM-0006169,VD-000344,VD-000589,Persönlicher Kontakt,2023-09-28,11:49,731.0,True,10,True
COMM-0006170,VD-000265,VD-000792,Signal,2024-07-16,00:23,,False,10,True
COMM-0006171,VD-000043,VD-000180,Signal,2023-01-10,07:26,1351.0,False,5,False
COMM-0006172,VD-000168,VD-000558,Signal,2024-05-10,11:16,3163.0,False,10,True
COMM-0006173,VD-000712,VD-000258,Persönlicher Kontakt,2024-09-10,17:06,,True,5,True
COMM-0006174,VD-000064,VD-000437,WhatsApp,2025-06-19,10:30,3233.0,True,10,True
COMM-0006175,VD-000445,VD-000605,Signal,2024-03-02,05:48,,False,8,False
COMM-0006176,VD-000197,VD-000744,E-Mail,2025-09-03,23:29,3350.0,True,1,False
COMM-0006177,VD-000493,VD-000599,Telefonat,2024-12-06,03:37,,True,2,True
COMM-0006178,VD-000045,VD-000087,E-Mail,2024-06-26,01:58,1987.0,False,7,True
COMM-0006179,VD-000733,VD-000577,Social Media,2024-08-13,15:08,2735.0,True,8,True
COMM-0006180,VD-000980,VD-000377,Persönlicher Kontakt,2023-12-17,06:22,2971.0,True,1,True
COMM-0006181,VD-000391,VD-000002,Persönlicher Kontakt,2023-05-25,19:51,,True,6,False
COMM-0006182,VD-000868,VD-000418,WhatsApp,2023-10-13,00:53,644.0,True,4,True
COMM-0006183,VD-000120,VD-000478,Signal,2023-05-20,19:42,958.0,True,4,True
COMM-0006184,VD-000495,VD-000695,E-Mail,2023-08-15,11:23,2668.0,False,5,False
COMM-0006185,VD-000804,VD-000922,Brief,2023-08-01,16:09,,False,2,False
COMM-0006186,VD-000450,VD-000087,SMS,2023-12-12,11:39,,False,6,False
COMM-0006187,VD-000958,VD-000004,Brief,2023-06-15,03:08,2416.0,True,1,True
COMM-0006188,VD-000216,VD-000630,Signal,2023-07-19,19:01,3322.0,False,5,True
COMM-0006189,VD-000953,VD-000225,Signal,2025-04-03,02:23,3491.0,False,9,False
COMM-0006190,VD-000217,VD-000414,Persönlicher Kontakt,2025-03-19,20:59,2184.0,False,2,True
COMM-0006191,VD-000881,VD-000968,E-Mail,2024-11-07,03:53,2037.0,False,9,False
COMM-0006192,VD-000660,VD-000113,Signal,2025-05-04,04:01,1028.0,True,2,False
COMM-0006193,VD-000189,VD-000182,Persönlicher Kontakt,2023-05-12,09:44,2936.0,True,10,True
COMM-0006194,VD-000891,VD-000020,E-Mail,2024-11-11,18:48,,False,7,False
COMM-0006195,VD-000571,VD-000981,Telefonat,2023-09-15,10:47,,True,5,True
COMM-0006196,VD-000498,VD-000353,SMS,2025-03-15,10:40,,True,10,True
COMM-0006197,VD-000787,VD-000484,Persönlicher Kontakt,2024-12-07,05:53,,True,1,False
COMM-0006198,VD-000109,VD-000791,E-Mail,2025-10-16,16:49,,False,7,False
COMM-0006199,VD-000002,VD-000745,Social Media,2024-01-28,09:01,1791.0,False,3,True
COMM-0006200,VD-000686,VD-000908,Telefonat,2023-05-25,12:39,2193.0,True,10,True
COMM-0006201,VD-000126,VD-000793,WhatsApp,2025-10-22,23:18,3565.0,False,4,False
COMM-0006202,VD-000590,VD-000031,SMS,2024-01-13,21:23,3063.0,False,3,True
COMM-0006203,VD-000012,VD-000612,SMS,2023-01-18,11:52,,False,2,False
COMM-0006204,VD-000581,VD-000121,E-Mail,2025-11-01,22:15,111.0,True,4,True
COMM-0006205,VD-000412,VD-000729,Telefonat,2024-12-31,17:57,2075.0,False,5,True
COMM-0006206,VD-000551,VD-000484,Telegram,2023-02-07,22:20,,True,1,False
COMM-0006207,VD-000253,VD-000372,WhatsApp,2025-08-09,00:38,90.0,False,5,True
COMM-0006208,VD-000960,VD-000103,Signal,2025-05-16,07:04,,True,1,False
COMM-0006209,VD-000491,VD-000716,Social Media,2025-09-23,06:34,123.0,True,9,False
COMM-0006210,VD-000873,VD-000121,Social Media,2024-03-05,12:48,818.0,True,6,False
COMM-0006211,VD-000699,VD-000806,Brief,2024-05-21,08:36,2472.0,False,10,True
COMM-0006212,VD-000359,VD-000323,WhatsApp,2025-09-17,08:08,659.0,True,6,True
COMM-0006213,VD-000179,VD-000154,SMS,2023-04-08,17:08,1332.0,False,7,True
COMM-0006214,VD-000091,VD-000656,Telefonat,2025-04-24,03:44,1906.0,False,10,False
COMM-0006215,VD-000114,VD-000509,Social Media,2023-12-30,02:40,,True,8,False
COMM-0006216,VD-000897,VD-000841,E-Mail,2023-10-13,22:03,3336.0,False,8,True
COMM-0006217,VD-000188,VD-000510,Persönlicher Kontakt,2024-08-02,17:35,934.0,True,10,True
COMM-0006218,VD-000513,VD-000052,WhatsApp,2023-10-14,00:33,3334.0,True,1,False
COMM-0006219,VD-000162,VD-000133,WhatsApp,2024-07-16,19:59,,False,4,False
COMM-0006220,VD-000718,VD-000072,Social Media,2023-06-12,19:41,3536.0,False,4,False
COMM-0006221,VD-000343,VD-000453,Telefonat,2023-07-18,22:41,,True,10,True
COMM-0006222,VD-000533,VD-000022,E-Mail,2024-12-13,12:00,,False,5,False
COMM-0006223,VD-000374,VD-000178,SMS,2023-01-23,18:17,2395.0,True,4,True
COMM-0006224,VD-000761,VD-000132,SMS,2025-10-27,02:57,2008.0,False,10,True
COMM-0006225,VD-000438,VD-000053,Telegram,2024-02-23,22:09,885.0,True,5,True
COMM-0006226,VD-000702,VD-000506,Brief,2024-01-29,09:37,2974.0,False,8,True
COMM-0006227,VD-000358,VD-000946,Social Media,2023-05-22,21:06,510.0,True,6,False
COMM-0006228,VD-000344,VD-000243,WhatsApp,2024-03-31,19:46,1284.0,False,5,False
COMM-0006229,VD-000169,VD-000849,Social Media,2025-05-07,00:17,1992.0,True,4,False
COMM-0006230,VD-000612,VD-000049,WhatsApp,2024-05-25,14:46,1455.0,True,9,True
COMM-0006231,VD-000753,VD-000677,Social Media,2025-10-20,05:47,,True,9,True
COMM-0006232,VD-000727,VD-000720,Signal,2024-04-16,19:19,,False,5,False
COMM-0006233,VD-000768,VD-000842,WhatsApp,2024-08-06,13:53,2940.0,False,9,True
COMM-0006234,VD-000479,VD-000623,WhatsApp,2025-01-02,11:37,1495.0,True,2,False
COMM-0006235,VD-000669,VD-000203,Social Media,2023-07-15,02:27,1064.0,True,5,True
COMM-0006236,VD-000712,VD-000992,Signal,2025-05-20,18:29,879.0,True,4,True
COMM-0006237,VD-000859,VD-000805,Brief,2024-02-26,02:18,3303.0,True,6,False
COMM-0006238,VD-000154,VD-000066,WhatsApp,2025-05-16,16:39,,False,5,False
COMM-0006239,VD-000284,VD-000313,Social Media,2023-05-26,10:40,,False,10,True
COMM-0006240,VD-000596,VD-000851,Telefonat,2025-10-26,16:48,2395.0,True,2,True
COMM-0006241,VD-000511,VD-000064,WhatsApp,2024-08-15,10:18,297.0,False,4,True
COMM-0006242,VD-000800,VD-000830,Signal,2024-03-03,20:31,3255.0,False,8,True
COMM-0006243,VD-000318,VD-000823,Brief,2023-05-15,21:59,1897.0,True,8,False
COMM-0006244,VD-000796,VD-000771,Social Media,2023-01-15,17:05,418.0,False,9,True
COMM-0006245,VD-000543,VD-000934,WhatsApp,2024-06-24,02:24,1193.0,True,4,False
COMM-0006246,VD-000020,VD-000779,Signal,2024-04-22,04:41,836.0,True,6,True
COMM-0006247,VD-000462,VD-000830,E-Mail,2023-01-12,12:11,,True,2,True
COMM-0006248,VD-000591,VD-000661,Telegram,2024-03-01,18:37,2380.0,True,6,True
COMM-0006249,VD-000413,VD-000223,Social Media,2023-05-23,17:33,,False,9,False
COMM-0006250,VD-000622,VD-000942,E-Mail,2023-05-09,00:44,,True,8,False
COMM-0006251,VD-000856,VD-000756,WhatsApp,2023-10-27,07:35,,False,4,False
COMM-0006252,VD-000281,VD-000374,SMS,2024-06-22,14:11,,True,2,False
COMM-0006253,VD-000392,VD-000914,SMS,2025-01-10,18:58,1399.0,False,8,True
COMM-0006254,VD-000682,VD-000341,Social Media,2025-09-25,12:01,2085.0,True,1,True
COMM-0006255,VD-000655,VD-000199,Social Media,2025-10-05,15:52,628.0,True,8,False
COMM-0006256,VD-000183,VD-000549,Telefonat,2023-04-28,09:33,,True,1,True
COMM-0006257,VD-000720,VD-000362,Persönlicher Kontakt,2023-08-22,15:23,2557.0,False,8,False
COMM-0006258,VD-000347,VD-000183,SMS,2023-07-10,18:23,3340.0,False,6,False
COMM-0006259,VD-000002,VD-000568,SMS,2025-07-26,13:53,3353.0,True,7,True
COMM-0006260,VD-000520,VD-000536,Persönlicher Kontakt,2025-08-27,11:59,3006.0,False,2,False
COMM-0006261,VD-000723,VD-000319,WhatsApp,2024-02-19,02:11,207.0,True,8,True
COMM-0006262,VD-000490,VD-000727,Social Media,2024-05-20,23:46,1400.0,True,7,False
COMM-0006263,VD-000475,VD-000949,Social Media,2025-05-14,11:28,2172.0,False,5,True
COMM-0006264,VD-000412,VD-000380,Persönlicher Kontakt,2023-12-19,08:18,,True,8,True
COMM-0006265,VD-000614,VD-000387,WhatsApp,2025-02-17,23:01,3414.0,False,7,True
COMM-0006266,VD-000174,VD-000113,Telefonat,2025-02-03,04:06,3382.0,False,8,True
COMM-0006267,VD-000676,VD-000526,Social Media,2023-03-18,19:49,2673.0,False,7,False
COMM-0006268,VD-000769,VD-000621,Social Media,2024-04-25,03:51,1993.0,True,5,False
COMM-0006269,VD-000391,VD-000822,SMS,2025-05-15,13:37,1693.0,True,9,False
COMM-0006270,VD-000624,VD-000688,Telegram,2024-12-22,18:51,,True,6,True
COMM-0006271,VD-000664,VD-000689,SMS,2024-05-21,06:26,910.0,True,1,False
COMM-0006272,VD-000989,VD-000693,WhatsApp,2024-08-11,08:39,2463.0,False,9,True
COMM-0006273,VD-000679,VD-000139,SMS,2025-01-19,15:25,,True,10,True
COMM-0006274,VD-000578,VD-000576,WhatsApp,2025-04-06,01:48,3228.0,False,7,False
COMM-0006275,VD-000130,VD-000725,WhatsApp,2023-04-29,18:44,,True,10,True
COMM-0006276,VD-000613,VD-000724,Persönlicher Kontakt,2024-06-06,14:26,3522.0,False,7,False
COMM-0006277,VD-000247,VD-000551,WhatsApp,2024-11-10,02:10,3522.0,False,5,False
COMM-0006278,VD-000641,VD-000994,Signal,2025-03-19,05:47,310.0,True,7,True
COMM-0006279,VD-000294,VD-000856,SMS,2023-07-21,11:36,984.0,True,7,True
COMM-0006280,VD-000632,VD-000535,SMS,2023-02-08,15:26,,False,10,False
COMM-0006281,VD-000354,VD-000519,WhatsApp,2023-12-20,01:56,1651.0,False,10,False
COMM-0006282,VD-000223,VD-000709,Signal,2024-01-23,00:49,318.0,False,5,False
COMM-0006283,VD-000814,VD-000441,SMS,2024-04-02,16:43,612.0,False,9,True
COMM-0006284,VD-000498,VD-000164,SMS,2024-10-28,23:52,,False,4,True
COMM-0006285,VD-000087,VD-000598,Social Media,2025-06-17,01:35,1244.0,True,4,False
COMM-0006286,VD-000360,VD-000648,Brief,2025-05-09,13:42,3572.0,False,10,True
COMM-0006287,VD-000736,VD-000946,WhatsApp,2025-05-18,13:52,85.0,True,1,True
COMM-0006288,VD-000541,VD-000994,SMS,2023-12-30,18:01,577.0,True,4,True
COMM-0006289,VD-000853,VD-000999,Social Media,2024-04-03,13:55,2448.0,False,2,False
COMM-0006290,VD-000626,VD-000314,Telefonat,2024-07-18,13:23,2228.0,True,3,False
COMM-0006291,VD-000358,VD-000922,WhatsApp,2025-08-24,19:29,,False,3,True
COMM-0006292,VD-000965,VD-000198,Brief,2023-04-05,08:59,,True,5,False
COMM-0006293,VD-000980,VD-000442,E-Mail,2024-03-28,21:14,1763.0,False,2,False
COMM-0006294,VD-000382,VD-000185,Telegram,2025-02-09,17:40,2240.0,False,7,True
COMM-0006295,VD-000516,VD-000948,Telefonat,2024-02-13,08:29,988.0,False,7,False
COMM-0006296,VD-000572,VD-000409,Brief,2025-10-30,09:49,1228.0,False,7,False
COMM-0006297,VD-000377,VD-000745,Signal,2024-05-04,01:00,2684.0,True,9,True
COMM-0006298,VD-000888,VD-000536,Telegram,2024-12-31,13:22,3423.0,False,2,False
COMM-0006299,VD-000233,VD-000536,E-Mail,2024-01-26,23:54,,False,5,True
COMM-0006300,VD-000179,VD-000358,E-Mail,2024-12-09,03:51,3047.0,True,6,False
COMM-0006301,VD-000144,VD-000691,SMS,2023-01-31,23:49,2590.0,False,10,True
COMM-0006302,VD-000617,VD-000468,Telegram,2023-12-14,14:18,,False,9,False
COMM-0006303,VD-000733,VD-000817,SMS,2024-03-24,11:41,2210.0,True,9,False
COMM-0006304,VD-000970,VD-000693,Signal,2023-07-16,08:38,3385.0,False,7,True
COMM-0006305,VD-000360,VD-000107,Social Media,2024-01-14,18:57,312.0,True,7,False
COMM-0006306,VD-000529,VD-000679,Signal,2024-03-16,13:37,2751.0,True,3,False
COMM-0006307,VD-000987,VD-000481,Persönlicher Kontakt,2025-06-26,17:21,1629.0,True,2,False
COMM-0006308,VD-000720,VD-000893,Signal,2023-07-21,21:43,,True,9,True
COMM-0006309,VD-000508,VD-000741,SMS,2023-03-07,05:05,,True,1,False
COMM-0006310,VD-000367,VD-000818,E-Mail,2024-03-06,06:53,2512.0,False,7,False
COMM-0006311,VD-000899,VD-000955,Social Media,2024-08-16,18:57,,False,9,False
COMM-0006312,VD-000701,VD-000337,Signal,2024-12-07,03:23,366.0,True,7,False
COMM-0006313,VD-000009,VD-000437,SMS,2025-05-12,04:15,3576.0,False,4,False
COMM-0006314,VD-000003,VD-000484,Brief,2025-04-28,21:27,,False,8,False
COMM-0006315,VD-000861,VD-000787,Telefonat,2024-09-15,20:31,,False,9,True
COMM-0006316,VD-000479,VD-000046,Social Media,2023-11-03,15:25,2103.0,False,2,True
COMM-0006317,VD-000036,VD-000995,Telegram,2023-06-29,06:15,3461.0,True,4,True
COMM-0006318,VD-000436,VD-000085,Telefonat,2025-09-27,05:10,2264.0,False,10,True
COMM-0006319,VD-000154,VD-000238,Telegram,2024-10-13,20:14,1528.0,False,3,False
COMM-0006320,VD-000210,VD-000274,Persönlicher Kontakt,2025-03-20,02:16,2821.0,True,3,True
COMM-0006321,VD-000361,VD-000499,Brief,2024-09-24,08:50,1188.0,True,5,False
COMM-0006322,VD-000411,VD-000590,Brief,2023-03-07,02:31,2482.0,True,3,True
COMM-0006323,VD-000901,VD-000985,WhatsApp,2025-06-24,03:33,3485.0,True,1,False
COMM-0006324,VD-000542,VD-000209,SMS,2024-07-05,23:10,,False,8,True
COMM-0006325,VD-000706,VD-000530,Social Media,2025-02-03,00:36,3116.0,True,9,False
COMM-0006326,VD-000673,VD-000247,Social Media,2024-12-12,07:22,,True,2,True
COMM-0006327,VD-000004,VD-000450,Persönlicher Kontakt,2024-06-27,23:53,317.0,True,10,False
COMM-0006328,VD-000633,VD-000201,E-Mail,2024-02-03,16:28,887.0,True,7,True
COMM-0006329,VD-000962,VD-000830,WhatsApp,2024-06-07,11:15,2781.0,True,3,True
COMM-0006330,VD-000442,VD-000931,Social Media,2024-10-18,12:52,,False,5,False
COMM-0006331,VD-000524,VD-000065,SMS,2023-03-17,13:10,3551.0,False,3,True
COMM-0006332,VD-000737,VD-000679,Telegram,2023-06-10,00:50,,True,5,False
COMM-0006333,VD-000550,VD-000405,Telefonat,2023-06-14,14:45,,False,4,False
COMM-0006334,VD-000902,VD-000139,Telegram,2025-08-14,01:14,696.0,True,3,False
COMM-0006335,VD-000711,VD-000221,Telefonat,2023-10-13,07:22,,True,4,False
COMM-0006336,VD-000935,VD-000381,E-Mail,2024-08-04,08:05,,True,1,True
COMM-0006337,VD-000695,VD-000626,Telefonat,2024-08-16,09:46,,False,6,False
COMM-0006338,VD-000160,VD-000180,E-Mail,2025-08-20,18:39,3233.0,False,2,True
COMM-0006339,VD-000353,VD-000828,Brief,2024-12-15,01:52,,False,3,True
COMM-0006340,VD-000244,VD-000827,SMS,2024-11-03,16:31,3391.0,False,4,False
COMM-0006341,VD-000882,VD-000012,Social Media,2025-08-16,06:49,1143.0,False,10,False
COMM-0006342,VD-000581,VD-000914,Telegram,2024-07-30,18:58,1859.0,False,2,True
COMM-0006343,VD-000177,VD-000060,Signal,2024-08-24,07:41,,False,4,False
COMM-0006344,VD-000066,VD-000238,Signal,2025-03-12,14:57,450.0,False,1,False
COMM-0006345,VD-000639,VD-000028,Telefonat,2023-12-10,16:32,2566.0,False,5,False
COMM-0006346,VD-000340,VD-000038,E-Mail,2024-01-29,12:11,,False,7,True
COMM-0006347,VD-000852,VD-000983,Brief,2025-06-23,16:23,242.0,False,1,True
COMM-0006348,VD-000272,VD-000182,Brief,2024-06-30,18:20,636.0,False,4,True
COMM-0006349,VD-000686,VD-000073,Telegram,2023-10-19,12:24,2792.0,True,1,True
COMM-0006350,VD-000472,VD-000662,Social Media,2024-06-05,13:22,3439.0,False,9,True
COMM-0006351,VD-000598,VD-000417,WhatsApp,2025-01-11,23:54,2843.0,True,4,True
COMM-0006352,VD-000723,VD-000102,Telefonat,2024-06-04,18:58,2148.0,True,4,False
COMM-0006353,VD-000308,VD-000729,Telefonat,2023-07-28,02:47,134.0,False,1,False
COMM-0006354,VD-000750,VD-000468,E-Mail,2025-03-01,14:56,1266.0,True,10,True
COMM-0006355,VD-000128,VD-000646,SMS,2023-06-10,00:06,778.0,False,9,True
COMM-0006356,VD-000033,VD-000862,WhatsApp,2023-01-19,02:45,,False,7,True
COMM-0006357,VD-000033,VD-000948,WhatsApp,2025-01-01,19:23,2616.0,False,6,True
COMM-0006358,VD-000734,VD-000909,WhatsApp,2024-06-29,02:42,,False,3,True
COMM-0006359,VD-000587,VD-000722,Signal,2023-07-12,13:12,1924.0,False,3,False
COMM-0006360,VD-000711,VD-000061,Social Media,2025-01-26,13:06,2727.0,True,3,True
COMM-0006361,VD-000682,VD-000519,SMS,2025-10-02,18:30,214.0,True,6,True
COMM-0006362,VD-000431,VD-000361,WhatsApp,2023-10-08,23:38,1133.0,False,3,False
COMM-0006363,VD-000131,VD-000216,Social Media,2024-11-02,20:03,,False,2,False
COMM-0006364,VD-000480,VD-000676,Signal,2025-04-08,14:32,,True,7,True
COMM-0006365,VD-000111,VD-000479,E-Mail,2025-05-04,23:50,712.0,False,8,True
COMM-0006366,VD-000187,VD-000543,Telefonat,2023-09-23,18:25,3167.0,True,5,True
COMM-0006367,VD-000379,VD-000866,E-Mail,2023-02-18,01:51,2190.0,True,10,True
COMM-0006368,VD-000902,VD-000356,WhatsApp,2023-09-13,06:44,,False,7,True
COMM-0006369,VD-000992,VD-000360,Telegram,2023-08-14,21:56,754.0,False,10,True
COMM-0006370,VD-000292,VD-000053,E-Mail,2025-05-27,15:26,3404.0,True,9,False
COMM-0006371,VD-000387,VD-000214,Signal,2025-08-24,07:51,713.0,True,10,False
COMM-0006372,VD-000933,VD-000718,Signal,2024-02-26,05:23,3129.0,True,4,True
COMM-0006373,VD-000759,VD-000365,SMS,2025-10-02,09:58,,True,1,False
COMM-0006374,VD-000705,VD-000930,E-Mail,2023-08-22,08:41,,True,2,False
COMM-0006375,VD-000783,VD-000293,Telegram,2023-03-30,22:30,2675.0,False,6,False
COMM-0006376,VD-000253,VD-000322,Social Media,2023-04-20,23:35,2502.0,False,3,True
COMM-0006377,VD-000080,VD-000159,Social Media,2024-12-12,10:02,,False,6,True
COMM-0006378,VD-000747,VD-000660,E-Mail,2023-09-20,01:35,3493.0,False,5,True
COMM-0006379,VD-000800,VD-000231,Telefonat,2023-05-12,22:27,,True,8,False
COMM-0006380,VD-000866,VD-000754,Persönlicher Kontakt,2024-03-31,23:15,3213.0,False,4,True
COMM-0006381,VD-000935,VD-000624,Signal,2023-04-17,12:20,1014.0,False,3,False
COMM-0006382,VD-000927,VD-000761,Persönlicher Kontakt,2024-12-22,08:46,1282.0,False,7,True
COMM-0006383,VD-000871,VD-000875,Social Media,2024-03-05,14:38,1488.0,True,3,False
COMM-0006384,VD-000550,VD-000257,E-Mail,2025-09-13,04:22,,True,9,False
COMM-0006385,VD-000139,VD-000296,E-Mail,2024-12-02,04:24,219.0,True,9,False
COMM-0006386,VD-000865,VD-000346,Telefonat,2025-02-23,03:09,3521.0,True,8,True
COMM-0006387,VD-000748,VD-000602,Social Media,2024-11-01,05:37,670.0,False,3,True
COMM-0006388,VD-000899,VD-000125,Brief,2023-11-19,13:51,691.0,True,6,False
COMM-0006389,VD-000147,VD-000391,Telefonat,2025-09-22,15:30,1770.0,True,6,False
COMM-0006390,VD-000314,VD-000380,Brief,2025-03-16,14:27,,False,5,True
COMM-0006391,VD-000636,VD-000459,Telegram,2023-12-26,05:16,990.0,False,1,True
COMM-0006392,VD-000284,VD-000384,E-Mail,2024-10-01,10:57,2568.0,False,6,False
COMM-0006393,VD-000307,VD-000101,Telegram,2023-03-06,18:45,1365.0,True,2,True
COMM-0006394,VD-000493,VD-000443,Persönlicher Kontakt,2023-12-06,20:17,1979.0,False,3,False
COMM-0006395,VD-000337,VD-000323,Brief,2023-08-18,10:31,486.0,True,9,True
COMM-0006396,VD-000790,VD-000477,Social Media,2025-01-27,00:38,2959.0,True,7,False
COMM-0006397,VD-000839,VD-000679,WhatsApp,2025-07-04,13:39,2993.0,False,8,False
COMM-0006398,VD-000735,VD-000634,Persönlicher Kontakt,2024-06-04,11:40,2505.0,True,9,False
COMM-0006399,VD-000511,VD-000217,Telefonat,2023-11-03,00:44,2726.0,True,6,False
COMM-0006400,VD-000168,VD-000510,E-Mail,2025-10-16,19:11,341.0,True,4,False
COMM-0006401,VD-000309,VD-000953,Telefonat,2023-02-24,08:26,1101.0,False,8,True
COMM-0006402,VD-000490,VD-000748,Telefonat,2023-03-07,15:06,1309.0,True,5,True
COMM-0006403,VD-000041,VD-000752,Persönlicher Kontakt,2024-06-05,03:47,367.0,False,3,False
COMM-0006404,VD-000715,VD-000755,Social Media,2024-09-10,20:29,,True,8,True
COMM-0006405,VD-000137,VD-000270,Brief,2024-12-18,06:33,,False,4,False
COMM-0006406,VD-000774,VD-000863,SMS,2024-10-23,21:22,3076.0,False,9,True
COMM-0006407,VD-000645,VD-000870,Persönlicher Kontakt,2023-04-20,06:56,1953.0,False,5,True
COMM-0006408,VD-000898,VD-000438,SMS,2024-12-21,20:14,1266.0,False,8,True
COMM-0006409,VD-000332,VD-000217,Telefonat,2024-12-17,08:38,671.0,True,4,True
COMM-0006410,VD-000772,VD-000422,E-Mail,2023-08-04,22:07,2674.0,False,8,False
COMM-0006411,VD-000502,VD-000777,Telegram,2024-04-16,05:06,3301.0,True,1,True
COMM-0006412,VD-000425,VD-000961,WhatsApp,2024-08-22,03:39,,False,2,True
COMM-0006413,VD-000617,VD-000973,Signal,2024-01-22,15:01,922.0,False,2,True
COMM-0006414,VD-000208,VD-000142,Brief,2023-10-10,09:27,1348.0,False,1,True
COMM-0006415,VD-000092,VD-000255,SMS,2024-10-07,09:21,1905.0,False,2,True
COMM-0006416,VD-000134,VD-000920,E-Mail,2024-05-25,18:52,2933.0,False,6,True
COMM-0006417,VD-000652,VD-000423,E-Mail,2023-03-31,10:56,2675.0,True,3,True
COMM-0006418,VD-000019,VD-000505,Brief,2025-06-02,05:01,2378.0,True,2,True
COMM-0006419,VD-000756,VD-000135,Signal,2024-09-25,09:43,2636.0,False,1,True
COMM-0006420,VD-000450,VD-000114,Signal,2024-01-04,20:09,3429.0,True,7,True
COMM-0006421,VD-000323,VD-000102,Brief,2024-10-15,18:00,,False,7,False
COMM-0006422,VD-000655,VD-000625,WhatsApp,2025-02-08,09:02,423.0,True,8,False
COMM-0006423,VD-000237,VD-000491,Signal,2025-01-24,00:12,,False,4,True
COMM-0006424,VD-000652,VD-000202,Brief,2023-07-13,00:03,1576.0,True,6,False
COMM-0006425,VD-000816,VD-000148,Social Media,2023-01-17,12:56,1932.0,True,2,False
COMM-0006426,VD-000786,VD-000938,Brief,2025-05-23,17:37,3121.0,True,8,True
COMM-0006427,VD-000744,VD-000075,Signal,2023-07-14,14:43,1716.0,False,1,False
COMM-0006428,VD-000437,VD-000100,Telegram,2023-03-15,11:56,3355.0,True,7,False
COMM-0006429,VD-000870,VD-000932,Social Media,2024-02-05,03:53,1343.0,True,1,False
COMM-0006430,VD-000435,VD-000389,WhatsApp,2023-09-17,16:51,2674.0,False,4,True
COMM-0006431,VD-000846,VD-000628,Signal,2025-05-09,00:32,2862.0,True,1,True
COMM-0006432,VD-000746,VD-000338,SMS,2025-03-14,20:24,2893.0,True,8,True
COMM-0006433,VD-000524,VD-000404,Brief,2024-04-24,07:36,561.0,False,2,False
COMM-0006434,VD-000515,VD-000714,Persönlicher Kontakt,2025-04-14,06:47,2977.0,False,1,True
COMM-0006435,VD-000276,VD-000143,Brief,2025-05-08,10:14,1895.0,False,2,False
COMM-0006436,VD-000006,VD-000547,WhatsApp,2024-11-02,02:17,604.0,False,4,True
COMM-0006437,VD-000321,VD-000734,Social Media,2025-01-16,12:29,1481.0,True,5,True
COMM-0006438,VD-000244,VD-000989,WhatsApp,2023-01-16,20:44,1574.0,True,4,True
COMM-0006439,VD-000052,VD-000948,Brief,2025-01-30,04:23,678.0,False,9,True
COMM-0006440,VD-000019,VD-000460,SMS,2025-04-27,23:25,210.0,False,5,False
COMM-0006441,VD-000829,VD-000186,Social Media,2023-08-28,21:55,1745.0,True,7,True
COMM-0006442,VD-000439,VD-000326,Persönlicher Kontakt,2024-02-29,21:46,1588.0,False,4,True
COMM-0006443,VD-000849,VD-000677,SMS,2024-01-10,12:20,2973.0,False,2,True
COMM-0006444,VD-000989,VD-000381,Brief,2024-03-06,05:18,3563.0,True,10,False
COMM-0006445,VD-000448,VD-000998,Social Media,2024-02-25,03:21,,True,4,True
COMM-0006446,VD-000606,VD-000346,Persönlicher Kontakt,2023-01-20,22:59,2177.0,False,7,False
COMM-0006447,VD-000124,VD-000536,WhatsApp,2025-10-16,14:10,,True,10,True
COMM-0006448,VD-000753,VD-000004,SMS,2023-03-16,13:20,,True,9,False
COMM-0006449,VD-000535,VD-000087,Persönlicher Kontakt,2023-03-21,18:34,,False,1,False
COMM-0006450,VD-000908,VD-000064,Persönlicher Kontakt,2025-01-17,08:54,,False,6,False
COMM-0006451,VD-000832,VD-000743,Persönlicher Kontakt,2023-04-10,01:37,,True,10,False
COMM-0006452,VD-000371,VD-000351,Brief,2024-10-16,17:41,1696.0,False,10,True
COMM-0006453,VD-000888,VD-000458,E-Mail,2025-07-18,20:21,2506.0,True,7,False
COMM-0006454,VD-000538,VD-000473,E-Mail,2023-09-09,00:52,,False,6,False
COMM-0006455,VD-000634,VD-000028,WhatsApp,2025-05-24,19:24,1610.0,True,1,True
COMM-0006456,VD-000881,VD-000333,Persönlicher Kontakt,2025-05-18,20:14,2581.0,False,5,False
COMM-0006457,VD-000717,VD-000917,E-Mail,2023-11-07,01:47,1716.0,False,5,True
COMM-0006458,VD-000463,VD-000948,SMS,2025-06-16,22:12,533.0,False,2,True
COMM-0006459,VD-000511,VD-000214,E-Mail,2024-03-20,00:36,,True,3,False
COMM-0006460,VD-000393,VD-000134,Brief,2023-12-15,12:34,,False,5,True
COMM-0006461,VD-000883,VD-000453,E-Mail,2024-06-01,04:06,1343.0,True,3,True
COMM-0006462,VD-000620,VD-000116,Persönlicher Kontakt,2024-12-14,09:42,2699.0,False,5,True
COMM-0006463,VD-000083,VD-000423,Brief,2024-01-06,09:10,2261.0,False,9,False
COMM-0006464,VD-000708,VD-000265,Social Media,2025-08-30,18:13,,True,9,True
COMM-0006465,VD-000687,VD-000273,Brief,2025-10-26,16:13,,False,4,True
COMM-0006466,VD-000312,VD-000569,WhatsApp,2023-11-17,15:48,,False,5,True
COMM-0006467,VD-000024,VD-000762,Social Media,2025-06-23,00:11,,False,2,True
COMM-0006468,VD-000238,VD-000010,Persönlicher Kontakt,2025-08-30,11:00,569.0,True,2,True
COMM-0006469,VD-000937,VD-000120,Brief,2024-04-15,20:52,953.0,True,4,True
COMM-0006470,VD-000542,VD-000196,Persönlicher Kontakt,2023-10-10,02:54,3263.0,True,8,True
COMM-0006471,VD-000829,VD-000760,Signal,2025-04-27,18:03,809.0,True,5,True
COMM-0006472,VD-000358,VD-000169,WhatsApp,2024-05-23,16:16,248.0,True,1,False
COMM-0006473,VD-000501,VD-000867,E-Mail,2025-01-20,06:57,2749.0,True,5,False
COMM-0006474,VD-000986,VD-000829,Signal,2023-02-12,15:01,,False,3,True
COMM-0006475,VD-000130,VD-000591,Social Media,2025-06-03,10:46,,False,6,False
COMM-0006476,VD-000228,VD-000322,WhatsApp,2024-01-25,03:40,,True,9,False
COMM-0006477,VD-000496,VD-000061,Brief,2024-09-24,10:11,377.0,False,10,True
COMM-0006478,VD-000373,VD-000768,SMS,2025-11-13,07:03,2213.0,True,6,False
COMM-0006479,VD-000111,VD-000650,Persönlicher Kontakt,2025-07-25,02:34,1733.0,True,1,True
COMM-0006480,VD-000399,VD-000714,WhatsApp,2025-06-01,09:41,984.0,True,7,True
COMM-0006481,VD-000857,VD-000974,SMS,2024-01-13,19:07,1323.0,False,9,True
COMM-0006482,VD-000542,VD-000611,Brief,2023-11-17,08:51,1361.0,False,4,False
COMM-0006483,VD-000419,VD-000538,E-Mail,2023-04-26,12:45,2804.0,False,7,True
COMM-0006484,VD-000925,VD-000093,Brief,2025-02-01,16:17,2189.0,False,3,False
COMM-0006485,VD-000553,VD-000967,Telefonat,2024-05-27,21:33,,False,10,False
COMM-0006486,VD-000627,VD-000122,Signal,2023-02-22,07:35,711.0,True,4,True
COMM-0006487,VD-000929,VD-000577,E-Mail,2025-11-11,15:02,193.0,True,3,False
COMM-0006488,VD-000204,VD-000456,SMS,2024-11-04,19:52,1924.0,True,7,True
COMM-0006489,VD-000003,VD-000186,Telegram,2023-01-25,00:40,,True,7,True
COMM-0006490,VD-000983,VD-000145,Social Media,2024-04-27,18:59,3368.0,True,4,True
COMM-0006491,VD-000647,VD-000935,Telefonat,2025-07-22,23:54,,True,8,False
COMM-0006492,VD-000396,VD-000682,Signal,2023-05-19,16:21,2583.0,False,7,True
COMM-0006493,VD-000314,VD-000514,Telefonat,2024-09-05,17:22,,True,9,True
COMM-0006494,VD-000574,VD-000371,Social Media,2025-09-28,13:21,404.0,False,10,False
COMM-0006495,VD-000674,VD-000786,Social Media,2023-07-21,23:53,2654.0,True,4,False
COMM-0006496,VD-000871,VD-000642,Brief,2023-12-16,15:03,85.0,True,1,False
COMM-0006497,VD-000427,VD-000354,Telefonat,2024-05-12,06:49,1398.0,False,8,True
COMM-0006498,VD-000719,VD-000291,WhatsApp,2024-10-01,02:45,,True,2,True
COMM-0006499,VD-000551,VD-000051,Telegram,2024-06-14,11:35,1685.0,False,3,False
COMM-0006500,VD-000577,VD-000472,Brief,2023-11-20,10:31,554.0,False,5,True
COMM-0006501,VD-000227,VD-000302,Social Media,2024-08-24,15:22,,False,8,True
COMM-0006502,VD-000518,VD-000844,Telefonat,2023-07-11,05:07,851.0,False,8,True
COMM-0006503,VD-000800,VD-000114,E-Mail,2025-02-02,03:54,799.0,True,4,False
COMM-0006504,VD-000048,VD-000824,WhatsApp,2024-11-22,06:45,,False,4,False
COMM-0006505,VD-000433,VD-000747,WhatsApp,2024-04-19,18:46,1549.0,True,5,True
COMM-0006506,VD-000875,VD-000311,E-Mail,2024-05-14,11:33,1398.0,True,2,True
COMM-0006507,VD-000031,VD-000853,Social Media,2025-01-21,09:11,,False,2,False
COMM-0006508,VD-000750,VD-000680,E-Mail,2023-06-28,19:34,,True,1,False
COMM-0006509,VD-000019,VD-000047,Telegram,2025-10-03,00:02,,True,7,False
COMM-0006510,VD-000371,VD-000306,SMS,2025-05-21,12:33,,False,1,False
COMM-0006511,VD-000739,VD-000380,Signal,2023-07-06,14:29,2289.0,True,2,False
COMM-0006512,VD-000086,VD-000652,Social Media,2025-10-08,11:11,,True,1,True
COMM-0006513,VD-000438,VD-000841,Social Media,2023-04-05,14:53,3438.0,True,5,False
COMM-0006514,VD-000493,VD-000420,Signal,2023-12-13,12:41,1788.0,False,4,True
COMM-0006515,VD-000006,VD-000018,Brief,2024-06-08,08:35,2584.0,True,6,True
COMM-0006516,VD-000687,VD-000736,Persönlicher Kontakt,2024-10-01,03:50,,False,4,True
COMM-0006517,VD-000716,VD-000448,Signal,2025-09-01,09:38,3145.0,True,8,True
COMM-0006518,VD-000076,VD-000028,Social Media,2025-01-31,22:01,930.0,True,8,True
COMM-0006519,VD-000549,VD-000363,E-Mail,2023-05-13,06:58,137.0,True,7,True
COMM-0006520,VD-000112,VD-000809,Social Media,2025-02-17,17:11,3440.0,True,8,True
COMM-0006521,VD-000339,VD-000241,Brief,2023-03-07,22:48,1744.0,True,8,True
COMM-0006522,VD-000035,VD-000196,Social Media,2025-03-27,00:50,1834.0,True,9,False
COMM-0006523,VD-000293,VD-000781,WhatsApp,2023-12-18,04:07,3308.0,True,6,True
COMM-0006524,VD-000119,VD-000478,WhatsApp,2025-04-01,09:25,,True,7,True
COMM-0006525,VD-000935,VD-000539,E-Mail,2024-05-29,17:52,241.0,True,8,True
COMM-0006526,VD-000530,VD-000794,Social Media,2023-04-13,21:16,2117.0,False,4,True
COMM-0006527,VD-000700,VD-000367,Social Media,2025-07-22,15:39,3297.0,False,10,True
COMM-0006528,VD-000006,VD-000794,Brief,2023-07-03,21:40,,True,1,True
COMM-0006529,VD-000089,VD-000494,Signal,2025-09-10,20:12,1889.0,False,9,False
COMM-0006530,VD-000423,VD-000890,SMS,2023-07-17,00:16,3567.0,False,7,True
COMM-0006531,VD-000659,VD-000624,E-Mail,2024-07-02,03:54,3512.0,True,3,False
COMM-0006532,VD-000175,VD-000324,Brief,2023-10-28,21:17,2384.0,True,7,False
COMM-0006533,VD-000829,VD-000466,Brief,2024-10-17,13:31,1107.0,True,5,True
COMM-0006534,VD-000491,VD-000615,Brief,2023-04-07,07:48,2718.0,True,9,False
COMM-0006535,VD-000389,VD-000503,SMS,2025-02-26,02:04,3287.0,False,10,False
COMM-0006536,VD-000029,VD-000799,E-Mail,2025-08-17,16:07,2439.0,True,9,True
COMM-0006537,VD-000601,VD-000867,Telegram,2025-02-15,23:45,,False,3,True
COMM-0006538,VD-000546,VD-000763,Telefonat,2023-02-08,08:19,393.0,False,3,True
COMM-0006539,VD-000843,VD-000366,Persönlicher Kontakt,2024-04-22,15:33,,True,8,True
COMM-0006540,VD-000269,VD-000337,Brief,2024-02-27,06:42,2227.0,True,4,True
COMM-0006541,VD-000871,VD-000107,Telegram,2025-07-16,19:53,,True,3,False
COMM-0006542,VD-000236,VD-000065,Telegram,2023-02-19,04:31,,False,1,True
COMM-0006543,VD-000374,VD-000071,Telefonat,2023-02-24,09:27,739.0,False,5,True
COMM-0006544,VD-000998,VD-000118,Persönlicher Kontakt,2025-06-27,15:14,3152.0,True,2,False
COMM-0006545,VD-000540,VD-000242,E-Mail,2025-08-20,07:41,3447.0,False,4,True
COMM-0006546,VD-000033,VD-000985,Signal,2023-01-11,15:53,464.0,False,7,False
COMM-0006547,VD-000461,VD-000240,Persönlicher Kontakt,2023-05-03,13:23,3283.0,False,3,False
COMM-0006548,VD-000547,VD-000089,SMS,2025-08-30,02:45,1129.0,False,3,False
COMM-0006549,VD-000005,VD-000932,SMS,2025-07-25,09:09,39.0,True,10,True
COMM-0006550,VD-000696,VD-000001,Persönlicher Kontakt,2025-05-09,05:08,68.0,False,4,True
COMM-0006551,VD-000620,VD-000500,Telegram,2024-01-25,16:39,2016.0,True,9,False
COMM-0006552,VD-000149,VD-000843,Persönlicher Kontakt,2025-03-22,14:52,2223.0,False,10,True
COMM-0006553,VD-000891,VD-000643,SMS,2025-08-07,10:50,228.0,True,3,False
COMM-0006554,VD-000745,VD-000137,Telegram,2023-10-08,19:42,400.0,False,2,True
COMM-0006555,VD-000810,VD-000905,Brief,2025-01-29,14:41,,True,8,True
COMM-0006556,VD-000892,VD-000506,E-Mail,2024-01-04,06:38,2639.0,True,6,False
COMM-0006557,VD-000548,VD-000775,Telegram,2024-12-26,06:44,2196.0,True,9,False
COMM-0006558,VD-000730,VD-000260,E-Mail,2023-07-17,06:26,2599.0,True,6,True
COMM-0006559,VD-000098,VD-000149,SMS,2023-08-05,23:27,3154.0,True,1,True
COMM-0006560,VD-000563,VD-000925,Telegram,2025-01-04,04:19,,True,6,True
COMM-0006561,VD-000448,VD-000712,Persönlicher Kontakt,2024-11-15,10:55,2969.0,True,9,True
COMM-0006562,VD-000614,VD-000454,Persönlicher Kontakt,2025-08-29,12:09,1763.0,True,8,True
COMM-0006563,VD-000625,VD-000168,Signal,2024-02-26,19:23,,False,8,False
COMM-0006564,VD-000502,VD-000940,Telefonat,2025-03-18,07:05,,False,2,True
COMM-0006565,VD-000898,VD-000812,Social Media,2024-06-13,13:32,,False,9,False
COMM-0006566,VD-000389,VD-000908,Telegram,2023-09-15,16:08,156.0,True,3,True
COMM-0006567,VD-000558,VD-000130,Telefonat,2023-03-10,08:20,2009.0,True,3,True
COMM-0006568,VD-000082,VD-000758,Persönlicher Kontakt,2023-07-28,14:34,2574.0,False,2,False
COMM-0006569,VD-000966,VD-000815,E-Mail,2025-10-05,15:38,,False,5,True
COMM-0006570,VD-000317,VD-000241,Telegram,2023-10-04,11:59,,True,10,False
COMM-0006571,VD-000910,VD-000740,Social Media,2025-04-02,18:49,,True,9,True
COMM-0006572,VD-000823,VD-000007,Brief,2025-10-24,17:40,2378.0,False,7,False
COMM-0006573,VD-000043,VD-000702,WhatsApp,2023-09-15,13:29,2151.0,False,1,True
COMM-0006574,VD-000349,VD-000335,Telefonat,2024-01-20,14:09,1173.0,True,5,False
COMM-0006575,VD-000948,VD-000890,E-Mail,2024-01-11,12:57,2415.0,True,4,False
COMM-0006576,VD-000516,VD-000657,SMS,2023-05-13,23:38,,True,3,True
COMM-0006577,VD-000309,VD-000933,Telegram,2025-01-01,12:45,2178.0,False,7,True
COMM-0006578,VD-000315,VD-000513,Signal,2023-11-08,11:59,1056.0,False,7,False
COMM-0006579,VD-000346,VD-000583,WhatsApp,2023-11-06,00:27,2599.0,True,9,True
COMM-0006580,VD-000304,VD-000344,WhatsApp,2024-05-23,05:43,,True,8,False
COMM-0006581,VD-000538,VD-000692,E-Mail,2025-10-26,06:39,2013.0,False,3,False
COMM-0006582,VD-000467,VD-000788,SMS,2025-10-09,14:27,2266.0,False,8,True
COMM-0006583,VD-000001,VD-000475,Brief,2023-09-30,09:52,2909.0,True,10,False
COMM-0006584,VD-000153,VD-000920,WhatsApp,2024-07-16,20:41,1892.0,False,2,False
COMM-0006585,VD-000004,VD-000037,Signal,2024-03-18,22:27,2947.0,True,8,False
COMM-0006586,VD-000788,VD-000243,Social Media,2024-10-16,18:10,,False,3,True
COMM-0006587,VD-000692,VD-000786,Social Media,2024-05-27,11:35,777.0,True,9,False
COMM-0006588,VD-000436,VD-000963,Telegram,2024-09-21,08:47,,True,3,True
COMM-0006589,VD-000252,VD-000762,Telefonat,2023-10-01,07:11,1216.0,False,4,True
COMM-0006590,VD-000528,VD-000265,Persönlicher Kontakt,2023-03-07,08:11,,False,7,False
COMM-0006591,VD-000372,VD-000786,E-Mail,2024-07-03,01:28,814.0,True,2,True
COMM-0006592,VD-000061,VD-000903,Brief,2024-05-20,12:17,,True,1,False
COMM-0006593,VD-000249,VD-000685,SMS,2023-12-16,03:50,2475.0,False,10,False
COMM-0006594,VD-000397,VD-000755,Brief,2023-11-24,07:43,2667.0,True,1,True
COMM-0006595,VD-000601,VD-000686,Social Media,2024-01-11,12:36,,True,7,True
COMM-0006596,VD-000849,VD-000688,Signal,2023-09-15,07:55,,False,6,True
COMM-0006597,VD-000669,VD-000801,WhatsApp,2023-11-22,16:27,204.0,True,4,True
COMM-0006598,VD-000592,VD-000567,Brief,2023-06-23,06:34,1426.0,True,5,True
COMM-0006599,VD-000617,VD-000931,Telefonat,2024-08-28,20:34,1108.0,False,7,True
COMM-0006600,VD-000773,VD-000338,Signal,2024-03-21,16:02,,True,9,True
COMM-0006601,VD-000913,VD-000251,E-Mail,2024-08-28,14:01,2859.0,False,7,False
COMM-0006602,VD-000878,VD-000001,WhatsApp,2024-05-17,19:52,2383.0,False,1,True
COMM-0006603,VD-000163,VD-000290,Brief,2023-05-01,21:54,,True,5,False
COMM-0006604,VD-000667,VD-000714,SMS,2023-01-30,08:01,1448.0,True,1,True
COMM-0006605,VD-000823,VD-000486,Telegram,2025-07-15,15:12,574.0,False,9,True
COMM-0006606,VD-000843,VD-000145,Persönlicher Kontakt,2024-05-03,19:30,1610.0,True,4,True
COMM-0006607,VD-000385,VD-000550,WhatsApp,2024-03-15,10:06,1448.0,True,6,False
COMM-0006608,VD-000876,VD-000981,Telefonat,2023-08-25,10:19,1239.0,False,10,False
COMM-0006609,VD-000100,VD-000541,SMS,2024-06-08,14:33,,False,10,True
COMM-0006610,VD-000435,VD-000084,Telefonat,2025-06-16,06:40,,True,6,True
COMM-0006611,VD-000822,VD-000470,E-Mail,2024-09-10,10:17,,True,5,False
COMM-0006612,VD-000308,VD-000444,Social Media,2025-06-10,22:07,,True,5,False
COMM-0006613,VD-000480,VD-000455,Telegram,2025-07-25,06:29,,True,10,True
COMM-0006614,VD-000192,VD-000515,Brief,2025-10-09,15:46,2262.0,False,8,False
COMM-0006615,VD-000892,VD-000775,Social Media,2023-04-24,12:30,440.0,True,8,True
COMM-0006616,VD-000824,VD-000022,Telefonat,2023-08-15,09:38,3520.0,False,4,True
COMM-0006617,VD-000077,VD-000926,E-Mail,2024-02-06,12:11,1672.0,True,7,True
COMM-0006618,VD-000051,VD-000022,WhatsApp,2024-09-30,19:30,,True,3,False
COMM-0006619,VD-000646,VD-000454,Signal,2023-11-11,08:10,2705.0,False,8,True
COMM-0006620,VD-000417,VD-000251,SMS,2025-09-03,15:15,1804.0,True,5,False
COMM-0006621,VD-000799,VD-000558,Social Media,2025-06-24,07:21,,False,9,False
COMM-0006622,VD-000230,VD-000363,Telefonat,2023-02-28,08:21,,False,6,False
COMM-0006623,VD-000019,VD-000852,Brief,2023-07-05,00:57,176.0,True,9,False
COMM-0006624,VD-000184,VD-000963,SMS,2024-02-08,20:56,,False,8,False
COMM-0006625,VD-000683,VD-000613,Brief,2024-07-20,14:33,809.0,False,1,True
COMM-0006626,VD-000393,VD-000475,Telegram,2024-12-28,22:35,1477.0,False,10,False
COMM-0006627,VD-000048,VD-000311,Persönlicher Kontakt,2024-06-12,01:28,499.0,False,2,True
COMM-0006628,VD-000010,VD-000198,Social Media,2023-12-22,14:44,,False,10,True
COMM-0006629,VD-000549,VD-000946,Signal,2023-05-04,00:56,,False,7,True
COMM-0006630,VD-000684,VD-000696,Persönlicher Kontakt,2023-05-17,18:56,2769.0,False,4,False
COMM-0006631,VD-000053,VD-000561,Brief,2025-09-15,20:11,,False,8,True
COMM-0006632,VD-000812,VD-000570,WhatsApp,2023-02-25,09:44,83.0,False,9,False
COMM-0006633,VD-000061,VD-000935,E-Mail,2024-11-29,14:05,2259.0,False,3,False
COMM-0006634,VD-000276,VD-000261,Telefonat,2023-05-30,10:55,250.0,False,8,False
COMM-0006635,VD-000615,VD-000976,E-Mail,2025-03-03,18:16,,True,1,True
COMM-0006636,VD-000120,VD-000896,E-Mail,2024-08-08,12:37,1324.0,True,6,True
COMM-0006637,VD-000759,VD-000232,Telefonat,2025-04-28,12:30,2210.0,True,3,True
COMM-0006638,VD-000957,VD-000802,Brief,2025-11-07,08:40,2402.0,False,1,False
COMM-0006639,VD-000416,VD-000542,WhatsApp,2023-07-21,20:00,,False,4,False
COMM-0006640,VD-000609,VD-000134,Telegram,2024-07-09,23:49,973.0,False,10,False
COMM-0006641,VD-000133,VD-000281,WhatsApp,2024-02-13,01:23,1870.0,False,10,False
COMM-0006642,VD-000785,VD-000555,WhatsApp,2024-07-20,19:52,3078.0,False,9,True
COMM-0006643,VD-000522,VD-000402,Brief,2024-09-24,01:28,139.0,True,3,True
COMM-0006644,VD-000024,VD-000078,Social Media,2025-08-28,22:52,,True,3,False
COMM-0006645,VD-000317,VD-000560,SMS,2025-09-24,21:03,1018.0,False,4,False
COMM-0006646,VD-000782,VD-000415,Telefonat,2024-12-03,05:28,,True,9,False
COMM-0006647,VD-000700,VD-000336,Persönlicher Kontakt,2023-08-30,03:56,708.0,False,1,False
COMM-0006648,VD-000760,VD-000170,Signal,2024-11-11,18:34,,False,10,True
COMM-0006649,VD-000089,VD-000156,E-Mail,2024-06-29,14:48,1666.0,True,2,True
COMM-0006650,VD-000540,VD-000695,Telegram,2024-01-01,00:12,336.0,False,6,False
COMM-0006651,VD-000173,VD-000695,Persönlicher Kontakt,2025-08-24,10:55,1129.0,True,6,False
COMM-0006652,VD-000142,VD-000104,Signal,2023-01-28,10:28,3418.0,False,5,True
COMM-0006653,VD-000093,VD-000394,Telefonat,2025-05-25,09:07,,False,6,False
COMM-0006654,VD-000104,VD-000740,WhatsApp,2023-03-17,22:57,435.0,False,5,True
COMM-0006655,VD-000904,VD-000057,Telefonat,2023-06-26,22:03,,False,2,False
COMM-0006656,VD-000407,VD-000905,Signal,2025-03-07,08:33,,True,6,True
COMM-0006657,VD-000682,VD-000194,WhatsApp,2025-10-23,17:59,,True,8,True
COMM-0006658,VD-000895,VD-000988,WhatsApp,2025-11-11,08:54,2428.0,True,7,False
COMM-0006659,VD-000236,VD-000301,E-Mail,2023-12-02,13:07,817.0,False,9,True
COMM-0006660,VD-000145,VD-000775,Telefonat,2023-04-12,03:22,787.0,False,1,False
COMM-0006661,VD-000385,VD-000104,E-Mail,2025-03-07,13:47,3060.0,False,2,True
COMM-0006662,VD-000868,VD-000142,Persönlicher Kontakt,2023-09-02,19:00,392.0,False,5,True
COMM-0006663,VD-000856,VD-000698,Telegram,2023-10-14,09:36,2476.0,False,2,True
COMM-0006664,VD-000299,VD-000262,WhatsApp,2024-10-07,19:47,2214.0,False,6,True
COMM-0006665,VD-000745,VD-000778,Telefonat,2024-10-03,13:35,2937.0,False,6,True
COMM-0006666,VD-000769,VD-000335,SMS,2025-02-16,15:58,3491.0,False,7,True
COMM-0006667,VD-000380,VD-000749,Signal,2024-06-23,07:38,772.0,True,5,True
COMM-0006668,VD-000664,VD-000316,Persönlicher Kontakt,2024-03-30,03:03,3309.0,True,2,False
COMM-0006669,VD-000330,VD-000288,E-Mail,2023-08-22,22:38,3171.0,False,1,True
COMM-0006670,VD-000526,VD-000872,Telegram,2024-09-14,13:50,1415.0,True,5,True
COMM-0006671,VD-000252,VD-000282,Signal,2023-06-08,06:57,,False,3,False
COMM-0006672,VD-000139,VD-000627,WhatsApp,2024-01-07,22:50,3070.0,True,5,True
COMM-0006673,VD-000234,VD-000616,SMS,2023-05-11,14:11,3377.0,True,2,True
COMM-0006674,VD-000371,VD-000423,E-Mail,2024-06-10,14:10,1057.0,True,4,True
COMM-0006675,VD-000707,VD-000251,Brief,2024-07-20,01:46,3329.0,True,7,True
COMM-0006676,VD-000306,VD-000655,Signal,2024-01-10,05:26,,True,2,False
COMM-0006677,VD-000074,VD-000039,E-Mail,2024-02-11,21:15,,True,1,True
COMM-0006678,VD-000197,VD-000315,Brief,2025-08-27,21:42,3043.0,False,6,False
COMM-0006679,VD-000382,VD-000080,Brief,2025-06-26,16:31,204.0,True,7,True
COMM-0006680,VD-000083,VD-000279,Telegram,2024-06-14,01:05,2849.0,True,7,True
COMM-0006681,VD-000149,VD-000953,Telefonat,2023-07-19,06:55,1302.0,False,4,True
COMM-0006682,VD-000013,VD-000089,Social Media,2023-12-28,03:41,790.0,False,3,True
COMM-0006683,VD-000858,VD-000845,Telefonat,2023-04-13,21:56,2748.0,False,9,True
COMM-0006684,VD-000005,VD-000868,Brief,2025-07-01,18:33,742.0,True,4,False
COMM-0006685,VD-000550,VD-000615,Telefonat,2025-06-06,01:16,3154.0,True,1,True
COMM-0006686,VD-000424,VD-000782,Persönlicher Kontakt,2023-12-31,06:52,,True,1,True
COMM-0006687,VD-000678,VD-000990,Telegram,2025-04-06,14:44,3476.0,False,3,True
COMM-0006688,VD-000490,VD-000142,Brief,2025-08-01,03:25,2936.0,False,3,True
COMM-0006689,VD-000647,VD-000378,Telefonat,2025-09-09,12:19,1111.0,False,10,False
COMM-0006690,VD-000123,VD-000307,Persönlicher Kontakt,2025-04-10,14:17,1627.0,True,1,False
COMM-0006691,VD-000251,VD-000521,Social Media,2023-11-03,19:35,3139.0,True,8,False
COMM-0006692,VD-000652,VD-000535,SMS,2025-06-14,14:38,441.0,False,10,True
COMM-0006693,VD-000129,VD-000330,Brief,2024-12-31,02:59,1050.0,False,1,True
COMM-0006694,VD-000614,VD-000746,SMS,2023-10-23,11:23,779.0,False,6,False
COMM-0006695,VD-000484,VD-000830,WhatsApp,2023-05-27,23:47,644.0,True,3,True
COMM-0006696,VD-000479,VD-000131,SMS,2025-10-14,20:46,2292.0,False,7,False
COMM-0006697,VD-000618,VD-000772,Persönlicher Kontakt,2025-07-11,20:16,,False,6,False
COMM-0006698,VD-000520,VD-000473,Telefonat,2023-04-29,17:46,,True,4,True
COMM-0006699,VD-000742,VD-000470,Persönlicher Kontakt,2023-09-05,05:02,1161.0,False,3,True
COMM-0006700,VD-000577,VD-000495,Social Media,2024-01-30,17:16,2962.0,False,10,False
COMM-0006701,VD-000501,VD-000363,Persönlicher Kontakt,2025-04-12,00:58,,True,6,True
COMM-0006702,VD-000368,VD-000334,Telegram,2024-04-23,08:30,2899.0,True,8,True
COMM-0006703,VD-000410,VD-000286,Persönlicher Kontakt,2023-05-08,23:07,2605.0,True,7,False
COMM-0006704,VD-000237,VD-000056,Brief,2024-11-01,19:46,982.0,False,3,False
COMM-0006705,VD-000970,VD-000037,Brief,2025-04-22,22:41,,True,7,True
COMM-0006706,VD-000233,VD-000183,E-Mail,2023-08-17,02:14,1280.0,True,10,True
COMM-0006707,VD-000977,VD-000243,Social Media,2024-07-12,04:46,419.0,True,10,True
COMM-0006708,VD-000926,VD-000558,Signal,2024-08-24,19:08,,False,1,True
COMM-0006709,VD-000390,VD-000640,Social Media,2023-10-19,08:30,,True,2,False
COMM-0006710,VD-000463,VD-000575,Persönlicher Kontakt,2023-07-29,10:54,817.0,False,9,True
COMM-0006711,VD-000659,VD-000643,Social Media,2024-08-11,07:10,1568.0,False,8,False
COMM-0006712,VD-000515,VD-000277,Signal,2023-11-25,09:16,1361.0,False,5,False
COMM-0006713,VD-000649,VD-000356,Signal,2025-09-21,00:33,1800.0,True,5,True
COMM-0006714,VD-000312,VD-000555,Signal,2024-08-31,23:00,,True,6,False
COMM-0006715,VD-000047,VD-000231,Telefonat,2024-11-19,17:37,,True,4,True
COMM-0006716,VD-000104,VD-000016,Signal,2025-09-15,02:59,59.0,False,1,True
COMM-0006717,VD-000113,VD-000709,Signal,2024-04-01,15:16,2852.0,True,9,True
COMM-0006718,VD-000659,VD-000025,Signal,2023-09-10,10:16,,False,8,True
COMM-0006719,VD-000962,VD-000100,Telegram,2025-07-23,14:53,,False,6,False
COMM-0006720,VD-000569,VD-000022,Telefonat,2023-04-15,18:05,985.0,False,3,False
COMM-0006721,VD-000655,VD-000288,Social Media,2025-04-23,22:05,,False,7,True
COMM-0006722,VD-000733,VD-000384,Telegram,2023-12-30,21:47,78.0,False,2,True
COMM-0006723,VD-000187,VD-000856,Brief,2023-08-11,15:40,2597.0,False,3,False
COMM-0006724,VD-000460,VD-000780,SMS,2024-04-09,12:08,2387.0,False,10,False
COMM-0006725,VD-000297,VD-000874,Brief,2024-01-03,06:40,3524.0,False,2,False
COMM-0006726,VD-000762,VD-000463,Brief,2023-01-29,04:50,3186.0,True,2,False
COMM-0006727,VD-000935,VD-000055,Signal,2025-03-03,15:27,1300.0,False,5,True
COMM-0006728,VD-000780,VD-000420,E-Mail,2023-06-23,13:33,2735.0,False,6,False
COMM-0006729,VD-000174,VD-000224,Telegram,2023-08-15,07:01,,True,2,False
COMM-0006730,VD-000562,VD-000426,Persönlicher Kontakt,2024-09-05,01:46,2180.0,True,8,True
COMM-0006731,VD-000691,VD-000964,WhatsApp,2024-07-04,01:19,,False,2,False
COMM-0006732,VD-000913,VD-000030,Telegram,2025-10-30,17:26,3420.0,False,2,True
COMM-0006733,VD-000454,VD-000430,Persönlicher Kontakt,2023-03-29,07:13,,False,2,True
COMM-0006734,VD-000315,VD-000445,SMS,2024-09-11,09:23,3590.0,True,8,True
COMM-0006735,VD-000101,VD-000626,Persönlicher Kontakt,2023-12-19,23:33,296.0,True,2,True
COMM-0006736,VD-000442,VD-000523,Telegram,2025-05-19,14:29,,False,1,True
COMM-0006737,VD-000830,VD-000974,E-Mail,2023-06-11,05:11,376.0,True,10,True
COMM-0006738,VD-000483,VD-000358,Brief,2024-04-26,02:48,3382.0,True,2,True
COMM-0006739,VD-000421,VD-000238,Social Media,2024-03-29,03:13,2213.0,False,10,False
COMM-0006740,VD-000595,VD-000119,WhatsApp,2024-06-15,16:11,,True,3,False
COMM-0006741,VD-000173,VD-000839,Signal,2023-06-10,17:25,2822.0,False,1,True
COMM-0006742,VD-000470,VD-000624,Persönlicher Kontakt,2025-02-16,03:20,3082.0,True,3,False
COMM-0006743,VD-000615,VD-000605,Social Media,2024-02-08,00:34,2774.0,False,2,False
COMM-0006744,VD-000146,VD-000463,Persönlicher Kontakt,2025-06-21,07:02,2492.0,False,9,True
COMM-0006745,VD-000921,VD-000659,Persönlicher Kontakt,2025-10-08,10:19,2907.0,False,3,False
COMM-0006746,VD-000898,VD-000261,Social Media,2023-09-21,01:01,,False,9,False
COMM-0006747,VD-000915,VD-000795,Brief,2025-02-16,08:48,2577.0,False,3,False
COMM-0006748,VD-000680,VD-000126,SMS,2025-08-28,10:10,690.0,True,8,True
COMM-0006749,VD-000795,VD-000853,E-Mail,2024-08-13,18:19,,False,1,False
COMM-0006750,VD-000630,VD-000786,Brief,2024-03-02,20:25,,False,9,False
COMM-0006751,VD-000348,VD-000690,Telegram,2023-12-24,05:46,,True,8,False
COMM-0006752,VD-000917,VD-000661,Social Media,2024-01-08,04:25,2413.0,False,4,False
COMM-0006753,VD-000045,VD-000082,Signal,2024-10-11,07:41,,True,2,False
COMM-0006754,VD-000303,VD-000701,Social Media,2023-08-28,17:40,801.0,True,1,False
COMM-0006755,VD-000150,VD-000249,SMS,2025-06-02,03:02,3156.0,False,3,True
COMM-0006756,VD-000470,VD-000447,Signal,2025-01-15,07:02,1817.0,False,9,False
COMM-0006757,VD-000633,VD-000722,WhatsApp,2024-10-27,06:57,,True,7,True
COMM-0006758,VD-000640,VD-000629,WhatsApp,2025-10-04,20:55,3510.0,False,6,True
COMM-0006759,VD-000888,VD-000466,Brief,2024-05-15,20:52,3166.0,False,6,True
COMM-0006760,VD-000265,VD-000077,Social Media,2023-12-24,10:59,,True,9,True
COMM-0006761,VD-000425,VD-000835,Telefonat,2023-12-20,23:45,14.0,False,4,True
COMM-0006762,VD-000889,VD-000334,Brief,2025-06-10,22:19,1480.0,True,7,False
COMM-0006763,VD-000752,VD-000283,SMS,2024-10-02,13:11,960.0,False,4,True
COMM-0006764,VD-000502,VD-000709,Brief,2023-09-13,08:09,1589.0,False,6,False
COMM-0006765,VD-000533,VD-000498,Telegram,2025-02-09,17:43,2261.0,True,4,False
COMM-0006766,VD-000063,VD-000538,Telegram,2024-12-23,21:21,2009.0,True,4,False
COMM-0006767,VD-000904,VD-000455,Persönlicher Kontakt,2025-07-02,19:36,2780.0,True,4,False
COMM-0006768,VD-000970,VD-000186,Telefonat,2024-10-22,15:39,,False,1,True
COMM-0006769,VD-000495,VD-000154,WhatsApp,2024-12-01,07:37,512.0,True,5,True
COMM-0006770,VD-000077,VD-000378,SMS,2023-05-25,05:03,1678.0,False,7,True
COMM-0006771,VD-000257,VD-000313,Brief,2024-02-05,15:40,1523.0,True,7,False
COMM-0006772,VD-001000,VD-000817,Brief,2023-04-02,08:51,,False,6,False
COMM-0006773,VD-000759,VD-000827,Signal,2025-08-22,04:56,2754.0,True,1,True
COMM-0006774,VD-000935,VD-000659,SMS,2025-07-03,23:41,,True,3,True
COMM-0006775,VD-000149,VD-000288,SMS,2024-10-03,07:26,293.0,False,6,False
COMM-0006776,VD-000471,VD-000949,Persönlicher Kontakt,2023-12-19,08:03,3073.0,False,4,False
COMM-0006777,VD-000327,VD-000027,Signal,2023-01-04,15:25,,True,7,False
COMM-0006778,VD-000994,VD-000780,Signal,2024-01-21,00:28,191.0,True,7,False
COMM-0006779,VD-000029,VD-000891,WhatsApp,2024-04-22,20:15,,False,5,True
COMM-0006780,VD-000817,VD-000597,Signal,2024-06-12,18:10,792.0,True,6,True
COMM-0006781,VD-000877,VD-000042,Telegram,2025-04-20,20:37,,True,4,False
COMM-0006782,VD-000450,VD-000477,Social Media,2024-07-31,09:03,,False,6,False
COMM-0006783,VD-000990,VD-000769,WhatsApp,2023-12-23,23:26,397.0,False,1,False
COMM-0006784,VD-000265,VD-000218,Telegram,2023-02-17,10:00,3596.0,False,6,True
COMM-0006785,VD-000987,VD-000265,Telegram,2023-12-02,17:17,,False,8,True
COMM-0006786,VD-000524,VD-000360,Telefonat,2025-03-25,19:18,3307.0,True,10,False
COMM-0006787,VD-000734,VD-000629,Persönlicher Kontakt,2023-05-07,22:30,3021.0,True,5,False
COMM-0006788,VD-000952,VD-000713,Brief,2024-12-05,06:42,2121.0,False,9,False
COMM-0006789,VD-000022,VD-000991,Brief,2024-12-28,07:49,3368.0,False,5,True
COMM-0006790,VD-000638,VD-000663,Telegram,2024-11-29,11:42,3460.0,False,7,False
COMM-0006791,VD-000961,VD-000199,Signal,2023-01-20,12:26,378.0,False,2,False
COMM-0006792,VD-000251,VD-000676,Persönlicher Kontakt,2024-04-15,15:27,1944.0,False,3,True
COMM-0006793,VD-000789,VD-000835,Telegram,2024-11-09,07:53,,False,8,False
COMM-0006794,VD-000976,VD-000867,Signal,2024-06-20,07:37,1801.0,False,5,True
COMM-0006795,VD-000605,VD-000064,SMS,2023-06-10,08:04,,True,7,False
COMM-0006796,VD-000622,VD-000784,Telefonat,2025-06-23,23:39,1685.0,True,6,False
COMM-0006797,VD-000625,VD-000313,Signal,2023-07-20,15:39,233.0,False,10,True
COMM-0006798,VD-000533,VD-000829,Telefonat,2025-01-23,19:45,,False,9,False
COMM-0006799,VD-000543,VD-000096,Persönlicher Kontakt,2024-03-06,03:52,,False,8,True
COMM-0006800,VD-000871,VD-000339,Brief,2023-05-17,14:21,2989.0,True,1,False
COMM-0006801,VD-000677,VD-000524,Social Media,2025-07-29,14:00,1427.0,True,9,False
COMM-0006802,VD-000488,VD-000314,Persönlicher Kontakt,2024-05-19,09:07,2460.0,True,7,True
COMM-0006803,VD-000296,VD-000382,Telegram,2024-10-12,07:25,1623.0,True,8,True
COMM-0006804,VD-000954,VD-000862,Brief,2024-03-17,11:23,,False,9,False
COMM-0006805,VD-000421,VD-000327,SMS,2024-02-03,12:37,,True,8,True
COMM-0006806,VD-000801,VD-000991,E-Mail,2025-09-30,11:21,2368.0,True,3,True
COMM-0006807,VD-000196,VD-000360,SMS,2025-08-25,16:30,,True,7,False
COMM-0006808,VD-000912,VD-000771,Persönlicher Kontakt,2024-12-20,17:55,1189.0,True,4,True
COMM-0006809,VD-000773,VD-000526,Telefonat,2025-03-11,08:09,,True,1,False
COMM-0006810,VD-000389,VD-000034,Telefonat,2025-08-07,20:30,91.0,True,9,False
COMM-0006811,VD-000412,VD-000684,Persönlicher Kontakt,2023-11-27,17:14,,True,7,True
COMM-0006812,VD-000576,VD-000471,Social Media,2023-03-05,18:32,113.0,False,5,False
COMM-0006813,VD-000885,VD-000395,WhatsApp,2024-05-22,05:18,,True,9,False
COMM-0006814,VD-000201,VD-000867,Signal,2024-05-25,14:50,2733.0,True,4,True
COMM-0006815,VD-000780,VD-000197,SMS,2024-09-05,16:45,1640.0,True,2,False
COMM-0006816,VD-000768,VD-000713,Telegram,2024-07-31,19:53,3284.0,True,5,False
COMM-0006817,VD-000962,VD-000161,Persönlicher Kontakt,2025-02-10,08:39,1378.0,False,4,False
COMM-0006818,VD-000467,VD-000434,E-Mail,2024-11-09,14:56,1670.0,False,4,False
COMM-0006819,VD-000127,VD-000067,Signal,2024-10-27,10:35,3218.0,False,1,True
COMM-0006820,VD-000677,VD-000037,E-Mail,2024-02-26,04:52,1916.0,False,10,False
COMM-0006821,VD-000144,VD-000584,Social Media,2023-05-27,14:45,55.0,True,3,False
COMM-0006822,VD-000369,VD-000806,WhatsApp,2024-03-14,11:24,175.0,False,6,True
COMM-0006823,VD-000482,VD-000518,Persönlicher Kontakt,2024-04-13,01:05,,False,5,True
COMM-0006824,VD-000547,VD-000423,E-Mail,2024-02-15,21:54,2426.0,True,9,True
COMM-0006825,VD-000065,VD-000574,Telefonat,2024-03-06,03:02,55.0,False,5,False
COMM-0006826,VD-000283,VD-000186,Signal,2024-11-22,07:03,3133.0,False,4,True
COMM-0006827,VD-000946,VD-000641,Social Media,2023-02-12,10:25,3148.0,False,7,False
COMM-0006828,VD-000008,VD-000883,Brief,2024-01-03,15:40,1297.0,False,1,False
COMM-0006829,VD-000251,VD-000408,Social Media,2023-08-30,03:39,,True,2,False
COMM-0006830,VD-000876,VD-000913,Telegram,2023-08-02,20:13,3031.0,True,4,True
COMM-0006831,VD-000169,VD-000709,Telegram,2025-09-14,05:53,1808.0,False,7,False
COMM-0006832,VD-000030,VD-000907,Telefonat,2025-07-27,09:56,2669.0,False,1,False
COMM-0006833,VD-000527,VD-000697,Signal,2023-07-16,23:48,3444.0,False,4,True
COMM-0006834,VD-000148,VD-000173,Telegram,2023-03-14,13:57,2679.0,False,7,True
COMM-0006835,VD-000339,VD-000948,WhatsApp,2025-05-08,08:57,2545.0,False,6,True
COMM-0006836,VD-000196,VD-000439,E-Mail,2024-07-02,08:57,1873.0,False,5,False
COMM-0006837,VD-000047,VD-000970,Persönlicher Kontakt,2025-05-26,11:01,,False,4,True
COMM-0006838,VD-000889,VD-000534,Persönlicher Kontakt,2024-03-05,18:07,,False,7,True
COMM-0006839,VD-000161,VD-000550,E-Mail,2024-09-18,14:25,1408.0,True,3,True
COMM-0006840,VD-000556,VD-000404,SMS,2024-05-02,03:56,225.0,False,3,False
COMM-0006841,VD-000324,VD-000283,Signal,2025-04-10,04:24,2569.0,True,7,True
COMM-0006842,VD-000893,VD-000579,Telefonat,2025-10-16,05:15,,False,8,True
COMM-0006843,VD-000019,VD-000755,SMS,2023-03-30,18:51,,False,2,True
COMM-0006844,VD-000797,VD-000413,SMS,2023-01-19,21:23,45.0,True,7,False
COMM-0006845,VD-000550,VD-000179,Telegram,2023-04-11,21:11,,False,4,True
COMM-0006846,VD-000671,VD-000280,Brief,2024-01-25,18:28,,False,2,True
COMM-0006847,VD-000145,VD-000344,Signal,2024-08-02,20:33,2069.0,True,5,True
COMM-0006848,VD-000169,VD-000404,Persönlicher Kontakt,2024-08-02,10:31,3361.0,False,4,True
COMM-0006849,VD-000727,VD-000499,Telefonat,2024-05-08,13:38,346.0,False,4,False
COMM-0006850,VD-000757,VD-000232,Social Media,2023-11-23,12:11,1618.0,False,2,False
COMM-0006851,VD-000840,VD-000717,Persönlicher Kontakt,2025-01-24,11:31,,True,6,False
COMM-0006852,VD-000397,VD-000246,Signal,2024-02-23,08:47,1924.0,False,4,True
COMM-0006853,VD-000672,VD-000706,Telefonat,2025-06-13,15:35,3208.0,False,4,False
COMM-0006854,VD-000328,VD-000343,Telefonat,2024-08-08,06:18,,False,9,True
COMM-0006855,VD-000080,VD-000990,SMS,2024-07-27,06:10,2139.0,False,6,True
COMM-0006856,VD-000600,VD-000549,Telegram,2024-11-20,13:57,3099.0,True,10,False
COMM-0006857,VD-000611,VD-000510,E-Mail,2025-05-21,15:58,2479.0,True,3,False
COMM-0006858,VD-000334,VD-000750,SMS,2025-09-01,07:16,,True,1,False
COMM-0006859,VD-000817,VD-000246,Brief,2023-04-02,04:46,819.0,True,6,False
COMM-0006860,VD-000121,VD-000624,Signal,2024-04-15,07:17,1450.0,False,2,False
COMM-0006861,VD-000501,VD-000544,Persönlicher Kontakt,2024-04-11,08:10,,True,6,False
COMM-0006862,VD-000820,VD-000738,E-Mail,2025-11-02,23:53,,True,3,True
COMM-0006863,VD-000176,VD-000492,Persönlicher Kontakt,2024-02-12,01:41,,False,7,True
COMM-0006864,VD-000737,VD-000010,E-Mail,2023-02-11,19:29,892.0,False,9,False
COMM-0006865,VD-000829,VD-000911,Persönlicher Kontakt,2025-02-12,21:02,,False,4,True
COMM-0006866,VD-000165,VD-000516,Signal,2025-09-24,06:37,2311.0,True,6,False
COMM-0006867,VD-000036,VD-000253,WhatsApp,2024-03-19,12:57,611.0,True,9,True
COMM-0006868,VD-000533,VD-000503,Brief,2024-01-01,11:19,,False,1,False
COMM-0006869,VD-000498,VD-000105,WhatsApp,2024-11-20,12:28,836.0,False,8,False
COMM-0006870,VD-000162,VD-000062,Persönlicher Kontakt,2023-07-01,07:19,130.0,False,8,True
COMM-0006871,VD-000566,VD-000754,WhatsApp,2025-02-18,11:42,380.0,False,1,False
COMM-0006872,VD-000244,VD-000955,Brief,2025-04-19,02:19,1950.0,False,6,True
COMM-0006873,VD-000079,VD-000199,Telefonat,2023-12-05,22:28,334.0,False,9,True
COMM-0006874,VD-000025,VD-000842,Signal,2025-06-21,03:36,3569.0,False,3,True
COMM-0006875,VD-000084,VD-000084,Brief,2023-06-20,04:33,151.0,True,7,False
COMM-0006876,VD-000842,VD-000613,Telefonat,2024-10-25,08:05,1182.0,False,2,False
COMM-0006877,VD-000390,VD-000139,Telegram,2025-05-05,07:51,1048.0,False,2,True
COMM-0006878,VD-000223,VD-000891,E-Mail,2023-02-15,17:52,3386.0,False,3,False
COMM-0006879,VD-000258,VD-000904,Telefonat,2023-01-25,02:08,2642.0,False,9,True
COMM-0006880,VD-000141,VD-000218,Social Media,2023-04-21,22:04,1295.0,False,2,False
COMM-0006881,VD-000357,VD-000472,Brief,2023-07-19,08:32,,True,7,True
COMM-0006882,VD-000507,VD-000465,Persönlicher Kontakt,2023-08-15,23:24,191.0,False,10,False
COMM-0006883,VD-000970,VD-000308,SMS,2025-09-28,09:27,3224.0,False,9,False
COMM-0006884,VD-000384,VD-000488,SMS,2023-09-05,13:25,,True,6,False
COMM-0006885,VD-000593,VD-000721,Signal,2025-01-21,14:44,1605.0,True,5,False
COMM-0006886,VD-000626,VD-000654,E-Mail,2025-09-03,13:56,,True,9,False
COMM-0006887,VD-000531,VD-000576,E-Mail,2023-07-27,21:50,195.0,True,1,True
COMM-0006888,VD-000098,VD-000896,E-Mail,2025-02-16,03:11,2414.0,True,10,False
COMM-0006889,VD-000053,VD-000361,SMS,2025-07-05,02:06,569.0,False,3,True
COMM-0006890,VD-000990,VD-000113,Telefonat,2024-10-05,23:50,,True,5,True
COMM-0006891,VD-000639,VD-000377,Brief,2023-07-21,14:07,,False,10,False
COMM-0006892,VD-000823,VD-000840,WhatsApp,2024-06-28,05:13,,True,2,True
COMM-0006893,VD-000798,VD-000269,Brief,2025-09-02,15:17,2247.0,False,3,True
COMM-0006894,VD-000830,VD-000808,Telefonat,2024-05-22,19:30,3508.0,True,2,False
COMM-0006895,VD-000590,VD-000455,Persönlicher Kontakt,2024-03-31,18:40,2404.0,True,7,True
COMM-0006896,VD-000219,VD-000320,Telegram,2024-03-11,02:35,,False,4,False
COMM-0006897,VD-000198,VD-000196,SMS,2025-04-30,01:14,,True,4,True
COMM-0006898,VD-000245,VD-000383,Social Media,2025-04-28,14:33,,False,3,False
COMM-0006899,VD-000548,VD-000589,Telefonat,2023-04-05,04:03,,True,9,True
COMM-0006900,VD-000750,VD-000221,Brief,2024-05-22,12:01,,False,1,False
COMM-0006901,VD-000428,VD-000596,SMS,2023-07-12,01:55,2935.0,True,7,True
COMM-0006902,VD-000168,VD-000077,SMS,2023-07-06,09:17,3099.0,True,1,False
COMM-0006903,VD-000097,VD-000547,Social Media,2023-11-05,01:02,2910.0,False,5,False
COMM-0006904,VD-000463,VD-000924,WhatsApp,2024-05-02,04:26,,True,9,False
COMM-0006905,VD-000800,VD-000024,Telegram,2025-07-20,16:45,2647.0,False,7,True
COMM-0006906,VD-000942,VD-000917,Persönlicher Kontakt,2024-04-22,12:14,789.0,False,7,True
COMM-0006907,VD-000198,VD-000757,Telegram,2024-12-03,08:44,818.0,False,4,False
COMM-0006908,VD-000782,VD-000320,SMS,2023-01-06,09:24,1922.0,False,3,False
COMM-0006909,VD-000188,VD-000555,Persönlicher Kontakt,2023-06-25,17:59,1486.0,True,6,False
COMM-0006910,VD-000804,VD-000069,WhatsApp,2024-07-31,19:49,,False,4,True
COMM-0006911,VD-000822,VD-000440,WhatsApp,2023-01-29,23:22,3550.0,True,4,False
COMM-0006912,VD-000321,VD-000030,Persönlicher Kontakt,2024-10-11,20:34,3533.0,False,2,True
COMM-0006913,VD-000166,VD-000692,Telefonat,2023-09-07,02:07,144.0,False,5,False
COMM-0006914,VD-000995,VD-000932,Social Media,2024-02-04,15:13,2045.0,True,8,True
COMM-0006915,VD-000069,VD-000107,WhatsApp,2024-12-20,04:27,1220.0,False,10,False
COMM-0006916,VD-000857,VD-000338,SMS,2023-02-20,08:16,1102.0,False,3,False
COMM-0006917,VD-000801,VD-000837,Signal,2024-01-24,19:52,2448.0,False,10,True
COMM-0006918,VD-000778,VD-000688,Brief,2025-10-07,15:43,2397.0,False,2,False
COMM-0006919,VD-000883,VD-000935,WhatsApp,2023-07-09,05:00,1496.0,False,4,False
COMM-0006920,VD-000984,VD-000093,Signal,2023-09-28,03:34,,False,5,False
COMM-0006921,VD-000304,VD-000102,SMS,2023-01-04,02:16,,True,10,False
COMM-0006922,VD-000670,VD-000474,Social Media,2025-05-17,21:51,,True,7,True
COMM-0006923,VD-000149,VD-000726,WhatsApp,2023-03-03,03:12,,True,3,False
COMM-0006924,VD-000056,VD-000003,SMS,2024-05-28,06:44,2589.0,True,10,True
COMM-0006925,VD-000836,VD-000306,E-Mail,2024-12-16,03:49,24.0,True,3,False
COMM-0006926,VD-000234,VD-000846,Brief,2023-01-05,16:38,,False,9,False
COMM-0006927,VD-000143,VD-000927,WhatsApp,2025-04-13,08:04,2725.0,True,6,True
COMM-0006928,VD-000105,VD-000160,Telefonat,2024-01-20,00:41,,False,4,False
COMM-0006929,VD-000472,VD-000609,Brief,2024-02-18,09:30,1893.0,True,5,False
COMM-0006930,VD-000551,VD-000724,E-Mail,2023-06-05,21:50,2956.0,True,9,True
COMM-0006931,VD-000191,VD-000534,E-Mail,2023-01-01,08:09,,False,1,True
COMM-0006932,VD-000130,VD-000816,Brief,2024-02-14,14:45,526.0,False,6,False
COMM-0006933,VD-000150,VD-000932,Persönlicher Kontakt,2023-08-26,22:12,2941.0,False,6,True
COMM-0006934,VD-000264,VD-000056,Persönlicher Kontakt,2025-07-16,18:46,,False,8,False
COMM-0006935,VD-000915,VD-000438,E-Mail,2024-05-09,08:28,2391.0,False,9,True
COMM-0006936,VD-000618,VD-000313,Telegram,2023-06-24,14:22,2993.0,False,1,True
COMM-0006937,VD-000955,VD-000765,Social Media,2023-02-13,09:30,,False,1,False
COMM-0006938,VD-000802,VD-000325,Social Media,2024-03-14,08:05,,False,1,True
COMM-0006939,VD-000291,VD-000285,Telegram,2024-07-17,15:09,,True,10,False
COMM-0006940,VD-000574,VD-000873,Social Media,2024-06-08,17:12,3373.0,True,2,True
COMM-0006941,VD-000330,VD-000799,Telefonat,2024-02-03,07:08,3196.0,False,4,False
COMM-0006942,VD-000514,VD-000152,Telefonat,2023-05-06,05:04,1235.0,True,10,False
COMM-0006943,VD-000541,VD-000282,Signal,2024-12-29,13:18,1378.0,False,2,True
COMM-0006944,VD-000756,VD-000555,Telefonat,2024-05-04,14:42,,False,1,True
COMM-0006945,VD-000486,VD-000181,Brief,2024-08-07,18:16,2997.0,False,7,False
COMM-0006946,VD-000453,VD-000422,Social Media,2025-02-23,14:12,,False,5,False
COMM-0006947,VD-000294,VD-000273,Persönlicher Kontakt,2025-11-02,18:25,924.0,True,9,True
COMM-0006948,VD-000219,VD-000681,SMS,2023-04-29,06:44,1692.0,False,4,False
COMM-0006949,VD-000505,VD-000129,E-Mail,2023-09-26,21:52,,False,6,False
COMM-0006950,VD-000415,VD-000027,Signal,2024-08-26,03:48,3384.0,False,6,True
COMM-0006951,VD-000429,VD-000925,Signal,2025-08-02,11:15,1944.0,False,4,False
COMM-0006952,VD-000703,VD-000712,SMS,2025-01-03,10:17,815.0,True,4,False
COMM-0006953,VD-000677,VD-000255,E-Mail,2024-02-08,23:35,95.0,True,4,True
COMM-0006954,VD-000493,VD-000688,Telegram,2023-11-25,23:59,,True,1,True
COMM-0006955,VD-000282,VD-000202,Signal,2023-02-27,02:25,1373.0,True,3,False
COMM-0006956,VD-000568,VD-000592,Social Media,2025-07-23,17:44,,False,10,True
COMM-0006957,VD-000775,VD-000911,E-Mail,2024-04-17,04:15,2681.0,True,1,False
COMM-0006958,VD-000383,VD-000909,WhatsApp,2024-10-28,23:06,3341.0,False,10,False
COMM-0006959,VD-000396,VD-000600,Telefonat,2025-03-18,06:00,,True,3,True
COMM-0006960,VD-000792,VD-000252,Persönlicher Kontakt,2025-05-15,05:54,,False,7,False
COMM-0006961,VD-000551,VD-000744,Telegram,2024-01-28,16:47,2795.0,True,2,True
COMM-0006962,VD-000553,VD-000785,Brief,2025-10-11,04:30,,True,10,True
COMM-0006963,VD-000398,VD-000119,SMS,2024-01-07,02:13,723.0,False,9,False
COMM-0006964,VD-000133,VD-000606,SMS,2025-02-02,04:15,3278.0,True,8,False
COMM-0006965,VD-000898,VD-000529,E-Mail,2025-03-30,23:28,1120.0,False,9,False
COMM-0006966,VD-000628,VD-000513,Signal,2023-10-21,07:07,,True,9,True
COMM-0006967,VD-000510,VD-000473,Social Media,2023-07-01,16:20,451.0,True,6,False
COMM-0006968,VD-000853,VD-000079,Persönlicher Kontakt,2024-11-22,21:06,244.0,True,2,False
COMM-0006969,VD-000343,VD-000169,Brief,2025-11-07,17:36,,False,10,True
COMM-0006970,VD-000489,VD-000314,Telegram,2025-01-06,09:50,2270.0,True,10,True
COMM-0006971,VD-000608,VD-000252,E-Mail,2024-01-05,00:20,,False,3,True
COMM-0006972,VD-000547,VD-000251,Telefonat,2025-10-14,20:18,,True,4,False
COMM-0006973,VD-000269,VD-000321,Social Media,2025-01-03,16:40,3088.0,True,3,True
COMM-0006974,VD-000679,VD-000009,Signal,2025-02-09,05:45,1857.0,False,7,False
COMM-0006975,VD-000012,VD-000187,Brief,2025-04-03,23:58,392.0,True,7,False
COMM-0006976,VD-000300,VD-000495,E-Mail,2024-09-19,09:54,1098.0,True,1,True
COMM-0006977,VD-000973,VD-000710,Telefonat,2024-12-28,05:06,823.0,True,2,False
COMM-0006978,VD-000166,VD-000920,WhatsApp,2024-06-20,14:00,3131.0,True,1,True
COMM-0006979,VD-000707,VD-000655,E-Mail,2023-02-13,13:16,1936.0,True,4,False
COMM-0006980,VD-000405,VD-000158,SMS,2023-03-24,13:05,736.0,True,2,False
COMM-0006981,VD-000598,VD-000152,E-Mail,2023-05-19,01:34,2321.0,False,10,True
COMM-0006982,VD-000211,VD-000869,Telegram,2023-10-18,17:37,,False,2,True
COMM-0006983,VD-000876,VD-000444,Social Media,2023-09-12,10:05,905.0,True,4,True
COMM-0006984,VD-000729,VD-000487,Telegram,2024-02-27,14:11,,True,9,False
COMM-0006985,VD-000950,VD-000243,Social Media,2025-10-07,23:45,2191.0,True,3,False
COMM-0006986,VD-000913,VD-000455,Brief,2024-06-21,15:31,1066.0,True,10,True
COMM-0006987,VD-000577,VD-000290,E-Mail,2023-12-01,16:12,,True,8,False
COMM-0006988,VD-000396,VD-000419,Telefonat,2024-11-29,16:22,133.0,False,8,True
COMM-0006989,VD-000885,VD-000589,SMS,2023-02-16,00:46,95.0,True,2,True
COMM-0006990,VD-000550,VD-000329,Social Media,2025-10-17,10:50,,False,9,False
COMM-0006991,VD-000135,VD-000623,Persönlicher Kontakt,2024-05-24,08:59,3517.0,True,9,True
COMM-0006992,VD-000191,VD-000488,Persönlicher Kontakt,2023-04-09,05:46,476.0,False,4,False
COMM-0006993,VD-000032,VD-000235,Signal,2024-12-05,06:50,,True,2,True
COMM-0006994,VD-000520,VD-000221,WhatsApp,2023-06-24,19:02,973.0,True,3,False
COMM-0006995,VD-000356,VD-000756,Telefonat,2023-04-02,15:28,,False,5,True
COMM-0006996,VD-000053,VD-000843,E-Mail,2025-10-09,14:54,,True,4,False
COMM-0006997,VD-000052,VD-000823,WhatsApp,2023-03-27,08:08,3453.0,True,4,True
COMM-0006998,VD-000251,VD-000999,Brief,2025-04-20,11:19,2060.0,True,7,False
COMM-0006999,VD-000449,VD-000456,WhatsApp,2023-06-29,07:57,672.0,True,2,True
COMM-0007000,VD-000700,VD-000222,Persönlicher Kontakt,2023-05-25,16:42,3270.0,True,5,False
COMM-0007001,VD-000320,VD-000271,Brief,2023-06-03,05:56,214.0,True,3,False
COMM-0007002,VD-000837,VD-000320,Telefonat,2024-01-23,10:49,,True,2,True
COMM-0007003,VD-000480,VD-000674,E-Mail,2023-12-10,11:40,1640.0,True,7,False
COMM-0007004,VD-000804,VD-000507,WhatsApp,2025-08-17,11:31,,False,4,True
COMM-0007005,VD-000319,VD-000144,Signal,2024-12-06,13:06,767.0,False,4,False
COMM-0007006,VD-000040,VD-000916,Brief,2023-05-11,13:52,939.0,True,8,True
COMM-0007007,VD-000317,VD-000647,Telefonat,2023-08-03,16:01,2147.0,False,5,False
COMM-0007008,VD-000643,VD-000868,E-Mail,2024-08-09,00:14,3028.0,True,10,True
COMM-0007009,VD-000420,VD-000513,E-Mail,2025-08-31,08:58,,True,7,True
COMM-0007010,VD-000163,VD-000318,WhatsApp,2024-04-14,23:46,,False,2,True
COMM-0007011,VD-000738,VD-000254,SMS,2023-08-26,03:33,1265.0,False,6,False
COMM-0007012,VD-000317,VD-000647,Telefonat,2024-09-25,04:29,1454.0,False,9,True
COMM-0007013,VD-000735,VD-000379,Persönlicher Kontakt,2023-04-15,02:50,3315.0,True,10,True
COMM-0007014,VD-000951,VD-000124,Telegram,2024-03-01,09:42,,False,8,True
COMM-0007015,VD-000226,VD-000645,SMS,2025-05-28,14:15,,False,5,False
COMM-0007016,VD-000594,VD-000806,Telegram,2023-06-22,11:26,658.0,False,7,True
COMM-0007017,VD-000157,VD-000433,Persönlicher Kontakt,2025-06-12,06:04,1658.0,False,5,False
COMM-0007018,VD-000018,VD-000464,Signal,2024-12-27,02:20,,True,7,True
COMM-0007019,VD-000018,VD-000309,SMS,2023-07-21,17:18,,False,10,False
COMM-0007020,VD-000309,VD-000322,Telefonat,2024-07-19,10:05,2889.0,False,6,True
COMM-0007021,VD-000140,VD-000504,Social Media,2024-05-19,08:51,1529.0,True,4,True
COMM-0007022,VD-000611,VD-000011,Persönlicher Kontakt,2024-03-07,16:00,,False,10,True
COMM-0007023,VD-000045,VD-000767,Telegram,2025-02-12,18:26,3013.0,True,7,False
COMM-0007024,VD-000673,VD-000119,Social Media,2025-02-18,03:01,,True,4,True
COMM-0007025,VD-000774,VD-000498,E-Mail,2024-06-06,01:16,,False,6,True
COMM-0007026,VD-000803,VD-000846,Persönlicher Kontakt,2023-07-13,11:34,1509.0,True,3,True
COMM-0007027,VD-000639,VD-000851,SMS,2023-09-29,11:14,,False,4,False
COMM-0007028,VD-000605,VD-000286,Signal,2023-07-17,04:36,575.0,False,2,False
COMM-0007029,VD-000172,VD-000252,Persönlicher Kontakt,2025-11-09,07:41,3411.0,True,9,True
COMM-0007030,VD-000961,VD-000589,Brief,2023-01-02,03:41,1607.0,True,5,True
COMM-0007031,VD-000275,VD-000166,Signal,2023-07-26,02:20,487.0,True,1,True
COMM-0007032,VD-000855,VD-000549,WhatsApp,2023-08-31,02:26,1692.0,True,8,True
COMM-0007033,VD-000702,VD-000193,Brief,2023-02-26,17:44,3510.0,True,2,False
COMM-0007034,VD-000082,VD-000153,E-Mail,2025-01-23,17:26,3457.0,True,2,True
COMM-0007035,VD-000347,VD-000438,Signal,2024-07-22,17:00,2245.0,True,1,True
COMM-0007036,VD-000778,VD-000138,Telefonat,2023-12-15,20:03,2185.0,False,5,False
COMM-0007037,VD-000598,VD-000189,Persönlicher Kontakt,2023-07-01,04:48,,True,8,False
COMM-0007038,VD-000758,VD-000243,Telefonat,2025-04-24,08:30,1460.0,False,1,False
COMM-0007039,VD-000829,VD-000296,Brief,2025-06-16,09:04,1700.0,True,9,True
COMM-0007040,VD-000311,VD-000997,Telegram,2024-05-21,14:04,2084.0,False,7,False
COMM-0007041,VD-000939,VD-000828,WhatsApp,2023-01-07,02:45,2141.0,False,2,True
COMM-0007042,VD-000429,VD-000957,Persönlicher Kontakt,2024-04-17,13:47,1202.0,False,3,True
COMM-0007043,VD-000954,VD-000674,Persönlicher Kontakt,2025-05-18,10:23,3568.0,False,8,False
COMM-0007044,VD-000927,VD-000453,SMS,2023-10-17,18:00,,True,5,True
COMM-0007045,VD-000452,VD-000942,Telefonat,2024-12-07,06:44,,False,3,False
COMM-0007046,VD-000546,VD-000706,SMS,2023-04-15,06:00,,True,8,False
COMM-0007047,VD-000913,VD-000839,WhatsApp,2025-03-31,12:22,2846.0,True,7,True
COMM-0007048,VD-000233,VD-000067,Signal,2025-03-02,02:17,,False,5,True
COMM-0007049,VD-000321,VD-000740,WhatsApp,2025-08-24,07:30,,True,6,True
COMM-0007050,VD-000879,VD-000992,WhatsApp,2025-05-31,19:15,2907.0,True,7,True
COMM-0007051,VD-000346,VD-000684,WhatsApp,2024-04-30,21:49,1510.0,False,3,False
COMM-0007052,VD-000041,VD-000798,Persönlicher Kontakt,2023-03-14,22:45,2381.0,False,6,True
COMM-0007053,VD-000800,VD-000520,Persönlicher Kontakt,2023-10-25,22:17,,True,6,True
COMM-0007054,VD-000216,VD-000497,WhatsApp,2023-12-31,04:41,2171.0,False,6,True
COMM-0007055,VD-000517,VD-000081,WhatsApp,2023-06-01,10:17,,False,10,False
COMM-0007056,VD-000677,VD-000951,Brief,2023-04-21,21:28,,False,1,False
COMM-0007057,VD-000450,VD-000706,Signal,2024-04-06,13:51,,False,1,True
COMM-0007058,VD-000174,VD-000348,E-Mail,2024-01-25,19:39,2454.0,False,7,True
COMM-0007059,VD-000935,VD-000643,E-Mail,2025-02-23,03:54,310.0,False,2,True
COMM-0007060,VD-000494,VD-000877,Telegram,2024-09-26,22:49,1742.0,False,8,False
COMM-0007061,VD-000768,VD-000339,Signal,2025-10-21,10:09,3097.0,True,10,False
COMM-0007062,VD-000227,VD-000657,Telefonat,2023-07-30,07:41,2388.0,True,2,False
COMM-0007063,VD-000766,VD-000562,WhatsApp,2025-02-21,03:11,3067.0,True,1,False
COMM-0007064,VD-000011,VD-000687,SMS,2025-10-18,15:23,455.0,True,5,False
COMM-0007065,VD-000774,VD-000644,Persönlicher Kontakt,2024-10-09,11:34,2226.0,True,5,False
COMM-0007066,VD-000687,VD-000235,Persönlicher Kontakt,2024-04-05,02:48,589.0,True,10,True
COMM-0007067,VD-000459,VD-000131,WhatsApp,2023-06-20,10:48,1281.0,True,5,True
COMM-0007068,VD-000878,VD-000169,SMS,2023-06-25,06:55,713.0,False,10,True
COMM-0007069,VD-000466,VD-000742,Social Media,2024-12-04,10:46,175.0,True,9,True
COMM-0007070,VD-000257,VD-000310,Persönlicher Kontakt,2023-11-19,06:46,2399.0,False,9,True
COMM-0007071,VD-000130,VD-000506,Brief,2024-06-22,22:27,3502.0,True,1,False
COMM-0007072,VD-000279,VD-000714,Persönlicher Kontakt,2024-10-14,03:22,2609.0,False,1,False
COMM-0007073,VD-000594,VD-000620,Telefonat,2025-09-30,01:26,1022.0,True,2,True
COMM-0007074,VD-000759,VD-000660,Telefonat,2025-03-20,07:24,,False,4,False
COMM-0007075,VD-000847,VD-000589,Brief,2024-10-10,03:10,1852.0,False,9,True
COMM-0007076,VD-000977,VD-000695,Persönlicher Kontakt,2024-07-10,06:24,2371.0,False,3,True
COMM-0007077,VD-000255,VD-000760,Telefonat,2025-03-11,05:58,2293.0,True,7,True
COMM-0007078,VD-000071,VD-000731,Persönlicher Kontakt,2025-07-01,18:57,3018.0,False,8,True
COMM-0007079,VD-000724,VD-000587,Signal,2025-07-28,04:01,3236.0,False,4,False
COMM-0007080,VD-000862,VD-000858,Social Media,2025-04-05,17:23,2847.0,False,6,True
COMM-0007081,VD-000127,VD-000239,WhatsApp,2024-08-26,00:37,1063.0,True,7,False
COMM-0007082,VD-000498,VD-000133,Persönlicher Kontakt,2025-01-01,20:36,2691.0,True,7,False
COMM-0007083,VD-000628,VD-000112,Telegram,2025-10-14,17:23,,True,8,False
COMM-0007084,VD-000524,VD-000566,E-Mail,2024-12-20,21:00,3075.0,False,10,False
COMM-0007085,VD-000126,VD-000152,E-Mail,2023-06-13,13:41,3170.0,True,2,True
COMM-0007086,VD-000390,VD-000182,Telegram,2023-10-21,21:14,,True,4,False
COMM-0007087,VD-000555,VD-000610,E-Mail,2023-12-30,10:52,1576.0,False,9,True
COMM-0007088,VD-000251,VD-000955,E-Mail,2025-10-08,08:55,,False,2,False
COMM-0007089,VD-000223,VD-000303,Telegram,2024-01-15,16:40,,True,10,True
COMM-0007090,VD-000143,VD-000380,Persönlicher Kontakt,2024-07-10,09:23,1270.0,True,8,False
COMM-0007091,VD-000367,VD-000021,E-Mail,2025-10-02,05:52,,True,1,True
COMM-0007092,VD-000392,VD-000226,Social Media,2024-01-19,22:29,1398.0,False,6,True
COMM-0007093,VD-000506,VD-000556,Signal,2025-08-07,14:02,3314.0,True,2,True
COMM-0007094,VD-000634,VD-000319,Signal,2023-05-27,12:58,527.0,True,4,True
COMM-0007095,VD-000200,VD-001000,Brief,2024-06-03,15:58,2496.0,False,3,False
COMM-0007096,VD-000592,VD-000268,E-Mail,2023-12-01,11:10,,False,1,False
COMM-0007097,VD-000709,VD-000920,Telefonat,2024-04-04,08:38,,True,6,True
COMM-0007098,VD-000654,VD-000642,Telegram,2024-10-25,21:16,2927.0,True,3,False
COMM-0007099,VD-000778,VD-000751,Brief,2023-05-22,03:12,2187.0,False,6,False
COMM-0007100,VD-000994,VD-000512,Telegram,2023-10-09,17:21,1695.0,False,6,False
COMM-0007101,VD-000966,VD-000557,Signal,2023-12-18,22:27,544.0,False,3,False
COMM-0007102,VD-000432,VD-000840,Telefonat,2025-08-10,02:19,,False,9,False
COMM-0007103,VD-000682,VD-000463,Signal,2023-10-12,00:26,,False,1,True
COMM-0007104,VD-000374,VD-000369,SMS,2023-03-21,02:47,1845.0,True,10,True
COMM-0007105,VD-000933,VD-000829,Social Media,2024-07-11,05:59,,False,5,False
COMM-0007106,VD-000294,VD-000943,Signal,2025-08-14,01:35,,False,7,True
COMM-0007107,VD-000161,VD-000193,SMS,2025-10-12,05:52,,False,10,True
COMM-0007108,VD-000812,VD-000510,Persönlicher Kontakt,2025-06-01,12:01,595.0,False,1,True
COMM-0007109,VD-000522,VD-000847,E-Mail,2024-09-12,11:55,,False,8,True
COMM-0007110,VD-000918,VD-000622,E-Mail,2024-02-26,07:15,,True,10,True
COMM-0007111,VD-000707,VD-000002,Signal,2025-09-12,15:06,3017.0,False,7,False
COMM-0007112,VD-000407,VD-000997,Signal,2025-06-07,04:31,,True,6,True
COMM-0007113,VD-000618,VD-000234,E-Mail,2024-03-10,21:27,2597.0,True,7,False
COMM-0007114,VD-000483,VD-000277,Signal,2024-09-18,20:20,995.0,False,2,False
COMM-0007115,VD-000261,VD-000129,E-Mail,2025-04-16,21:01,,True,9,True
COMM-0007116,VD-000050,VD-000536,Signal,2023-01-18,07:02,100.0,False,7,True
COMM-0007117,VD-000674,VD-000782,Brief,2025-07-12,12:10,3050.0,True,8,False
COMM-0007118,VD-000201,VD-000535,Persönlicher Kontakt,2024-08-08,19:47,705.0,False,3,False
COMM-0007119,VD-000681,VD-000147,Telefonat,2023-11-25,02:30,2347.0,False,8,False
COMM-0007120,VD-000033,VD-000642,Social Media,2023-06-29,09:27,,True,2,True
COMM-0007121,VD-000468,VD-000034,SMS,2023-06-07,09:46,3186.0,True,4,False
COMM-0007122,VD-000077,VD-000734,Social Media,2024-05-04,06:29,,True,5,False
COMM-0007123,VD-000781,VD-000245,Persönlicher Kontakt,2025-09-10,15:43,3314.0,False,3,False
COMM-0007124,VD-000553,VD-000553,SMS,2023-10-25,21:51,1649.0,True,2,True
COMM-0007125,VD-000873,VD-000781,Brief,2024-05-17,16:28,1264.0,True,10,False
COMM-0007126,VD-000284,VD-000197,Social Media,2023-01-27,20:46,1510.0,False,1,False
COMM-0007127,VD-000621,VD-000722,E-Mail,2024-05-02,16:48,,True,7,True
COMM-0007128,VD-000693,VD-000116,Signal,2024-10-20,17:18,3503.0,False,7,False
COMM-0007129,VD-000331,VD-000300,Telegram,2024-10-22,22:06,984.0,True,1,False
COMM-0007130,VD-000910,VD-000035,Telegram,2025-03-23,20:44,2794.0,False,5,False
COMM-0007131,VD-000978,VD-000843,Brief,2025-10-12,17:08,939.0,False,5,True
COMM-0007132,VD-000194,VD-000842,Signal,2023-06-04,15:38,2005.0,True,7,True
COMM-0007133,VD-000195,VD-000611,WhatsApp,2025-08-28,10:47,2846.0,False,5,False
COMM-0007134,VD-000049,VD-000197,E-Mail,2025-04-08,01:56,1012.0,True,5,True
COMM-0007135,VD-000060,VD-000330,WhatsApp,2024-03-04,23:55,2842.0,False,10,True
COMM-0007136,VD-000801,VD-000011,Telefonat,2024-01-05,05:21,3466.0,True,3,True
COMM-0007137,VD-000973,VD-000173,Brief,2024-10-10,01:04,,True,6,False
COMM-0007138,VD-000429,VD-000076,Telegram,2025-06-04,01:48,,False,5,True
COMM-0007139,VD-000754,VD-000943,E-Mail,2024-09-02,23:52,162.0,True,5,True
COMM-0007140,VD-000556,VD-000341,Telefonat,2023-11-28,21:20,,True,4,True
COMM-0007141,VD-000817,VD-000703,WhatsApp,2024-04-02,12:46,1337.0,True,4,True
COMM-0007142,VD-000177,VD-000599,Signal,2024-06-20,21:25,652.0,True,2,False
COMM-0007143,VD-000181,VD-000392,Telefonat,2024-06-22,13:08,2001.0,False,7,False
COMM-0007144,VD-000569,VD-000248,Persönlicher Kontakt,2023-05-02,18:24,,True,7,False
COMM-0007145,VD-000412,VD-000657,Telefonat,2024-06-22,20:57,2361.0,False,5,False
COMM-0007146,VD-000881,VD-000191,Brief,2025-04-08,15:18,3155.0,True,6,False
COMM-0007147,VD-000416,VD-000084,WhatsApp,2023-03-03,17:19,,True,3,False
COMM-0007148,VD-000123,VD-000125,Brief,2024-05-06,17:28,19.0,True,10,True
COMM-0007149,VD-000414,VD-000920,Telefonat,2023-02-21,05:32,1380.0,True,5,True
COMM-0007150,VD-000974,VD-000743,Persönlicher Kontakt,2024-05-24,23:19,2224.0,True,8,False
COMM-0007151,VD-000956,VD-000632,Signal,2025-01-02,07:53,2010.0,True,5,True
COMM-0007152,VD-000334,VD-000867,E-Mail,2023-06-25,02:45,,True,3,True
COMM-0007153,VD-000943,VD-000604,SMS,2025-10-07,07:36,1532.0,True,1,False
COMM-0007154,VD-000813,VD-000220,SMS,2025-03-10,16:58,2182.0,True,5,False
COMM-0007155,VD-000796,VD-000465,WhatsApp,2023-08-15,08:38,,False,1,False
COMM-0007156,VD-000104,VD-000462,Telefonat,2024-08-28,04:37,1899.0,True,7,True
COMM-0007157,VD-000493,VD-000681,Telegram,2025-03-05,17:38,,False,9,True
COMM-0007158,VD-000985,VD-000136,E-Mail,2023-08-24,02:35,35.0,True,6,True
COMM-0007159,VD-000364,VD-000180,Social Media,2024-07-30,20:23,,True,1,False
COMM-0007160,VD-000072,VD-000542,Persönlicher Kontakt,2024-12-23,08:56,,True,3,True
COMM-0007161,VD-000219,VD-000769,E-Mail,2023-02-03,11:44,,False,7,True
COMM-0007162,VD-000099,VD-000176,SMS,2024-11-08,05:50,,False,7,False
COMM-0007163,VD-000258,VD-000084,Brief,2025-08-20,16:06,2716.0,True,9,False
COMM-0007164,VD-000353,VD-000912,Brief,2025-07-23,13:26,,True,9,False
COMM-0007165,VD-000625,VD-000521,Persönlicher Kontakt,2024-10-16,09:31,3220.0,True,1,False
COMM-0007166,VD-000529,VD-000971,WhatsApp,2025-09-27,04:46,,False,4,False
COMM-0007167,VD-000474,VD-000673,Telegram,2023-01-25,07:33,2224.0,True,1,True
COMM-0007168,VD-000524,VD-000044,SMS,2025-02-04,14:58,2765.0,True,10,True
COMM-0007169,VD-000730,VD-000943,E-Mail,2024-03-16,19:29,,False,10,False
COMM-0007170,VD-000184,VD-000872,Persönlicher Kontakt,2025-07-25,04:05,,True,6,True
COMM-0007171,VD-000887,VD-000672,Persönlicher Kontakt,2023-09-02,10:34,1093.0,False,7,True
COMM-0007172,VD-000962,VD-000107,E-Mail,2024-01-23,03:34,3033.0,True,5,False
COMM-0007173,VD-000570,VD-000704,Telegram,2025-03-27,04:56,,True,3,True
COMM-0007174,VD-000996,VD-000015,Brief,2023-10-17,08:48,3335.0,True,1,False
COMM-0007175,VD-000644,VD-000061,SMS,2025-09-03,07:11,2708.0,False,9,True
COMM-0007176,VD-000829,VD-000388,WhatsApp,2024-09-18,08:59,3164.0,True,10,True
COMM-0007177,VD-000980,VD-000190,Signal,2023-01-08,07:57,,True,7,False
COMM-0007178,VD-000844,VD-000804,Social Media,2023-07-08,12:24,,False,5,False
COMM-0007179,VD-000549,VD-000726,Brief,2023-10-01,16:06,848.0,True,8,True
COMM-0007180,VD-000537,VD-000079,Telefonat,2024-08-31,04:23,339.0,False,10,True
COMM-0007181,VD-000124,VD-000441,Social Media,2024-11-26,17:48,2284.0,False,9,True
COMM-0007182,VD-000705,VD-000831,E-Mail,2023-05-20,13:39,1856.0,True,5,False
COMM-0007183,VD-000502,VD-000678,Signal,2024-04-15,20:51,2642.0,True,9,True
COMM-0007184,VD-000913,VD-000619,Persönlicher Kontakt,2023-02-25,21:19,,True,2,False
COMM-0007185,VD-000782,VD-000815,Brief,2024-05-05,05:41,3069.0,True,8,True
COMM-0007186,VD-000788,VD-000545,Telefonat,2025-07-17,20:27,1758.0,False,1,True
COMM-0007187,VD-000468,VD-000652,Telefonat,2024-08-18,07:38,2971.0,False,10,True
COMM-0007188,VD-000713,VD-000848,Signal,2023-02-12,03:41,1254.0,True,1,False
COMM-0007189,VD-000946,VD-000835,Brief,2023-11-11,19:37,3059.0,True,4,True
COMM-0007190,VD-000408,VD-000956,WhatsApp,2024-06-26,07:03,2640.0,True,4,True
COMM-0007191,VD-000990,VD-000911,Telegram,2024-02-08,05:30,,True,8,False
COMM-0007192,VD-000539,VD-000376,Telegram,2024-07-05,02:39,,True,9,True
COMM-0007193,VD-000893,VD-000905,SMS,2025-11-05,11:06,,False,9,False
COMM-0007194,VD-000271,VD-000092,Telefonat,2023-06-24,03:20,59.0,False,4,True
COMM-0007195,VD-000175,VD-000739,Persönlicher Kontakt,2024-06-06,12:52,3194.0,False,6,False
COMM-0007196,VD-000923,VD-000267,Telegram,2025-05-01,21:43,359.0,False,10,False
COMM-0007197,VD-000368,VD-000485,SMS,2023-12-30,00:39,2490.0,False,5,False
COMM-0007198,VD-000342,VD-000475,SMS,2024-11-23,13:15,987.0,True,8,False
COMM-0007199,VD-000712,VD-000359,Persönlicher Kontakt,2025-03-11,08:08,3013.0,True,10,False
COMM-0007200,VD-000277,VD-000268,Social Media,2025-05-12,11:11,,False,7,True
COMM-0007201,VD-000508,VD-000921,Social Media,2023-03-05,09:09,2637.0,True,10,True
COMM-0007202,VD-000492,VD-000474,Social Media,2023-12-18,14:59,1914.0,True,8,True
COMM-0007203,VD-000782,VD-000969,Telegram,2024-12-03,20:37,1263.0,True,3,False
COMM-0007204,VD-000926,VD-000989,E-Mail,2024-02-18,11:46,234.0,True,4,False
COMM-0007205,VD-000064,VD-000812,SMS,2025-04-27,09:38,997.0,False,6,True
COMM-0007206,VD-000080,VD-000537,Brief,2025-09-15,21:53,,False,5,True
COMM-0007207,VD-000608,VD-000279,E-Mail,2023-06-26,19:03,2167.0,True,6,True
COMM-0007208,VD-000062,VD-000380,E-Mail,2025-10-02,09:28,2810.0,False,4,False
COMM-0007209,VD-000414,VD-000324,Signal,2023-06-11,04:18,,True,6,True
COMM-0007210,VD-000049,VD-000019,Signal,2023-06-10,20:37,2057.0,True,2,True
COMM-0007211,VD-000400,VD-000783,Telegram,2024-01-24,19:23,837.0,False,7,True
COMM-0007212,VD-000772,VD-000740,SMS,2023-03-22,08:32,,False,9,False
COMM-0007213,VD-000917,VD-000330,Telegram,2024-07-19,00:26,,True,7,True
COMM-0007214,VD-000410,VD-000464,Social Media,2024-11-27,03:15,826.0,True,5,False
COMM-0007215,VD-000871,VD-000516,Telefonat,2024-04-23,03:58,3191.0,False,5,True
COMM-0007216,VD-000544,VD-000960,SMS,2023-11-08,18:57,382.0,True,10,False
COMM-0007217,VD-000739,VD-000344,WhatsApp,2023-05-24,21:34,2318.0,True,9,True
COMM-0007218,VD-000867,VD-000043,SMS,2023-11-30,21:27,,True,9,True
COMM-0007219,VD-000178,VD-000847,Telefonat,2023-07-24,00:13,,False,6,True
COMM-0007220,VD-000744,VD-000573,Persönlicher Kontakt,2023-12-06,10:42,,True,2,True
COMM-0007221,VD-000091,VD-000098,Telegram,2024-09-26,17:32,3082.0,True,4,True
COMM-0007222,VD-000831,VD-000569,Persönlicher Kontakt,2024-05-22,09:13,2549.0,True,9,True
COMM-0007223,VD-000116,VD-000687,Telegram,2024-03-11,19:47,2759.0,False,6,False
COMM-0007224,VD-000331,VD-000089,Social Media,2023-07-23,23:42,934.0,False,1,False
COMM-0007225,VD-000038,VD-000190,Brief,2023-12-15,11:00,1335.0,True,4,False
COMM-0007226,VD-000949,VD-000451,WhatsApp,2023-05-06,04:44,3341.0,True,10,False
COMM-0007227,VD-000897,VD-000714,Persönlicher Kontakt,2025-04-19,10:38,3038.0,True,9,False
COMM-0007228,VD-000682,VD-000480,E-Mail,2024-06-01,13:27,2977.0,False,6,False
COMM-0007229,VD-000952,VD-000518,Telefonat,2025-08-29,04:11,447.0,False,10,True
COMM-0007230,VD-000420,VD-000776,Telegram,2025-02-26,02:01,1350.0,False,4,True
COMM-0007231,VD-000246,VD-000559,WhatsApp,2025-08-09,05:44,3086.0,True,3,True
COMM-0007232,VD-000252,VD-000462,Social Media,2023-01-30,15:16,2845.0,True,4,False
COMM-0007233,VD-000889,VD-000837,Social Media,2023-12-15,01:56,1027.0,False,5,False
COMM-0007234,VD-000119,VD-000298,WhatsApp,2023-07-10,18:33,1769.0,False,6,True
COMM-0007235,VD-000258,VD-000556,Signal,2024-06-07,21:22,561.0,True,1,False
COMM-0007236,VD-000772,VD-000026,Telegram,2023-10-16,23:28,578.0,False,7,True
COMM-0007237,VD-000530,VD-000426,Telegram,2025-09-27,00:32,2234.0,True,6,False
COMM-0007238,VD-000817,VD-000087,Signal,2025-06-25,15:20,1960.0,False,5,True
COMM-0007239,VD-000645,VD-000558,Brief,2023-08-05,09:52,,False,1,True
COMM-0007240,VD-000422,VD-000778,WhatsApp,2024-04-20,10:51,,True,4,False
COMM-0007241,VD-000367,VD-000783,Signal,2023-11-23,23:40,3445.0,True,9,False
COMM-0007242,VD-000946,VD-000427,Persönlicher Kontakt,2023-10-15,12:18,1970.0,True,6,False
COMM-0007243,VD-000684,VD-000243,Telefonat,2025-01-20,02:36,,False,4,True
COMM-0007244,VD-000420,VD-000468,Telegram,2023-07-18,14:31,14.0,False,7,True
COMM-0007245,VD-000749,VD-000794,Persönlicher Kontakt,2025-03-05,12:33,,False,2,True
COMM-0007246,VD-000189,VD-000068,Signal,2023-11-30,14:19,2289.0,False,3,True
COMM-0007247,VD-000558,VD-000135,Social Media,2024-12-29,20:06,,False,3,True
COMM-0007248,VD-000288,VD-000571,Signal,2024-02-06,02:47,2827.0,False,2,True
COMM-0007249,VD-000473,VD-000705,Telegram,2025-11-03,07:26,2969.0,False,5,True
COMM-0007250,VD-000565,VD-000416,Signal,2023-04-24,02:51,2854.0,False,8,False
COMM-0007251,VD-000641,VD-000669,Telefonat,2025-07-09,22:34,,True,1,False
COMM-0007252,VD-000166,VD-000379,Telefonat,2025-03-31,01:54,1759.0,False,8,True
COMM-0007253,VD-000002,VD-000358,Telegram,2024-12-03,08:05,,False,10,True
COMM-0007254,VD-000366,VD-000642,Telegram,2024-01-22,21:11,,False,2,False
COMM-0007255,VD-000998,VD-000869,Signal,2024-12-13,17:55,2856.0,False,1,False
COMM-0007256,VD-000159,VD-000398,Telegram,2025-04-20,05:04,,True,3,False
COMM-0007257,VD-000069,VD-000667,E-Mail,2024-09-18,20:51,,False,8,True
COMM-0007258,VD-000400,VD-000009,WhatsApp,2024-05-28,12:28,3489.0,False,6,True
COMM-0007259,VD-000808,VD-000155,Social Media,2024-09-22,21:01,2880.0,True,3,False
COMM-0007260,VD-000310,VD-000405,Persönlicher Kontakt,2023-08-28,21:21,1338.0,True,2,True
COMM-0007261,VD-000502,VD-000076,E-Mail,2024-03-28,09:17,1670.0,True,9,True
COMM-0007262,VD-000466,VD-000058,Persönlicher Kontakt,2023-06-24,21:42,3592.0,False,8,True
COMM-0007263,VD-000082,VD-000386,Social Media,2023-07-28,15:52,,True,7,True
COMM-0007264,VD-000138,VD-000646,SMS,2025-05-27,19:06,1888.0,False,9,True
COMM-0007265,VD-000342,VD-000878,WhatsApp,2023-02-07,21:07,785.0,False,5,False
COMM-0007266,VD-000124,VD-000777,Persönlicher Kontakt,2024-07-13,22:57,,True,7,False
COMM-0007267,VD-000054,VD-000895,Signal,2025-06-01,09:58,2889.0,False,8,True
COMM-0007268,VD-000338,VD-000363,Telefonat,2024-09-22,19:24,2968.0,True,4,True
COMM-0007269,VD-000567,VD-000662,Signal,2025-02-07,07:19,3029.0,False,6,False
COMM-0007270,VD-000270,VD-000082,Signal,2024-02-04,05:19,318.0,False,1,False
COMM-0007271,VD-000516,VD-000539,Telegram,2023-09-13,17:15,548.0,True,7,True
COMM-0007272,VD-000779,VD-000422,Telefonat,2025-07-01,10:44,3380.0,True,6,True
COMM-0007273,VD-000190,VD-000725,SMS,2023-12-04,04:18,2842.0,True,10,False
COMM-0007274,VD-000276,VD-000266,Telegram,2024-11-14,04:01,1380.0,False,8,True
COMM-0007275,VD-000707,VD-000157,Telegram,2025-04-28,21:26,419.0,False,7,False
COMM-0007276,VD-000902,VD-000567,Social Media,2024-02-26,10:45,2245.0,False,8,True
COMM-0007277,VD-000568,VD-000396,WhatsApp,2024-06-08,11:26,3597.0,True,1,True
COMM-0007278,VD-000877,VD-000181,WhatsApp,2024-06-18,10:07,3171.0,True,7,True
COMM-0007279,VD-000315,VD-000578,Signal,2025-07-22,14:33,,True,8,True
COMM-0007280,VD-000255,VD-000269,E-Mail,2023-07-04,13:51,,True,7,True
COMM-0007281,VD-000514,VD-000172,Social Media,2023-05-02,23:26,1395.0,False,10,False
COMM-0007282,VD-000163,VD-000155,Brief,2023-09-18,14:31,,False,4,False
COMM-0007283,VD-000813,VD-000851,Brief,2023-12-29,15:51,1553.0,False,1,False
COMM-0007284,VD-000646,VD-000584,Signal,2025-05-30,22:39,429.0,False,7,True
COMM-0007285,VD-000691,VD-000684,Social Media,2024-06-26,06:54,52.0,False,6,False
COMM-0007286,VD-000425,VD-000210,SMS,2023-01-14,15:35,2170.0,True,6,False
COMM-0007287,VD-000590,VD-000169,Telegram,2024-02-13,04:37,2644.0,True,4,False
COMM-0007288,VD-000098,VD-000104,Persönlicher Kontakt,2024-09-01,11:25,,True,6,True
COMM-0007289,VD-000307,VD-000598,SMS,2023-01-25,07:07,3369.0,False,8,False
COMM-0007290,VD-000770,VD-000169,Brief,2023-05-28,11:45,,False,3,True
COMM-0007291,VD-000920,VD-000411,WhatsApp,2024-04-05,11:50,3105.0,False,3,True
COMM-0007292,VD-000984,VD-000578,Telefonat,2024-07-24,10:00,1689.0,True,1,True
COMM-0007293,VD-000645,VD-000367,SMS,2025-03-20,04:06,,True,1,True
COMM-0007294,VD-000622,VD-000427,Social Media,2023-07-06,22:34,,False,7,False
COMM-0007295,VD-000774,VD-000971,E-Mail,2023-10-25,17:14,2684.0,False,10,False
COMM-0007296,VD-000675,VD-000719,Brief,2023-11-17,00:08,1811.0,True,2,False
COMM-0007297,VD-000134,VD-000620,Persönlicher Kontakt,2025-09-10,01:57,3542.0,True,3,False
COMM-0007298,VD-000417,VD-000143,SMS,2024-08-16,22:30,691.0,False,2,False
COMM-0007299,VD-000920,VD-000081,Persönlicher Kontakt,2023-01-19,16:03,,True,9,True
COMM-0007300,VD-000404,VD-000991,Brief,2025-06-26,22:55,468.0,False,8,True
COMM-0007301,VD-000050,VD-000758,Brief,2023-02-23,01:42,2446.0,False,5,True
COMM-0007302,VD-000546,VD-000903,Signal,2023-11-28,18:54,,True,3,True
COMM-0007303,VD-000037,VD-000946,Signal,2025-07-27,22:46,2213.0,False,4,False
COMM-0007304,VD-000649,VD-000373,Signal,2025-03-11,10:18,2875.0,False,2,False
COMM-0007305,VD-000375,VD-000962,Brief,2023-08-25,18:16,,True,9,False
COMM-0007306,VD-000400,VD-000330,E-Mail,2024-08-12,09:34,790.0,False,5,True
COMM-0007307,VD-000564,VD-000862,E-Mail,2024-03-29,05:05,295.0,True,10,False
COMM-0007308,VD-000615,VD-000549,Brief,2023-01-22,23:32,,True,4,False
COMM-0007309,VD-000042,VD-000061,Telefonat,2024-11-04,08:32,2625.0,False,1,False
COMM-0007310,VD-000750,VD-000937,WhatsApp,2025-01-26,13:16,3133.0,False,8,True
COMM-0007311,VD-000630,VD-000895,SMS,2023-09-21,01:36,3382.0,True,1,True
COMM-0007312,VD-000418,VD-000646,E-Mail,2023-03-29,22:00,,True,6,False
COMM-0007313,VD-000164,VD-000585,SMS,2024-04-08,05:20,1764.0,True,10,False
COMM-0007314,VD-000321,VD-000533,Persönlicher Kontakt,2023-03-14,01:15,,True,8,True
COMM-0007315,VD-000159,VD-000872,SMS,2024-07-02,12:45,1124.0,False,2,False
COMM-0007316,VD-000599,VD-000605,Telefonat,2024-06-24,06:23,755.0,False,5,True
COMM-0007317,VD-000889,VD-000078,SMS,2025-04-13,14:52,3527.0,True,8,False
COMM-0007318,VD-000683,VD-000825,Signal,2025-08-30,10:55,,False,7,False
COMM-0007319,VD-000809,VD-000341,Brief,2025-03-25,16:15,,False,6,True
COMM-0007320,VD-000096,VD-000827,Telefonat,2025-09-11,09:13,,False,1,True
COMM-0007321,VD-000037,VD-000309,Signal,2023-11-10,19:24,,True,8,False
COMM-0007322,VD-000166,VD-000892,Social Media,2023-03-24,18:27,,False,4,False
COMM-0007323,VD-000505,VD-000148,Telegram,2023-07-18,13:28,,True,6,False
COMM-0007324,VD-000852,VD-000418,Signal,2023-04-25,10:21,1426.0,True,10,True
COMM-0007325,VD-000740,VD-000277,Social Media,2025-04-23,02:22,3019.0,False,7,False
COMM-0007326,VD-000426,VD-000222,Social Media,2024-07-16,21:39,2097.0,True,3,True
COMM-0007327,VD-000840,VD-000868,Telefonat,2024-06-01,19:15,792.0,False,4,False
COMM-0007328,VD-000423,VD-000461,E-Mail,2023-09-17,14:37,3139.0,False,5,False
COMM-0007329,VD-000568,VD-000492,WhatsApp,2024-11-10,01:35,2168.0,False,2,True
COMM-0007330,VD-000962,VD-000901,E-Mail,2025-09-20,14:48,1067.0,False,8,True
COMM-0007331,VD-000425,VD-000144,WhatsApp,2024-11-28,21:13,2621.0,False,8,False
COMM-0007332,VD-000624,VD-000385,SMS,2023-02-04,05:00,,False,6,False
COMM-0007333,VD-000728,VD-000431,Brief,2024-01-17,02:11,,True,6,False
COMM-0007334,VD-000059,VD-000768,Signal,2023-01-28,14:50,2067.0,True,2,False
COMM-0007335,VD-000752,VD-000239,Social Media,2024-07-26,04:13,3448.0,True,2,True
COMM-0007336,VD-000597,VD-000720,Brief,2024-11-06,09:18,1992.0,True,4,True
COMM-0007337,VD-000934,VD-000894,Brief,2025-07-13,23:54,2002.0,True,9,False
COMM-0007338,VD-000160,VD-000216,SMS,2024-12-22,01:51,864.0,False,8,True
COMM-0007339,VD-000470,VD-000109,Signal,2024-03-06,16:02,2553.0,False,1,False
COMM-0007340,VD-000148,VD-000755,SMS,2025-09-09,17:34,,True,4,True
COMM-0007341,VD-000142,VD-000894,Telegram,2025-09-24,17:51,2681.0,False,6,True
COMM-0007342,VD-000602,VD-000931,Signal,2024-07-09,19:06,,False,10,False
COMM-0007343,VD-000110,VD-000665,Telefonat,2024-03-28,21:02,3014.0,False,9,True
COMM-0007344,VD-000217,VD-000081,SMS,2025-06-16,04:00,,True,6,True
COMM-0007345,VD-000485,VD-000993,Telegram,2025-05-09,20:27,,True,2,True
COMM-0007346,VD-000427,VD-000327,Telefonat,2023-07-17,14:55,1280.0,False,9,True
COMM-0007347,VD-000792,VD-000695,Telegram,2025-09-02,22:55,3243.0,True,10,False
COMM-0007348,VD-000980,VD-000982,Social Media,2025-07-27,05:59,,True,9,True
COMM-0007349,VD-000438,VD-000877,Brief,2024-10-21,12:38,2745.0,True,6,False
COMM-0007350,VD-000917,VD-000669,Persönlicher Kontakt,2024-06-19,11:27,,True,10,True
COMM-0007351,VD-000911,VD-000729,Brief,2024-07-16,10:15,1120.0,True,4,False
COMM-0007352,VD-000888,VD-000503,Social Media,2025-08-16,10:47,3535.0,False,6,False
COMM-0007353,VD-000640,VD-000254,Social Media,2025-04-15,13:17,,True,2,True
COMM-0007354,VD-000189,VD-000303,E-Mail,2023-03-15,21:35,,True,4,True
COMM-0007355,VD-000257,VD-000055,Telegram,2024-07-05,13:05,1586.0,True,8,False
COMM-0007356,VD-000642,VD-000620,Brief,2024-03-22,10:30,,True,4,True
COMM-0007357,VD-000061,VD-000812,Persönlicher Kontakt,2024-10-22,05:30,3131.0,False,1,True
COMM-0007358,VD-000454,VD-000754,Social Media,2023-05-20,17:36,2987.0,False,7,False
COMM-0007359,VD-000168,VD-000274,Telefonat,2023-06-25,19:45,,False,3,True
COMM-0007360,VD-000821,VD-000253,Brief,2023-05-19,02:17,617.0,True,8,True
COMM-0007361,VD-000185,VD-000026,Signal,2023-05-22,22:42,,True,4,True
COMM-0007362,VD-000335,VD-000688,Telegram,2023-12-24,17:27,,False,6,False
COMM-0007363,VD-000943,VD-000665,Telefonat,2024-03-12,14:19,3029.0,False,2,True
COMM-0007364,VD-000845,VD-000841,Persönlicher Kontakt,2025-05-20,08:41,2129.0,True,5,False
COMM-0007365,VD-000447,VD-000860,Social Media,2024-11-28,16:04,,True,10,False
COMM-0007366,VD-000145,VD-000508,WhatsApp,2023-12-24,06:50,930.0,False,8,True
COMM-0007367,VD-000095,VD-000079,Telegram,2025-07-27,10:05,2539.0,True,10,False
COMM-0007368,VD-000177,VD-000090,WhatsApp,2025-04-08,15:51,1598.0,True,8,False
COMM-0007369,VD-000731,VD-000461,Telefonat,2024-10-04,18:08,1571.0,False,3,True
COMM-0007370,VD-000194,VD-000866,E-Mail,2025-05-05,22:19,1672.0,True,5,True
COMM-0007371,VD-000489,VD-000968,Signal,2024-11-16,03:30,1776.0,True,4,True
COMM-0007372,VD-000434,VD-000501,E-Mail,2023-04-13,15:04,40.0,False,8,True
COMM-0007373,VD-000438,VD-000784,Social Media,2024-09-18,08:00,2956.0,False,10,False
COMM-0007374,VD-000845,VD-000382,SMS,2024-11-29,13:43,893.0,True,5,False
COMM-0007375,VD-000870,VD-000629,E-Mail,2024-05-04,17:40,716.0,False,6,True
COMM-0007376,VD-000835,VD-000573,SMS,2024-03-19,23:35,,False,5,False
COMM-0007377,VD-000402,VD-000073,Brief,2024-11-08,12:37,,True,6,False
COMM-0007378,VD-000063,VD-000675,WhatsApp,2023-07-10,03:36,2191.0,True,7,True
COMM-0007379,VD-000620,VD-000055,E-Mail,2025-05-21,20:32,,False,6,True
COMM-0007380,VD-000834,VD-000870,Signal,2024-03-06,15:25,3443.0,True,8,False
COMM-0007381,VD-000614,VD-000838,Persönlicher Kontakt,2024-10-21,01:40,,False,5,False
COMM-0007382,VD-000590,VD-000757,E-Mail,2025-04-16,22:02,1656.0,True,5,False
COMM-0007383,VD-000905,VD-000175,Brief,2024-06-05,04:02,476.0,False,4,False
COMM-0007384,VD-000909,VD-000804,Telefonat,2023-06-18,02:52,850.0,False,7,True
COMM-0007385,VD-000669,VD-000496,Brief,2025-04-24,02:22,2450.0,True,3,False
COMM-0007386,VD-000443,VD-000700,Brief,2024-10-17,06:53,1504.0,True,4,True
COMM-0007387,VD-000927,VD-000919,Brief,2024-03-28,15:11,,True,1,True
COMM-0007388,VD-000263,VD-000846,Telefonat,2024-04-26,14:13,2768.0,False,9,True
COMM-0007389,VD-000994,VD-000186,Telegram,2025-02-01,00:27,1085.0,False,2,False
COMM-0007390,VD-000436,VD-000560,E-Mail,2023-03-08,21:22,2886.0,True,5,False
COMM-0007391,VD-000830,VD-000766,WhatsApp,2023-09-14,11:39,,True,9,False
COMM-0007392,VD-000331,VD-000504,SMS,2024-02-10,09:01,,False,5,False
COMM-0007393,VD-000237,VD-000719,Telegram,2024-08-22,03:28,,False,8,True
COMM-0007394,VD-000778,VD-000379,SMS,2023-09-14,07:54,2248.0,False,5,False
COMM-0007395,VD-000442,VD-000939,Brief,2025-01-10,20:31,2637.0,False,7,True
COMM-0007396,VD-000996,VD-000842,Telefonat,2024-10-28,15:02,3212.0,True,8,False
COMM-0007397,VD-000467,VD-000415,E-Mail,2023-11-21,19:00,2638.0,True,4,False
COMM-0007398,VD-000234,VD-000383,Persönlicher Kontakt,2023-11-11,14:47,881.0,False,4,False
COMM-0007399,VD-000582,VD-000298,E-Mail,2024-01-22,18:07,,False,10,True
COMM-0007400,VD-000612,VD-000133,Persönlicher Kontakt,2023-01-29,00:02,1388.0,True,5,True
COMM-0007401,VD-000963,VD-000048,E-Mail,2025-04-30,22:00,3301.0,False,3,True
COMM-0007402,VD-000829,VD-000066,Persönlicher Kontakt,2023-06-12,20:27,,True,7,True
COMM-0007403,VD-000525,VD-000146,SMS,2023-05-14,04:39,,False,2,False
COMM-0007404,VD-000744,VD-000855,E-Mail,2024-04-05,03:29,1278.0,True,6,True
COMM-0007405,VD-000009,VD-000190,Social Media,2025-01-24,10:35,2032.0,False,9,False
COMM-0007406,VD-000089,VD-000328,Brief,2025-03-16,06:19,,True,4,True
COMM-0007407,VD-000732,VD-000754,Social Media,2024-04-15,19:10,3095.0,True,8,True
COMM-0007408,VD-000095,VD-000201,Social Media,2023-12-13,14:19,911.0,True,7,False
COMM-0007409,VD-000602,VD-000920,E-Mail,2024-10-24,03:09,482.0,True,7,False
COMM-0007410,VD-000543,VD-000668,E-Mail,2024-07-10,02:46,2717.0,False,9,False
COMM-0007411,VD-000986,VD-000575,WhatsApp,2024-03-21,15:48,,False,5,False
COMM-0007412,VD-000285,VD-000043,Signal,2023-07-06,12:45,427.0,False,4,False
COMM-0007413,VD-000664,VD-000082,SMS,2024-06-23,01:00,576.0,False,4,False
COMM-0007414,VD-000362,VD-000715,Telegram,2025-07-25,14:38,3093.0,True,7,True
COMM-0007415,VD-000555,VD-000230,SMS,2024-12-16,02:45,3013.0,False,8,True
COMM-0007416,VD-000190,VD-000447,Signal,2023-05-08,23:21,,True,10,True
COMM-0007417,VD-000263,VD-000977,Brief,2023-08-29,14:12,3002.0,True,6,False
COMM-0007418,VD-000777,VD-000079,Persönlicher Kontakt,2025-09-12,00:03,474.0,False,8,False
COMM-0007419,VD-000318,VD-000470,Telefonat,2025-03-04,14:38,,False,1,False
COMM-0007420,VD-000368,VD-000611,SMS,2025-08-22,17:43,2868.0,False,7,True
COMM-0007421,VD-000175,VD-000336,Telefonat,2023-04-20,19:43,784.0,True,8,False
COMM-0007422,VD-000357,VD-000171,Social Media,2024-10-14,05:31,2605.0,False,7,False
COMM-0007423,VD-000226,VD-000594,Telefonat,2024-01-16,10:09,,True,9,False
COMM-0007424,VD-000979,VD-000842,Telefonat,2024-04-10,04:48,2441.0,False,2,False
COMM-0007425,VD-000069,VD-000348,E-Mail,2023-08-29,01:30,43.0,False,7,False
COMM-0007426,VD-000147,VD-000325,WhatsApp,2024-07-16,03:39,157.0,False,9,False
COMM-0007427,VD-000659,VD-000517,Signal,2023-02-12,23:58,1096.0,True,8,True
COMM-0007428,VD-000538,VD-000476,Persönlicher Kontakt,2024-10-02,23:17,2453.0,False,9,False
COMM-0007429,VD-000381,VD-000847,SMS,2023-10-09,08:19,2231.0,True,10,True
COMM-0007430,VD-000779,VD-000360,Social Media,2025-10-06,11:53,,True,8,False
COMM-0007431,VD-000202,VD-000330,Social Media,2023-02-08,10:23,3198.0,True,3,True
COMM-0007432,VD-000181,VD-000465,Signal,2025-10-16,15:12,,True,4,False
COMM-0007433,VD-000591,VD-000645,Brief,2023-12-23,17:41,3390.0,False,6,False
COMM-0007434,VD-000262,VD-000445,SMS,2023-02-12,05:13,,True,2,True
COMM-0007435,VD-000048,VD-000708,Persönlicher Kontakt,2023-04-12,09:35,2842.0,True,1,False
COMM-0007436,VD-000362,VD-000666,Telefonat,2024-11-18,03:54,,False,4,False
COMM-0007437,VD-000516,VD-000302,Telegram,2023-07-24,19:12,,True,2,False
COMM-0007438,VD-000382,VD-000790,Telefonat,2023-09-26,16:13,1711.0,True,6,False
COMM-0007439,VD-000193,VD-000390,Telegram,2024-03-12,10:44,3318.0,True,9,False
COMM-0007440,VD-000337,VD-000705,Brief,2025-03-05,16:12,,False,1,True
COMM-0007441,VD-000329,VD-000137,E-Mail,2024-03-08,06:00,,False,2,True
COMM-0007442,VD-000903,VD-000569,Social Media,2024-03-29,17:07,3382.0,False,7,False
COMM-0007443,VD-000448,VD-000623,Telefonat,2025-01-31,09:45,3263.0,True,9,True
COMM-0007444,VD-000325,VD-000188,Telefonat,2023-11-24,00:46,414.0,True,9,False
COMM-0007445,VD-000842,VD-000313,WhatsApp,2024-12-25,10:16,3162.0,True,9,False
COMM-0007446,VD-000751,VD-000876,Brief,2023-03-03,13:27,510.0,True,7,True
COMM-0007447,VD-000022,VD-000731,Persönlicher Kontakt,2024-11-08,21:05,2377.0,True,5,True
COMM-0007448,VD-000768,VD-000787,Brief,2024-06-09,18:25,2474.0,False,2,False
COMM-0007449,VD-000907,VD-000199,Telefonat,2024-06-19,02:31,1750.0,True,7,False
COMM-0007450,VD-000914,VD-000157,E-Mail,2024-04-03,18:45,2481.0,True,1,True
COMM-0007451,VD-000871,VD-000197,Brief,2024-01-18,01:17,632.0,False,5,False
COMM-0007452,VD-000707,VD-000683,Persönlicher Kontakt,2024-05-18,21:52,376.0,False,2,True
COMM-0007453,VD-000438,VD-000277,SMS,2024-05-18,21:46,,True,3,False
COMM-0007454,VD-000292,VD-000492,Telefonat,2024-01-04,21:47,2181.0,True,2,True
COMM-0007455,VD-000179,VD-000760,E-Mail,2025-04-13,07:50,396.0,False,2,True
COMM-0007456,VD-000241,VD-000834,Telefonat,2023-09-11,07:35,,True,1,False
COMM-0007457,VD-000204,VD-000150,SMS,2025-10-04,13:24,3278.0,True,2,False
COMM-0007458,VD-000721,VD-000860,Telegram,2024-08-28,16:11,,False,9,False
COMM-0007459,VD-000103,VD-000287,SMS,2024-09-07,07:48,1365.0,False,6,True
COMM-0007460,VD-000034,VD-000002,WhatsApp,2025-07-17,15:54,2767.0,True,8,False
COMM-0007461,VD-000232,VD-000478,WhatsApp,2025-01-31,09:44,,False,10,True
COMM-0007462,VD-000114,VD-000654,Social Media,2024-05-27,05:08,400.0,True,1,False
COMM-0007463,VD-000250,VD-000735,Persönlicher Kontakt,2023-01-08,05:56,,True,2,True
COMM-0007464,VD-000023,VD-000877,SMS,2023-03-21,09:04,42.0,False,4,False
COMM-0007465,VD-000762,VD-000034,Signal,2023-10-05,18:24,497.0,True,3,True
COMM-0007466,VD-000766,VD-000246,WhatsApp,2024-12-09,00:04,2223.0,True,9,False
COMM-0007467,VD-000808,VD-000555,Telegram,2025-08-20,07:31,,False,7,True
COMM-0007468,VD-000211,VD-000200,Signal,2023-12-06,06:14,2204.0,False,5,True
COMM-0007469,VD-000310,VD-000198,Persönlicher Kontakt,2023-05-22,21:57,3423.0,False,9,False
COMM-0007470,VD-000560,VD-000503,Telegram,2025-01-03,17:20,1105.0,False,3,False
COMM-0007471,VD-000715,VD-000589,Brief,2025-07-06,13:59,497.0,True,10,True
COMM-0007472,VD-000697,VD-000565,Brief,2024-08-26,16:33,2819.0,True,4,False
COMM-0007473,VD-000557,VD-000254,Telefonat,2025-07-25,19:05,,True,2,True
COMM-0007474,VD-000198,VD-000926,Brief,2024-07-13,20:58,2541.0,True,7,True
COMM-0007475,VD-000915,VD-000962,WhatsApp,2023-12-04,00:03,1025.0,True,9,True
COMM-0007476,VD-000996,VD-000768,Social Media,2025-07-13,03:42,,True,9,False
COMM-0007477,VD-000009,VD-000972,Social Media,2025-02-19,08:55,2629.0,True,4,True
COMM-0007478,VD-000693,VD-000242,WhatsApp,2024-03-28,16:43,,False,4,False
COMM-0007479,VD-000705,VD-000163,Persönlicher Kontakt,2024-02-03,07:40,2224.0,False,6,True
COMM-0007480,VD-000510,VD-000429,Persönlicher Kontakt,2024-03-11,12:56,,False,4,True
COMM-0007481,VD-000427,VD-000864,Brief,2023-10-29,01:35,,False,1,False
COMM-0007482,VD-000089,VD-000866,E-Mail,2024-09-16,23:05,1656.0,False,3,False
COMM-0007483,VD-000992,VD-000519,Telegram,2025-08-15,20:03,3585.0,True,1,False
COMM-0007484,VD-000696,VD-000061,Persönlicher Kontakt,2023-11-12,00:23,1711.0,False,9,True
COMM-0007485,VD-000136,VD-000282,SMS,2024-12-27,16:23,631.0,True,7,True
COMM-0007486,VD-000558,VD-000725,WhatsApp,2024-04-28,17:11,201.0,True,7,False
COMM-0007487,VD-000694,VD-000488,SMS,2024-03-05,19:01,1746.0,False,9,False
COMM-0007488,VD-000287,VD-000864,Social Media,2024-03-16,16:14,818.0,False,6,True
COMM-0007489,VD-000476,VD-000294,Social Media,2024-10-10,10:48,1300.0,True,3,True
COMM-0007490,VD-000715,VD-000917,Telefonat,2023-06-07,07:55,,False,5,True
COMM-0007491,VD-000547,VD-000198,SMS,2023-09-23,01:18,3255.0,False,10,True
COMM-0007492,VD-000891,VD-000862,WhatsApp,2025-06-07,22:38,,True,10,True
COMM-0007493,VD-000923,VD-000978,SMS,2024-09-10,02:53,1537.0,False,6,True
COMM-0007494,VD-000277,VD-000029,Social Media,2024-10-25,23:05,,True,1,True
COMM-0007495,VD-000411,VD-000042,Signal,2023-08-02,02:46,3218.0,True,8,False
COMM-0007496,VD-000194,VD-000323,Persönlicher Kontakt,2023-05-09,11:14,,True,5,False
COMM-0007497,VD-000457,VD-000463,Telefonat,2025-08-25,16:01,,False,6,False
COMM-0007498,VD-000618,VD-000517,SMS,2023-07-01,07:19,2687.0,True,4,True
COMM-0007499,VD-000387,VD-000427,E-Mail,2023-10-24,17:24,3003.0,False,1,False
COMM-0007500,VD-000337,VD-000512,SMS,2025-01-08,08:06,961.0,True,9,True
COMM-0007501,VD-000934,VD-000752,Telefonat,2024-12-07,00:45,1456.0,True,5,False
COMM-0007502,VD-000918,VD-000906,Persönlicher Kontakt,2025-01-05,13:38,,False,8,True
COMM-0007503,VD-000478,VD-000988,SMS,2023-06-16,14:51,3140.0,False,1,True
COMM-0007504,VD-000343,VD-000662,Telegram,2023-12-29,23:45,,True,3,True
COMM-0007505,VD-000890,VD-000206,Telegram,2024-11-06,03:51,1548.0,True,1,False
COMM-0007506,VD-000528,VD-000213,Brief,2024-08-05,20:02,276.0,True,3,True
COMM-0007507,VD-000864,VD-000012,WhatsApp,2025-08-13,07:44,,True,1,False
COMM-0007508,VD-000104,VD-000993,E-Mail,2023-02-23,00:54,550.0,True,6,True
COMM-0007509,VD-000157,VD-000728,Social Media,2024-08-09,23:06,,False,2,True
COMM-0007510,VD-000908,VD-000084,Telefonat,2024-01-11,12:14,,True,8,False
COMM-0007511,VD-000156,VD-000344,WhatsApp,2024-07-27,03:30,,False,6,True
COMM-0007512,VD-000327,VD-000114,SMS,2023-11-13,09:16,1693.0,True,9,False
COMM-0007513,VD-000938,VD-000399,Telefonat,2024-03-05,12:53,2673.0,True,7,False
COMM-0007514,VD-000162,VD-000326,Social Media,2023-12-11,00:01,,True,2,True
COMM-0007515,VD-000352,VD-000304,Signal,2024-01-10,08:36,2377.0,False,2,False
COMM-0007516,VD-000915,VD-000279,Social Media,2023-03-04,08:06,2612.0,True,1,True
COMM-0007517,VD-000251,VD-000501,Persönlicher Kontakt,2024-02-03,19:50,,False,5,False
COMM-0007518,VD-000412,VD-000804,Signal,2023-02-21,16:51,2044.0,False,3,True
COMM-0007519,VD-000152,VD-000232,WhatsApp,2024-08-28,19:52,1881.0,True,3,True
COMM-0007520,VD-000036,VD-000838,WhatsApp,2023-04-02,18:37,1038.0,True,8,False
COMM-0007521,VD-000747,VD-000259,SMS,2023-08-11,00:33,3109.0,False,9,False
COMM-0007522,VD-000210,VD-000598,Telefonat,2023-10-02,09:16,1889.0,False,3,True
COMM-0007523,VD-000220,VD-000765,Persönlicher Kontakt,2025-10-26,14:45,,False,2,True
COMM-0007524,VD-000857,VD-000375,Social Media,2025-10-29,04:51,1364.0,False,7,True
COMM-0007525,VD-000774,VD-000841,Signal,2023-03-24,23:34,3540.0,True,4,False
COMM-0007526,VD-000817,VD-000732,Telegram,2024-07-15,02:11,2908.0,False,5,False
COMM-0007527,VD-000547,VD-000690,Social Media,2024-01-16,18:27,504.0,False,2,True
COMM-0007528,VD-000882,VD-000063,E-Mail,2024-12-15,15:06,,False,6,True
COMM-0007529,VD-000701,VD-000082,Telegram,2025-05-15,09:03,,False,4,True
COMM-0007530,VD-000475,VD-000095,WhatsApp,2023-06-13,06:01,,True,10,True
COMM-0007531,VD-000670,VD-000437,WhatsApp,2023-12-24,17:32,,False,4,False
COMM-0007532,VD-000526,VD-000129,Brief,2024-05-20,06:33,1965.0,False,6,False
COMM-0007533,VD-000932,VD-000888,E-Mail,2023-11-03,08:11,691.0,False,10,True
COMM-0007534,VD-000600,VD-000235,Persönlicher Kontakt,2025-03-07,10:11,1833.0,False,6,True
COMM-0007535,VD-000063,VD-000726,E-Mail,2023-10-29,05:24,3240.0,True,5,True
COMM-0007536,VD-000783,VD-000512,SMS,2023-11-23,17:03,3272.0,True,8,False
COMM-0007537,VD-000272,VD-000553,Social Media,2024-02-21,09:36,2608.0,False,3,True
COMM-0007538,VD-000174,VD-000043,E-Mail,2024-06-22,12:43,2821.0,False,6,False
COMM-0007539,VD-000060,VD-000722,Persönlicher Kontakt,2024-01-02,12:00,2160.0,False,6,True
COMM-0007540,VD-000985,VD-000950,E-Mail,2023-09-05,17:36,584.0,True,4,False
COMM-0007541,VD-000312,VD-000817,Social Media,2023-10-29,09:20,651.0,False,5,False
COMM-0007542,VD-000147,VD-000771,E-Mail,2025-06-29,13:35,1595.0,True,9,False
COMM-0007543,VD-000345,VD-000181,SMS,2025-04-23,00:12,,False,2,False
COMM-0007544,VD-000267,VD-000025,Telefonat,2025-08-11,20:17,797.0,True,10,False
COMM-0007545,VD-000249,VD-000575,Social Media,2023-05-17,21:33,1684.0,False,4,True
COMM-0007546,VD-000527,VD-000157,WhatsApp,2023-09-09,16:29,,True,7,True
COMM-0007547,VD-000113,VD-000730,Social Media,2023-03-14,03:39,3203.0,True,5,False
COMM-0007548,VD-000505,VD-000384,E-Mail,2024-04-08,19:15,3592.0,False,1,False
COMM-0007549,VD-000795,VD-000802,E-Mail,2023-05-11,17:13,2867.0,False,1,True
COMM-0007550,VD-000763,VD-000144,Brief,2025-03-12,10:36,252.0,False,8,False
COMM-0007551,VD-000296,VD-000636,Telegram,2023-04-14,01:26,2399.0,True,3,True
COMM-0007552,VD-000199,VD-000806,Social Media,2024-12-31,15:33,,True,2,True
COMM-0007553,VD-000296,VD-000330,Brief,2023-06-19,07:05,,True,3,False
COMM-0007554,VD-000555,VD-000139,Brief,2025-07-10,11:53,1107.0,False,8,True
COMM-0007555,VD-000342,VD-000376,Social Media,2024-10-16,16:48,1771.0,False,1,True
COMM-0007556,VD-000906,VD-000204,Persönlicher Kontakt,2023-08-19,10:22,3583.0,True,8,False
COMM-0007557,VD-000123,VD-000926,Telefonat,2024-04-02,14:59,,False,2,True
COMM-0007558,VD-000147,VD-000045,Social Media,2024-12-31,14:22,54.0,True,8,True
COMM-0007559,VD-000894,VD-000406,SMS,2025-05-23,18:11,,True,2,True
COMM-0007560,VD-000456,VD-000154,Telefonat,2025-11-11,02:05,2134.0,True,2,False
COMM-0007561,VD-000103,VD-000184,Telefonat,2024-08-26,13:53,3455.0,True,3,False
COMM-0007562,VD-000957,VD-000637,Social Media,2025-02-27,19:36,,True,1,False
COMM-0007563,VD-000007,VD-000334,Telegram,2023-09-18,23:28,872.0,False,10,False
COMM-0007564,VD-000199,VD-000634,SMS,2024-12-11,09:18,1314.0,True,1,False
COMM-0007565,VD-000184,VD-000288,Brief,2024-08-02,02:51,3301.0,False,2,True
COMM-0007566,VD-000954,VD-000405,Signal,2024-09-16,22:40,,True,4,False
COMM-0007567,VD-000798,VD-000361,E-Mail,2023-09-24,17:25,1357.0,False,2,False
COMM-0007568,VD-000749,VD-000663,Persönlicher Kontakt,2023-08-17,03:25,3226.0,True,9,True
COMM-0007569,VD-000142,VD-000037,Brief,2024-12-25,14:04,,False,6,False
COMM-0007570,VD-000526,VD-000553,Brief,2024-05-30,09:18,3540.0,False,6,False
COMM-0007571,VD-000140,VD-000667,Social Media,2024-02-01,02:47,2986.0,False,9,False
COMM-0007572,VD-000835,VD-000944,E-Mail,2023-05-07,14:15,1730.0,True,9,True
COMM-0007573,VD-000589,VD-000123,SMS,2024-06-21,04:23,365.0,False,10,False
COMM-0007574,VD-000644,VD-000269,WhatsApp,2025-09-03,10:30,1348.0,False,1,False
COMM-0007575,VD-000961,VD-000064,E-Mail,2023-12-01,02:36,321.0,True,8,True
COMM-0007576,VD-000455,VD-000367,Telefonat,2024-01-24,11:32,386.0,True,5,True
COMM-0007577,VD-000203,VD-000342,Telegram,2023-09-10,04:29,1342.0,True,8,True
COMM-0007578,VD-000096,VD-000699,Telegram,2024-08-16,19:15,3160.0,False,9,False
COMM-0007579,VD-000409,VD-000428,Signal,2024-01-18,11:26,2259.0,True,5,True
COMM-0007580,VD-000627,VD-000158,Signal,2024-06-05,04:03,,True,9,True
COMM-0007581,VD-000912,VD-000871,Social Media,2025-09-14,00:42,2589.0,True,2,False
COMM-0007582,VD-000474,VD-000515,Signal,2023-10-19,08:37,2611.0,False,5,False
COMM-0007583,VD-000854,VD-000741,E-Mail,2023-10-27,10:47,154.0,False,3,False
COMM-0007584,VD-000021,VD-000903,Persönlicher Kontakt,2023-08-11,03:01,3514.0,True,3,False
COMM-0007585,VD-000537,VD-000323,Persönlicher Kontakt,2023-03-22,00:14,2583.0,True,9,False
COMM-0007586,VD-000340,VD-000628,Telegram,2025-07-28,06:04,,True,4,True
COMM-0007587,VD-000912,VD-000384,Signal,2023-12-26,01:09,3506.0,True,9,False
COMM-0007588,VD-000712,VD-000295,Brief,2024-06-22,00:20,813.0,False,9,False
COMM-0007589,VD-000900,VD-000483,E-Mail,2023-04-26,19:02,,False,10,False
COMM-0007590,VD-000369,VD-000008,Signal,2024-01-20,03:38,,True,5,False
COMM-0007591,VD-000200,VD-000060,Persönlicher Kontakt,2023-09-07,04:53,629.0,True,5,False
COMM-0007592,VD-000591,VD-000089,WhatsApp,2024-09-19,11:31,,False,10,False
COMM-0007593,VD-000675,VD-000388,Telefonat,2023-11-16,23:03,,True,6,False
COMM-0007594,VD-000219,VD-000797,E-Mail,2025-07-25,14:45,1216.0,True,6,False
COMM-0007595,VD-000929,VD-000179,Telegram,2025-03-23,22:53,,False,3,False
COMM-0007596,VD-000532,VD-000747,Telefonat,2024-01-06,18:31,1850.0,False,4,True
COMM-0007597,VD-000733,VD-000919,Social Media,2024-09-12,13:00,1315.0,True,3,False
COMM-0007598,VD-000990,VD-000468,Signal,2024-06-01,10:54,2348.0,False,3,True
COMM-0007599,VD-000531,VD-000348,SMS,2023-01-28,04:52,2330.0,True,10,False
COMM-0007600,VD-000343,VD-000682,E-Mail,2023-07-26,22:47,2625.0,False,6,True
COMM-0007601,VD-000066,VD-000402,Brief,2024-07-29,07:52,268.0,True,3,True
COMM-0007602,VD-000248,VD-000738,Signal,2023-05-17,18:02,3220.0,False,1,True
COMM-0007603,VD-000745,VD-000055,Social Media,2025-04-15,07:07,1008.0,False,9,True
COMM-0007604,VD-000276,VD-000890,Social Media,2024-01-06,06:53,1740.0,True,3,False
COMM-0007605,VD-000437,VD-000758,Social Media,2023-10-14,03:23,2441.0,False,7,False
COMM-0007606,VD-000151,VD-000684,Telegram,2023-03-20,17:08,935.0,False,7,True
COMM-0007607,VD-000931,VD-000014,SMS,2024-08-30,18:51,1681.0,True,1,True
COMM-0007608,VD-000827,VD-000066,Signal,2025-10-28,17:13,1187.0,False,6,False
COMM-0007609,VD-000531,VD-000249,Telefonat,2025-02-25,19:17,3241.0,False,8,False
COMM-0007610,VD-000123,VD-000372,Telefonat,2024-10-08,16:41,1150.0,False,6,True
COMM-0007611,VD-000662,VD-000217,Persönlicher Kontakt,2023-12-20,03:23,,False,1,False
COMM-0007612,VD-000552,VD-000711,WhatsApp,2024-01-11,19:50,,False,4,True
COMM-0007613,VD-000881,VD-000333,Signal,2024-08-08,13:28,2923.0,True,10,False
COMM-0007614,VD-000176,VD-000216,WhatsApp,2024-01-07,14:58,347.0,True,7,True
COMM-0007615,VD-000613,VD-000329,Signal,2025-07-28,22:01,3450.0,True,3,True
COMM-0007616,VD-000481,VD-000557,Social Media,2025-08-03,06:48,3092.0,False,8,False
COMM-0007617,VD-000633,VD-000510,Social Media,2024-10-26,08:11,245.0,True,10,False
COMM-0007618,VD-000036,VD-000695,Telegram,2024-08-01,18:49,,True,5,True
COMM-0007619,VD-000516,VD-000469,Social Media,2025-04-22,00:22,1023.0,False,7,True
COMM-0007620,VD-000319,VD-000240,Persönlicher Kontakt,2023-04-15,23:45,,False,6,True
COMM-0007621,VD-000990,VD-000785,Telegram,2023-03-18,11:51,2459.0,False,3,True
COMM-0007622,VD-000959,VD-000353,SMS,2023-09-20,05:39,206.0,True,4,True
COMM-0007623,VD-000437,VD-000487,Persönlicher Kontakt,2024-09-08,17:03,2332.0,True,5,False
COMM-0007624,VD-000530,VD-000317,Telefonat,2025-01-08,12:16,3384.0,True,3,True
COMM-0007625,VD-000458,VD-000290,WhatsApp,2024-02-18,19:21,3287.0,True,8,True
COMM-0007626,VD-000493,VD-000803,Persönlicher Kontakt,2024-11-20,14:07,,True,7,True
COMM-0007627,VD-000259,VD-000430,Telefonat,2023-04-30,21:53,,False,9,True
COMM-0007628,VD-000298,VD-000582,SMS,2024-05-20,10:05,3002.0,False,7,False
COMM-0007629,VD-000792,VD-000413,E-Mail,2024-09-25,20:10,3272.0,False,9,True
COMM-0007630,VD-000586,VD-000748,WhatsApp,2024-01-18,00:55,2170.0,True,3,True
COMM-0007631,VD-000300,VD-000999,Social Media,2023-09-06,09:42,2708.0,True,5,True
COMM-0007632,VD-000589,VD-000382,SMS,2024-03-21,15:52,3017.0,False,2,False
COMM-0007633,VD-000714,VD-000737,Persönlicher Kontakt,2025-08-20,01:31,2254.0,True,4,True
COMM-0007634,VD-000463,VD-000174,Social Media,2025-03-19,23:35,1575.0,False,1,False
COMM-0007635,VD-000472,VD-000795,Brief,2023-04-06,22:25,2171.0,False,3,True
COMM-0007636,VD-000349,VD-000179,E-Mail,2024-05-12,10:52,464.0,True,1,False
COMM-0007637,VD-000583,VD-000304,Social Media,2025-08-11,19:14,3028.0,True,4,True
COMM-0007638,VD-000448,VD-000535,E-Mail,2025-03-15,00:53,,True,6,True
COMM-0007639,VD-000927,VD-000444,SMS,2024-01-02,13:29,3460.0,True,4,True
COMM-0007640,VD-000517,VD-000891,WhatsApp,2025-02-12,07:12,1964.0,False,1,False
COMM-0007641,VD-000415,VD-000218,E-Mail,2024-10-04,06:24,1975.0,True,8,True
COMM-0007642,VD-000727,VD-000605,SMS,2023-07-23,21:45,3355.0,False,1,True
COMM-0007643,VD-000044,VD-000503,Persönlicher Kontakt,2024-04-09,09:00,784.0,False,10,False
COMM-0007644,VD-000192,VD-000887,SMS,2024-12-14,22:14,1049.0,False,10,False
COMM-0007645,VD-000348,VD-000959,Persönlicher Kontakt,2025-10-19,16:01,3260.0,True,9,True
COMM-0007646,VD-000109,VD-000092,Telegram,2024-06-09,14:38,2456.0,False,6,True
COMM-0007647,VD-000427,VD-000485,Telegram,2025-06-20,09:32,1207.0,True,5,False
COMM-0007648,VD-000098,VD-000726,WhatsApp,2023-03-22,07:34,2540.0,True,5,False
COMM-0007649,VD-000450,VD-000581,SMS,2024-10-19,12:27,3188.0,False,1,True
COMM-0007650,VD-000671,VD-000706,WhatsApp,2024-11-01,06:47,2865.0,False,4,True
COMM-0007651,VD-000822,VD-000707,Social Media,2025-11-03,06:58,1189.0,True,5,True
COMM-0007652,VD-000337,VD-000321,Social Media,2024-03-23,05:27,,False,1,False
COMM-0007653,VD-000822,VD-000255,Brief,2023-08-17,06:10,60.0,True,2,False
COMM-0007654,VD-000480,VD-000720,E-Mail,2023-05-16,02:11,1009.0,True,10,True
COMM-0007655,VD-000882,VD-000240,Brief,2025-05-22,19:37,1631.0,True,8,True
COMM-0007656,VD-000917,VD-000321,Telefonat,2023-08-28,00:07,622.0,True,2,False
COMM-0007657,VD-000266,VD-000595,Social Media,2025-07-06,16:15,1503.0,True,5,True
COMM-0007658,VD-000950,VD-000458,E-Mail,2024-12-19,19:00,,True,6,True
COMM-0007659,VD-000963,VD-000161,Telefonat,2025-10-28,04:13,2172.0,True,7,True
COMM-0007660,VD-000205,VD-000792,SMS,2023-11-08,10:36,947.0,True,10,True
COMM-0007661,VD-000987,VD-000979,Persönlicher Kontakt,2024-06-10,17:42,1436.0,False,10,True
COMM-0007662,VD-000803,VD-000638,E-Mail,2023-12-26,07:22,1468.0,True,10,True
COMM-0007663,VD-000790,VD-000132,Signal,2023-05-28,13:28,,False,3,True
COMM-0007664,VD-000011,VD-000268,Signal,2025-10-14,08:01,,True,10,False
COMM-0007665,VD-000141,VD-000265,Persönlicher Kontakt,2024-06-29,21:45,,True,7,False
COMM-0007666,VD-000521,VD-000067,Brief,2024-08-04,03:08,,True,7,True
COMM-0007667,VD-000015,VD-000706,Persönlicher Kontakt,2024-07-15,23:38,2259.0,False,1,True
COMM-0007668,VD-000749,VD-000390,Telefonat,2023-11-05,12:26,,False,4,False
COMM-0007669,VD-000392,VD-000857,Brief,2023-08-06,14:19,2478.0,True,3,False
COMM-0007670,VD-000498,VD-000583,Telefonat,2024-08-13,20:21,1762.0,True,10,True
COMM-0007671,VD-000422,VD-000470,Persönlicher Kontakt,2024-04-07,09:11,755.0,False,7,True
COMM-0007672,VD-000075,VD-000858,Telegram,2024-09-10,13:15,1671.0,False,8,True
COMM-0007673,VD-000486,VD-000290,Telefonat,2024-08-15,23:07,2010.0,True,3,False
COMM-0007674,VD-000274,VD-000141,Telegram,2024-06-19,01:37,3246.0,False,9,True
COMM-0007675,VD-000189,VD-000159,SMS,2023-11-27,02:12,,True,9,False
COMM-0007676,VD-000296,VD-000399,Telegram,2023-03-30,06:58,,True,4,True
COMM-0007677,VD-000849,VD-000431,Persönlicher Kontakt,2025-02-19,15:08,568.0,True,5,False
COMM-0007678,VD-000872,VD-000229,Social Media,2025-11-08,06:42,3093.0,True,1,False
COMM-0007679,VD-000906,VD-000110,SMS,2023-10-24,07:59,3342.0,False,2,False
COMM-0007680,VD-000811,VD-000589,Brief,2024-07-01,01:44,2349.0,False,1,True
COMM-0007681,VD-000779,VD-000623,SMS,2023-08-18,21:11,3146.0,False,7,False
COMM-0007682,VD-000100,VD-000785,Persönlicher Kontakt,2025-06-10,03:06,1282.0,True,8,False
COMM-0007683,VD-000671,VD-000780,Telefonat,2025-04-05,16:34,23.0,True,3,False
COMM-0007684,VD-000654,VD-000355,Brief,2023-02-23,15:09,,False,8,True
COMM-0007685,VD-000059,VD-000969,Signal,2024-05-19,00:47,,False,10,True
COMM-0007686,VD-000985,VD-000372,Persönlicher Kontakt,2024-09-19,05:20,170.0,True,9,True
COMM-0007687,VD-000103,VD-000085,Persönlicher Kontakt,2024-10-06,14:56,3569.0,True,4,True
COMM-0007688,VD-000797,VD-000727,WhatsApp,2023-05-09,04:32,1090.0,False,4,False
COMM-0007689,VD-000906,VD-000551,Signal,2024-02-23,18:19,,False,2,True
COMM-0007690,VD-000277,VD-000219,Social Media,2023-08-15,08:31,,False,1,True
COMM-0007691,VD-000422,VD-000205,SMS,2025-03-04,17:53,,False,8,False
COMM-0007692,VD-000935,VD-000181,SMS,2025-04-20,23:48,2205.0,True,9,False
COMM-0007693,VD-000833,VD-000608,Telegram,2023-08-01,00:41,247.0,False,2,False
COMM-0007694,VD-000112,VD-000840,WhatsApp,2025-05-08,08:13,1390.0,True,4,True
COMM-0007695,VD-000156,VD-000941,Signal,2024-04-04,23:01,760.0,True,1,True
COMM-0007696,VD-000690,VD-000541,SMS,2023-12-16,02:05,2026.0,False,7,True
COMM-0007697,VD-000954,VD-000599,E-Mail,2023-05-07,10:31,3100.0,False,3,False
COMM-0007698,VD-000409,VD-000190,WhatsApp,2023-09-20,21:46,446.0,False,4,True
COMM-0007699,VD-000005,VD-000270,WhatsApp,2023-12-12,06:32,1269.0,False,7,False
COMM-0007700,VD-000127,VD-000208,Persönlicher Kontakt,2024-09-15,09:14,1870.0,False,2,False
COMM-0007701,VD-000034,VD-000224,SMS,2023-03-04,02:37,51.0,False,2,False
COMM-0007702,VD-000246,VD-000871,Social Media,2023-04-23,03:11,1298.0,True,2,False
COMM-0007703,VD-000049,VD-000315,Social Media,2024-09-20,18:27,,True,5,True
COMM-0007704,VD-000371,VD-000233,Signal,2024-08-04,04:15,2945.0,True,6,False
COMM-0007705,VD-000397,VD-000110,SMS,2024-05-26,16:41,373.0,True,1,False
COMM-0007706,VD-000396,VD-000641,WhatsApp,2025-07-14,21:23,2062.0,False,3,False
COMM-0007707,VD-000951,VD-000513,Brief,2023-06-17,21:30,2694.0,False,3,False
COMM-0007708,VD-000504,VD-000283,Persönlicher Kontakt,2025-02-21,15:43,,True,9,False
COMM-0007709,VD-000322,VD-000656,Social Media,2025-03-15,21:24,,False,6,True
COMM-0007710,VD-000669,VD-000978,E-Mail,2023-03-25,12:59,2724.0,False,10,False
COMM-0007711,VD-000601,VD-000051,SMS,2024-08-22,01:03,1531.0,False,9,True
COMM-0007712,VD-000656,VD-000900,Social Media,2024-04-26,11:53,,True,9,False
COMM-0007713,VD-000409,VD-000731,SMS,2023-10-04,18:56,,True,6,False
COMM-0007714,VD-000778,VD-000078,Signal,2025-03-15,00:02,455.0,False,5,True
COMM-0007715,VD-000332,VD-000203,Telefonat,2025-10-31,20:25,3449.0,False,6,True
COMM-0007716,VD-000385,VD-000512,SMS,2024-10-20,20:44,1308.0,True,5,True
COMM-0007717,VD-000583,VD-000183,Social Media,2024-07-21,14:25,,False,7,False
COMM-0007718,VD-000386,VD-000244,Signal,2023-08-11,04:38,,False,6,False
COMM-0007719,VD-000692,VD-000473,E-Mail,2024-07-07,01:39,2575.0,True,3,True
COMM-0007720,VD-000936,VD-000664,Signal,2025-08-22,05:24,1502.0,True,4,True
COMM-0007721,VD-000338,VD-000280,WhatsApp,2025-03-11,08:04,3391.0,True,2,True
COMM-0007722,VD-000786,VD-000891,Social Media,2025-04-04,06:58,1774.0,True,4,False
COMM-0007723,VD-000470,VD-000213,Persönlicher Kontakt,2024-02-28,21:25,1524.0,True,7,False
COMM-0007724,VD-000839,VD-000604,Social Media,2025-07-28,07:56,1944.0,True,4,False
COMM-0007725,VD-000276,VD-000791,Telefonat,2024-09-22,16:04,2521.0,False,6,False
COMM-0007726,VD-000803,VD-000220,Telegram,2025-02-01,12:18,3189.0,False,4,True
COMM-0007727,VD-000523,VD-000172,Brief,2024-04-22,04:46,,False,9,False
COMM-0007728,VD-000795,VD-000746,SMS,2023-11-06,16:11,2788.0,False,8,False
COMM-0007729,VD-000199,VD-000635,SMS,2025-06-17,02:53,,False,9,True
COMM-0007730,VD-000308,VD-000295,Social Media,2023-10-26,08:13,3543.0,True,3,False
COMM-0007731,VD-000025,VD-000740,Telefonat,2025-05-13,21:40,,True,8,True
COMM-0007732,VD-000783,VD-000071,Persönlicher Kontakt,2023-05-08,17:24,2361.0,False,3,True
COMM-0007733,VD-000425,VD-000322,Social Media,2025-09-19,10:11,,True,9,True
COMM-0007734,VD-000892,VD-000282,Social Media,2023-11-29,18:34,579.0,False,4,False
COMM-0007735,VD-000590,VD-000415,Brief,2024-08-18,13:04,2518.0,True,1,True
COMM-0007736,VD-000239,VD-000945,Persönlicher Kontakt,2025-04-18,14:35,1586.0,False,3,False
COMM-0007737,VD-000278,VD-000710,E-Mail,2024-08-21,15:35,,True,6,True
COMM-0007738,VD-000125,VD-000188,Signal,2025-06-07,20:24,2552.0,False,5,False
COMM-0007739,VD-000809,VD-000778,E-Mail,2025-03-10,16:10,2827.0,False,10,True
COMM-0007740,VD-000847,VD-000309,Persönlicher Kontakt,2024-08-09,21:54,428.0,False,7,False
COMM-0007741,VD-000488,VD-000581,Telegram,2023-04-25,01:38,2296.0,True,2,True
COMM-0007742,VD-000543,VD-000013,Social Media,2023-12-01,04:02,2183.0,True,4,False
COMM-0007743,VD-000658,VD-000912,E-Mail,2025-07-12,17:53,,True,9,False
COMM-0007744,VD-000252,VD-000275,WhatsApp,2025-02-04,19:33,1735.0,True,5,False
COMM-0007745,VD-000699,VD-000490,Signal,2025-03-04,00:49,2902.0,False,10,True
COMM-0007746,VD-000460,VD-000728,Persönlicher Kontakt,2023-11-03,11:36,987.0,True,7,True
COMM-0007747,VD-000416,VD-000078,Signal,2023-06-18,20:51,2434.0,False,2,False
COMM-0007748,VD-000193,VD-000916,Social Media,2025-10-07,17:49,,True,10,False
COMM-0007749,VD-000005,VD-000371,Signal,2024-11-07,05:32,2277.0,False,10,True
COMM-0007750,VD-000361,VD-000291,Brief,2024-07-17,15:45,2173.0,False,9,True
COMM-0007751,VD-000710,VD-000648,Social Media,2023-06-11,23:15,1627.0,False,7,False
COMM-0007752,VD-000599,VD-000814,Social Media,2025-01-18,03:06,1952.0,False,2,True
COMM-0007753,VD-000229,VD-000023,Signal,2025-09-07,21:42,1713.0,False,1,True
COMM-0007754,VD-000978,VD-000791,WhatsApp,2023-04-11,15:02,2794.0,True,6,True
COMM-0007755,VD-000595,VD-000103,E-Mail,2024-09-07,10:17,2952.0,False,9,True
COMM-0007756,VD-000057,VD-000246,Telegram,2023-12-30,13:03,,True,8,True
COMM-0007757,VD-000330,VD-000330,Signal,2023-08-06,03:44,626.0,False,7,True
COMM-0007758,VD-000643,VD-000198,Persönlicher Kontakt,2025-08-05,19:11,,True,4,False
COMM-0007759,VD-000801,VD-000861,Telegram,2024-08-11,10:47,,True,10,False
COMM-0007760,VD-000013,VD-000746,SMS,2025-03-09,08:44,1596.0,False,4,False
COMM-0007761,VD-000019,VD-000081,Persönlicher Kontakt,2024-12-10,19:23,,True,6,True
COMM-0007762,VD-000057,VD-000512,Signal,2025-07-11,20:37,,False,8,True
COMM-0007763,VD-000949,VD-000793,WhatsApp,2024-06-22,05:00,,True,4,False
COMM-0007764,VD-000306,VD-000997,Signal,2023-07-24,16:10,569.0,True,10,True
COMM-0007765,VD-000840,VD-000517,E-Mail,2025-10-27,04:58,,False,9,False
COMM-0007766,VD-000048,VD-000941,E-Mail,2023-06-12,03:13,3452.0,True,3,False
COMM-0007767,VD-000350,VD-000334,Persönlicher Kontakt,2023-07-11,09:06,,False,7,False
COMM-0007768,VD-000944,VD-000868,Social Media,2025-03-03,10:28,2125.0,True,5,False
COMM-0007769,VD-000560,VD-000652,Signal,2023-04-14,19:06,3185.0,False,1,False
COMM-0007770,VD-000820,VD-000649,Brief,2023-04-14,03:04,,False,5,True
COMM-0007771,VD-000442,VD-000282,Signal,2023-03-02,18:03,3137.0,False,4,True
COMM-0007772,VD-000033,VD-000157,Telegram,2024-09-18,15:18,3123.0,True,1,False
COMM-0007773,VD-000995,VD-000417,Brief,2024-10-20,23:28,2771.0,True,8,False
COMM-0007774,VD-000413,VD-000442,WhatsApp,2025-06-29,12:38,2653.0,True,3,False
COMM-0007775,VD-000617,VD-000803,SMS,2025-01-02,03:03,1418.0,False,2,False
COMM-0007776,VD-000854,VD-000115,Signal,2023-03-01,07:21,,True,10,False
COMM-0007777,VD-000084,VD-000994,Persönlicher Kontakt,2023-01-02,03:54,,True,7,True
COMM-0007778,VD-000819,VD-000054,SMS,2025-05-22,17:05,,False,8,False
COMM-0007779,VD-000117,VD-000321,Social Media,2025-05-22,22:17,680.0,True,4,True
COMM-0007780,VD-000987,VD-000898,SMS,2023-10-05,23:08,222.0,True,3,False
COMM-0007781,VD-000361,VD-000990,Brief,2024-06-03,15:42,3401.0,False,7,False
COMM-0007782,VD-000124,VD-000238,Signal,2024-03-21,11:01,3437.0,False,2,True
COMM-0007783,VD-000260,VD-000010,SMS,2024-03-26,13:43,,False,10,False
COMM-0007784,VD-000503,VD-000628,Telefonat,2025-09-28,13:50,419.0,True,3,False
COMM-0007785,VD-000736,VD-000246,Social Media,2023-02-06,13:47,3124.0,True,3,True
COMM-0007786,VD-000549,VD-000195,Telefonat,2023-06-16,15:07,1388.0,False,2,True
COMM-0007787,VD-000586,VD-000062,E-Mail,2023-04-16,10:35,,True,2,False
COMM-0007788,VD-000103,VD-000465,SMS,2024-02-05,15:54,528.0,False,9,False
COMM-0007789,VD-000204,VD-000803,E-Mail,2025-04-11,10:40,,False,8,True
COMM-0007790,VD-000857,VD-000237,E-Mail,2023-03-01,05:25,,False,3,False
COMM-0007791,VD-000893,VD-000947,Social Media,2023-01-02,14:16,542.0,True,9,True
COMM-0007792,VD-000847,VD-000090,Telefonat,2024-12-26,16:25,,True,8,False
COMM-0007793,VD-000467,VD-000830,Signal,2024-09-10,23:13,2385.0,True,8,True
COMM-0007794,VD-000835,VD-000689,SMS,2024-05-19,01:05,2055.0,False,6,False
COMM-0007795,VD-000397,VD-000042,Signal,2024-02-15,08:23,2214.0,False,5,True
COMM-0007796,VD-000430,VD-000875,Persönlicher Kontakt,2025-11-01,07:19,,True,7,True
COMM-0007797,VD-000144,VD-000888,WhatsApp,2024-07-18,10:51,483.0,False,2,True
COMM-0007798,VD-000291,VD-000140,Social Media,2024-10-25,22:36,,True,8,True
COMM-0007799,VD-000492,VD-000586,Social Media,2023-09-08,20:24,,False,7,False
COMM-0007800,VD-000792,VD-000006,Social Media,2024-01-08,22:14,581.0,False,5,True
COMM-0007801,VD-000074,VD-000411,Social Media,2025-01-27,21:43,2379.0,False,9,True
COMM-0007802,VD-000226,VD-000660,Signal,2025-07-04,17:55,1498.0,False,6,True
COMM-0007803,VD-000260,VD-000288,Telegram,2024-11-20,03:11,,True,7,True
COMM-0007804,VD-000665,VD-000214,Signal,2024-06-08,04:02,2793.0,True,10,True
COMM-0007805,VD-000821,VD-000440,WhatsApp,2024-09-22,00:27,2474.0,False,2,False
COMM-0007806,VD-000434,VD-000693,SMS,2023-04-06,21:56,,False,3,False
COMM-0007807,VD-000320,VD-000099,WhatsApp,2025-11-10,15:26,1746.0,False,10,False
COMM-0007808,VD-000288,VD-000837,Telegram,2023-04-05,23:18,1746.0,True,2,False
COMM-0007809,VD-000446,VD-000729,Signal,2025-03-12,18:33,,True,2,False
COMM-0007810,VD-000545,VD-000462,Telegram,2024-04-09,00:27,1356.0,False,9,False
COMM-0007811,VD-000882,VD-000924,Persönlicher Kontakt,2023-06-02,00:43,,False,9,True
COMM-0007812,VD-000817,VD-000222,Telefonat,2025-06-21,03:38,1008.0,True,10,False
COMM-0007813,VD-000039,VD-000402,Social Media,2024-04-10,01:59,3566.0,False,9,True
COMM-0007814,VD-000045,VD-000711,WhatsApp,2024-02-11,14:45,,False,6,False
COMM-0007815,VD-000164,VD-000802,Telegram,2023-08-25,19:25,,False,8,True
COMM-0007816,VD-000623,VD-000383,E-Mail,2024-03-09,03:46,3361.0,True,4,True
COMM-0007817,VD-000057,VD-000705,Social Media,2024-11-24,18:26,2253.0,True,1,True
COMM-0007818,VD-000681,VD-000534,Signal,2024-12-03,05:24,,False,4,False
COMM-0007819,VD-000207,VD-000952,E-Mail,2023-07-16,11:17,,True,2,True
COMM-0007820,VD-000247,VD-000173,E-Mail,2023-08-04,07:30,,False,3,False
COMM-0007821,VD-000089,VD-000701,Social Media,2024-05-08,12:48,2906.0,False,2,False
COMM-0007822,VD-000609,VD-000535,Telefonat,2024-04-16,06:59,532.0,False,7,True
COMM-0007823,VD-000237,VD-000603,Telegram,2025-08-21,00:01,,False,5,False
COMM-0007824,VD-000983,VD-000964,Social Media,2024-03-19,08:58,,True,5,False
COMM-0007825,VD-000214,VD-000906,Telefonat,2024-03-16,06:14,940.0,True,9,False
COMM-0007826,VD-000508,VD-000999,Social Media,2025-05-18,10:01,92.0,False,8,False
COMM-0007827,VD-000307,VD-000796,Signal,2024-12-10,02:52,,True,5,True
COMM-0007828,VD-000734,VD-000244,Persönlicher Kontakt,2024-04-12,00:41,,True,9,True
COMM-0007829,VD-000728,VD-000852,WhatsApp,2024-08-23,18:43,,True,10,False
COMM-0007830,VD-000313,VD-000176,Telefonat,2024-04-11,19:33,3303.0,True,8,False
COMM-0007831,VD-000390,VD-000752,E-Mail,2023-06-04,17:49,,True,2,False
COMM-0007832,VD-000250,VD-000742,SMS,2025-09-24,17:30,207.0,False,6,True
COMM-0007833,VD-000998,VD-000905,Persönlicher Kontakt,2025-02-06,09:21,2501.0,True,2,False
COMM-0007834,VD-000974,VD-000707,SMS,2025-01-04,10:32,827.0,True,7,True
COMM-0007835,VD-000514,VD-000532,Social Media,2024-12-22,10:03,607.0,False,5,False
COMM-0007836,VD-000603,VD-000991,E-Mail,2023-04-20,07:09,2689.0,True,8,True
COMM-0007837,VD-000891,VD-000244,E-Mail,2025-08-28,16:35,364.0,True,7,True
COMM-0007838,VD-000086,VD-000165,SMS,2024-12-23,05:12,2614.0,False,5,True
COMM-0007839,VD-000583,VD-000681,Social Media,2023-06-17,16:15,1381.0,False,10,True
COMM-0007840,VD-000046,VD-000092,Persönlicher Kontakt,2024-10-24,23:43,1962.0,True,1,False
COMM-0007841,VD-000568,VD-000012,Telefonat,2025-02-14,23:52,2333.0,False,5,False
COMM-0007842,VD-000271,VD-000485,Signal,2025-09-13,17:42,982.0,True,6,True
COMM-0007843,VD-000055,VD-000351,Brief,2025-01-15,02:46,3064.0,False,2,False
COMM-0007844,VD-000644,VD-000321,Telegram,2024-04-19,03:10,,True,1,True
COMM-0007845,VD-000999,VD-000971,E-Mail,2023-09-29,00:58,96.0,True,2,True
COMM-0007846,VD-000031,VD-000014,Telefonat,2025-03-24,01:53,2742.0,True,8,False
COMM-0007847,VD-000893,VD-000531,Telefonat,2024-10-10,05:57,3594.0,False,2,True
COMM-0007848,VD-000038,VD-000512,SMS,2024-09-14,00:00,1442.0,False,8,False
COMM-0007849,VD-000210,VD-000392,E-Mail,2023-09-09,04:58,1674.0,False,8,True
COMM-0007850,VD-000109,VD-000332,Telefonat,2024-05-06,17:01,3598.0,True,3,True
COMM-0007851,VD-000445,VD-000870,Brief,2023-06-20,22:04,957.0,False,1,False
COMM-0007852,VD-000682,VD-000770,E-Mail,2024-08-13,08:38,3512.0,False,7,False
COMM-0007853,VD-000079,VD-000235,Signal,2023-12-29,07:58,,False,3,False
COMM-0007854,VD-000842,VD-000058,Social Media,2023-01-06,05:08,313.0,False,10,False
COMM-0007855,VD-000135,VD-000494,Signal,2023-07-30,09:20,3238.0,False,7,False
COMM-0007856,VD-000730,VD-000672,Telegram,2025-02-05,00:30,3274.0,False,5,True
COMM-0007857,VD-000105,VD-000208,Persönlicher Kontakt,2023-08-15,15:40,1752.0,True,5,False
COMM-0007858,VD-000830,VD-000552,SMS,2023-03-24,10:10,2578.0,True,3,False
COMM-0007859,VD-000988,VD-000823,Telegram,2025-04-04,09:47,,False,7,False
COMM-0007860,VD-000215,VD-000131,Persönlicher Kontakt,2025-02-10,09:05,1416.0,False,1,True
COMM-0007861,VD-000631,VD-000201,Social Media,2025-04-16,14:38,345.0,True,10,True
COMM-0007862,VD-000661,VD-000081,Persönlicher Kontakt,2024-12-21,23:43,,True,6,True
COMM-0007863,VD-000520,VD-000868,E-Mail,2023-12-31,13:36,2773.0,False,2,True
COMM-0007864,VD-000941,VD-000044,Brief,2023-04-16,01:10,,True,6,True
COMM-0007865,VD-000939,VD-000925,Persönlicher Kontakt,2024-12-16,04:01,,True,1,True
COMM-0007866,VD-000420,VD-000345,Telegram,2023-05-21,19:41,3587.0,True,8,False
COMM-0007867,VD-000350,VD-000710,WhatsApp,2025-03-08,19:49,,False,3,True
COMM-0007868,VD-000118,VD-000197,Brief,2024-08-01,15:13,2056.0,False,3,False
COMM-0007869,VD-000808,VD-000355,Persönlicher Kontakt,2025-05-14,00:37,,False,9,True
COMM-0007870,VD-000215,VD-000077,Telegram,2025-07-26,15:44,480.0,True,2,True
COMM-0007871,VD-000471,VD-000784,Persönlicher Kontakt,2023-08-11,04:56,3370.0,False,10,False
COMM-0007872,VD-000662,VD-000242,WhatsApp,2023-11-15,06:54,1789.0,True,10,True
COMM-0007873,VD-000213,VD-000559,Telegram,2023-01-14,15:31,,False,1,False
COMM-0007874,VD-000332,VD-000272,E-Mail,2023-10-12,17:07,1445.0,True,10,False
COMM-0007875,VD-000719,VD-000109,Brief,2024-06-02,15:54,,True,10,False
COMM-0007876,VD-000846,VD-000169,Signal,2024-03-29,04:30,3397.0,True,9,False
COMM-0007877,VD-000442,VD-000084,Social Media,2023-09-16,21:58,962.0,True,4,False
COMM-0007878,VD-000795,VD-000686,Persönlicher Kontakt,2025-02-16,16:53,2648.0,False,7,True
COMM-0007879,VD-000673,VD-000744,Signal,2023-09-11,14:31,759.0,False,6,True
COMM-0007880,VD-000999,VD-000792,Persönlicher Kontakt,2024-05-14,15:00,2893.0,True,3,False
COMM-0007881,VD-000963,VD-000500,Signal,2024-11-18,20:37,1684.0,False,6,False
COMM-0007882,VD-000027,VD-000102,Brief,2025-09-16,01:46,1624.0,False,4,True
COMM-0007883,VD-000531,VD-000030,Telegram,2023-04-20,22:31,1996.0,True,3,True
COMM-0007884,VD-000926,VD-000367,Telegram,2024-04-21,13:07,,True,2,True
COMM-0007885,VD-000953,VD-000073,Telefonat,2025-10-27,08:00,2699.0,False,9,True
COMM-0007886,VD-000928,VD-000505,E-Mail,2025-09-15,11:27,697.0,False,10,True
COMM-0007887,VD-000528,VD-000682,Signal,2023-10-03,23:41,370.0,False,1,False
COMM-0007888,VD-000780,VD-000395,SMS,2025-01-11,22:08,,False,7,False
COMM-0007889,VD-000796,VD-000315,Signal,2025-03-10,23:57,2379.0,True,2,True
COMM-0007890,VD-000480,VD-000409,Persönlicher Kontakt,2025-10-10,08:50,3466.0,False,10,True
COMM-0007891,VD-000569,VD-000633,E-Mail,2023-11-30,13:10,,True,2,True
COMM-0007892,VD-000855,VD-000318,Telefonat,2024-03-22,00:38,1340.0,True,3,True
COMM-0007893,VD-000800,VD-000760,Persönlicher Kontakt,2025-04-04,05:52,,True,5,False
COMM-0007894,VD-000692,VD-000305,Social Media,2024-04-16,04:23,3250.0,False,2,True
COMM-0007895,VD-000644,VD-000872,Telegram,2024-02-12,07:58,,True,9,False
COMM-0007896,VD-000747,VD-000597,E-Mail,2023-12-09,06:51,3287.0,False,3,True
COMM-0007897,VD-000390,VD-000406,Brief,2023-05-24,18:08,512.0,False,10,True
COMM-0007898,VD-000821,VD-000114,E-Mail,2024-07-30,19:25,2591.0,True,5,True
COMM-0007899,VD-000792,VD-000943,Telegram,2024-07-17,02:01,,True,6,False
COMM-0007900,VD-000984,VD-000570,WhatsApp,2024-09-01,07:52,95.0,True,1,False
COMM-0007901,VD-000504,VD-000731,Telefonat,2025-09-08,15:51,24.0,False,8,True
COMM-0007902,VD-000640,VD-000575,Signal,2024-05-10,23:15,3585.0,False,10,True
COMM-0007903,VD-000067,VD-000196,Brief,2023-10-25,00:27,,False,3,True
COMM-0007904,VD-000496,VD-000640,Social Media,2024-10-01,23:01,772.0,True,3,False
COMM-0007905,VD-000585,VD-000376,Brief,2024-08-11,06:40,2863.0,False,7,True
COMM-0007906,VD-000634,VD-000214,E-Mail,2024-02-23,23:17,2829.0,False,7,True
COMM-0007907,VD-000181,VD-000186,SMS,2025-08-18,03:31,,True,1,False
COMM-0007908,VD-000548,VD-000996,WhatsApp,2024-11-27,07:45,,False,5,False
COMM-0007909,VD-000298,VD-000790,Persönlicher Kontakt,2025-06-06,01:57,85.0,False,3,True
COMM-0007910,VD-000804,VD-000222,Social Media,2025-01-04,20:31,1626.0,True,1,True
COMM-0007911,VD-000523,VD-000639,Signal,2023-03-02,15:20,3561.0,False,1,True
COMM-0007912,VD-000983,VD-000687,Brief,2024-01-17,01:51,3271.0,False,6,False
COMM-0007913,VD-000196,VD-000414,Telegram,2024-06-20,12:58,,True,6,False
COMM-0007914,VD-000322,VD-000824,Social Media,2024-01-05,03:44,,True,2,True
COMM-0007915,VD-000615,VD-000125,WhatsApp,2023-11-03,14:25,2059.0,False,1,False
COMM-0007916,VD-000120,VD-000628,Persönlicher Kontakt,2023-03-21,16:26,,True,5,True
COMM-0007917,VD-000547,VD-000243,SMS,2023-02-10,00:23,,True,2,False
COMM-0007918,VD-000842,VD-000658,SMS,2023-06-29,01:25,3283.0,True,1,True
COMM-0007919,VD-000599,VD-000497,Persönlicher Kontakt,2023-09-02,13:58,,True,10,True
COMM-0007920,VD-000142,VD-000676,SMS,2024-03-12,10:47,2968.0,False,6,False
COMM-0007921,VD-000249,VD-000331,Signal,2024-05-02,14:12,,True,2,False
COMM-0007922,VD-000183,VD-000836,E-Mail,2023-12-10,11:57,353.0,False,1,True
COMM-0007923,VD-000858,VD-000145,Brief,2023-02-28,17:22,3484.0,True,2,False
COMM-0007924,VD-000800,VD-000795,Telefonat,2023-10-01,03:29,1258.0,False,7,False
COMM-0007925,VD-000324,VD-000346,Telefonat,2023-10-31,15:05,3297.0,False,6,True
COMM-0007926,VD-000752,VD-000016,Signal,2023-09-12,16:57,1964.0,True,6,True
COMM-0007927,VD-000117,VD-000701,Social Media,2024-06-29,10:26,,True,2,False
COMM-0007928,VD-000382,VD-000008,Persönlicher Kontakt,2025-02-13,15:40,3431.0,True,7,True
COMM-0007929,VD-000267,VD-000325,WhatsApp,2023-08-07,11:56,500.0,False,5,True
COMM-0007930,VD-000103,VD-000750,SMS,2023-12-09,18:34,1582.0,True,1,False
COMM-0007931,VD-000974,VD-000151,E-Mail,2025-02-20,09:10,,True,7,True
COMM-0007932,VD-000159,VD-000234,WhatsApp,2024-11-08,09:53,,True,2,True
COMM-0007933,VD-000921,VD-000067,E-Mail,2023-01-28,17:54,3224.0,False,1,True
COMM-0007934,VD-000504,VD-000189,Social Media,2025-06-17,21:22,225.0,True,6,True
COMM-0007935,VD-000740,VD-000261,E-Mail,2025-09-03,09:20,877.0,False,3,True
COMM-0007936,VD-000121,VD-000354,Telegram,2023-05-14,12:31,3132.0,True,4,False
COMM-0007937,VD-000379,VD-000386,SMS,2025-07-05,09:36,,True,2,True
COMM-0007938,VD-000835,VD-000055,Telegram,2023-02-20,13:34,2548.0,True,10,True
COMM-0007939,VD-000044,VD-000480,WhatsApp,2025-05-30,19:28,,True,8,False
COMM-0007940,VD-000032,VD-000603,E-Mail,2023-10-21,17:50,3297.0,True,5,True
COMM-0007941,VD-000061,VD-000468,WhatsApp,2024-03-18,07:32,2026.0,True,2,False
COMM-0007942,VD-000496,VD-000830,Persönlicher Kontakt,2025-09-17,05:07,140.0,False,9,True
COMM-0007943,VD-000702,VD-000573,Brief,2025-04-07,01:30,150.0,False,3,True
COMM-0007944,VD-000916,VD-000939,WhatsApp,2025-05-20,10:09,47.0,False,9,False
COMM-0007945,VD-000468,VD-000737,Social Media,2025-09-13,13:58,823.0,False,1,True
COMM-0007946,VD-000584,VD-000178,SMS,2024-06-05,04:30,3441.0,True,3,True
COMM-0007947,VD-000618,VD-000551,Signal,2024-03-11,08:44,1809.0,False,1,True
COMM-0007948,VD-000302,VD-000941,Telefonat,2023-07-22,19:31,,False,2,True
COMM-0007949,VD-000714,VD-000722,WhatsApp,2025-11-07,01:11,1537.0,False,9,True
COMM-0007950,VD-000107,VD-000779,Telegram,2024-08-01,20:03,2161.0,True,9,False
COMM-0007951,VD-000454,VD-000992,Brief,2023-09-30,01:36,,True,4,True
COMM-0007952,VD-000779,VD-000097,Signal,2025-06-06,06:04,,False,8,False
COMM-0007953,VD-000230,VD-000264,WhatsApp,2024-09-17,00:40,1558.0,True,5,True
COMM-0007954,VD-000539,VD-000331,SMS,2023-09-10,09:59,,False,2,True
COMM-0007955,VD-000509,VD-000572,Brief,2024-06-22,06:23,,True,5,True
COMM-0007956,VD-000686,VD-000560,E-Mail,2024-01-14,23:41,,False,3,False
COMM-0007957,VD-000144,VD-000937,Telegram,2023-01-23,13:09,,False,2,True
COMM-0007958,VD-000459,VD-000420,SMS,2023-01-04,10:25,,True,5,True
COMM-0007959,VD-000351,VD-000050,Telegram,2024-07-23,07:27,,True,4,True
COMM-0007960,VD-000257,VD-000324,Brief,2025-10-20,22:33,,True,8,False
COMM-0007961,VD-000320,VD-000240,SMS,2025-05-31,14:06,1510.0,True,6,True
COMM-0007962,VD-000958,VD-000839,Social Media,2023-10-26,11:02,1165.0,False,3,False
COMM-0007963,VD-000629,VD-000936,Brief,2023-03-24,03:40,,False,9,False
COMM-0007964,VD-000299,VD-000897,Brief,2023-05-17,14:54,,True,7,True
COMM-0007965,VD-000941,VD-000530,SMS,2024-11-10,21:07,,True,3,True
COMM-0007966,VD-000276,VD-000257,Signal,2025-06-01,08:53,3063.0,False,8,True
COMM-0007967,VD-000858,VD-000016,SMS,2024-02-27,04:15,900.0,False,3,False
COMM-0007968,VD-000096,VD-000260,Signal,2023-09-27,02:16,3422.0,True,8,False
COMM-0007969,VD-000983,VD-000422,Telegram,2023-02-27,02:54,,False,5,True
COMM-0007970,VD-000285,VD-000582,Persönlicher Kontakt,2023-01-09,23:47,2738.0,False,3,True
COMM-0007971,VD-000057,VD-000133,E-Mail,2023-01-03,11:23,3282.0,True,10,False
COMM-0007972,VD-000149,VD-000844,Brief,2025-05-12,20:36,,False,5,False
COMM-0007973,VD-000371,VD-000084,Brief,2025-10-30,10:47,1066.0,False,10,False
COMM-0007974,VD-000422,VD-000483,Telegram,2025-04-24,07:14,,True,9,False
COMM-0007975,VD-000027,VD-000611,Social Media,2025-04-07,02:50,2556.0,False,8,False
COMM-0007976,VD-000732,VD-000087,Brief,2023-11-07,11:48,,False,7,False
COMM-0007977,VD-000587,VD-000150,Persönlicher Kontakt,2024-12-22,11:35,672.0,True,9,True
COMM-0007978,VD-000944,VD-000151,SMS,2025-07-28,13:01,621.0,False,7,False
COMM-0007979,VD-000091,VD-000950,Telefonat,2024-09-12,00:23,570.0,False,9,True
COMM-0007980,VD-000041,VD-000707,Brief,2024-10-12,03:52,,True,8,False
COMM-0007981,VD-000217,VD-000467,Social Media,2024-03-19,15:21,1648.0,True,5,False
COMM-0007982,VD-000709,VD-000342,Social Media,2024-06-02,16:13,2177.0,False,3,False
COMM-0007983,VD-000893,VD-000467,Telegram,2023-05-12,21:07,2637.0,True,10,True
COMM-0007984,VD-000212,VD-000508,Persönlicher Kontakt,2025-03-10,02:13,3304.0,True,9,True
COMM-0007985,VD-000902,VD-000758,Telefonat,2025-11-06,00:42,3353.0,False,2,False
COMM-0007986,VD-000055,VD-000779,Telefonat,2025-05-22,17:28,145.0,True,1,False
COMM-0007987,VD-000018,VD-000611,E-Mail,2025-02-27,09:17,3288.0,True,2,True
COMM-0007988,VD-000722,VD-000672,E-Mail,2025-10-27,17:11,2576.0,False,3,False
COMM-0007989,VD-000652,VD-000936,E-Mail,2024-03-12,16:15,1694.0,False,6,False
COMM-0007990,VD-000368,VD-000158,SMS,2024-07-20,00:49,201.0,False,5,True
COMM-0007991,VD-000478,VD-000018,Telegram,2025-10-05,11:39,1507.0,True,7,True
COMM-0007992,VD-000997,VD-000263,Signal,2023-04-15,18:50,3092.0,True,8,True
COMM-0007993,VD-000355,VD-000910,Telefonat,2023-04-03,20:03,,False,10,False
COMM-0007994,VD-000396,VD-000490,Brief,2024-01-16,20:49,2600.0,False,10,False
COMM-0007995,VD-000433,VD-000596,Brief,2023-12-14,12:54,3243.0,True,5,False
COMM-0007996,VD-000843,VD-000982,Signal,2024-11-13,21:28,1399.0,False,3,True
COMM-0007997,VD-000364,VD-000358,E-Mail,2024-04-13,09:53,2306.0,True,4,False
COMM-0007998,VD-000990,VD-000049,Brief,2023-03-01,08:18,,True,7,False
COMM-0007999,VD-000569,VD-000388,Signal,2024-01-06,08:31,2347.0,False,7,False
COMM-0008000,VD-000713,VD-000733,SMS,2024-05-08,23:51,79.0,False,5,False
COMM-0008001,VD-000352,VD-000379,Telefonat,2023-03-17,01:04,,False,4,True
COMM-0008002,VD-000314,VD-000117,Signal,2023-05-24,18:46,3249.0,True,1,False
COMM-0008003,VD-000755,VD-000936,WhatsApp,2023-09-11,09:16,1597.0,True,4,True
COMM-0008004,VD-000497,VD-000436,Signal,2025-06-20,08:08,2211.0,False,6,True
COMM-0008005,VD-000673,VD-000237,Telegram,2024-04-24,05:12,1358.0,True,2,True
COMM-0008006,VD-000655,VD-000065,Telefonat,2024-07-28,00:25,,True,9,True
COMM-0008007,VD-000614,VD-000727,WhatsApp,2023-05-09,12:51,2785.0,False,9,False
COMM-0008008,VD-000174,VD-000663,Persönlicher Kontakt,2023-08-06,13:34,,False,8,True
COMM-0008009,VD-000988,VD-000298,Persönlicher Kontakt,2024-07-18,06:55,1873.0,True,5,True
COMM-0008010,VD-000070,VD-000289,Brief,2023-01-18,09:35,266.0,False,10,False
COMM-0008011,VD-000062,VD-000687,Signal,2025-03-24,07:42,2450.0,True,10,True
COMM-0008012,VD-000693,VD-000088,Persönlicher Kontakt,2025-03-04,13:47,782.0,False,10,False
COMM-0008013,VD-000727,VD-000410,Social Media,2024-05-11,23:34,1591.0,True,7,False
COMM-0008014,VD-000874,VD-000280,WhatsApp,2025-04-29,19:48,2368.0,False,10,False
COMM-0008015,VD-000943,VD-000157,SMS,2025-10-21,22:17,,True,1,True
COMM-0008016,VD-000629,VD-000040,Telefonat,2025-11-11,11:17,1985.0,True,1,True
COMM-0008017,VD-000277,VD-000590,Brief,2025-09-07,08:47,567.0,True,3,True
COMM-0008018,VD-000631,VD-000788,Telefonat,2023-12-17,10:54,2295.0,False,3,True
COMM-0008019,VD-000211,VD-000255,Telegram,2023-04-02,13:27,,True,9,False
COMM-0008020,VD-000834,VD-000609,SMS,2023-09-18,00:47,182.0,True,4,True
COMM-0008021,VD-000488,VD-000912,Persönlicher Kontakt,2025-08-01,07:07,778.0,True,8,False
COMM-0008022,VD-000390,VD-000625,Social Media,2024-11-01,12:39,716.0,True,1,False
COMM-0008023,VD-000789,VD-000382,SMS,2023-03-08,20:29,1926.0,True,5,True
COMM-0008024,VD-000231,VD-000379,SMS,2024-01-02,22:18,945.0,False,4,True
COMM-0008025,VD-000753,VD-000766,Telefonat,2025-08-09,15:26,3512.0,False,9,True
COMM-0008026,VD-000187,VD-000243,Telefonat,2025-05-11,21:36,2449.0,False,9,False
COMM-0008027,VD-000199,VD-000172,Persönlicher Kontakt,2024-08-06,19:43,,True,5,False
COMM-0008028,VD-000067,VD-000325,Telefonat,2023-06-14,06:40,,False,5,False
COMM-0008029,VD-000573,VD-000556,E-Mail,2023-09-08,20:56,1769.0,True,6,False
COMM-0008030,VD-000160,VD-000348,Telegram,2023-03-23,17:41,1045.0,False,9,True
COMM-0008031,VD-000652,VD-000698,Brief,2023-10-19,17:01,1290.0,False,2,False
COMM-0008032,VD-000017,VD-000533,E-Mail,2024-02-18,02:20,,True,6,True
COMM-0008033,VD-000155,VD-000873,Telegram,2024-11-14,20:35,1339.0,True,3,False
COMM-0008034,VD-000499,VD-000689,Persönlicher Kontakt,2025-05-19,19:27,3544.0,False,9,False
COMM-0008035,VD-000025,VD-000155,Persönlicher Kontakt,2024-12-10,23:33,1896.0,True,8,False
COMM-0008036,VD-000010,VD-000124,E-Mail,2023-11-02,11:36,343.0,True,8,True
COMM-0008037,VD-000538,VD-000189,Persönlicher Kontakt,2023-09-28,02:50,,False,5,True
COMM-0008038,VD-000145,VD-000067,Brief,2023-06-13,23:26,,True,6,False
COMM-0008039,VD-000894,VD-000089,E-Mail,2024-03-01,14:30,2057.0,False,6,True
COMM-0008040,VD-000884,VD-000998,Social Media,2023-06-28,00:12,2826.0,True,10,True
COMM-0008041,VD-000179,VD-000921,Telefonat,2023-07-16,04:36,2585.0,True,10,False
COMM-0008042,VD-000762,VD-000549,Telefonat,2024-01-06,13:19,,False,7,False
COMM-0008043,VD-000875,VD-000597,Telegram,2024-12-03,12:29,,True,1,False
COMM-0008044,VD-000099,VD-000982,SMS,2025-05-02,22:29,1496.0,True,10,False
COMM-0008045,VD-000261,VD-000215,Persönlicher Kontakt,2025-05-15,18:06,,False,4,False
COMM-0008046,VD-000805,VD-000187,Social Media,2023-01-02,01:25,,False,8,True
COMM-0008047,VD-000077,VD-000581,E-Mail,2023-07-23,16:38,1316.0,True,8,False
COMM-0008048,VD-000895,VD-000509,Telegram,2024-06-08,16:56,3082.0,False,10,False
COMM-0008049,VD-000773,VD-000244,SMS,2024-06-23,21:07,,True,2,True
COMM-0008050,VD-000696,VD-000804,Telegram,2025-08-15,14:14,,True,10,True
COMM-0008051,VD-000478,VD-000803,Telegram,2023-09-27,14:34,1647.0,True,2,True
COMM-0008052,VD-000050,VD-000244,Persönlicher Kontakt,2023-10-10,04:50,1345.0,True,4,False
COMM-0008053,VD-000799,VD-000081,Telefonat,2023-11-08,04:13,689.0,True,9,True
COMM-0008054,VD-000922,VD-000869,Signal,2025-04-17,17:37,,True,8,False
COMM-0008055,VD-000055,VD-000228,Social Media,2024-12-24,06:11,1732.0,False,1,False
COMM-0008056,VD-000825,VD-000552,WhatsApp,2023-09-07,20:18,36.0,False,7,False
COMM-0008057,VD-000958,VD-000861,Persönlicher Kontakt,2025-02-20,20:10,3231.0,True,1,False
COMM-0008058,VD-000131,VD-000430,Telefonat,2024-06-03,04:46,,False,2,False
COMM-0008059,VD-000604,VD-000086,SMS,2025-09-20,06:09,3261.0,False,4,True
COMM-0008060,VD-000563,VD-000480,Social Media,2023-01-26,04:57,1073.0,False,8,True
COMM-0008061,VD-000740,VD-000813,SMS,2024-04-05,07:37,,True,7,True
COMM-0008062,VD-000664,VD-000932,Telefonat,2023-07-20,23:20,2766.0,False,4,True
COMM-0008063,VD-000663,VD-000139,Brief,2025-05-29,05:40,,True,1,False
COMM-0008064,VD-000158,VD-000171,SMS,2024-12-29,08:22,2844.0,True,4,True
COMM-0008065,VD-000131,VD-000485,Persönlicher Kontakt,2023-05-31,10:07,3312.0,True,3,False
COMM-0008066,VD-000506,VD-000040,Telefonat,2024-08-24,02:22,2373.0,True,7,True
COMM-0008067,VD-000076,VD-000801,Telegram,2025-08-01,13:29,557.0,True,2,False
COMM-0008068,VD-000589,VD-000503,Persönlicher Kontakt,2024-06-21,07:11,,True,2,True
COMM-0008069,VD-000070,VD-000334,E-Mail,2023-11-02,10:43,948.0,False,1,False
COMM-0008070,VD-000043,VD-000406,Brief,2023-09-23,06:30,,False,9,True
COMM-0008071,VD-000124,VD-000711,Telefonat,2025-02-02,17:54,2520.0,False,9,True
COMM-0008072,VD-000110,VD-000102,E-Mail,2025-08-24,17:19,1325.0,True,9,False
COMM-0008073,VD-000341,VD-000423,Brief,2023-12-12,23:05,,False,6,True
COMM-0008074,VD-000775,VD-000353,Telefonat,2024-09-21,11:37,,False,10,False
COMM-0008075,VD-000355,VD-000255,Signal,2025-09-21,03:06,,False,6,False
COMM-0008076,VD-000211,VD-000044,WhatsApp,2023-01-31,23:23,1662.0,True,5,False
COMM-0008077,VD-000891,VD-000316,E-Mail,2025-08-14,23:22,1905.0,True,2,True
COMM-0008078,VD-000442,VD-000821,Social Media,2023-06-15,07:19,,True,4,False
COMM-0008079,VD-000263,VD-000259,Telefonat,2025-02-26,03:31,1930.0,True,2,True
COMM-0008080,VD-000132,VD-000097,Brief,2025-10-14,12:57,,True,6,False
COMM-0008081,VD-000303,VD-000730,Persönlicher Kontakt,2025-06-01,07:08,1367.0,True,8,True
COMM-0008082,VD-000330,VD-000572,Social Media,2025-01-30,12:06,,True,10,False
COMM-0008083,VD-000136,VD-000097,Signal,2024-12-17,11:16,1652.0,True,10,True
COMM-0008084,VD-000638,VD-000236,SMS,2025-07-15,03:55,1681.0,True,1,False
COMM-0008085,VD-000712,VD-000113,Telegram,2025-04-26,09:09,,False,10,True
COMM-0008086,VD-000471,VD-000463,E-Mail,2025-10-17,22:18,1472.0,False,5,True
COMM-0008087,VD-000341,VD-000359,Telefonat,2025-08-15,15:21,,False,9,False
COMM-0008088,VD-000621,VD-000422,Social Media,2024-02-13,05:31,2735.0,False,1,False
COMM-0008089,VD-000977,VD-000688,SMS,2025-01-02,05:21,,True,8,False
COMM-0008090,VD-000563,VD-000442,SMS,2025-04-29,00:03,,True,10,False
COMM-0008091,VD-000807,VD-000308,Telefonat,2023-12-30,16:45,966.0,False,5,False
COMM-0008092,VD-000083,VD-000573,Persönlicher Kontakt,2023-06-07,06:06,,True,1,False
COMM-0008093,VD-001000,VD-000369,Social Media,2024-01-05,19:19,1906.0,True,1,True
COMM-0008094,VD-000099,VD-000566,WhatsApp,2023-04-06,02:37,639.0,False,1,False
COMM-0008095,VD-000223,VD-000398,Persönlicher Kontakt,2025-10-22,20:28,1682.0,False,3,True
COMM-0008096,VD-000672,VD-000990,E-Mail,2023-09-17,19:28,3057.0,False,1,True
COMM-0008097,VD-000738,VD-000878,E-Mail,2024-03-14,12:21,1820.0,True,8,False
COMM-0008098,VD-000614,VD-000115,E-Mail,2025-05-30,00:48,1573.0,False,5,True
COMM-0008099,VD-000510,VD-000929,Telegram,2023-09-10,10:36,2096.0,True,5,True
COMM-0008100,VD-000150,VD-000288,WhatsApp,2023-09-08,16:37,3101.0,True,3,True
COMM-0008101,VD-000631,VD-000747,Social Media,2023-12-22,17:50,,True,5,False
COMM-0008102,VD-000565,VD-000988,WhatsApp,2024-12-03,19:19,405.0,False,6,False
COMM-0008103,VD-000184,VD-000169,E-Mail,2024-09-25,16:52,1429.0,False,4,True
COMM-0008104,VD-000920,VD-000113,Social Media,2025-10-30,12:46,2730.0,False,8,False
COMM-0008105,VD-000578,VD-000568,E-Mail,2023-03-19,18:10,,False,5,False
COMM-0008106,VD-000456,VD-000739,Brief,2023-09-15,00:56,,True,3,True
COMM-0008107,VD-000363,VD-000857,Persönlicher Kontakt,2024-08-20,20:07,183.0,True,10,True
COMM-0008108,VD-000418,VD-000934,Brief,2024-04-05,04:59,2068.0,True,3,True
COMM-0008109,VD-000533,VD-000431,Telegram,2023-03-17,09:50,715.0,False,5,False
COMM-0008110,VD-000859,VD-000291,WhatsApp,2024-11-14,12:40,2653.0,True,2,True
COMM-0008111,VD-000591,VD-000054,Telefonat,2024-12-27,03:08,862.0,False,1,True
COMM-0008112,VD-000149,VD-000937,Persönlicher Kontakt,2025-05-19,10:54,,True,9,False
COMM-0008113,VD-000507,VD-000407,Telegram,2024-02-28,07:44,,True,10,False
COMM-0008114,VD-000983,VD-000779,Persönlicher Kontakt,2025-02-20,11:40,191.0,True,10,True
COMM-0008115,VD-000769,VD-000697,WhatsApp,2023-08-26,18:01,1307.0,True,3,False
COMM-0008116,VD-000525,VD-000729,Persönlicher Kontakt,2023-10-28,04:00,,True,3,True
COMM-0008117,VD-000021,VD-000768,Social Media,2025-10-11,10:24,,False,4,True
COMM-0008118,VD-000172,VD-000237,Signal,2025-06-24,15:00,1777.0,False,5,True
COMM-0008119,VD-000184,VD-000732,Signal,2025-06-28,04:33,552.0,False,1,True
COMM-0008120,VD-000980,VD-000765,WhatsApp,2024-10-25,10:30,271.0,False,7,True
COMM-0008121,VD-000961,VD-000020,Social Media,2024-01-26,06:45,1141.0,False,9,True
COMM-0008122,VD-000222,VD-000499,Brief,2025-08-13,08:05,,False,4,True
COMM-0008123,VD-000024,VD-000559,Signal,2023-05-05,22:57,1087.0,True,8,False
COMM-0008124,VD-000898,VD-000735,SMS,2025-04-13,19:42,3042.0,False,10,False
COMM-0008125,VD-000727,VD-000599,Brief,2024-11-24,10:11,2442.0,False,8,True
COMM-0008126,VD-000994,VD-000934,Telefonat,2024-10-28,03:31,1981.0,True,8,True
COMM-0008127,VD-000038,VD-000430,WhatsApp,2023-01-14,16:38,,False,2,False
COMM-0008128,VD-000590,VD-000708,Social Media,2024-04-19,22:28,3481.0,True,8,True
COMM-0008129,VD-000117,VD-001000,Persönlicher Kontakt,2024-05-20,06:26,1276.0,False,1,True
COMM-0008130,VD-000375,VD-000298,E-Mail,2024-06-15,14:30,3443.0,True,10,True
COMM-0008131,VD-000062,VD-000674,Brief,2023-05-28,04:09,1285.0,False,5,True
COMM-0008132,VD-000886,VD-000990,Brief,2025-10-02,06:02,2200.0,True,1,False
COMM-0008133,VD-000584,VD-000974,Telegram,2025-03-21,10:45,2039.0,True,10,False
COMM-0008134,VD-000089,VD-000393,SMS,2023-07-16,05:03,1556.0,False,9,False
COMM-0008135,VD-000661,VD-000138,Telegram,2025-02-24,14:30,3478.0,False,3,False
COMM-0008136,VD-000257,VD-000723,Signal,2023-03-27,17:57,1611.0,True,5,True
COMM-0008137,VD-000349,VD-000202,Telegram,2023-02-07,10:17,1269.0,True,7,True
COMM-0008138,VD-000939,VD-000825,SMS,2023-12-28,23:03,3492.0,True,3,True
COMM-0008139,VD-000073,VD-000288,Signal,2023-03-13,21:51,2832.0,False,8,False
COMM-0008140,VD-000718,VD-000151,Brief,2024-11-23,01:24,3007.0,False,8,True
COMM-0008141,VD-000672,VD-000779,Brief,2023-12-04,09:17,1899.0,True,7,False
COMM-0008142,VD-000742,VD-000547,WhatsApp,2024-09-02,12:37,1485.0,False,1,False
COMM-0008143,VD-000331,VD-000914,SMS,2024-01-17,05:48,,True,2,False
COMM-0008144,VD-000236,VD-000289,SMS,2024-07-20,20:04,,False,1,True
COMM-0008145,VD-000626,VD-000203,SMS,2025-02-10,10:37,682.0,True,8,False
COMM-0008146,VD-000096,VD-000231,E-Mail,2024-02-01,20:31,,True,8,False
COMM-0008147,VD-000173,VD-000681,Signal,2024-09-27,20:10,20.0,False,10,False
COMM-0008148,VD-000243,VD-000212,WhatsApp,2024-12-21,14:20,,False,7,False
COMM-0008149,VD-000948,VD-000328,Brief,2025-09-21,15:15,1620.0,True,2,False
COMM-0008150,VD-000862,VD-000232,WhatsApp,2025-09-27,04:07,2946.0,True,7,False
COMM-0008151,VD-000212,VD-000095,E-Mail,2025-11-07,17:56,1612.0,False,5,True
COMM-0008152,VD-000449,VD-000632,Signal,2024-06-12,14:09,1491.0,False,2,False
COMM-0008153,VD-000009,VD-000807,WhatsApp,2023-10-21,06:15,,True,7,True
COMM-0008154,VD-000255,VD-000506,Persönlicher Kontakt,2023-08-05,06:46,3544.0,True,1,True
COMM-0008155,VD-000254,VD-000364,Social Media,2023-09-11,04:28,,True,7,True
COMM-0008156,VD-000499,VD-000067,Persönlicher Kontakt,2024-12-30,05:50,,True,8,False
COMM-0008157,VD-000520,VD-000347,E-Mail,2023-04-30,13:25,1240.0,False,9,True
COMM-0008158,VD-000944,VD-000682,WhatsApp,2025-06-13,14:04,,False,1,False
COMM-0008159,VD-000773,VD-000259,Social Media,2023-09-09,07:27,1664.0,False,1,True
COMM-0008160,VD-001000,VD-000499,Persönlicher Kontakt,2023-07-29,13:44,494.0,True,4,True
COMM-0008161,VD-000072,VD-000976,Signal,2024-06-29,20:47,,True,7,True
COMM-0008162,VD-000624,VD-000329,Brief,2024-02-22,21:52,3198.0,False,3,True
COMM-0008163,VD-000836,VD-000598,Brief,2023-07-21,00:00,,True,1,False
COMM-0008164,VD-000523,VD-000701,Signal,2025-05-30,15:12,2326.0,True,4,False
COMM-0008165,VD-000296,VD-000137,SMS,2023-09-24,00:09,3226.0,True,2,True
COMM-0008166,VD-000719,VD-000316,Persönlicher Kontakt,2024-03-29,15:30,2533.0,False,10,False
COMM-0008167,VD-000471,VD-000537,Social Media,2025-08-21,11:55,3384.0,True,6,True
COMM-0008168,VD-000941,VD-000194,Persönlicher Kontakt,2023-12-06,20:19,3144.0,False,9,False
COMM-0008169,VD-000733,VD-000042,Persönlicher Kontakt,2024-11-15,12:11,,True,1,True
COMM-0008170,VD-000721,VD-000671,WhatsApp,2023-03-31,13:14,2323.0,True,2,False
COMM-0008171,VD-000780,VD-000413,Social Media,2024-12-01,18:47,,True,10,True
COMM-0008172,VD-000024,VD-000520,Telefonat,2024-11-10,07:15,730.0,False,8,False
COMM-0008173,VD-000485,VD-000767,Telegram,2025-10-01,07:13,58.0,False,2,True
COMM-0008174,VD-000945,VD-000807,SMS,2025-06-25,10:08,1385.0,True,5,True
COMM-0008175,VD-000499,VD-000355,Social Media,2024-07-27,02:10,481.0,True,4,True
COMM-0008176,VD-000912,VD-000884,Signal,2025-04-11,21:06,328.0,False,2,True
COMM-0008177,VD-000771,VD-000504,Brief,2025-10-26,21:00,,False,4,True
COMM-0008178,VD-000069,VD-000257,E-Mail,2025-09-22,08:52,3200.0,True,1,False
COMM-0008179,VD-000350,VD-000810,Telefonat,2023-07-12,16:20,2843.0,True,1,True
COMM-0008180,VD-000763,VD-000964,Signal,2024-12-23,19:10,3126.0,False,10,True
COMM-0008181,VD-000943,VD-000536,Telegram,2025-05-15,05:28,1076.0,False,7,False
COMM-0008182,VD-000407,VD-000968,Brief,2025-05-09,15:48,,False,5,True
COMM-0008183,VD-000885,VD-000716,Signal,2025-09-19,06:43,1830.0,True,9,True
COMM-0008184,VD-000178,VD-000719,Social Media,2023-03-15,12:20,2910.0,False,5,True
COMM-0008185,VD-000319,VD-000797,Telefonat,2025-07-30,11:10,764.0,True,6,True
COMM-0008186,VD-000898,VD-000617,WhatsApp,2023-10-06,23:58,2757.0,True,9,False
COMM-0008187,VD-000981,VD-000295,SMS,2024-04-14,04:06,475.0,True,10,False
COMM-0008188,VD-000794,VD-000386,Telegram,2023-07-16,02:39,,True,10,False
COMM-0008189,VD-000020,VD-000425,SMS,2024-05-19,10:29,3384.0,True,2,False
COMM-0008190,VD-000374,VD-000048,Social Media,2025-06-06,16:19,1423.0,True,8,True
COMM-0008191,VD-000437,VD-000527,Telegram,2023-10-08,19:57,776.0,False,6,True
COMM-0008192,VD-000265,VD-000365,E-Mail,2024-02-01,17:58,131.0,True,3,False
COMM-0008193,VD-000119,VD-000676,SMS,2024-04-06,16:47,3268.0,False,10,True
COMM-0008194,VD-000970,VD-000477,Telegram,2025-08-15,19:40,1168.0,False,4,False
COMM-0008195,VD-000619,VD-000269,Social Media,2024-10-29,17:44,,True,5,True
COMM-0008196,VD-000524,VD-000559,Telefonat,2025-11-08,06:11,2417.0,False,8,True
COMM-0008197,VD-000244,VD-000702,Signal,2025-11-05,23:49,1561.0,False,9,True
COMM-0008198,VD-000505,VD-000706,Social Media,2023-01-29,11:53,1108.0,False,5,False
COMM-0008199,VD-000737,VD-000963,Persönlicher Kontakt,2023-03-28,18:52,496.0,True,6,False
COMM-0008200,VD-000873,VD-000324,E-Mail,2024-12-19,16:50,1512.0,True,1,False
COMM-0008201,VD-000498,VD-000758,Telefonat,2025-01-08,11:33,,True,2,True
COMM-0008202,VD-000272,VD-000456,Telegram,2025-08-02,03:53,1832.0,True,2,False
COMM-0008203,VD-000032,VD-000103,SMS,2025-02-02,13:09,702.0,True,3,False
COMM-0008204,VD-000657,VD-000078,Telegram,2023-03-31,15:53,2235.0,False,5,False
COMM-0008205,VD-000121,VD-000519,Persönlicher Kontakt,2023-06-08,02:53,1502.0,False,1,False
COMM-0008206,VD-000390,VD-000054,Brief,2025-06-24,06:34,,False,4,False
COMM-0008207,VD-000070,VD-000430,Social Media,2023-01-15,08:25,2045.0,True,7,False
COMM-0008208,VD-000076,VD-000734,Persönlicher Kontakt,2023-11-02,22:57,,True,5,True
COMM-0008209,VD-000365,VD-000813,Signal,2023-05-15,11:17,2067.0,False,8,True
COMM-0008210,VD-000386,VD-000370,E-Mail,2023-07-21,22:30,1259.0,True,3,False
COMM-0008211,VD-000472,VD-000256,Social Media,2024-05-24,22:11,3202.0,True,1,True
COMM-0008212,VD-000191,VD-000175,SMS,2025-10-08,06:06,3275.0,True,1,False
COMM-0008213,VD-000614,VD-000440,E-Mail,2024-05-10,03:42,975.0,True,1,True
COMM-0008214,VD-000128,VD-000850,Social Media,2025-01-14,08:13,1647.0,True,9,True
COMM-0008215,VD-000194,VD-000819,SMS,2023-12-19,21:42,,True,3,True
COMM-0008216,VD-000025,VD-000624,Social Media,2023-05-06,02:54,2966.0,False,10,False
COMM-0008217,VD-000542,VD-000745,Telegram,2023-08-05,11:21,593.0,False,8,True
COMM-0008218,VD-000557,VD-000483,Persönlicher Kontakt,2023-01-14,18:11,,True,7,False
COMM-0008219,VD-000144,VD-000573,Persönlicher Kontakt,2025-03-14,23:42,363.0,True,3,True
COMM-0008220,VD-000112,VD-000748,E-Mail,2023-09-27,13:36,1148.0,False,6,True
COMM-0008221,VD-000791,VD-000447,Social Media,2024-12-13,17:46,2729.0,True,1,True
COMM-0008222,VD-000349,VD-000449,Persönlicher Kontakt,2025-08-19,17:02,2794.0,True,8,False
COMM-0008223,VD-000732,VD-000345,E-Mail,2025-08-06,14:43,953.0,True,10,True
COMM-0008224,VD-000443,VD-001000,Social Media,2023-07-09,22:03,289.0,True,9,False
COMM-0008225,VD-000041,VD-000115,Signal,2025-06-09,17:27,1682.0,False,3,True
COMM-0008226,VD-000578,VD-000018,E-Mail,2025-01-17,06:00,2001.0,True,2,False
COMM-0008227,VD-000796,VD-000510,Signal,2024-11-08,09:49,,True,6,False
COMM-0008228,VD-000026,VD-000349,WhatsApp,2025-08-10,08:29,30.0,True,9,False
COMM-0008229,VD-000312,VD-000633,Persönlicher Kontakt,2023-10-21,08:40,,True,1,False
COMM-0008230,VD-000162,VD-000909,Social Media,2025-01-16,02:35,1027.0,False,10,False
COMM-0008231,VD-000700,VD-000838,Social Media,2025-04-10,15:30,,False,6,True
COMM-0008232,VD-000780,VD-000625,Signal,2023-05-06,09:28,218.0,False,4,False
COMM-0008233,VD-000970,VD-000152,Signal,2023-10-20,04:24,990.0,True,3,True
COMM-0008234,VD-000764,VD-000001,Signal,2024-02-15,02:12,,True,6,True
COMM-0008235,VD-000749,VD-000770,Brief,2023-05-21,11:19,,True,7,False
COMM-0008236,VD-000505,VD-000072,SMS,2024-07-26,10:19,,True,2,False
COMM-0008237,VD-000783,VD-000805,Signal,2025-04-10,08:49,,False,3,False
COMM-0008238,VD-000569,VD-000026,Signal,2023-08-12,23:21,660.0,True,10,True
COMM-0008239,VD-000048,VD-000735,WhatsApp,2025-04-23,15:58,,True,9,True
COMM-0008240,VD-000854,VD-000877,WhatsApp,2025-04-16,00:51,,False,4,False
COMM-0008241,VD-000303,VD-000559,WhatsApp,2023-01-16,12:32,3070.0,True,2,False
COMM-0008242,VD-000051,VD-000721,WhatsApp,2023-04-25,13:18,2581.0,True,7,True
COMM-0008243,VD-000482,VD-000913,Telegram,2023-03-11,05:07,838.0,True,3,True
COMM-0008244,VD-000875,VD-000122,Telegram,2023-08-14,02:59,1241.0,False,3,True
COMM-0008245,VD-000907,VD-000109,Social Media,2024-08-11,15:28,356.0,False,3,False
COMM-0008246,VD-000895,VD-000886,Brief,2025-06-04,21:43,,False,6,False
COMM-0008247,VD-000044,VD-000632,Brief,2024-09-13,04:32,,False,2,False
COMM-0008248,VD-000455,VD-000781,SMS,2024-05-26,20:53,,False,7,False
COMM-0008249,VD-000326,VD-000879,Social Media,2025-07-17,16:12,,False,2,False
COMM-0008250,VD-000301,VD-000297,SMS,2024-12-19,13:52,,True,5,True
COMM-0008251,VD-000262,VD-000164,Telefonat,2025-03-11,19:03,3056.0,True,1,True
COMM-0008252,VD-000134,VD-000140,Telegram,2023-05-27,20:28,1100.0,True,4,False
COMM-0008253,VD-000520,VD-000231,SMS,2023-08-26,18:01,2876.0,True,9,False
COMM-0008254,VD-000973,VD-000373,Brief,2025-02-02,06:05,940.0,False,9,False
COMM-0008255,VD-000183,VD-000315,WhatsApp,2025-05-19,13:48,,False,8,True
COMM-0008256,VD-000135,VD-000820,WhatsApp,2024-08-14,09:22,3313.0,True,4,True
COMM-0008257,VD-000361,VD-000385,E-Mail,2025-07-12,19:02,984.0,False,10,True
COMM-0008258,VD-000624,VD-000096,Signal,2023-11-17,08:25,1854.0,False,6,True
COMM-0008259,VD-000858,VD-000675,Telegram,2025-03-09,10:41,,True,8,True
COMM-0008260,VD-000589,VD-000743,WhatsApp,2025-06-13,11:21,532.0,True,3,False
COMM-0008261,VD-000587,VD-000056,Social Media,2023-04-01,16:20,947.0,False,4,True
COMM-0008262,VD-000606,VD-000435,Social Media,2025-01-23,08:22,,True,10,True
COMM-0008263,VD-000564,VD-000600,SMS,2024-05-27,14:43,339.0,True,9,True
COMM-0008264,VD-000420,VD-000096,Persönlicher Kontakt,2024-01-02,23:43,3283.0,True,7,False
COMM-0008265,VD-000571,VD-000049,Signal,2024-07-15,08:36,2863.0,False,9,False
COMM-0008266,VD-000762,VD-000206,SMS,2025-01-25,09:03,1975.0,False,7,False
COMM-0008267,VD-000054,VD-000694,Persönlicher Kontakt,2024-02-23,16:11,417.0,True,1,True
COMM-0008268,VD-000143,VD-000951,Persönlicher Kontakt,2024-08-18,04:18,70.0,True,10,False
COMM-0008269,VD-000585,VD-000141,Social Media,2025-05-31,08:10,1127.0,False,7,True
COMM-0008270,VD-000898,VD-000752,Telefonat,2025-01-20,00:14,895.0,False,9,False
COMM-0008271,VD-000072,VD-000340,Signal,2023-09-27,13:53,,True,3,True
COMM-0008272,VD-000992,VD-000308,Social Media,2025-11-10,09:26,452.0,False,5,False
COMM-0008273,VD-000812,VD-000855,Brief,2023-04-28,20:01,1481.0,True,1,False
COMM-0008274,VD-000358,VD-000165,Telegram,2025-05-29,15:44,3142.0,False,6,False
COMM-0008275,VD-000337,VD-000491,Brief,2024-01-08,09:51,,False,10,False
COMM-0008276,VD-000672,VD-000262,Telefonat,2024-11-20,03:10,2023.0,True,1,True
COMM-0008277,VD-000475,VD-000756,Social Media,2025-09-29,14:39,145.0,True,1,True
COMM-0008278,VD-000052,VD-000653,Brief,2023-08-02,19:44,,False,2,False
COMM-0008279,VD-000480,VD-000462,WhatsApp,2024-01-11,08:00,2064.0,False,4,True
COMM-0008280,VD-000832,VD-000744,Telefonat,2023-05-16,21:05,1072.0,False,8,True
COMM-0008281,VD-000238,VD-000081,Telefonat,2024-05-07,18:01,1945.0,False,9,True
COMM-0008282,VD-000452,VD-000974,WhatsApp,2023-11-16,22:00,979.0,False,7,False
COMM-0008283,VD-000846,VD-000906,Persönlicher Kontakt,2024-03-23,17:03,1504.0,True,3,True
COMM-0008284,VD-000618,VD-000601,E-Mail,2024-09-20,01:07,2929.0,False,1,True
COMM-0008285,VD-000649,VD-000838,WhatsApp,2023-03-14,17:41,,True,8,False
COMM-0008286,VD-000613,VD-000904,Telegram,2024-01-09,12:05,3128.0,False,4,False
COMM-0008287,VD-000302,VD-000423,Social Media,2023-05-11,14:25,,True,3,False
COMM-0008288,VD-000880,VD-000108,SMS,2024-06-07,19:08,3290.0,True,1,True
COMM-0008289,VD-000720,VD-000473,E-Mail,2025-07-01,14:27,,False,9,False
COMM-0008290,VD-000766,VD-000565,Telegram,2025-07-12,23:16,957.0,True,4,False
COMM-0008291,VD-000291,VD-000063,E-Mail,2024-09-20,23:50,2281.0,True,5,False
COMM-0008292,VD-000480,VD-000519,Social Media,2023-07-19,02:10,,True,4,True
COMM-0008293,VD-000906,VD-000070,Telefonat,2023-06-29,03:33,1116.0,False,10,False
COMM-0008294,VD-000411,VD-000653,WhatsApp,2023-05-10,11:06,,True,10,True
COMM-0008295,VD-000728,VD-000357,WhatsApp,2024-12-19,23:41,,False,2,True
COMM-0008296,VD-000953,VD-000030,Telegram,2023-11-04,21:35,1950.0,True,8,True
COMM-0008297,VD-000897,VD-000006,Persönlicher Kontakt,2025-08-26,07:50,796.0,True,7,False
COMM-0008298,VD-000305,VD-000611,Telefonat,2025-06-18,01:31,2131.0,False,3,False
COMM-0008299,VD-000797,VD-000216,WhatsApp,2023-04-03,06:51,385.0,False,10,False
COMM-0008300,VD-000198,VD-000189,Signal,2025-01-11,17:27,,True,3,False
COMM-0008301,VD-000544,VD-000858,Brief,2023-07-29,14:41,,True,6,True
COMM-0008302,VD-000837,VD-000773,Persönlicher Kontakt,2025-08-09,01:19,548.0,False,6,True
COMM-0008303,VD-000278,VD-000470,SMS,2025-10-22,06:15,,True,7,True
COMM-0008304,VD-000384,VD-000057,Telegram,2023-10-09,01:38,2879.0,True,1,False
COMM-0008305,VD-000824,VD-000223,Social Media,2025-08-25,00:38,1196.0,False,4,True
COMM-0008306,VD-000082,VD-000731,Telegram,2024-03-26,11:24,970.0,False,1,True
COMM-0008307,VD-000968,VD-000149,SMS,2024-01-24,22:58,1661.0,True,8,True
COMM-0008308,VD-000610,VD-000300,Telegram,2023-08-07,03:03,3547.0,False,10,False
COMM-0008309,VD-000304,VD-000228,Signal,2023-02-11,06:59,,False,7,True
COMM-0008310,VD-000752,VD-000959,Persönlicher Kontakt,2023-02-10,07:04,1804.0,True,3,False
COMM-0008311,VD-000794,VD-000697,E-Mail,2023-06-25,09:29,,False,8,True
COMM-0008312,VD-000383,VD-000851,Brief,2024-03-31,00:23,1139.0,False,2,False
COMM-0008313,VD-000875,VD-000834,WhatsApp,2024-02-25,11:52,2682.0,False,9,True
COMM-0008314,VD-000245,VD-000970,E-Mail,2024-06-03,08:16,2048.0,True,8,False
COMM-0008315,VD-000661,VD-000623,Persönlicher Kontakt,2025-10-30,00:57,2006.0,False,7,True
COMM-0008316,VD-000567,VD-000221,WhatsApp,2023-02-08,21:51,3425.0,True,5,False
COMM-0008317,VD-000816,VD-000836,Persönlicher Kontakt,2023-03-27,21:40,1198.0,False,7,True
COMM-0008318,VD-000801,VD-000898,Persönlicher Kontakt,2025-04-06,05:39,,False,10,False
COMM-0008319,VD-000961,VD-000967,E-Mail,2025-06-18,05:09,980.0,False,5,False
COMM-0008320,VD-000006,VD-000210,E-Mail,2024-01-10,06:07,1032.0,True,3,False
COMM-0008321,VD-000315,VD-000947,SMS,2025-02-06,21:18,2604.0,False,10,True
COMM-0008322,VD-000316,VD-000157,E-Mail,2025-06-21,00:21,1730.0,True,2,True
COMM-0008323,VD-000649,VD-000640,SMS,2025-08-22,07:28,3056.0,True,2,False
COMM-0008324,VD-000424,VD-000145,WhatsApp,2023-11-17,16:09,,True,5,False
COMM-0008325,VD-000385,VD-000538,Persönlicher Kontakt,2025-01-19,06:19,,False,3,True
COMM-0008326,VD-000512,VD-000933,WhatsApp,2024-04-29,09:28,1094.0,False,6,True
COMM-0008327,VD-000711,VD-000052,Brief,2025-08-06,16:05,1433.0,True,4,True
COMM-0008328,VD-000109,VD-000379,Signal,2023-08-28,18:25,1203.0,False,3,True
COMM-0008329,VD-000008,VD-000666,E-Mail,2023-12-15,08:30,,True,2,True
COMM-0008330,VD-000763,VD-000210,Social Media,2024-12-31,11:12,368.0,True,8,False
COMM-0008331,VD-000462,VD-000298,Telegram,2023-01-29,07:48,1030.0,False,5,False
COMM-0008332,VD-000095,VD-000572,WhatsApp,2023-12-24,16:57,787.0,False,9,True
COMM-0008333,VD-000273,VD-000689,Signal,2024-03-18,09:43,808.0,False,7,True
COMM-0008334,VD-000914,VD-000085,E-Mail,2023-08-24,05:53,,False,3,True
COMM-0008335,VD-000431,VD-000289,WhatsApp,2023-11-01,10:31,,False,1,False
COMM-0008336,VD-000395,VD-000854,Telefonat,2023-09-14,18:39,1798.0,False,8,False
COMM-0008337,VD-000461,VD-000429,WhatsApp,2025-02-13,20:49,,True,9,False
COMM-0008338,VD-000354,VD-000184,Brief,2024-12-04,13:54,3536.0,False,3,True
COMM-0008339,VD-000019,VD-000045,Telefonat,2025-07-28,03:55,,True,2,False
COMM-0008340,VD-000596,VD-000882,Signal,2023-05-28,21:38,,False,8,False
COMM-0008341,VD-000341,VD-000187,E-Mail,2024-05-08,14:27,,False,2,True
COMM-0008342,VD-000217,VD-000325,WhatsApp,2023-03-08,17:17,39.0,False,7,True
COMM-0008343,VD-000704,VD-000802,Telegram,2023-06-08,00:55,3132.0,True,4,True
COMM-0008344,VD-000040,VD-000144,Persönlicher Kontakt,2025-06-20,00:47,1536.0,False,5,False
COMM-0008345,VD-000785,VD-000162,E-Mail,2024-01-04,22:42,3341.0,False,2,True
COMM-0008346,VD-000024,VD-000007,Brief,2024-11-08,17:29,,False,5,True
COMM-0008347,VD-000896,VD-000947,SMS,2024-10-08,21:28,2051.0,True,10,False
COMM-0008348,VD-000227,VD-000418,WhatsApp,2024-02-11,13:52,2633.0,False,6,False
COMM-0008349,VD-000258,VD-000539,Social Media,2025-08-23,15:06,,False,8,False
COMM-0008350,VD-000777,VD-000098,WhatsApp,2025-03-05,18:28,114.0,True,6,False
COMM-0008351,VD-000380,VD-000643,Persönlicher Kontakt,2025-03-14,18:40,,True,10,True
COMM-0008352,VD-000230,VD-000754,Signal,2025-10-25,19:20,,False,1,True
COMM-0008353,VD-000256,VD-000061,WhatsApp,2023-11-29,12:11,3431.0,False,10,True
COMM-0008354,VD-000420,VD-000961,Brief,2025-07-31,05:50,1921.0,True,9,False
COMM-0008355,VD-000024,VD-000033,Persönlicher Kontakt,2023-03-14,04:53,1908.0,True,2,True
COMM-0008356,VD-000794,VD-000374,Social Media,2024-06-05,11:31,1456.0,False,5,False
COMM-0008357,VD-000569,VD-000250,Social Media,2025-11-05,21:09,,True,7,False
COMM-0008358,VD-000779,VD-000257,Signal,2024-03-20,23:58,,True,10,True
COMM-0008359,VD-000770,VD-000567,Brief,2024-06-10,05:43,,False,7,False
COMM-0008360,VD-000512,VD-000079,Signal,2025-10-05,18:50,3580.0,True,10,False
COMM-0008361,VD-000238,VD-000709,Brief,2025-09-08,23:27,412.0,True,8,False
COMM-0008362,VD-000992,VD-000329,E-Mail,2023-02-26,20:38,973.0,False,3,True
COMM-0008363,VD-000037,VD-000229,Persönlicher Kontakt,2024-06-21,16:46,2148.0,False,5,True
COMM-0008364,VD-000035,VD-000106,Signal,2024-02-11,18:12,1519.0,True,2,False
COMM-0008365,VD-000558,VD-000336,SMS,2024-11-01,01:09,2676.0,False,1,True
COMM-0008366,VD-000424,VD-000819,Brief,2024-01-16,07:58,1355.0,False,9,False
COMM-0008367,VD-000776,VD-000577,Social Media,2024-06-22,22:30,2028.0,False,10,False
COMM-0008368,VD-000656,VD-000015,Brief,2023-02-24,10:16,,True,1,False
COMM-0008369,VD-000456,VD-000148,SMS,2024-10-31,03:56,165.0,True,8,True
COMM-0008370,VD-000290,VD-000146,Telefonat,2023-12-24,00:17,901.0,True,6,False
COMM-0008371,VD-000740,VD-000478,Telefonat,2024-07-21,23:58,330.0,True,6,False
COMM-0008372,VD-000240,VD-000704,SMS,2025-05-21,05:54,607.0,True,8,True
COMM-0008373,VD-000151,VD-000487,E-Mail,2025-06-04,09:15,,False,4,True
COMM-0008374,VD-000051,VD-000655,Telegram,2024-12-01,11:23,,False,5,False
COMM-0008375,VD-000202,VD-000341,Telefonat,2025-02-15,18:53,769.0,False,6,False
COMM-0008376,VD-000886,VD-000040,WhatsApp,2023-08-06,16:33,,True,5,False
COMM-0008377,VD-000391,VD-000369,WhatsApp,2024-06-02,21:59,,True,9,True
COMM-0008378,VD-000340,VD-000953,Signal,2025-08-11,17:37,1498.0,False,2,True
COMM-0008379,VD-000898,VD-000883,Social Media,2024-05-01,19:18,995.0,False,9,True
COMM-0008380,VD-000014,VD-000306,Social Media,2025-06-09,07:41,1193.0,False,1,False
COMM-0008381,VD-000931,VD-000541,Persönlicher Kontakt,2023-12-08,13:27,,True,5,True
COMM-0008382,VD-000342,VD-000826,E-Mail,2025-08-11,05:31,487.0,True,10,True
COMM-0008383,VD-000987,VD-000713,Telegram,2025-10-28,18:31,1986.0,False,5,False
COMM-0008384,VD-000742,VD-000076,E-Mail,2025-04-16,12:35,2940.0,True,6,False
COMM-0008385,VD-000239,VD-000049,Signal,2024-03-25,01:36,,False,10,True
COMM-0008386,VD-000363,VD-000571,SMS,2023-03-09,21:12,2692.0,True,4,True
COMM-0008387,VD-000127,VD-000482,Persönlicher Kontakt,2025-02-13,14:36,3246.0,True,1,True
COMM-0008388,VD-000954,VD-000370,Brief,2024-08-17,08:51,,False,3,True
COMM-0008389,VD-000298,VD-000434,Telefonat,2023-10-09,22:31,1212.0,False,2,True
COMM-0008390,VD-000256,VD-000792,Brief,2023-02-22,10:08,3026.0,True,10,True
COMM-0008391,VD-000812,VD-000818,Telefonat,2024-06-25,09:44,,False,8,False
COMM-0008392,VD-000826,VD-000442,Telegram,2023-06-04,15:15,,True,1,True
COMM-0008393,VD-000265,VD-000007,Social Media,2024-07-29,21:13,,True,1,False
COMM-0008394,VD-000758,VD-000617,Persönlicher Kontakt,2023-10-26,05:42,1777.0,True,2,True
COMM-0008395,VD-000553,VD-000330,Persönlicher Kontakt,2023-06-01,15:29,3441.0,True,5,True
COMM-0008396,VD-000140,VD-000227,E-Mail,2025-03-18,11:45,1875.0,False,2,False
COMM-0008397,VD-000635,VD-000384,E-Mail,2023-06-25,11:33,302.0,True,3,False
COMM-0008398,VD-000368,VD-000467,Persönlicher Kontakt,2023-09-16,14:35,2476.0,False,7,True
COMM-0008399,VD-000633,VD-000801,Telegram,2025-11-09,09:07,,True,6,True
COMM-0008400,VD-000457,VD-000832,Social Media,2025-03-05,20:30,1014.0,True,4,True
COMM-0008401,VD-000268,VD-000950,Persönlicher Kontakt,2023-07-28,08:24,3590.0,False,3,False
COMM-0008402,VD-000026,VD-000847,Telefonat,2025-03-25,13:50,1457.0,False,9,True
COMM-0008403,VD-000902,VD-000237,SMS,2023-07-12,18:14,31.0,True,4,True
COMM-0008404,VD-000128,VD-000512,WhatsApp,2025-08-29,12:13,,False,5,True
COMM-0008405,VD-000184,VD-000792,WhatsApp,2025-08-06,03:50,963.0,False,8,True
COMM-0008406,VD-000105,VD-000012,Persönlicher Kontakt,2024-11-22,19:28,744.0,True,5,True
COMM-0008407,VD-000870,VD-000323,E-Mail,2024-04-19,13:59,1792.0,False,3,False
COMM-0008408,VD-000830,VD-000822,Telefonat,2025-02-28,11:14,2818.0,False,10,False
COMM-0008409,VD-000386,VD-000122,Telegram,2024-04-11,10:35,1400.0,True,9,False
COMM-0008410,VD-000454,VD-000720,Telegram,2024-04-23,18:58,2718.0,True,6,False
COMM-0008411,VD-000252,VD-000700,SMS,2023-05-04,11:33,2629.0,False,2,True
COMM-0008412,VD-000223,VD-000087,Signal,2024-08-05,03:13,57.0,True,5,True
COMM-0008413,VD-000984,VD-000464,Telegram,2024-11-12,14:24,3434.0,True,10,True
COMM-0008414,VD-000744,VD-000005,Signal,2024-09-12,20:20,,True,1,True
COMM-0008415,VD-000136,VD-000020,WhatsApp,2025-10-15,05:14,,True,4,False
COMM-0008416,VD-000079,VD-000412,WhatsApp,2025-11-06,18:46,2596.0,True,5,True
COMM-0008417,VD-000218,VD-000723,Telefonat,2024-01-09,02:36,2663.0,False,2,True
COMM-0008418,VD-000410,VD-000912,Telegram,2024-10-11,01:32,2968.0,True,9,True
COMM-0008419,VD-000097,VD-000921,Telegram,2024-01-19,23:41,3582.0,True,8,False
COMM-0008420,VD-000372,VD-000512,WhatsApp,2025-08-31,18:24,2958.0,False,10,True
COMM-0008421,VD-000625,VD-000354,Telegram,2024-12-09,23:55,2763.0,True,4,False
COMM-0008422,VD-000624,VD-000170,Signal,2023-07-03,15:54,65.0,True,5,True
COMM-0008423,VD-000108,VD-000372,Telefonat,2023-11-04,03:25,1851.0,False,5,False
COMM-0008424,VD-000872,VD-000835,SMS,2023-02-22,18:51,405.0,True,3,False
COMM-0008425,VD-000892,VD-000855,Telegram,2025-02-17,15:12,3116.0,True,4,False
COMM-0008426,VD-000890,VD-000935,Signal,2025-03-11,08:46,97.0,False,9,False
COMM-0008427,VD-000900,VD-000829,E-Mail,2024-04-13,19:10,,True,8,False
COMM-0008428,VD-000171,VD-000309,Telegram,2023-01-17,02:55,1134.0,False,1,True
COMM-0008429,VD-000790,VD-000763,Telegram,2023-08-18,09:35,2387.0,True,3,True
COMM-0008430,VD-000503,VD-000406,Social Media,2023-09-11,06:00,422.0,True,8,True
COMM-0008431,VD-000082,VD-000100,WhatsApp,2024-09-11,02:52,411.0,True,9,True
COMM-0008432,VD-000110,VD-000233,WhatsApp,2025-05-06,18:00,1510.0,False,1,False
COMM-0008433,VD-000295,VD-000339,Telegram,2023-08-27,17:26,375.0,False,4,False
COMM-0008434,VD-000670,VD-000978,Brief,2025-06-03,08:03,1944.0,True,2,False
COMM-0008435,VD-000539,VD-000434,Social Media,2023-03-05,00:40,308.0,True,9,False
COMM-0008436,VD-000085,VD-000629,Signal,2023-06-07,21:32,,False,10,False
COMM-0008437,VD-000094,VD-000709,SMS,2024-08-01,09:11,,True,4,True
COMM-0008438,VD-000103,VD-000265,Persönlicher Kontakt,2025-06-19,03:33,,True,6,False
COMM-0008439,VD-000680,VD-000352,Telegram,2024-08-21,13:10,2088.0,False,1,False
COMM-0008440,VD-000886,VD-000164,SMS,2024-09-13,16:19,2346.0,True,2,True
COMM-0008441,VD-000111,VD-000872,Social Media,2024-01-31,10:42,2525.0,True,6,False
COMM-0008442,VD-000933,VD-000210,Telefonat,2025-09-29,03:12,2504.0,True,6,False
COMM-0008443,VD-000908,VD-000869,SMS,2025-04-20,02:25,,True,5,False
COMM-0008444,VD-000798,VD-000954,E-Mail,2024-06-29,21:34,3289.0,False,9,False
COMM-0008445,VD-000193,VD-000902,Persönlicher Kontakt,2025-10-21,16:33,990.0,True,6,True
COMM-0008446,VD-000894,VD-000483,Signal,2023-09-02,19:25,2588.0,False,8,True
COMM-0008447,VD-000437,VD-000367,Social Media,2025-03-05,23:07,620.0,True,10,True
COMM-0008448,VD-000964,VD-000129,Signal,2023-11-17,00:05,285.0,False,8,True
COMM-0008449,VD-000336,VD-000861,Persönlicher Kontakt,2024-11-16,03:48,,True,4,True
COMM-0008450,VD-000841,VD-000192,Persönlicher Kontakt,2023-01-11,07:25,1654.0,True,8,False
COMM-0008451,VD-000360,VD-000874,WhatsApp,2024-02-24,00:22,592.0,True,7,False
COMM-0008452,VD-000296,VD-000592,Brief,2025-08-19,17:46,,True,4,True
COMM-0008453,VD-000804,VD-000473,Telegram,2024-01-10,19:19,,False,7,False
COMM-0008454,VD-000508,VD-000071,Social Media,2025-08-24,10:34,,True,8,False
COMM-0008455,VD-000401,VD-000297,Telegram,2023-11-07,11:49,121.0,False,5,False
COMM-0008456,VD-000213,VD-000273,E-Mail,2025-08-17,00:23,2002.0,False,6,True
COMM-0008457,VD-000006,VD-000067,SMS,2023-06-11,23:17,,True,3,True
COMM-0008458,VD-000257,VD-000235,Brief,2023-04-02,05:18,1089.0,False,5,False
COMM-0008459,VD-000079,VD-000239,Brief,2023-12-03,04:18,644.0,False,9,True
COMM-0008460,VD-000765,VD-000509,Telegram,2025-03-13,09:08,,True,2,True
COMM-0008461,VD-000947,VD-000751,Telegram,2023-10-07,00:53,2935.0,False,3,True
COMM-0008462,VD-000044,VD-000350,SMS,2024-10-08,16:00,1659.0,True,2,True
COMM-0008463,VD-000387,VD-000393,SMS,2025-02-24,05:32,1921.0,False,9,True
COMM-0008464,VD-000082,VD-000633,Telefonat,2023-07-26,00:49,1736.0,False,1,False
COMM-0008465,VD-000390,VD-000273,WhatsApp,2024-12-06,20:02,1232.0,True,9,True
COMM-0008466,VD-000022,VD-000351,Social Media,2024-02-06,15:54,1740.0,True,9,False
COMM-0008467,VD-000076,VD-000718,Persönlicher Kontakt,2025-03-27,03:41,1569.0,False,5,True
COMM-0008468,VD-000638,VD-000633,Social Media,2024-01-11,01:20,3520.0,True,6,True
COMM-0008469,VD-000072,VD-000348,Brief,2023-12-01,22:41,2796.0,False,6,True
COMM-0008470,VD-000400,VD-000937,Telegram,2024-08-13,11:34,1520.0,False,1,False
COMM-0008471,VD-000142,VD-000413,E-Mail,2023-02-24,12:20,2780.0,False,10,False
COMM-0008472,VD-000484,VD-000394,WhatsApp,2025-11-12,02:29,,False,5,False
COMM-0008473,VD-000150,VD-000854,WhatsApp,2024-02-17,08:32,3565.0,True,6,True
COMM-0008474,VD-000394,VD-000398,Telegram,2024-09-23,22:03,1239.0,False,10,True
COMM-0008475,VD-000538,VD-000805,Signal,2024-04-29,23:11,1852.0,True,8,True
COMM-0008476,VD-000679,VD-000693,Social Media,2023-06-24,10:40,1907.0,True,5,True
COMM-0008477,VD-000033,VD-000790,E-Mail,2023-06-12,10:51,3021.0,True,9,True
COMM-0008478,VD-000467,VD-000311,WhatsApp,2025-09-30,17:53,1996.0,False,2,True
COMM-0008479,VD-000635,VD-000523,WhatsApp,2023-02-28,21:58,2819.0,False,8,False
COMM-0008480,VD-000691,VD-000330,Social Media,2024-06-29,03:32,,False,3,False
COMM-0008481,VD-000016,VD-000335,Signal,2023-04-23,21:30,1006.0,False,7,True
COMM-0008482,VD-000127,VD-000929,Brief,2024-05-01,22:31,255.0,False,5,False
COMM-0008483,VD-000525,VD-000011,Telefonat,2025-03-24,07:01,,True,8,False
COMM-0008484,VD-000197,VD-000009,WhatsApp,2024-05-19,10:25,807.0,False,5,True
COMM-0008485,VD-000782,VD-000179,WhatsApp,2023-02-11,20:22,,False,4,False
COMM-0008486,VD-000163,VD-000675,SMS,2024-03-27,12:47,2599.0,False,3,False
COMM-0008487,VD-000771,VD-000358,Telegram,2024-03-15,06:12,535.0,True,5,False
COMM-0008488,VD-000875,VD-000664,Persönlicher Kontakt,2025-06-23,23:20,3066.0,False,3,False
COMM-0008489,VD-000443,VD-000045,Signal,2024-09-13,07:53,1182.0,False,4,True
COMM-0008490,VD-000387,VD-000073,Brief,2025-10-17,10:20,2085.0,True,7,False
COMM-0008491,VD-000963,VD-000454,WhatsApp,2025-01-17,11:03,,True,5,False
COMM-0008492,VD-000530,VD-000657,Brief,2024-11-20,04:45,2221.0,False,3,True
COMM-0008493,VD-000025,VD-000488,Persönlicher Kontakt,2024-08-19,18:16,551.0,True,3,True
COMM-0008494,VD-000151,VD-000901,Signal,2023-01-25,04:36,,False,1,False
COMM-0008495,VD-000945,VD-000402,Signal,2023-12-15,22:27,2088.0,True,8,False
COMM-0008496,VD-000423,VD-000821,SMS,2023-08-14,22:07,,False,6,True
COMM-0008497,VD-000986,VD-000200,WhatsApp,2023-05-23,22:01,,False,1,False
COMM-0008498,VD-000098,VD-000453,E-Mail,2023-01-22,08:21,1581.0,True,8,False
COMM-0008499,VD-000703,VD-000600,Brief,2025-05-07,14:12,2059.0,False,8,False
COMM-0008500,VD-000092,VD-000560,Signal,2023-04-26,21:05,,True,8,False
COMM-0008501,VD-000150,VD-000234,SMS,2024-11-01,11:32,,False,10,False
COMM-0008502,VD-000946,VD-000228,Telegram,2023-09-30,12:22,,True,5,True
COMM-0008503,VD-000020,VD-000162,E-Mail,2024-02-27,15:50,3315.0,False,5,True
COMM-0008504,VD-000337,VD-000004,Telegram,2025-05-02,08:39,,False,4,False
COMM-0008505,VD-000401,VD-000868,SMS,2023-01-01,02:11,1784.0,False,3,False
COMM-0008506,VD-000291,VD-000074,Persönlicher Kontakt,2025-06-20,23:25,2603.0,True,2,False
COMM-0008507,VD-000088,VD-000223,WhatsApp,2023-08-17,09:26,1470.0,False,10,False
COMM-0008508,VD-000596,VD-000782,Social Media,2024-11-03,01:26,,False,4,True
COMM-0008509,VD-000294,VD-000927,Social Media,2025-04-23,20:56,1012.0,True,1,False
COMM-0008510,VD-000969,VD-000367,SMS,2023-12-18,10:03,,False,1,False
COMM-0008511,VD-000092,VD-000840,E-Mail,2023-02-26,19:35,,False,4,False
COMM-0008512,VD-000039,VD-000982,Telefonat,2023-08-03,11:57,2436.0,False,9,True
COMM-0008513,VD-000163,VD-000875,Telegram,2025-09-14,14:51,,False,3,False
COMM-0008514,VD-000600,VD-000522,WhatsApp,2024-12-12,00:51,,True,8,False
COMM-0008515,VD-000555,VD-000928,SMS,2025-07-09,08:24,2686.0,False,7,True
COMM-0008516,VD-000644,VD-000880,Brief,2023-11-16,11:39,591.0,False,5,True
COMM-0008517,VD-000190,VD-000234,SMS,2024-03-17,11:19,2773.0,False,5,True
COMM-0008518,VD-000793,VD-000679,Social Media,2025-02-15,18:19,,False,9,True
COMM-0008519,VD-000970,VD-000473,Persönlicher Kontakt,2023-10-14,21:11,712.0,False,2,True
COMM-0008520,VD-000416,VD-000843,Signal,2023-06-25,02:36,1272.0,True,5,True
COMM-0008521,VD-000538,VD-000128,Social Media,2025-10-20,20:00,,True,3,True
COMM-0008522,VD-000853,VD-000614,Telegram,2024-05-17,01:08,,False,3,False
COMM-0008523,VD-000399,VD-000779,Brief,2025-05-16,17:14,,True,7,False
COMM-0008524,VD-000767,VD-000521,Telefonat,2024-08-25,17:54,2382.0,False,9,False
COMM-0008525,VD-000234,VD-000379,Signal,2025-09-03,01:43,,False,1,False
COMM-0008526,VD-000383,VD-000529,Telefonat,2024-07-12,23:17,380.0,False,10,True
COMM-0008527,VD-000270,VD-000675,Telefonat,2024-12-29,00:32,2988.0,True,2,False
COMM-0008528,VD-000693,VD-000943,Signal,2024-09-18,15:31,2158.0,False,7,False
COMM-0008529,VD-000144,VD-000927,Telefonat,2024-09-07,10:22,,True,3,True
COMM-0008530,VD-000546,VD-000430,Telefonat,2023-09-03,17:26,3427.0,True,2,False
COMM-0008531,VD-000691,VD-000630,Signal,2024-08-31,21:58,3043.0,True,9,False
COMM-0008532,VD-000571,VD-000809,WhatsApp,2023-01-28,18:18,196.0,True,2,False
COMM-0008533,VD-000827,VD-000341,E-Mail,2025-04-13,21:57,,True,7,True
COMM-0008534,VD-000626,VD-000199,WhatsApp,2025-03-28,01:04,762.0,True,3,False
COMM-0008535,VD-000776,VD-000595,WhatsApp,2024-03-20,23:03,1111.0,False,3,False
COMM-0008536,VD-000388,VD-000421,E-Mail,2024-05-14,09:46,3506.0,False,1,True
COMM-0008537,VD-000701,VD-000598,Signal,2024-12-19,12:03,1585.0,True,6,True
COMM-0008538,VD-000434,VD-000686,Telefonat,2023-03-12,21:01,,True,1,False
COMM-0008539,VD-000290,VD-000627,Signal,2025-02-23,00:41,3383.0,False,10,True
COMM-0008540,VD-000133,VD-000079,Brief,2023-03-31,22:25,338.0,True,7,False
COMM-0008541,VD-000621,VD-000370,Telegram,2024-06-11,00:09,483.0,False,8,False
COMM-0008542,VD-000267,VD-000962,Brief,2024-04-07,23:43,59.0,True,1,False
COMM-0008543,VD-000928,VD-000597,Brief,2024-07-07,22:18,1195.0,False,7,False
COMM-0008544,VD-000918,VD-000335,Social Media,2025-02-11,00:23,,True,9,False
COMM-0008545,VD-001000,VD-000470,Telegram,2025-01-01,06:32,2701.0,False,4,False
COMM-0008546,VD-000167,VD-000296,WhatsApp,2024-06-12,02:14,3561.0,False,2,False
COMM-0008547,VD-000494,VD-000312,SMS,2023-02-23,12:29,3293.0,True,7,False
COMM-0008548,VD-000890,VD-000385,Brief,2023-10-01,11:36,800.0,False,10,True
COMM-0008549,VD-000377,VD-000307,Telefonat,2024-05-24,21:10,2092.0,False,5,False
COMM-0008550,VD-000432,VD-000841,Brief,2024-08-15,23:42,2858.0,False,2,True
COMM-0008551,VD-000234,VD-000669,Telegram,2024-12-30,06:52,225.0,False,10,True
COMM-0008552,VD-000772,VD-000509,SMS,2023-01-18,15:26,978.0,False,4,False
COMM-0008553,VD-000611,VD-000864,Telefonat,2023-11-05,18:35,,False,6,True
COMM-0008554,VD-000725,VD-000557,Persönlicher Kontakt,2025-09-03,19:03,,False,4,False
COMM-0008555,VD-000333,VD-000315,WhatsApp,2024-03-12,15:16,1759.0,False,7,False
COMM-0008556,VD-000184,VD-000900,Signal,2024-09-20,10:56,3288.0,True,7,True
COMM-0008557,VD-000373,VD-000569,Signal,2024-12-14,16:11,338.0,True,1,True
COMM-0008558,VD-000328,VD-000748,Persönlicher Kontakt,2025-10-06,20:51,,True,6,True
COMM-0008559,VD-000006,VD-000944,SMS,2024-10-21,21:02,1295.0,True,6,True
COMM-0008560,VD-000139,VD-000713,Brief,2025-09-29,05:01,,False,6,True
COMM-0008561,VD-000811,VD-000265,Signal,2025-03-19,09:09,1439.0,False,7,False
COMM-0008562,VD-000696,VD-000597,Social Media,2024-09-29,21:42,839.0,False,5,False
COMM-0008563,VD-000309,VD-000894,Telefonat,2023-05-18,22:07,2019.0,True,3,True
COMM-0008564,VD-000416,VD-000847,Brief,2023-10-02,12:08,101.0,True,3,True
COMM-0008565,VD-000959,VD-000054,E-Mail,2024-08-05,04:11,2415.0,False,9,False
COMM-0008566,VD-000827,VD-000285,WhatsApp,2025-04-30,04:25,1098.0,True,9,False
COMM-0008567,VD-000229,VD-000164,Signal,2023-04-09,01:31,924.0,False,9,False
COMM-0008568,VD-000254,VD-000062,Brief,2025-06-22,04:23,2771.0,False,7,True
COMM-0008569,VD-000623,VD-000903,Brief,2023-04-10,09:09,3111.0,True,6,True
COMM-0008570,VD-000941,VD-000229,Telegram,2023-01-07,04:57,188.0,True,9,False
COMM-0008571,VD-000365,VD-000069,E-Mail,2025-08-06,04:57,14.0,True,4,True
COMM-0008572,VD-000274,VD-000031,SMS,2023-10-25,14:54,1482.0,True,9,False
COMM-0008573,VD-000340,VD-000236,E-Mail,2024-03-24,22:57,628.0,False,3,True
COMM-0008574,VD-000731,VD-000370,SMS,2025-04-09,04:04,153.0,True,1,False
COMM-0008575,VD-000004,VD-000429,Signal,2024-02-12,23:41,,True,4,False
COMM-0008576,VD-000087,VD-000967,Telefonat,2025-03-14,20:34,342.0,False,8,False
COMM-0008577,VD-000572,VD-000676,Persönlicher Kontakt,2025-05-29,18:12,,True,3,True
COMM-0008578,VD-000053,VD-000114,Social Media,2023-09-01,16:23,,False,8,False
COMM-0008579,VD-000859,VD-000081,Persönlicher Kontakt,2025-10-12,22:16,,True,7,True
COMM-0008580,VD-000259,VD-000017,Telefonat,2023-10-20,05:25,506.0,True,7,True
COMM-0008581,VD-000318,VD-000662,SMS,2024-08-02,01:04,,True,2,True
COMM-0008582,VD-000474,VD-000560,Brief,2024-12-01,17:57,2970.0,False,1,True
COMM-0008583,VD-000093,VD-000181,Social Media,2025-06-06,20:37,2839.0,False,10,True
COMM-0008584,VD-000855,VD-000084,Telefonat,2025-02-27,03:13,481.0,False,5,True
COMM-0008585,VD-000726,VD-000375,Telefonat,2024-05-13,14:29,3230.0,False,2,True
COMM-0008586,VD-000622,VD-000058,Telefonat,2024-07-03,17:57,1675.0,True,3,True
COMM-0008587,VD-000152,VD-000897,Telefonat,2025-08-29,05:30,1590.0,True,8,False
COMM-0008588,VD-000437,VD-000605,Persönlicher Kontakt,2023-08-13,23:17,943.0,False,9,True
COMM-0008589,VD-000790,VD-000326,SMS,2025-02-03,15:36,,False,1,True
COMM-0008590,VD-000816,VD-000888,Persönlicher Kontakt,2023-05-21,23:13,,False,4,True
COMM-0008591,VD-000490,VD-000545,Signal,2024-10-22,13:47,118.0,False,9,False
COMM-0008592,VD-000648,VD-000345,Brief,2023-08-26,06:24,,True,5,False
COMM-0008593,VD-000303,VD-000563,Telegram,2024-04-28,21:43,724.0,False,8,False
COMM-0008594,VD-000774,VD-000092,E-Mail,2025-09-24,10:39,,False,1,True
COMM-0008595,VD-000100,VD-000355,E-Mail,2025-06-07,09:42,546.0,False,9,True
COMM-0008596,VD-000056,VD-000639,Social Media,2023-03-16,17:00,,False,6,True
COMM-0008597,VD-000495,VD-000361,Signal,2025-08-29,13:22,918.0,True,8,True
COMM-0008598,VD-000211,VD-000165,Signal,2023-04-04,07:07,,True,10,True
COMM-0008599,VD-000752,VD-000820,E-Mail,2023-10-13,19:58,3052.0,True,4,False
COMM-0008600,VD-000207,VD-000314,Social Media,2024-03-05,00:30,1384.0,True,2,False
COMM-0008601,VD-000330,VD-000960,SMS,2024-08-05,05:17,,False,9,False
COMM-0008602,VD-000698,VD-000462,Telegram,2023-09-17,07:22,1613.0,True,3,False
COMM-0008603,VD-000022,VD-000536,E-Mail,2023-04-12,20:40,2853.0,False,4,False
COMM-0008604,VD-000165,VD-000278,Signal,2025-09-18,19:22,,True,9,False
COMM-0008605,VD-000048,VD-000360,Telefonat,2023-07-19,07:59,3557.0,True,6,True
COMM-0008606,VD-000864,VD-000722,Social Media,2023-08-25,13:02,391.0,True,2,True
COMM-0008607,VD-000631,VD-000707,Social Media,2024-08-12,13:00,355.0,True,3,False
COMM-0008608,VD-000559,VD-000450,Social Media,2025-09-26,01:39,,False,5,True
COMM-0008609,VD-000372,VD-000439,Brief,2024-03-12,13:14,3125.0,True,8,True
COMM-0008610,VD-000798,VD-000651,Persönlicher Kontakt,2024-12-15,16:47,1473.0,False,7,True
COMM-0008611,VD-000918,VD-000982,E-Mail,2023-04-11,07:22,1263.0,True,4,True
COMM-0008612,VD-000006,VD-000975,Signal,2023-04-20,19:24,1888.0,False,10,True
COMM-0008613,VD-000343,VD-000566,Telegram,2023-07-01,09:20,,False,10,True
COMM-0008614,VD-000006,VD-000426,Signal,2024-03-08,06:01,2942.0,False,4,True
COMM-0008615,VD-000344,VD-000564,Telefonat,2023-04-19,13:21,2896.0,False,7,True
COMM-0008616,VD-000954,VD-000926,Telefonat,2024-09-26,07:34,3557.0,True,3,False
COMM-0008617,VD-000496,VD-000730,Brief,2023-03-30,11:37,,True,8,True
COMM-0008618,VD-000641,VD-000386,Brief,2023-01-17,06:27,,True,7,False
COMM-0008619,VD-000232,VD-000332,WhatsApp,2023-04-02,04:52,873.0,False,1,True
COMM-0008620,VD-000843,VD-000909,Telegram,2023-07-10,20:17,,True,1,True
COMM-0008621,VD-000543,VD-000590,Telegram,2023-11-18,00:55,,True,2,False
COMM-0008622,VD-000249,VD-000255,SMS,2023-07-18,16:18,,True,6,False
COMM-0008623,VD-000038,VD-000518,Signal,2023-02-06,11:28,1413.0,True,6,False
COMM-0008624,VD-000990,VD-000292,Persönlicher Kontakt,2024-06-24,05:43,1579.0,True,5,True
COMM-0008625,VD-000271,VD-000960,Telefonat,2023-09-21,07:31,2691.0,False,6,True
COMM-0008626,VD-000150,VD-000981,Telegram,2024-06-17,11:50,,True,3,True
COMM-0008627,VD-000920,VD-000490,E-Mail,2025-04-09,12:22,3579.0,False,4,True
COMM-0008628,VD-000570,VD-000381,Social Media,2024-05-09,16:10,,False,1,False
COMM-0008629,VD-000153,VD-001000,E-Mail,2025-09-25,07:56,,False,9,False
COMM-0008630,VD-000450,VD-000545,SMS,2024-01-18,17:16,,True,7,True
COMM-0008631,VD-000253,VD-000745,Social Media,2023-07-29,07:58,3265.0,True,1,False
COMM-0008632,VD-000824,VD-000686,Signal,2024-12-07,09:08,1293.0,False,6,False
COMM-0008633,VD-000687,VD-000215,E-Mail,2023-12-29,03:16,3461.0,True,1,True
COMM-0008634,VD-000840,VD-000611,Signal,2025-08-23,05:34,3117.0,True,5,True
COMM-0008635,VD-000980,VD-000993,E-Mail,2024-10-10,13:59,2748.0,False,5,True
COMM-0008636,VD-000044,VD-000325,SMS,2025-02-09,03:45,1252.0,False,1,False
COMM-0008637,VD-000498,VD-000954,Telegram,2023-10-26,17:03,2823.0,False,1,True
COMM-0008638,VD-000628,VD-000881,WhatsApp,2025-01-17,09:27,,True,5,False
COMM-0008639,VD-000495,VD-000832,Telefonat,2025-03-30,05:07,1282.0,True,6,True
COMM-0008640,VD-000558,VD-000094,WhatsApp,2024-09-19,06:58,1633.0,True,6,True
COMM-0008641,VD-000369,VD-000033,Signal,2023-01-07,13:36,1697.0,False,3,False
COMM-0008642,VD-000279,VD-000648,SMS,2023-07-26,03:54,1489.0,True,4,True
COMM-0008643,VD-000356,VD-000921,Signal,2025-01-02,03:34,1806.0,True,2,False
COMM-0008644,VD-000341,VD-000313,WhatsApp,2023-05-21,01:59,210.0,False,7,True
COMM-0008645,VD-000516,VD-000357,Signal,2023-07-25,20:32,3304.0,True,8,False
COMM-0008646,VD-000265,VD-000094,Social Media,2024-11-23,15:00,,True,9,True
COMM-0008647,VD-000380,VD-000155,Persönlicher Kontakt,2025-03-19,12:04,130.0,True,7,False
COMM-0008648,VD-000676,VD-000796,SMS,2025-10-08,11:55,343.0,False,2,False
COMM-0008649,VD-000351,VD-000845,Brief,2024-06-26,08:10,1937.0,True,8,True
COMM-0008650,VD-000091,VD-000868,WhatsApp,2025-02-13,08:32,1714.0,False,5,False
COMM-0008651,VD-000236,VD-000705,Telefonat,2023-06-05,15:45,1166.0,True,4,True
COMM-0008652,VD-000122,VD-000208,Social Media,2025-08-30,02:22,721.0,True,6,False
COMM-0008653,VD-000751,VD-000608,E-Mail,2023-07-13,10:59,560.0,False,1,False
COMM-0008654,VD-000150,VD-000720,SMS,2025-10-08,14:49,,False,4,False
COMM-0008655,VD-000075,VD-000779,Brief,2024-05-10,12:25,1396.0,False,3,True
COMM-0008656,VD-000556,VD-000212,E-Mail,2025-10-25,06:56,1574.0,True,7,False
COMM-0008657,VD-000567,VD-000740,Telefonat,2024-10-03,11:37,3142.0,True,7,False
COMM-0008658,VD-000903,VD-000031,Signal,2024-01-25,07:25,,True,2,True
COMM-0008659,VD-000295,VD-000027,Telegram,2024-05-24,08:48,2418.0,True,5,False
COMM-0008660,VD-000287,VD-000082,Telegram,2024-10-24,00:27,,True,7,True
COMM-0008661,VD-000340,VD-000999,Persönlicher Kontakt,2025-06-02,12:00,,False,6,True
COMM-0008662,VD-000568,VD-000534,Telefonat,2024-09-13,01:18,,True,6,True
COMM-0008663,VD-000574,VD-000682,Brief,2025-03-28,22:01,282.0,False,2,True
COMM-0008664,VD-000782,VD-000190,SMS,2023-05-11,19:43,,True,3,False
COMM-0008665,VD-000299,VD-000430,Telegram,2024-02-12,17:21,52.0,False,2,True
COMM-0008666,VD-000854,VD-000609,SMS,2025-02-10,11:15,3218.0,False,3,False
COMM-0008667,VD-000864,VD-000076,SMS,2023-12-15,11:27,3159.0,True,10,False
COMM-0008668,VD-000486,VD-000527,SMS,2025-07-14,05:09,,True,6,True
COMM-0008669,VD-000960,VD-000809,Signal,2024-11-12,12:32,3060.0,False,4,False
COMM-0008670,VD-000655,VD-000261,SMS,2023-09-04,14:08,,True,6,False
COMM-0008671,VD-000282,VD-000995,E-Mail,2024-07-23,23:17,2397.0,False,4,False
COMM-0008672,VD-000771,VD-000110,Signal,2024-04-27,03:45,,False,10,True
COMM-0008673,VD-000049,VD-000020,Social Media,2024-12-01,17:48,703.0,False,8,False
COMM-0008674,VD-000401,VD-000206,SMS,2023-05-03,10:15,153.0,True,1,False
COMM-0008675,VD-000195,VD-000438,WhatsApp,2024-04-13,07:49,3446.0,True,9,True
COMM-0008676,VD-000436,VD-000632,Persönlicher Kontakt,2024-08-04,11:20,,True,5,False
COMM-0008677,VD-000683,VD-000214,WhatsApp,2025-05-30,04:06,165.0,True,4,True
COMM-0008678,VD-000451,VD-000554,Telefonat,2023-09-14,21:54,2218.0,False,9,True
COMM-0008679,VD-000435,VD-000357,Persönlicher Kontakt,2025-10-19,15:57,,True,8,True
COMM-0008680,VD-000775,VD-000771,WhatsApp,2023-08-04,19:41,,False,2,False
COMM-0008681,VD-000815,VD-000767,Brief,2024-09-14,19:58,,True,9,False
COMM-0008682,VD-000504,VD-000030,SMS,2025-02-16,01:47,1817.0,True,8,False
COMM-0008683,VD-000250,VD-000788,Telegram,2024-09-27,16:43,1776.0,True,3,True
COMM-0008684,VD-000284,VD-000381,Signal,2023-05-25,05:10,100.0,True,9,False
COMM-0008685,VD-000765,VD-000267,Persönlicher Kontakt,2025-07-02,21:11,,True,9,False
COMM-0008686,VD-000885,VD-000032,Telefonat,2024-08-02,12:32,3570.0,False,2,False
COMM-0008687,VD-000713,VD-000399,WhatsApp,2025-10-22,21:58,,True,9,False
COMM-0008688,VD-000164,VD-000782,Telegram,2024-10-13,15:33,,True,9,True
COMM-0008689,VD-000625,VD-000781,E-Mail,2024-02-20,15:45,482.0,False,1,False
COMM-0008690,VD-000385,VD-000975,WhatsApp,2024-07-26,04:16,3061.0,False,10,False
COMM-0008691,VD-000830,VD-000838,SMS,2024-05-20,16:54,2299.0,True,6,True
COMM-0008692,VD-000691,VD-000635,Social Media,2023-05-17,20:58,396.0,False,7,True
COMM-0008693,VD-000291,VD-000944,Social Media,2023-04-14,08:51,1072.0,True,7,False
COMM-0008694,VD-000434,VD-000354,Brief,2024-10-03,20:13,,False,9,False
COMM-0008695,VD-000319,VD-000149,Brief,2025-08-17,11:22,,True,8,True
COMM-0008696,VD-000271,VD-000913,Signal,2025-04-07,09:33,851.0,False,7,True
COMM-0008697,VD-000456,VD-000137,Telegram,2024-01-30,04:18,1842.0,True,6,False
COMM-0008698,VD-000794,VD-000891,Persönlicher Kontakt,2024-05-01,08:03,3392.0,False,5,True
COMM-0008699,VD-000683,VD-000417,Brief,2025-09-27,09:00,1889.0,True,3,True
COMM-0008700,VD-000539,VD-000593,Social Media,2025-05-14,16:23,2315.0,True,1,False
COMM-0008701,VD-000346,VD-000444,Signal,2025-10-14,21:39,3314.0,True,10,True
COMM-0008702,VD-000784,VD-000621,E-Mail,2023-06-06,08:11,2269.0,True,1,True
COMM-0008703,VD-000956,VD-000342,Signal,2024-01-25,22:25,,True,3,False
COMM-0008704,VD-000729,VD-000216,Signal,2023-01-28,22:05,3454.0,True,3,False
COMM-0008705,VD-000203,VD-000899,Telefonat,2025-05-14,08:34,455.0,True,5,True
COMM-0008706,VD-000139,VD-000282,Telegram,2025-10-07,04:58,2483.0,False,7,False
COMM-0008707,VD-000353,VD-000872,Telefonat,2025-08-21,09:02,577.0,False,10,False
COMM-0008708,VD-000256,VD-000096,Social Media,2024-10-10,14:54,,False,3,False
COMM-0008709,VD-000600,VD-000809,E-Mail,2024-04-23,21:06,1088.0,True,10,True
COMM-0008710,VD-000565,VD-000869,Brief,2024-04-22,08:01,3568.0,False,2,True
COMM-0008711,VD-000636,VD-000269,Telegram,2025-01-04,19:15,186.0,True,6,True
COMM-0008712,VD-000403,VD-000733,Telefonat,2025-03-12,06:01,2888.0,True,2,False
COMM-0008713,VD-000750,VD-000904,Telegram,2024-07-14,13:47,,False,9,True
COMM-0008714,VD-000954,VD-000070,Social Media,2025-04-22,21:45,,False,5,False
COMM-0008715,VD-000597,VD-000118,Persönlicher Kontakt,2023-12-07,23:53,2147.0,True,2,True
COMM-0008716,VD-000533,VD-000215,Telegram,2025-05-17,08:28,841.0,True,2,True
COMM-0008717,VD-000967,VD-000726,Signal,2023-05-10,17:20,2636.0,False,4,True
COMM-0008718,VD-000113,VD-000318,Telegram,2023-06-18,17:13,,True,5,False
COMM-0008719,VD-000537,VD-000697,Persönlicher Kontakt,2024-03-17,21:14,3364.0,False,8,False
COMM-0008720,VD-000640,VD-000147,E-Mail,2024-07-28,18:42,,False,10,True
COMM-0008721,VD-000094,VD-000004,Social Media,2024-11-23,11:08,,True,10,True
COMM-0008722,VD-000583,VD-000350,WhatsApp,2023-11-19,23:45,1736.0,True,10,True
COMM-0008723,VD-000412,VD-000729,Social Media,2024-04-13,21:02,2173.0,False,10,False
COMM-0008724,VD-000390,VD-000683,Social Media,2023-09-14,20:40,1991.0,False,4,False
COMM-0008725,VD-000400,VD-000066,Brief,2025-10-08,10:21,,False,6,True
COMM-0008726,VD-000075,VD-000203,Social Media,2024-12-20,05:31,3303.0,False,3,False
COMM-0008727,VD-000746,VD-000553,Telefonat,2023-11-09,06:35,319.0,False,10,True
COMM-0008728,VD-000475,VD-000069,SMS,2025-09-04,01:59,3337.0,False,2,True
COMM-0008729,VD-000806,VD-000264,Signal,2023-08-29,07:55,1310.0,True,10,False
COMM-0008730,VD-000918,VD-000864,Persönlicher Kontakt,2023-10-26,02:02,1066.0,True,5,True
COMM-0008731,VD-000645,VD-000185,SMS,2024-12-18,07:33,,False,9,True
COMM-0008732,VD-000032,VD-000822,SMS,2024-08-13,04:34,,False,7,True
COMM-0008733,VD-000417,VD-000495,Persönlicher Kontakt,2023-08-29,13:27,1163.0,True,3,False
COMM-0008734,VD-000181,VD-000659,SMS,2025-03-28,09:20,3032.0,True,5,False
COMM-0008735,VD-000190,VD-000333,Social Media,2024-02-05,10:14,,True,2,True
COMM-0008736,VD-000380,VD-000319,Persönlicher Kontakt,2025-06-13,01:47,,True,2,False
COMM-0008737,VD-000695,VD-000169,Telegram,2024-09-13,19:44,1805.0,False,1,False
COMM-0008738,VD-000134,VD-000767,Telefonat,2025-01-03,06:57,555.0,False,8,True
COMM-0008739,VD-000621,VD-000663,WhatsApp,2023-02-02,16:55,,False,1,True
COMM-0008740,VD-000909,VD-000057,Telefonat,2025-02-21,20:50,543.0,True,4,True
COMM-0008741,VD-000849,VD-000882,Telefonat,2024-03-26,04:25,674.0,True,4,True
COMM-0008742,VD-000248,VD-000135,SMS,2025-08-26,21:18,2686.0,False,8,True
COMM-0008743,VD-000990,VD-000503,Persönlicher Kontakt,2024-07-23,22:21,,False,10,True
COMM-0008744,VD-000592,VD-000724,Telegram,2024-05-11,16:39,,True,1,False
COMM-0008745,VD-000488,VD-000280,Persönlicher Kontakt,2025-02-13,17:46,1508.0,True,9,False
COMM-0008746,VD-000403,VD-000186,Persönlicher Kontakt,2025-04-08,01:00,,True,8,False
COMM-0008747,VD-000535,VD-000224,Telefonat,2024-08-26,03:59,2907.0,True,9,False
COMM-0008748,VD-000081,VD-000994,E-Mail,2024-01-16,04:46,1374.0,False,7,False
COMM-0008749,VD-000146,VD-000182,Telegram,2024-10-21,13:48,1527.0,True,10,False
COMM-0008750,VD-000364,VD-000612,Social Media,2024-12-22,23:05,889.0,True,9,True
COMM-0008751,VD-000446,VD-000234,Telefonat,2023-04-18,15:18,1286.0,True,9,True
COMM-0008752,VD-000644,VD-000906,Telegram,2023-07-17,21:03,1626.0,True,10,False
COMM-0008753,VD-000341,VD-000408,Social Media,2025-07-09,06:48,1112.0,False,10,False
COMM-0008754,VD-000560,VD-000301,SMS,2024-03-19,08:39,47.0,False,7,True
COMM-0008755,VD-000446,VD-000095,Persönlicher Kontakt,2025-01-13,20:22,1565.0,True,4,True
COMM-0008756,VD-000118,VD-000968,Telefonat,2023-07-30,04:31,3343.0,False,6,False
COMM-0008757,VD-000880,VD-000236,Telegram,2025-10-17,00:36,1741.0,True,9,True
COMM-0008758,VD-000747,VD-000335,Persönlicher Kontakt,2025-10-28,00:12,,False,7,False
COMM-0008759,VD-000894,VD-000411,Social Media,2024-05-03,02:49,1837.0,True,8,False
COMM-0008760,VD-000723,VD-000125,Brief,2024-02-25,03:21,,False,1,False
COMM-0008761,VD-000016,VD-000922,WhatsApp,2024-04-27,17:38,1066.0,True,9,False
COMM-0008762,VD-000451,VD-000206,Persönlicher Kontakt,2024-03-24,15:54,557.0,True,9,False
COMM-0008763,VD-000402,VD-000523,Telegram,2023-12-24,08:00,,True,5,False
COMM-0008764,VD-000191,VD-000901,Telegram,2025-10-28,17:45,1608.0,True,8,True
COMM-0008765,VD-000366,VD-000451,Persönlicher Kontakt,2024-02-19,23:41,29.0,True,1,False
COMM-0008766,VD-000321,VD-000344,Signal,2025-04-26,01:04,,False,7,False
COMM-0008767,VD-000660,VD-000010,Telefonat,2023-05-25,16:21,1751.0,True,9,True
COMM-0008768,VD-000428,VD-000882,SMS,2025-04-12,06:33,1818.0,False,6,True
COMM-0008769,VD-000806,VD-000403,Social Media,2024-05-28,16:39,3361.0,False,7,False
COMM-0008770,VD-000395,VD-000382,Social Media,2024-03-15,23:12,2236.0,False,7,False
COMM-0008771,VD-000652,VD-000125,Telefonat,2025-10-22,00:44,96.0,True,6,False
COMM-0008772,VD-000765,VD-000506,Brief,2023-08-21,06:52,2568.0,True,4,True
COMM-0008773,VD-000152,VD-000056,Telegram,2025-07-24,08:00,988.0,True,8,False
COMM-0008774,VD-000550,VD-000160,WhatsApp,2025-02-21,20:59,1005.0,True,10,True
COMM-0008775,VD-000021,VD-000675,Telegram,2024-06-14,15:59,,True,7,False
COMM-0008776,VD-000887,VD-000300,Telefonat,2024-10-26,18:58,2603.0,False,7,True
COMM-0008777,VD-000883,VD-000605,E-Mail,2025-06-22,07:12,1951.0,False,1,True
COMM-0008778,VD-000988,VD-000136,Brief,2025-04-28,10:12,3018.0,True,9,True
COMM-0008779,VD-000055,VD-000308,WhatsApp,2024-11-22,06:08,1636.0,True,1,False
COMM-0008780,VD-000592,VD-000403,Persönlicher Kontakt,2025-09-05,12:59,3449.0,False,10,False
COMM-0008781,VD-000767,VD-000332,Telefonat,2025-08-18,05:59,3281.0,True,6,False
COMM-0008782,VD-000167,VD-000222,Persönlicher Kontakt,2025-09-07,00:38,1399.0,True,7,True
COMM-0008783,VD-000988,VD-000053,SMS,2024-11-14,05:39,,True,7,True
COMM-0008784,VD-000860,VD-000174,Persönlicher Kontakt,2024-07-03,07:18,171.0,False,3,True
COMM-0008785,VD-000280,VD-000139,Brief,2025-07-24,09:09,2057.0,False,8,False
COMM-0008786,VD-000542,VD-000234,Signal,2025-05-24,14:05,891.0,True,5,True
COMM-0008787,VD-000330,VD-000703,Signal,2024-09-04,02:50,3469.0,True,2,True
COMM-0008788,VD-000758,VD-000371,SMS,2025-07-11,19:54,,False,6,False
COMM-0008789,VD-000372,VD-000825,WhatsApp,2024-01-20,23:35,,False,5,False
COMM-0008790,VD-000109,VD-000247,Telegram,2025-08-03,01:19,2776.0,True,4,True
COMM-0008791,VD-000408,VD-000980,WhatsApp,2025-06-27,10:22,349.0,False,3,False
COMM-0008792,VD-000333,VD-000475,Brief,2023-09-12,11:57,3007.0,True,4,True
COMM-0008793,VD-000509,VD-000533,Telefonat,2024-04-21,22:03,1255.0,False,1,True
COMM-0008794,VD-000485,VD-000186,Social Media,2025-11-02,05:55,1944.0,True,3,False
COMM-0008795,VD-000588,VD-000529,Telefonat,2024-04-21,19:06,2510.0,True,10,False
COMM-0008796,VD-000125,VD-000861,SMS,2024-09-17,19:02,3171.0,True,6,False
COMM-0008797,VD-000133,VD-000766,Telegram,2023-02-15,03:32,2043.0,True,6,False
COMM-0008798,VD-000674,VD-000710,Telegram,2025-04-12,18:08,2252.0,True,6,True
COMM-0008799,VD-000861,VD-000264,WhatsApp,2024-08-31,11:55,,True,3,True
COMM-0008800,VD-000159,VD-000378,Social Media,2023-09-07,22:33,,True,9,True
COMM-0008801,VD-000762,VD-000506,Social Media,2023-04-16,11:08,2644.0,True,6,False
COMM-0008802,VD-000333,VD-000685,Telefonat,2024-12-28,08:02,3386.0,False,6,True
COMM-0008803,VD-000764,VD-000712,WhatsApp,2023-04-19,07:25,,True,4,True
COMM-0008804,VD-000781,VD-000345,SMS,2025-04-10,19:55,,True,4,False
COMM-0008805,VD-000600,VD-000846,E-Mail,2024-10-10,01:13,2303.0,False,5,False
COMM-0008806,VD-000801,VD-000967,Telegram,2025-05-24,21:21,1526.0,False,8,False
COMM-0008807,VD-000855,VD-000582,SMS,2024-06-09,07:25,,False,8,False
COMM-0008808,VD-000905,VD-000827,WhatsApp,2024-04-23,15:20,,True,9,True
COMM-0008809,VD-000898,VD-000941,E-Mail,2023-09-07,13:11,511.0,True,4,False
COMM-0008810,VD-000871,VD-000449,Telegram,2025-05-02,22:48,,True,3,True
COMM-0008811,VD-000449,VD-000767,Signal,2023-07-12,06:00,3156.0,True,10,False
COMM-0008812,VD-000201,VD-000642,Telefonat,2023-06-06,11:08,2148.0,True,1,False
COMM-0008813,VD-000107,VD-000802,Persönlicher Kontakt,2023-04-20,06:17,2893.0,True,6,True
COMM-0008814,VD-000363,VD-000856,Signal,2023-07-04,03:33,,False,3,False
COMM-0008815,VD-000193,VD-000350,Telegram,2024-09-17,04:49,797.0,False,6,False
COMM-0008816,VD-000420,VD-000743,Signal,2025-08-06,15:14,,True,7,True
COMM-0008817,VD-000409,VD-000839,Brief,2023-02-21,21:10,429.0,False,3,False
COMM-0008818,VD-000085,VD-000546,Social Media,2024-07-04,10:43,775.0,False,8,False
COMM-0008819,VD-000138,VD-000324,Telefonat,2023-08-01,11:37,2801.0,True,10,False
COMM-0008820,VD-000884,VD-000838,Brief,2025-06-21,02:42,2695.0,True,4,True
COMM-0008821,VD-000333,VD-000199,Signal,2024-12-01,09:13,,True,10,False
COMM-0008822,VD-000772,VD-000782,Telegram,2024-03-28,15:49,,False,4,True
COMM-0008823,VD-000091,VD-000541,Telefonat,2024-08-03,10:19,435.0,True,4,False
COMM-0008824,VD-000815,VD-000482,Signal,2023-02-05,14:12,305.0,True,1,True
COMM-0008825,VD-000114,VD-000906,Telefonat,2024-12-24,06:38,964.0,False,1,True
COMM-0008826,VD-000313,VD-000337,WhatsApp,2023-12-03,15:17,3483.0,True,4,False
COMM-0008827,VD-000900,VD-000925,Brief,2023-04-22,16:22,,True,1,True
COMM-0008828,VD-000741,VD-000714,Telegram,2024-04-01,05:54,1486.0,False,2,True
COMM-0008829,VD-000813,VD-000222,Telefonat,2025-01-10,16:25,3593.0,False,7,True
COMM-0008830,VD-000666,VD-000754,Brief,2024-09-29,23:26,976.0,False,7,True
COMM-0008831,VD-000269,VD-000540,Social Media,2025-07-01,04:07,2920.0,False,7,True
COMM-0008832,VD-000625,VD-000649,Social Media,2023-03-26,01:54,,True,8,False
COMM-0008833,VD-000721,VD-000646,WhatsApp,2024-04-17,22:42,,False,7,False
COMM-0008834,VD-000360,VD-000716,Telefonat,2025-10-27,09:08,,False,1,False
COMM-0008835,VD-000397,VD-000445,Telefonat,2024-04-01,15:07,3552.0,False,9,True
COMM-0008836,VD-000512,VD-000668,Telefonat,2024-03-16,07:49,1513.0,False,5,False
COMM-0008837,VD-000339,VD-000398,Persönlicher Kontakt,2024-03-05,07:15,3574.0,False,7,True
COMM-0008838,VD-000897,VD-000658,Signal,2025-04-24,06:46,695.0,True,2,True
COMM-0008839,VD-000090,VD-000022,Social Media,2024-04-23,00:46,3453.0,True,1,False
COMM-0008840,VD-000692,VD-000664,Telegram,2023-08-25,11:49,1740.0,False,6,False
COMM-0008841,VD-000951,VD-000382,Persönlicher Kontakt,2023-06-26,15:02,2900.0,False,5,False
COMM-0008842,VD-000794,VD-000460,Social Media,2023-01-09,13:08,2289.0,False,1,True
COMM-0008843,VD-000863,VD-000813,Signal,2023-08-04,11:20,2838.0,False,1,True
COMM-0008844,VD-000488,VD-000560,E-Mail,2025-06-21,22:25,762.0,True,4,False
COMM-0008845,VD-000622,VD-000509,Telefonat,2024-09-22,13:01,692.0,True,5,False
COMM-0008846,VD-000405,VD-000464,Social Media,2023-12-02,02:55,1137.0,True,7,False
COMM-0008847,VD-000125,VD-000037,Social Media,2023-05-04,07:16,1060.0,False,3,False
COMM-0008848,VD-000421,VD-000324,WhatsApp,2025-09-04,13:48,1410.0,False,8,False
COMM-0008849,VD-000914,VD-000596,Telefonat,2024-08-09,13:48,3208.0,False,6,True
COMM-0008850,VD-000959,VD-000438,E-Mail,2024-07-08,20:18,352.0,True,7,False
COMM-0008851,VD-000633,VD-000473,Telegram,2024-12-05,05:11,3496.0,True,6,False
COMM-0008852,VD-000439,VD-000699,Signal,2025-02-20,12:49,96.0,True,3,False
COMM-0008853,VD-000804,VD-000358,Telegram,2024-03-02,15:15,,True,4,True
COMM-0008854,VD-000746,VD-000813,Brief,2025-03-26,07:33,437.0,True,1,False
COMM-0008855,VD-000877,VD-000776,WhatsApp,2024-09-21,03:04,,False,9,True
COMM-0008856,VD-000452,VD-000103,SMS,2024-10-17,16:49,1079.0,True,7,False
COMM-0008857,VD-000310,VD-000988,Persönlicher Kontakt,2025-02-18,08:15,2204.0,True,3,True
COMM-0008858,VD-000690,VD-000033,E-Mail,2024-01-13,12:56,826.0,True,9,True
COMM-0008859,VD-000870,VD-000464,Brief,2024-08-18,06:40,2462.0,True,6,False
COMM-0008860,VD-000295,VD-000268,Brief,2023-06-26,11:18,3454.0,False,3,True
COMM-0008861,VD-000491,VD-000871,Telegram,2024-08-06,15:57,2674.0,False,3,True
COMM-0008862,VD-000689,VD-000163,Brief,2024-01-01,17:58,3459.0,True,1,True
COMM-0008863,VD-000428,VD-000640,Telefonat,2023-09-03,02:27,,False,6,False
COMM-0008864,VD-000465,VD-000333,Brief,2025-01-27,02:02,,True,9,True
COMM-0008865,VD-000741,VD-000428,Telegram,2024-04-25,13:30,,False,5,True
COMM-0008866,VD-000836,VD-000868,WhatsApp,2023-12-23,02:33,605.0,False,4,False
COMM-0008867,VD-000693,VD-000435,SMS,2024-09-21,00:00,1083.0,False,1,True
COMM-0008868,VD-000268,VD-000115,Telefonat,2024-09-07,03:27,2237.0,True,1,False
COMM-0008869,VD-000349,VD-000549,Signal,2025-11-06,16:36,1216.0,True,5,True
COMM-0008870,VD-000736,VD-000594,Telegram,2025-01-13,13:08,2423.0,True,5,True
COMM-0008871,VD-000191,VD-000440,WhatsApp,2025-07-07,00:22,,False,3,False
COMM-0008872,VD-000136,VD-000962,Persönlicher Kontakt,2024-06-09,08:51,,False,3,True
COMM-0008873,VD-000760,VD-000284,Signal,2023-08-19,09:13,,True,7,True
COMM-0008874,VD-000887,VD-000636,Social Media,2023-10-15,17:21,2327.0,False,6,True
COMM-0008875,VD-000933,VD-000363,Telefonat,2025-05-22,20:58,,False,1,True
COMM-0008876,VD-000137,VD-000212,E-Mail,2025-05-14,03:27,2384.0,False,10,True
COMM-0008877,VD-000726,VD-000458,Persönlicher Kontakt,2025-05-20,17:27,,True,3,False
COMM-0008878,VD-000809,VD-000739,Social Media,2023-02-14,13:18,,True,1,False
COMM-0008879,VD-000954,VD-000675,Persönlicher Kontakt,2023-09-14,08:41,2964.0,False,7,True
COMM-0008880,VD-000111,VD-000473,Persönlicher Kontakt,2023-02-26,05:19,,False,8,False
COMM-0008881,VD-000748,VD-000334,Telegram,2025-07-18,10:54,374.0,False,9,False
COMM-0008882,VD-000513,VD-000605,Social Media,2023-10-08,02:32,,False,5,True
COMM-0008883,VD-000900,VD-000966,Telefonat,2023-01-30,13:13,,True,5,True
COMM-0008884,VD-000803,VD-000574,SMS,2024-12-16,06:26,721.0,True,3,False
COMM-0008885,VD-000011,VD-000925,SMS,2023-06-27,00:00,,True,7,False
COMM-0008886,VD-000707,VD-000642,Telefonat,2024-04-29,15:53,134.0,False,4,True
COMM-0008887,VD-000109,VD-000942,Telefonat,2025-05-04,04:59,815.0,False,10,True
COMM-0008888,VD-000791,VD-000203,Brief,2024-11-11,20:57,321.0,True,9,True
COMM-0008889,VD-000606,VD-000150,Telefonat,2023-02-26,14:30,601.0,False,4,False
COMM-0008890,VD-000346,VD-000027,SMS,2025-05-29,00:12,2219.0,True,9,True
COMM-0008891,VD-000628,VD-000358,SMS,2024-10-17,12:07,724.0,True,1,True
COMM-0008892,VD-000048,VD-000021,WhatsApp,2024-06-24,04:11,,False,3,True
COMM-0008893,VD-000135,VD-000936,Telegram,2025-10-03,00:32,2299.0,True,8,False
COMM-0008894,VD-000299,VD-000907,Brief,2025-03-20,10:41,,True,10,True
COMM-0008895,VD-000086,VD-000787,Telefonat,2024-01-20,04:09,1113.0,True,6,True
COMM-0008896,VD-000480,VD-000786,Social Media,2023-11-29,22:20,3470.0,True,1,False
COMM-0008897,VD-000755,VD-000740,Social Media,2023-07-27,20:17,2768.0,True,1,False
COMM-0008898,VD-000149,VD-000239,Telegram,2023-05-23,04:40,1509.0,False,5,True
COMM-0008899,VD-001000,VD-000348,SMS,2023-09-17,09:10,,False,5,False
COMM-0008900,VD-000381,VD-000135,Persönlicher Kontakt,2024-07-13,03:46,,False,7,True
COMM-0008901,VD-000231,VD-000638,Persönlicher Kontakt,2023-09-16,16:57,,True,7,True
COMM-0008902,VD-000524,VD-000256,Social Media,2024-07-08,12:22,2343.0,True,7,True
COMM-0008903,VD-000726,VD-000753,Social Media,2023-06-03,21:02,1460.0,False,7,False
COMM-0008904,VD-000122,VD-000524,Signal,2025-08-10,14:13,1227.0,True,5,True
COMM-0008905,VD-000990,VD-000687,Telefonat,2023-05-27,18:59,2242.0,True,1,True
COMM-0008906,VD-000530,VD-000011,Persönlicher Kontakt,2024-11-14,13:35,,False,10,False
COMM-0008907,VD-000604,VD-000598,Signal,2025-07-10,16:51,,False,1,False
COMM-0008908,VD-000545,VD-000582,WhatsApp,2024-11-01,02:29,741.0,False,10,True
COMM-0008909,VD-000169,VD-000045,SMS,2024-12-09,02:56,2459.0,False,6,True
COMM-0008910,VD-000702,VD-000321,Persönlicher Kontakt,2023-01-03,02:31,1543.0,False,4,False
COMM-0008911,VD-000657,VD-000474,Persönlicher Kontakt,2023-12-08,18:16,1574.0,True,10,False
COMM-0008912,VD-000530,VD-000719,WhatsApp,2023-04-14,19:13,,False,9,True
COMM-0008913,VD-000128,VD-000644,Persönlicher Kontakt,2023-05-23,23:52,1460.0,True,1,False
COMM-0008914,VD-000014,VD-000199,E-Mail,2024-04-18,16:41,3329.0,False,3,True
COMM-0008915,VD-000957,VD-000451,Persönlicher Kontakt,2024-10-04,18:14,1413.0,True,2,True
COMM-0008916,VD-000489,VD-000006,WhatsApp,2023-08-24,11:21,2139.0,True,1,True
COMM-0008917,VD-000731,VD-000308,Telefonat,2025-09-27,11:44,3544.0,False,4,True
COMM-0008918,VD-000953,VD-000319,Telegram,2025-05-01,18:44,48.0,False,10,False
COMM-0008919,VD-000858,VD-000764,SMS,2024-04-21,18:13,,False,6,False
COMM-0008920,VD-000665,VD-000556,E-Mail,2023-06-11,17:34,3034.0,True,8,True
COMM-0008921,VD-000388,VD-000502,Telefonat,2023-10-20,15:51,,False,2,False
COMM-0008922,VD-000270,VD-000738,E-Mail,2024-01-06,13:51,,True,6,False
COMM-0008923,VD-000134,VD-000558,SMS,2025-10-20,03:59,707.0,False,9,True
COMM-0008924,VD-000534,VD-000529,Brief,2025-08-07,18:46,,True,9,True
COMM-0008925,VD-000407,VD-000966,Telegram,2024-07-19,23:55,,True,9,False
COMM-0008926,VD-000808,VD-000779,WhatsApp,2023-08-20,05:06,1851.0,True,5,True
COMM-0008927,VD-000456,VD-000794,Social Media,2023-02-19,10:17,531.0,True,8,True
COMM-0008928,VD-000049,VD-000561,Telefonat,2024-07-26,21:47,2528.0,False,10,False
COMM-0008929,VD-000836,VD-000537,E-Mail,2024-04-26,00:30,2747.0,True,6,True
COMM-0008930,VD-000780,VD-000705,Social Media,2025-10-30,22:33,2438.0,True,5,True
COMM-0008931,VD-000218,VD-000254,Persönlicher Kontakt,2023-06-28,05:20,911.0,False,1,True
COMM-0008932,VD-000483,VD-000259,Social Media,2023-03-15,16:02,,True,4,True
COMM-0008933,VD-000792,VD-000486,Brief,2023-05-28,00:22,560.0,True,3,False
COMM-0008934,VD-000171,VD-000384,Social Media,2025-07-06,10:16,,False,3,False
COMM-0008935,VD-000175,VD-000230,Brief,2023-04-25,13:17,,False,4,False
COMM-0008936,VD-000198,VD-000946,Telegram,2023-08-05,20:04,3187.0,True,10,True
COMM-0008937,VD-000122,VD-000799,Social Media,2025-06-20,19:48,,True,9,True
COMM-0008938,VD-000484,VD-000919,Signal,2024-04-09,05:27,,False,1,True
COMM-0008939,VD-000869,VD-000509,Brief,2025-08-01,19:02,2538.0,False,6,True
COMM-0008940,VD-000073,VD-000018,SMS,2023-07-09,07:25,,True,4,True
COMM-0008941,VD-000561,VD-000169,Telegram,2023-03-05,01:51,3017.0,True,10,True
COMM-0008942,VD-000685,VD-000242,Social Media,2025-10-15,01:52,243.0,True,1,True
COMM-0008943,VD-000051,VD-000074,Brief,2023-09-16,06:18,158.0,False,5,False
COMM-0008944,VD-000555,VD-000347,E-Mail,2023-03-07,15:12,,False,6,True
COMM-0008945,VD-000024,VD-000976,Brief,2025-05-24,22:25,2511.0,False,10,False
COMM-0008946,VD-000075,VD-000268,WhatsApp,2025-03-06,19:47,,True,3,True
COMM-0008947,VD-000803,VD-000244,SMS,2025-07-10,14:51,2880.0,False,7,False
COMM-0008948,VD-000862,VD-000485,Persönlicher Kontakt,2024-02-21,12:07,191.0,True,5,False
COMM-0008949,VD-000285,VD-000420,Persönlicher Kontakt,2024-05-22,02:14,64.0,True,8,False
COMM-0008950,VD-000225,VD-000245,SMS,2024-10-27,14:40,,True,9,False
COMM-0008951,VD-000400,VD-000766,Brief,2023-06-03,16:05,1686.0,False,5,False
COMM-0008952,VD-000323,VD-000487,SMS,2023-08-01,08:38,465.0,True,10,False
COMM-0008953,VD-000169,VD-000639,E-Mail,2023-09-11,22:38,,True,2,True
COMM-0008954,VD-000598,VD-000946,E-Mail,2023-04-04,13:23,,True,3,False
COMM-0008955,VD-000648,VD-000477,Social Media,2025-05-10,04:14,,False,4,True
COMM-0008956,VD-000086,VD-000135,WhatsApp,2024-06-09,07:44,25.0,True,4,True
COMM-0008957,VD-000404,VD-000241,Signal,2023-10-07,14:18,3589.0,False,7,False
COMM-0008958,VD-000522,VD-000521,Signal,2023-12-31,19:27,,False,7,True
COMM-0008959,VD-000486,VD-000476,Persönlicher Kontakt,2023-12-18,17:58,,True,3,False
COMM-0008960,VD-000906,VD-000158,Signal,2023-03-04,11:09,2750.0,False,2,True
COMM-0008961,VD-000706,VD-000756,Social Media,2023-04-10,11:20,106.0,False,4,False
COMM-0008962,VD-000975,VD-000230,E-Mail,2023-03-07,11:34,3567.0,False,7,True
COMM-0008963,VD-000793,VD-000964,Telegram,2025-06-14,12:15,998.0,False,6,True
COMM-0008964,VD-000202,VD-000695,Persönlicher Kontakt,2023-02-15,16:49,2328.0,True,7,True
COMM-0008965,VD-000125,VD-000851,E-Mail,2023-04-30,18:10,851.0,True,6,False
COMM-0008966,VD-000418,VD-000803,SMS,2024-02-09,01:38,,True,10,True
COMM-0008967,VD-000913,VD-000193,SMS,2023-01-22,20:32,2937.0,False,5,False
COMM-0008968,VD-000071,VD-000297,Telefonat,2025-03-19,06:33,1539.0,True,6,True
COMM-0008969,VD-000845,VD-000311,Telefonat,2023-03-03,07:43,911.0,False,4,False
COMM-0008970,VD-000297,VD-000697,Social Media,2025-09-07,21:18,736.0,False,4,False
COMM-0008971,VD-000242,VD-000932,Telefonat,2024-07-16,00:35,,False,2,False
COMM-0008972,VD-000327,VD-000334,E-Mail,2025-05-17,15:42,,True,4,False
COMM-0008973,VD-000018,VD-000217,Brief,2024-12-09,03:36,2603.0,False,3,True
COMM-0008974,VD-000901,VD-000274,Social Media,2023-05-07,00:55,1207.0,False,1,False
COMM-0008975,VD-000376,VD-000930,Social Media,2023-01-18,15:15,,False,6,False
COMM-0008976,VD-000226,VD-000710,WhatsApp,2023-05-16,00:35,3398.0,False,1,False
COMM-0008977,VD-000556,VD-000719,Telefonat,2023-10-14,19:43,,False,9,True
COMM-0008978,VD-000848,VD-000165,E-Mail,2024-07-18,23:48,2821.0,True,7,False
COMM-0008979,VD-000511,VD-000990,Signal,2023-01-31,02:26,,False,2,False
COMM-0008980,VD-000685,VD-000622,Persönlicher Kontakt,2023-11-28,13:25,1794.0,True,3,True
COMM-0008981,VD-000286,VD-000446,Signal,2025-10-26,07:55,3129.0,True,6,False
COMM-0008982,VD-000268,VD-000105,Brief,2025-06-04,01:04,2661.0,True,5,True
COMM-0008983,VD-000497,VD-000396,E-Mail,2023-12-10,03:52,1770.0,False,6,True
COMM-0008984,VD-000017,VD-000613,Brief,2023-06-11,03:50,,True,2,False
COMM-0008985,VD-000934,VD-000828,Telefonat,2024-03-24,14:38,1873.0,False,5,True
COMM-0008986,VD-000864,VD-000133,Telegram,2023-01-16,06:37,,True,2,False
COMM-0008987,VD-000790,VD-000412,E-Mail,2024-12-31,18:28,3352.0,False,3,False
COMM-0008988,VD-000371,VD-000670,E-Mail,2025-03-10,20:50,2306.0,False,1,True
COMM-0008989,VD-000263,VD-000105,Brief,2024-11-21,14:49,3352.0,True,5,True
COMM-0008990,VD-000201,VD-000981,E-Mail,2023-01-13,10:44,,True,6,True
COMM-0008991,VD-000138,VD-000792,Telegram,2023-01-10,23:50,83.0,True,6,True
COMM-0008992,VD-000838,VD-000944,WhatsApp,2024-05-07,21:37,,True,3,True
COMM-0008993,VD-000537,VD-000023,Brief,2024-05-14,10:20,1538.0,True,10,True
COMM-0008994,VD-000197,VD-000805,WhatsApp,2024-12-05,06:22,431.0,True,2,True
COMM-0008995,VD-000110,VD-000379,Persönlicher Kontakt,2025-10-19,05:24,765.0,True,3,True
COMM-0008996,VD-000585,VD-000448,Social Media,2024-03-21,07:04,3148.0,True,6,False
COMM-0008997,VD-000290,VD-000405,E-Mail,2023-12-06,09:09,,False,8,True
COMM-0008998,VD-000542,VD-000259,Brief,2024-12-08,02:33,,False,3,False
COMM-0008999,VD-000072,VD-000272,SMS,2024-03-24,22:49,1270.0,True,9,False
COMM-0009000,VD-000630,VD-000461,Telegram,2024-10-26,09:27,1946.0,True,1,True
COMM-0009001,VD-000370,VD-000774,Telegram,2023-10-18,04:57,,True,5,False
COMM-0009002,VD-000610,VD-000975,E-Mail,2023-09-12,19:05,1497.0,False,5,False
COMM-0009003,VD-000577,VD-000286,Telegram,2025-08-28,19:18,,False,8,True
COMM-0009004,VD-000234,VD-000769,E-Mail,2023-10-05,07:32,,False,3,False
COMM-0009005,VD-000952,VD-000619,E-Mail,2024-10-09,08:50,,False,6,False
COMM-0009006,VD-000566,VD-000548,Signal,2024-05-16,02:15,419.0,False,7,False
COMM-0009007,VD-000285,VD-000270,Signal,2024-02-19,11:01,2550.0,False,6,True
COMM-0009008,VD-000557,VD-000563,Social Media,2023-12-02,11:57,,False,4,True
COMM-0009009,VD-000205,VD-000675,Telegram,2024-01-09,04:57,621.0,False,1,False
COMM-0009010,VD-000018,VD-000026,Brief,2024-10-06,02:34,2557.0,True,2,True
COMM-0009011,VD-000139,VD-000937,SMS,2025-04-05,23:05,2564.0,False,5,True
COMM-0009012,VD-000695,VD-000647,E-Mail,2023-05-16,01:20,,False,9,True
COMM-0009013,VD-000576,VD-000561,Persönlicher Kontakt,2023-07-12,03:44,737.0,True,7,True
COMM-0009014,VD-000443,VD-000667,Brief,2025-05-03,16:34,2010.0,True,10,True
COMM-0009015,VD-000166,VD-000202,Brief,2024-05-18,18:36,,True,2,True
COMM-0009016,VD-000285,VD-000822,Social Media,2024-01-13,14:04,3385.0,False,7,True
COMM-0009017,VD-000083,VD-000823,Signal,2023-03-05,23:04,1717.0,False,8,True
COMM-0009018,VD-000432,VD-000540,E-Mail,2023-08-19,03:06,1242.0,True,10,True
COMM-0009019,VD-000090,VD-000701,Social Media,2025-11-13,06:58,2588.0,False,1,True
COMM-0009020,VD-000308,VD-000635,Brief,2024-08-24,22:08,,True,8,True
COMM-0009021,VD-000478,VD-000010,Persönlicher Kontakt,2025-01-01,05:06,,False,4,False
COMM-0009022,VD-000623,VD-000663,Signal,2024-02-29,21:09,,False,7,False
COMM-0009023,VD-000355,VD-000751,WhatsApp,2024-07-24,00:50,1842.0,False,5,True
COMM-0009024,VD-000344,VD-000124,Persönlicher Kontakt,2023-10-22,03:27,,True,7,False
COMM-0009025,VD-000198,VD-000045,Telegram,2023-01-15,02:41,,False,1,True
COMM-0009026,VD-000093,VD-000508,Persönlicher Kontakt,2024-04-09,16:17,2505.0,False,3,False
COMM-0009027,VD-000977,VD-000653,Telegram,2024-08-13,01:57,786.0,True,6,True
COMM-0009028,VD-000807,VD-000440,Social Media,2024-04-21,21:35,3498.0,False,9,True
COMM-0009029,VD-000261,VD-000348,Social Media,2024-12-07,20:02,1774.0,False,4,False
COMM-0009030,VD-000363,VD-000836,WhatsApp,2023-12-01,03:03,1283.0,True,10,True
COMM-0009031,VD-000677,VD-000592,E-Mail,2025-03-18,23:50,2647.0,False,5,False
COMM-0009032,VD-000592,VD-000654,SMS,2025-09-23,05:10,2393.0,True,2,False
COMM-0009033,VD-000882,VD-000887,WhatsApp,2024-12-24,03:37,,False,4,True
COMM-0009034,VD-000706,VD-000054,Persönlicher Kontakt,2023-01-27,11:07,,False,9,False
COMM-0009035,VD-000573,VD-000510,Telegram,2023-07-06,03:02,2906.0,False,8,False
COMM-0009036,VD-000177,VD-000116,Telefonat,2025-05-11,17:02,,False,5,False
COMM-0009037,VD-000960,VD-000838,Social Media,2025-09-23,02:22,2529.0,False,8,False
COMM-0009038,VD-000081,VD-000720,SMS,2024-01-24,12:00,1196.0,True,9,False
COMM-0009039,VD-000321,VD-000179,Brief,2025-02-04,19:08,2332.0,True,9,False
COMM-0009040,VD-000837,VD-000756,Telefonat,2025-09-10,01:59,2162.0,True,1,True
COMM-0009041,VD-000262,VD-000232,Telegram,2024-08-24,14:38,946.0,True,10,True
COMM-0009042,VD-000961,VD-000641,Signal,2024-02-14,03:29,,False,5,False
COMM-0009043,VD-000437,VD-000461,WhatsApp,2023-11-24,06:18,2183.0,False,4,False
COMM-0009044,VD-000215,VD-000142,Persönlicher Kontakt,2024-04-07,02:55,3542.0,False,8,True
COMM-0009045,VD-000128,VD-000779,SMS,2024-01-17,07:03,,True,6,True
COMM-0009046,VD-000006,VD-000158,SMS,2024-02-07,14:13,1465.0,False,2,False
COMM-0009047,VD-000247,VD-000810,WhatsApp,2023-09-26,13:29,2912.0,False,9,True
COMM-0009048,VD-000882,VD-000656,SMS,2023-02-20,01:27,1773.0,True,6,True
COMM-0009049,VD-000126,VD-000699,E-Mail,2025-05-29,05:23,2260.0,False,5,False
COMM-0009050,VD-000608,VD-000964,Brief,2023-09-01,05:19,1533.0,True,4,False
COMM-0009051,VD-000895,VD-000730,Signal,2024-04-30,07:30,2614.0,False,6,True
COMM-0009052,VD-000162,VD-000638,Brief,2025-10-12,09:02,1933.0,True,7,False
COMM-0009053,VD-000877,VD-000963,Telefonat,2025-01-31,22:01,,False,2,False
COMM-0009054,VD-000992,VD-000300,Brief,2024-10-16,18:12,106.0,False,6,False
COMM-0009055,VD-000174,VD-000955,Persönlicher Kontakt,2025-01-04,01:30,1185.0,True,2,True
COMM-0009056,VD-000182,VD-000581,Signal,2024-08-02,13:03,,True,2,True
COMM-0009057,VD-000273,VD-000016,Persönlicher Kontakt,2024-01-25,04:55,,True,2,True
COMM-0009058,VD-000829,VD-000174,SMS,2024-10-01,12:15,,False,10,True
COMM-0009059,VD-000927,VD-000223,Telefonat,2025-04-19,20:29,,False,5,False
COMM-0009060,VD-000014,VD-000413,Persönlicher Kontakt,2024-10-01,05:12,2318.0,False,4,False
COMM-0009061,VD-000596,VD-000441,E-Mail,2024-03-19,11:47,2827.0,False,10,True
COMM-0009062,VD-000506,VD-000787,Persönlicher Kontakt,2024-10-28,16:56,2954.0,False,4,False
COMM-0009063,VD-000378,VD-000139,WhatsApp,2024-07-06,16:59,2424.0,True,9,False
COMM-0009064,VD-000857,VD-000407,E-Mail,2024-02-25,23:45,161.0,False,2,False
COMM-0009065,VD-000866,VD-000732,Telefonat,2023-11-17,14:09,928.0,False,8,True
COMM-0009066,VD-000670,VD-000392,WhatsApp,2024-08-07,08:17,851.0,True,8,False
COMM-0009067,VD-000807,VD-000999,WhatsApp,2023-09-06,00:25,,False,6,False
COMM-0009068,VD-000280,VD-000984,Telegram,2024-02-23,02:56,298.0,False,7,True
COMM-0009069,VD-000144,VD-000157,WhatsApp,2023-07-15,23:21,,True,3,True
COMM-0009070,VD-000293,VD-000521,Persönlicher Kontakt,2023-02-03,00:40,,False,10,True
COMM-0009071,VD-000265,VD-000360,Telegram,2023-11-30,15:47,352.0,False,5,False
COMM-0009072,VD-000169,VD-000503,Telegram,2023-05-11,06:48,,True,4,False
COMM-0009073,VD-000729,VD-000717,Persönlicher Kontakt,2025-11-12,03:31,2655.0,False,10,True
COMM-0009074,VD-000447,VD-000883,Social Media,2023-09-28,23:50,,False,8,True
COMM-0009075,VD-000492,VD-000122,Telefonat,2025-08-07,11:17,,False,6,False
COMM-0009076,VD-000693,VD-000549,SMS,2023-10-11,13:28,1099.0,False,4,False
COMM-0009077,VD-000356,VD-000678,E-Mail,2025-02-19,04:23,3024.0,False,2,True
COMM-0009078,VD-000205,VD-000933,WhatsApp,2023-08-27,04:58,,True,5,True
COMM-0009079,VD-000313,VD-000765,Social Media,2023-11-09,19:17,800.0,False,4,True
COMM-0009080,VD-000913,VD-000581,Brief,2024-10-07,21:03,2402.0,False,2,False
COMM-0009081,VD-000332,VD-000023,Brief,2023-10-21,06:52,,False,2,True
COMM-0009082,VD-000492,VD-000303,Persönlicher Kontakt,2025-10-23,20:22,3194.0,False,5,False
COMM-0009083,VD-000931,VD-000513,SMS,2025-05-24,13:18,,False,5,False
COMM-0009084,VD-000835,VD-000170,Brief,2024-01-01,03:50,1341.0,False,3,True
COMM-0009085,VD-000606,VD-000569,Persönlicher Kontakt,2025-09-01,07:35,1042.0,False,10,False
COMM-0009086,VD-000517,VD-000280,SMS,2025-03-09,17:21,3334.0,False,8,True
COMM-0009087,VD-000584,VD-000465,Persönlicher Kontakt,2024-04-23,02:12,243.0,False,1,False
COMM-0009088,VD-000998,VD-000329,E-Mail,2024-10-17,10:46,,False,8,True
COMM-0009089,VD-000609,VD-000779,Telegram,2024-07-24,07:34,2276.0,True,5,False
COMM-0009090,VD-000408,VD-000290,SMS,2023-07-12,23:30,,True,1,True
COMM-0009091,VD-000677,VD-000488,WhatsApp,2023-01-13,01:38,,True,1,True
COMM-0009092,VD-000124,VD-000892,Persönlicher Kontakt,2025-08-30,18:39,,False,3,True
COMM-0009093,VD-000182,VD-000639,Brief,2024-01-21,23:42,3089.0,False,5,False
COMM-0009094,VD-000735,VD-000547,Brief,2024-11-30,01:41,,False,9,True
COMM-0009095,VD-000780,VD-000287,SMS,2025-04-25,11:47,3441.0,False,1,False
COMM-0009096,VD-000932,VD-000238,E-Mail,2025-02-23,21:23,,False,8,False
COMM-0009097,VD-000784,VD-000883,Social Media,2023-10-23,20:01,,False,10,False
COMM-0009098,VD-000195,VD-000401,Social Media,2023-10-22,21:22,,True,9,True
COMM-0009099,VD-000922,VD-000354,E-Mail,2025-07-31,04:07,,True,1,False
COMM-0009100,VD-000022,VD-000289,Persönlicher Kontakt,2024-07-16,04:35,317.0,True,2,True
COMM-0009101,VD-000778,VD-000345,E-Mail,2023-07-26,05:10,,False,1,False
COMM-0009102,VD-000204,VD-000591,Signal,2023-07-18,17:41,665.0,False,8,True
COMM-0009103,VD-000801,VD-000546,Social Media,2024-01-14,13:15,,True,6,True
COMM-0009104,VD-000503,VD-000531,Brief,2024-09-14,12:57,,False,10,False
COMM-0009105,VD-000621,VD-000516,Persönlicher Kontakt,2023-03-18,19:38,,True,8,True
COMM-0009106,VD-000412,VD-000468,Social Media,2024-10-28,09:40,797.0,False,3,True
COMM-0009107,VD-000363,VD-000523,SMS,2023-09-23,22:22,2830.0,False,9,True
COMM-0009108,VD-000282,VD-000527,Signal,2023-03-29,01:06,1098.0,False,1,False
COMM-0009109,VD-000112,VD-000828,Persönlicher Kontakt,2023-12-10,06:26,384.0,True,1,True
COMM-0009110,VD-000507,VD-000307,Brief,2024-02-22,16:55,124.0,True,5,True
COMM-0009111,VD-000416,VD-000628,Social Media,2025-03-15,00:41,1886.0,False,3,True
COMM-0009112,VD-000163,VD-000004,Telegram,2024-11-10,16:50,1503.0,True,4,True
COMM-0009113,VD-000898,VD-000595,Telegram,2025-07-16,18:01,1621.0,True,9,False
COMM-0009114,VD-000236,VD-000027,Signal,2024-09-30,10:23,1271.0,True,7,False
COMM-0009115,VD-000261,VD-000871,Persönlicher Kontakt,2025-01-16,18:35,2182.0,True,4,True
COMM-0009116,VD-000087,VD-000315,E-Mail,2023-02-24,03:49,3390.0,True,3,False
COMM-0009117,VD-000053,VD-000515,Persönlicher Kontakt,2025-08-18,09:18,,False,3,False
COMM-0009118,VD-000166,VD-000380,Telegram,2023-10-25,09:08,3154.0,True,6,True
COMM-0009119,VD-000960,VD-000571,Persönlicher Kontakt,2023-04-14,08:15,3379.0,True,9,True
COMM-0009120,VD-000450,VD-000755,SMS,2024-03-29,04:00,1178.0,True,6,False
COMM-0009121,VD-000421,VD-000792,Persönlicher Kontakt,2025-01-03,07:32,2634.0,True,8,True
COMM-0009122,VD-000185,VD-000655,WhatsApp,2023-08-30,01:13,1212.0,True,5,False
COMM-0009123,VD-000032,VD-000834,WhatsApp,2024-12-09,21:37,28.0,True,4,True
COMM-0009124,VD-000658,VD-000789,Telegram,2024-09-21,13:34,997.0,False,7,True
COMM-0009125,VD-000288,VD-000614,Telegram,2024-09-20,02:47,38.0,True,10,False
COMM-0009126,VD-000133,VD-000896,Telefonat,2024-04-30,20:49,15.0,False,7,True
COMM-0009127,VD-000700,VD-000430,E-Mail,2025-01-14,02:34,,False,10,False
COMM-0009128,VD-000963,VD-000040,Telefonat,2025-06-29,22:52,1096.0,True,9,False
COMM-0009129,VD-000695,VD-000756,E-Mail,2023-12-08,01:00,2869.0,False,6,True
COMM-0009130,VD-000808,VD-000650,E-Mail,2025-08-10,10:37,218.0,False,3,True
COMM-0009131,VD-000425,VD-000778,Telefonat,2023-12-30,23:48,1766.0,False,10,False
COMM-0009132,VD-000117,VD-000716,Social Media,2023-12-08,02:41,,False,9,False
COMM-0009133,VD-000864,VD-000984,Social Media,2023-10-22,18:53,2389.0,True,8,False
COMM-0009134,VD-000566,VD-000355,Brief,2024-04-24,18:16,,False,6,False
COMM-0009135,VD-000967,VD-000631,Signal,2024-02-09,13:14,1427.0,True,8,True
COMM-0009136,VD-000045,VD-000121,Persönlicher Kontakt,2025-02-08,11:09,2300.0,False,10,True
COMM-0009137,VD-000064,VD-000979,Social Media,2024-08-03,20:07,2017.0,True,6,True
COMM-0009138,VD-000906,VD-000006,Brief,2024-06-05,08:51,2059.0,False,1,True
COMM-0009139,VD-000115,VD-000575,Telegram,2023-08-30,03:22,587.0,False,10,False
COMM-0009140,VD-000472,VD-000014,E-Mail,2023-07-10,01:57,,False,8,False
COMM-0009141,VD-000536,VD-000827,E-Mail,2024-04-17,23:54,1029.0,False,1,False
COMM-0009142,VD-000017,VD-000731,Social Media,2024-09-29,14:17,598.0,True,5,True
COMM-0009143,VD-000050,VD-000868,Persönlicher Kontakt,2023-06-25,14:16,2186.0,False,9,True
COMM-0009144,VD-000157,VD-000777,Persönlicher Kontakt,2024-05-04,05:47,1629.0,True,5,True
COMM-0009145,VD-000693,VD-000421,E-Mail,2024-03-09,10:53,699.0,False,10,False
COMM-0009146,VD-000689,VD-000248,Telegram,2025-10-24,12:53,1324.0,True,2,False
COMM-0009147,VD-000707,VD-000120,SMS,2025-10-27,00:11,1797.0,False,10,False
COMM-0009148,VD-000244,VD-000603,Brief,2023-05-26,15:28,,True,5,False
COMM-0009149,VD-000549,VD-000740,SMS,2023-04-09,08:56,,False,9,True
COMM-0009150,VD-000395,VD-000669,Signal,2023-08-21,02:08,2598.0,True,1,True
COMM-0009151,VD-000158,VD-000732,Signal,2023-02-07,09:48,699.0,True,2,True
COMM-0009152,VD-000161,VD-000277,Signal,2023-06-24,08:49,912.0,True,10,False
COMM-0009153,VD-000612,VD-000974,SMS,2025-07-07,21:04,1692.0,False,2,True
COMM-0009154,VD-000735,VD-000156,WhatsApp,2023-05-15,04:20,1644.0,True,1,False
COMM-0009155,VD-000813,VD-000664,Telefonat,2025-09-02,01:35,1902.0,True,1,False
COMM-0009156,VD-000248,VD-000013,Persönlicher Kontakt,2025-03-07,20:32,,True,8,True
COMM-0009157,VD-000198,VD-000293,SMS,2023-10-10,02:12,,True,4,False
COMM-0009158,VD-000973,VD-000870,WhatsApp,2025-10-17,04:38,369.0,False,6,False
COMM-0009159,VD-000575,VD-000483,E-Mail,2023-05-28,09:50,808.0,False,10,True
COMM-0009160,VD-000063,VD-000346,E-Mail,2025-04-08,17:37,,False,1,True
COMM-0009161,VD-000385,VD-000081,SMS,2024-04-15,21:44,3458.0,True,6,True
COMM-0009162,VD-000981,VD-000743,Signal,2023-03-16,21:29,3192.0,True,7,True
COMM-0009163,VD-000106,VD-000791,Telefonat,2023-04-26,02:23,,False,6,False
COMM-0009164,VD-000244,VD-000372,E-Mail,2024-04-09,09:30,,False,8,False
COMM-0009165,VD-000069,VD-000850,Persönlicher Kontakt,2024-07-09,06:39,,True,6,True
COMM-0009166,VD-000158,VD-000310,Brief,2023-02-10,03:19,2615.0,True,4,False
COMM-0009167,VD-000850,VD-000433,Telegram,2025-09-05,18:49,1770.0,True,7,True
COMM-0009168,VD-000529,VD-000478,WhatsApp,2023-11-05,15:49,1166.0,True,7,False
COMM-0009169,VD-000202,VD-000182,SMS,2024-10-28,04:29,2095.0,True,7,True
COMM-0009170,VD-000349,VD-000116,Social Media,2023-08-30,11:24,,False,6,False
COMM-0009171,VD-000782,VD-000422,Persönlicher Kontakt,2024-06-08,01:16,450.0,False,8,True
COMM-0009172,VD-000277,VD-000953,Telefonat,2023-06-22,17:43,1885.0,True,8,False
COMM-0009173,VD-000798,VD-000644,E-Mail,2024-11-13,00:27,446.0,False,6,False
COMM-0009174,VD-000270,VD-000680,Brief,2023-01-26,12:13,3367.0,False,4,True
COMM-0009175,VD-000180,VD-000184,Telegram,2025-02-09,11:38,1808.0,True,1,False
COMM-0009176,VD-000828,VD-000421,Brief,2025-03-10,05:21,2919.0,True,10,True
COMM-0009177,VD-000086,VD-000739,E-Mail,2023-08-25,02:03,,False,1,True
COMM-0009178,VD-000328,VD-000100,Telegram,2023-05-07,13:25,497.0,True,9,False
COMM-0009179,VD-000368,VD-000344,WhatsApp,2024-11-07,02:30,2588.0,True,8,False
COMM-0009180,VD-000878,VD-000961,Signal,2024-11-28,07:10,,True,10,False
COMM-0009181,VD-000310,VD-000957,Brief,2023-01-13,19:20,,False,4,True
COMM-0009182,VD-000097,VD-000346,Telefonat,2024-04-28,09:55,922.0,False,6,True
COMM-0009183,VD-000324,VD-000021,E-Mail,2025-05-06,08:53,613.0,False,4,False
COMM-0009184,VD-000332,VD-000057,E-Mail,2025-05-07,23:54,1590.0,False,6,False
COMM-0009185,VD-000687,VD-000207,Persönlicher Kontakt,2023-02-19,12:20,,False,1,False
COMM-0009186,VD-000124,VD-000851,Brief,2024-04-29,18:59,1480.0,True,6,False
COMM-0009187,VD-000889,VD-000049,Persönlicher Kontakt,2023-03-03,18:54,1350.0,True,4,True
COMM-0009188,VD-000209,VD-000560,WhatsApp,2023-04-26,12:45,,False,1,True
COMM-0009189,VD-000358,VD-000051,E-Mail,2023-12-09,18:23,,False,9,False
COMM-0009190,VD-000478,VD-000756,Social Media,2025-07-30,06:42,2467.0,False,1,False
COMM-0009191,VD-000358,VD-000990,Social Media,2023-09-29,08:29,,True,9,True
COMM-0009192,VD-000764,VD-000606,E-Mail,2025-10-30,16:54,,True,8,True
COMM-0009193,VD-000314,VD-000219,Brief,2025-03-26,01:13,853.0,True,9,False
COMM-0009194,VD-000798,VD-000119,Signal,2024-12-28,04:19,657.0,True,3,True
COMM-0009195,VD-000324,VD-000104,E-Mail,2024-05-06,23:18,,False,5,True
COMM-0009196,VD-000306,VD-000436,Persönlicher Kontakt,2024-08-30,05:28,,True,9,False
COMM-0009197,VD-000989,VD-000143,E-Mail,2023-02-17,04:45,137.0,False,4,False
COMM-0009198,VD-000389,VD-000751,WhatsApp,2024-12-04,00:36,,False,6,True
COMM-0009199,VD-000267,VD-000725,SMS,2023-05-24,00:32,312.0,True,3,True
COMM-0009200,VD-000558,VD-000431,Persönlicher Kontakt,2025-02-11,22:19,130.0,False,9,True
COMM-0009201,VD-000633,VD-000221,Persönlicher Kontakt,2025-11-01,22:59,274.0,True,10,False
COMM-0009202,VD-000058,VD-000492,WhatsApp,2025-03-05,15:52,,False,6,True
COMM-0009203,VD-000035,VD-000865,E-Mail,2023-05-02,22:21,,True,5,True
COMM-0009204,VD-000916,VD-000111,Telefonat,2024-04-11,15:58,3416.0,True,5,False
COMM-0009205,VD-000430,VD-000947,WhatsApp,2025-10-06,04:01,,False,5,True
COMM-0009206,VD-000977,VD-000610,Telegram,2024-03-19,05:53,,False,9,False
COMM-0009207,VD-000290,VD-000659,WhatsApp,2024-12-03,17:25,,False,5,False
COMM-0009208,VD-000167,VD-000359,Brief,2023-10-23,06:36,632.0,False,4,False
COMM-0009209,VD-000356,VD-000745,Persönlicher Kontakt,2025-08-12,11:23,3404.0,True,8,True
COMM-0009210,VD-000420,VD-000501,Telegram,2025-05-09,20:34,795.0,True,8,False
COMM-0009211,VD-000973,VD-000356,Social Media,2025-01-23,09:48,3228.0,False,6,False
COMM-0009212,VD-000795,VD-000678,SMS,2025-07-17,02:54,1626.0,False,6,True
COMM-0009213,VD-000350,VD-000853,SMS,2024-12-03,17:07,3140.0,False,5,True
COMM-0009214,VD-000616,VD-000292,Persönlicher Kontakt,2025-08-27,21:57,,True,9,False
COMM-0009215,VD-000908,VD-000131,Brief,2025-06-14,05:51,2316.0,False,1,True
COMM-0009216,VD-000468,VD-000978,SMS,2025-06-22,05:03,718.0,True,10,True
COMM-0009217,VD-000348,VD-000125,Telefonat,2025-04-10,06:13,,False,1,False
COMM-0009218,VD-000223,VD-000098,Signal,2024-12-25,20:30,1171.0,False,10,True
COMM-0009219,VD-000710,VD-000123,SMS,2024-12-26,11:00,,True,10,False
COMM-0009220,VD-000417,VD-000344,Signal,2025-06-29,11:49,1635.0,True,3,True
COMM-0009221,VD-000792,VD-000004,E-Mail,2025-10-10,03:35,3056.0,False,2,True
COMM-0009222,VD-000117,VD-000566,SMS,2024-06-03,17:56,1312.0,True,7,True
COMM-0009223,VD-000255,VD-000235,WhatsApp,2025-10-28,13:41,1537.0,True,1,False
COMM-0009224,VD-000786,VD-000111,Telefonat,2023-07-10,01:56,,False,2,True
COMM-0009225,VD-000594,VD-000497,SMS,2025-06-27,03:06,831.0,False,8,True
COMM-0009226,VD-000670,VD-000550,WhatsApp,2025-11-04,13:52,,False,2,False
COMM-0009227,VD-000951,VD-000955,Signal,2024-07-25,04:23,1321.0,True,2,True
COMM-0009228,VD-000918,VD-000332,Telefonat,2025-03-29,12:05,,False,7,False
COMM-0009229,VD-000275,VD-000857,WhatsApp,2023-01-07,23:22,2347.0,False,10,False
COMM-0009230,VD-000981,VD-000221,Telefonat,2023-09-26,10:54,2695.0,True,10,False
COMM-0009231,VD-000243,VD-000106,E-Mail,2023-10-24,02:21,437.0,False,9,False
COMM-0009232,VD-000298,VD-000254,Brief,2024-07-07,12:00,1066.0,False,7,False
COMM-0009233,VD-000119,VD-000266,Social Media,2024-08-19,01:27,794.0,False,8,True
COMM-0009234,VD-000564,VD-000502,Social Media,2025-03-16,11:23,461.0,False,10,False
COMM-0009235,VD-000726,VD-000065,WhatsApp,2023-08-18,00:31,3227.0,True,9,False
COMM-0009236,VD-000960,VD-000663,Telegram,2024-03-22,05:18,3020.0,False,7,True
COMM-0009237,VD-000585,VD-000817,Persönlicher Kontakt,2023-03-08,14:04,,True,9,False
COMM-0009238,VD-000346,VD-000614,E-Mail,2025-04-11,11:16,,False,2,False
COMM-0009239,VD-000160,VD-000554,Telegram,2024-06-03,04:33,,False,5,False
COMM-0009240,VD-000880,VD-000989,SMS,2024-04-16,13:59,981.0,True,9,False
COMM-0009241,VD-000199,VD-000072,Telegram,2025-08-19,01:14,,True,7,False
COMM-0009242,VD-000829,VD-000789,Brief,2025-05-16,08:52,,True,1,False
COMM-0009243,VD-000693,VD-000031,Telefonat,2025-06-05,19:24,1663.0,True,4,False
COMM-0009244,VD-000257,VD-000288,Brief,2024-05-10,16:36,,True,8,True
COMM-0009245,VD-000085,VD-000851,Persönlicher Kontakt,2025-07-11,23:41,1770.0,True,7,False
COMM-0009246,VD-000859,VD-000763,Social Media,2025-09-29,19:56,2193.0,True,10,True
COMM-0009247,VD-000587,VD-000661,Brief,2024-10-21,16:57,1266.0,False,2,True
COMM-0009248,VD-000024,VD-000090,SMS,2023-09-20,12:56,,True,7,True
COMM-0009249,VD-000996,VD-000055,Social Media,2023-02-26,08:31,2385.0,False,2,True
COMM-0009250,VD-000566,VD-000247,Telefonat,2025-03-26,08:51,,False,8,False
COMM-0009251,VD-000796,VD-000140,Signal,2024-09-13,01:03,,True,1,False
COMM-0009252,VD-000226,VD-000876,E-Mail,2023-04-19,08:22,2304.0,False,2,True
COMM-0009253,VD-000884,VD-000599,E-Mail,2025-07-18,23:59,1609.0,False,6,True
COMM-0009254,VD-000890,VD-000991,Signal,2025-01-28,12:28,,False,6,False
COMM-0009255,VD-000681,VD-000872,Telegram,2025-10-28,14:00,92.0,False,10,True
COMM-0009256,VD-000594,VD-000601,Persönlicher Kontakt,2024-02-20,06:56,3148.0,False,9,False
COMM-0009257,VD-000975,VD-000885,Social Media,2024-07-09,18:08,,True,1,False
COMM-0009258,VD-000885,VD-000667,Persönlicher Kontakt,2025-01-06,00:16,1222.0,True,9,True
COMM-0009259,VD-000040,VD-000982,SMS,2024-08-20,06:04,2862.0,True,1,True
COMM-0009260,VD-000346,VD-000692,E-Mail,2023-06-22,04:45,469.0,True,9,True
COMM-0009261,VD-000459,VD-000136,Social Media,2025-06-28,12:25,994.0,False,4,False
COMM-0009262,VD-000165,VD-000694,E-Mail,2024-12-28,22:52,2337.0,True,10,True
COMM-0009263,VD-000521,VD-000635,Persönlicher Kontakt,2025-03-09,19:44,3568.0,True,2,True
COMM-0009264,VD-000727,VD-000205,Social Media,2024-07-25,21:11,3309.0,True,9,False
COMM-0009265,VD-000805,VD-000218,Social Media,2025-05-23,03:49,,True,8,True
COMM-0009266,VD-000801,VD-000344,Social Media,2024-06-22,09:48,,True,9,False
COMM-0009267,VD-000544,VD-000315,Signal,2024-03-22,20:19,2334.0,True,2,False
COMM-0009268,VD-000542,VD-000720,Telegram,2024-07-27,00:51,1595.0,False,2,True
COMM-0009269,VD-000434,VD-000063,SMS,2025-01-16,14:38,1670.0,True,1,True
COMM-0009270,VD-000038,VD-000261,E-Mail,2024-12-20,20:11,,True,4,False
COMM-0009271,VD-000812,VD-000131,Telegram,2024-12-24,02:41,2643.0,True,1,True
COMM-0009272,VD-000308,VD-000859,Persönlicher Kontakt,2024-10-30,08:04,,False,6,True
COMM-0009273,VD-000334,VD-000537,Telefonat,2024-01-04,15:57,1372.0,False,3,False
COMM-0009274,VD-000708,VD-000163,Telegram,2023-04-18,04:53,3247.0,True,7,False
COMM-0009275,VD-000070,VD-000577,Signal,2024-02-29,00:17,707.0,False,4,True
COMM-0009276,VD-000401,VD-000554,Persönlicher Kontakt,2025-10-03,07:06,731.0,False,4,False
COMM-0009277,VD-000567,VD-000827,Persönlicher Kontakt,2023-04-26,19:32,768.0,True,7,True
COMM-0009278,VD-000960,VD-000411,E-Mail,2024-12-28,01:44,2654.0,True,3,True
COMM-0009279,VD-000175,VD-000504,Signal,2024-06-04,07:00,2613.0,False,7,True
COMM-0009280,VD-000748,VD-000119,E-Mail,2023-12-11,14:53,178.0,False,9,False
COMM-0009281,VD-000495,VD-000093,Telefonat,2025-08-20,13:57,1618.0,False,5,True
COMM-0009282,VD-000386,VD-000770,Brief,2023-11-20,09:04,,True,4,True
COMM-0009283,VD-000537,VD-000452,Telefonat,2024-02-02,06:55,,False,4,False
COMM-0009284,VD-000356,VD-000474,Social Media,2024-05-27,01:07,,True,5,True
COMM-0009285,VD-000578,VD-000208,Persönlicher Kontakt,2024-11-10,21:39,232.0,False,3,False
COMM-0009286,VD-000188,VD-000004,Persönlicher Kontakt,2025-04-27,12:24,765.0,True,5,False
COMM-0009287,VD-000899,VD-000054,Persönlicher Kontakt,2023-12-09,01:12,,False,5,False
COMM-0009288,VD-000190,VD-000432,Social Media,2023-10-31,08:33,1640.0,True,9,True
COMM-0009289,VD-000046,VD-000841,SMS,2024-12-30,16:06,,True,10,True
COMM-0009290,VD-000100,VD-000745,Persönlicher Kontakt,2023-08-16,04:17,2370.0,False,10,False
COMM-0009291,VD-000292,VD-000786,WhatsApp,2023-11-06,01:46,,True,1,True
COMM-0009292,VD-000559,VD-000020,Signal,2023-04-25,22:04,2680.0,True,7,True
COMM-0009293,VD-000979,VD-000992,WhatsApp,2024-11-22,07:40,,False,2,False
COMM-0009294,VD-000071,VD-000242,SMS,2025-10-13,18:40,2489.0,False,2,False
COMM-0009295,VD-000144,VD-000232,Signal,2023-03-12,09:41,,True,5,True
COMM-0009296,VD-000017,VD-000497,WhatsApp,2025-04-06,06:44,,False,7,True
COMM-0009297,VD-000409,VD-000806,E-Mail,2025-05-21,15:04,1595.0,True,10,False
COMM-0009298,VD-000582,VD-000810,E-Mail,2023-02-09,20:08,,True,8,True
COMM-0009299,VD-000047,VD-000027,Brief,2024-08-23,20:02,,True,4,False
COMM-0009300,VD-000512,VD-000050,SMS,2025-06-04,16:14,3002.0,True,7,False
COMM-0009301,VD-000416,VD-000041,Telegram,2024-06-06,05:13,1717.0,True,2,True
COMM-0009302,VD-000713,VD-000317,SMS,2025-10-14,03:42,2288.0,False,7,False
COMM-0009303,VD-000623,VD-000603,Telegram,2024-07-23,06:16,,False,2,True
COMM-0009304,VD-000623,VD-000624,Telefonat,2024-08-26,14:44,2561.0,True,3,False
COMM-0009305,VD-000652,VD-000294,Telefonat,2024-03-13,19:55,971.0,True,9,True
COMM-0009306,VD-000321,VD-000082,Telegram,2024-03-03,18:53,3275.0,False,7,False
COMM-0009307,VD-000127,VD-000834,Social Media,2024-01-12,05:37,2892.0,False,3,True
COMM-0009308,VD-000254,VD-000291,WhatsApp,2023-12-05,15:40,3229.0,False,4,False
COMM-0009309,VD-000677,VD-000928,WhatsApp,2024-01-23,22:26,207.0,True,3,True
COMM-0009310,VD-000159,VD-000196,Telegram,2024-01-08,20:15,2608.0,False,3,False
COMM-0009311,VD-000592,VD-000435,Telegram,2023-03-06,13:46,2049.0,True,5,False
COMM-0009312,VD-000315,VD-000166,Signal,2024-10-17,23:29,3576.0,True,8,False
COMM-0009313,VD-000940,VD-000147,Persönlicher Kontakt,2025-09-11,00:03,1028.0,True,8,True
COMM-0009314,VD-000520,VD-000047,E-Mail,2025-04-10,05:18,,False,2,True
COMM-0009315,VD-000707,VD-000732,Signal,2023-01-05,16:28,1593.0,True,3,True
COMM-0009316,VD-000544,VD-000815,WhatsApp,2023-11-25,20:55,2406.0,True,9,True
COMM-0009317,VD-000682,VD-000252,Brief,2024-09-01,09:38,2567.0,True,7,True
COMM-0009318,VD-000526,VD-000151,E-Mail,2024-07-30,21:12,2170.0,True,6,True
COMM-0009319,VD-000277,VD-000932,Social Media,2025-03-10,00:02,,False,1,True
COMM-0009320,VD-000225,VD-000313,Telefonat,2023-07-07,03:44,547.0,False,10,False
COMM-0009321,VD-000606,VD-000512,Social Media,2024-11-26,08:28,3006.0,True,2,True
COMM-0009322,VD-000345,VD-000752,Signal,2023-10-27,12:34,,False,5,True
COMM-0009323,VD-000828,VD-000887,WhatsApp,2023-02-08,22:14,,True,1,False
COMM-0009324,VD-000515,VD-000306,Signal,2023-11-02,08:24,460.0,False,4,False
COMM-0009325,VD-000451,VD-000830,Telegram,2023-06-05,22:25,3203.0,True,8,True
COMM-0009326,VD-000125,VD-000355,Telegram,2025-10-08,16:13,1002.0,True,6,False
COMM-0009327,VD-000990,VD-000620,Persönlicher Kontakt,2023-08-22,06:31,,False,2,False
COMM-0009328,VD-000528,VD-000784,Social Media,2024-01-14,08:41,2408.0,False,4,True
COMM-0009329,VD-000997,VD-000643,Persönlicher Kontakt,2025-01-05,06:53,1145.0,False,3,False
COMM-0009330,VD-000889,VD-000142,Brief,2025-01-27,19:06,872.0,True,7,False
COMM-0009331,VD-000035,VD-000059,Social Media,2024-10-17,08:37,1653.0,True,1,False
COMM-0009332,VD-000636,VD-000369,WhatsApp,2024-07-04,12:40,796.0,False,1,False
COMM-0009333,VD-000658,VD-000895,Social Media,2024-06-29,00:07,1880.0,False,6,False
COMM-0009334,VD-000721,VD-000959,Telefonat,2024-03-16,17:38,,True,5,True
COMM-0009335,VD-000455,VD-000186,Social Media,2025-09-04,00:20,494.0,True,8,True
COMM-0009336,VD-000348,VD-000332,Persönlicher Kontakt,2024-10-08,21:37,1119.0,True,10,False
COMM-0009337,VD-000813,VD-000875,Telegram,2025-10-25,16:13,,False,1,True
COMM-0009338,VD-000061,VD-000580,Persönlicher Kontakt,2025-09-26,17:43,2295.0,False,2,False
COMM-0009339,VD-000371,VD-000248,Telegram,2023-08-21,13:59,549.0,False,4,False
COMM-0009340,VD-000891,VD-000890,Social Media,2023-11-30,04:10,163.0,True,10,False
COMM-0009341,VD-000778,VD-000971,WhatsApp,2025-08-31,03:32,415.0,False,6,True
COMM-0009342,VD-000059,VD-000240,Signal,2025-06-26,05:47,1906.0,True,3,True
COMM-0009343,VD-000161,VD-000649,Brief,2023-09-09,23:41,,True,3,True
COMM-0009344,VD-000851,VD-000187,SMS,2025-04-01,05:32,247.0,True,3,False
COMM-0009345,VD-000718,VD-000479,Social Media,2025-02-16,03:57,833.0,True,4,True
COMM-0009346,VD-000953,VD-000428,Telefonat,2025-09-03,13:30,,True,3,False
COMM-0009347,VD-000971,VD-000704,Telegram,2023-06-07,10:08,3169.0,True,10,False
COMM-0009348,VD-000565,VD-000404,Telefonat,2024-05-14,07:14,894.0,False,7,False
COMM-0009349,VD-000692,VD-000155,WhatsApp,2025-05-20,07:02,,False,9,True
COMM-0009350,VD-000276,VD-000275,Telegram,2023-03-13,08:16,3018.0,True,3,True
COMM-0009351,VD-000320,VD-000845,E-Mail,2024-10-06,18:48,,False,9,True
COMM-0009352,VD-000502,VD-000323,Telegram,2025-04-07,18:40,,False,2,False
COMM-0009353,VD-000887,VD-000256,Social Media,2023-07-09,20:15,1447.0,False,8,False
COMM-0009354,VD-000288,VD-000690,E-Mail,2023-11-28,22:42,3018.0,False,4,False
COMM-0009355,VD-000330,VD-000927,Telefonat,2024-05-01,21:37,3515.0,False,7,False
COMM-0009356,VD-000652,VD-000190,WhatsApp,2025-06-05,07:12,677.0,False,6,False
COMM-0009357,VD-000947,VD-000666,SMS,2025-01-08,16:11,3132.0,False,3,False
COMM-0009358,VD-000866,VD-000634,Signal,2023-03-14,18:24,,True,9,False
COMM-0009359,VD-000878,VD-000266,Telefonat,2025-09-05,00:07,2033.0,False,1,False
COMM-0009360,VD-000878,VD-000186,Telegram,2023-11-01,21:17,1396.0,False,9,False
COMM-0009361,VD-000740,VD-000973,Brief,2023-11-26,09:52,1707.0,False,5,True
COMM-0009362,VD-000261,VD-000169,Telegram,2023-03-03,02:19,,False,8,True
COMM-0009363,VD-000651,VD-000269,SMS,2023-12-03,03:52,3228.0,False,4,True
COMM-0009364,VD-000027,VD-000553,Signal,2024-07-17,02:01,242.0,False,8,True
COMM-0009365,VD-000444,VD-000481,WhatsApp,2025-01-14,05:32,2991.0,True,9,False
COMM-0009366,VD-000860,VD-000216,Telegram,2024-09-25,13:40,,True,10,True
COMM-0009367,VD-000235,VD-000616,Telegram,2024-08-12,16:57,131.0,False,6,False
COMM-0009368,VD-000327,VD-000031,WhatsApp,2023-11-17,01:32,851.0,False,4,False
COMM-0009369,VD-000308,VD-000110,Telefonat,2023-05-14,08:28,1703.0,True,1,True
COMM-0009370,VD-000216,VD-000607,Brief,2025-01-02,08:07,3555.0,False,9,False
COMM-0009371,VD-000024,VD-000656,Persönlicher Kontakt,2024-01-19,17:20,117.0,True,2,True
COMM-0009372,VD-000726,VD-000264,Signal,2023-10-20,00:28,1670.0,True,3,True
COMM-0009373,VD-000563,VD-000721,Brief,2024-10-11,08:54,806.0,False,2,False
COMM-0009374,VD-000110,VD-000289,E-Mail,2024-11-15,05:22,349.0,True,6,True
COMM-0009375,VD-000731,VD-000782,Persönlicher Kontakt,2024-09-04,00:22,2130.0,True,10,True
COMM-0009376,VD-000075,VD-000073,Brief,2025-03-22,16:30,672.0,False,3,False
COMM-0009377,VD-000262,VD-000086,Persönlicher Kontakt,2025-08-16,15:04,3217.0,False,3,False
COMM-0009378,VD-000638,VD-000179,Telegram,2024-01-18,14:43,3376.0,True,5,True
COMM-0009379,VD-000027,VD-000425,SMS,2023-01-07,00:32,1182.0,False,10,False
COMM-0009380,VD-000756,VD-000500,Social Media,2025-11-05,12:59,587.0,False,9,False
COMM-0009381,VD-000385,VD-000916,Telefonat,2024-11-24,16:26,167.0,False,1,True
COMM-0009382,VD-000098,VD-000891,Telefonat,2025-03-22,10:06,,False,3,True
COMM-0009383,VD-000554,VD-000115,Telefonat,2025-09-17,06:34,1729.0,False,8,True
COMM-0009384,VD-000460,VD-000124,WhatsApp,2024-03-04,20:20,,False,3,False
COMM-0009385,VD-000401,VD-000665,Telegram,2025-06-20,16:14,,True,7,False
COMM-0009386,VD-000465,VD-000350,Telefonat,2023-01-12,10:16,2351.0,False,2,False
COMM-0009387,VD-000258,VD-000621,Brief,2023-12-04,10:09,2310.0,False,1,True
COMM-0009388,VD-000590,VD-000865,Telefonat,2023-04-28,11:09,,True,9,False
COMM-0009389,VD-000524,VD-000202,SMS,2025-03-01,09:26,,True,7,False
COMM-0009390,VD-000292,VD-000169,E-Mail,2023-06-09,00:33,1922.0,True,10,False
COMM-0009391,VD-000425,VD-000818,Social Media,2025-10-07,09:49,2049.0,False,2,True
COMM-0009392,VD-000039,VD-000247,Telefonat,2023-04-09,23:30,578.0,False,7,False
COMM-0009393,VD-000869,VD-000209,E-Mail,2023-02-06,03:45,771.0,True,4,False
COMM-0009394,VD-000115,VD-000554,Signal,2023-12-30,07:55,1151.0,False,7,True
COMM-0009395,VD-000100,VD-000306,SMS,2023-04-22,06:19,,False,8,False
COMM-0009396,VD-000272,VD-000325,Telegram,2023-04-15,12:20,1851.0,False,2,True
COMM-0009397,VD-000738,VD-000480,SMS,2025-01-02,15:10,,False,7,True
COMM-0009398,VD-000223,VD-000626,Social Media,2024-06-25,19:40,1913.0,False,8,False
COMM-0009399,VD-000115,VD-000742,Signal,2023-04-11,02:47,65.0,True,10,False
COMM-0009400,VD-000151,VD-000762,Brief,2023-04-13,11:49,1107.0,False,4,False
COMM-0009401,VD-000653,VD-000412,SMS,2025-09-03,18:15,2887.0,True,6,True
COMM-0009402,VD-000474,VD-000194,Brief,2024-07-05,09:04,2425.0,True,1,False
COMM-0009403,VD-000156,VD-000771,Persönlicher Kontakt,2025-02-15,17:47,3061.0,False,1,False
COMM-0009404,VD-000997,VD-000419,Telegram,2024-09-05,13:39,944.0,False,4,True
COMM-0009405,VD-000306,VD-000721,Brief,2025-10-08,08:25,1166.0,False,3,True
COMM-0009406,VD-000730,VD-000881,Signal,2023-04-21,22:33,3371.0,False,5,False
COMM-0009407,VD-000682,VD-000503,Telefonat,2023-05-27,01:45,1478.0,True,10,False
COMM-0009408,VD-000277,VD-000612,WhatsApp,2023-03-10,03:00,,False,3,True
COMM-0009409,VD-000620,VD-000263,Social Media,2025-01-06,16:37,1694.0,True,1,True
COMM-0009410,VD-000250,VD-000498,Telefonat,2023-05-04,12:47,528.0,False,7,True
COMM-0009411,VD-000024,VD-000865,Brief,2025-01-26,06:36,,False,5,True
COMM-0009412,VD-000335,VD-000731,Brief,2024-04-22,06:49,2878.0,False,10,True
COMM-0009413,VD-000776,VD-000516,SMS,2023-10-19,12:21,,False,4,True
COMM-0009414,VD-000039,VD-000006,Brief,2024-03-28,13:45,,True,7,True
COMM-0009415,VD-000958,VD-000549,Brief,2023-07-24,11:29,2438.0,True,3,True
COMM-0009416,VD-000527,VD-000096,Persönlicher Kontakt,2025-05-31,09:47,1761.0,False,5,False
COMM-0009417,VD-000689,VD-000640,Social Media,2024-12-24,19:52,572.0,False,1,True
COMM-0009418,VD-000600,VD-000241,WhatsApp,2025-03-19,17:12,616.0,False,7,True
COMM-0009419,VD-000425,VD-000917,Persönlicher Kontakt,2025-02-04,16:08,1380.0,True,6,True
COMM-0009420,VD-000285,VD-000081,Brief,2023-06-23,08:16,683.0,False,10,False
COMM-0009421,VD-000771,VD-000199,Persönlicher Kontakt,2024-12-01,20:44,592.0,False,6,True
COMM-0009422,VD-000595,VD-000484,Social Media,2023-03-15,16:43,206.0,True,9,False
COMM-0009423,VD-000026,VD-000886,SMS,2025-02-04,06:41,,False,5,False
COMM-0009424,VD-000341,VD-000210,Social Media,2025-08-15,08:53,894.0,True,5,True
COMM-0009425,VD-000017,VD-000169,Signal,2025-03-21,03:59,2649.0,False,2,True
COMM-0009426,VD-000600,VD-000168,Brief,2024-12-27,19:05,675.0,True,7,False
COMM-0009427,VD-000673,VD-000825,Social Media,2023-09-10,13:18,352.0,True,4,True
COMM-0009428,VD-000521,VD-000733,Brief,2024-06-28,05:23,1530.0,False,6,False
COMM-0009429,VD-000171,VD-000782,WhatsApp,2023-12-26,19:20,1816.0,True,2,False
COMM-0009430,VD-000475,VD-000139,Persönlicher Kontakt,2025-07-10,00:45,3490.0,True,5,False
COMM-0009431,VD-000020,VD-000849,E-Mail,2025-04-12,18:08,100.0,True,4,True
COMM-0009432,VD-000042,VD-000302,Social Media,2024-06-15,17:53,,True,4,False
COMM-0009433,VD-000071,VD-000243,E-Mail,2024-07-15,08:27,1160.0,True,1,False
COMM-0009434,VD-000740,VD-000395,Brief,2023-05-14,07:44,914.0,True,6,True
COMM-0009435,VD-000796,VD-000818,Signal,2025-06-15,06:25,1414.0,False,8,True
COMM-0009436,VD-000440,VD-000237,E-Mail,2025-10-19,01:06,1305.0,False,7,True
COMM-0009437,VD-000883,VD-000711,SMS,2024-10-14,14:12,,False,5,True
COMM-0009438,VD-000034,VD-000363,Telegram,2023-11-24,11:58,1934.0,True,1,False
COMM-0009439,VD-000173,VD-000127,SMS,2025-02-14,12:08,,True,2,True
COMM-0009440,VD-000936,VD-000782,SMS,2024-12-06,10:46,,False,4,True
COMM-0009441,VD-000225,VD-000531,E-Mail,2024-09-19,02:42,,False,1,True
COMM-0009442,VD-000540,VD-000599,WhatsApp,2023-05-26,23:40,,True,8,True
COMM-0009443,VD-000094,VD-000190,Telefonat,2023-08-03,17:46,2284.0,False,6,False
COMM-0009444,VD-000896,VD-000510,Persönlicher Kontakt,2024-05-01,11:54,,True,4,True
COMM-0009445,VD-000050,VD-000377,Persönlicher Kontakt,2024-08-18,23:05,,True,4,True
COMM-0009446,VD-000805,VD-000297,WhatsApp,2025-08-15,23:17,,True,9,False
COMM-0009447,VD-000009,VD-000139,WhatsApp,2023-01-08,13:46,2907.0,True,7,True
COMM-0009448,VD-000201,VD-000439,E-Mail,2023-01-16,03:15,,False,8,True
COMM-0009449,VD-000425,VD-000492,WhatsApp,2025-10-30,12:47,,True,1,True
COMM-0009450,VD-000830,VD-000291,WhatsApp,2025-04-12,17:31,2184.0,True,9,False
COMM-0009451,VD-000786,VD-000893,Signal,2023-07-04,06:47,2197.0,False,2,False
COMM-0009452,VD-000763,VD-000200,Signal,2025-05-07,17:36,1933.0,True,4,False
COMM-0009453,VD-000790,VD-000894,E-Mail,2025-10-10,09:16,,True,2,True
COMM-0009454,VD-000129,VD-000103,WhatsApp,2023-05-03,02:29,2435.0,False,4,True
COMM-0009455,VD-000265,VD-000855,WhatsApp,2025-03-28,08:54,2552.0,True,6,False
COMM-0009456,VD-000835,VD-000218,E-Mail,2024-09-11,17:20,1562.0,True,5,True
COMM-0009457,VD-000788,VD-000556,Brief,2023-08-05,16:31,1169.0,False,7,False
COMM-0009458,VD-000924,VD-000069,Signal,2025-05-21,14:03,709.0,False,8,True
COMM-0009459,VD-000550,VD-000437,Signal,2025-03-31,05:40,1097.0,False,5,False
COMM-0009460,VD-000813,VD-000653,SMS,2024-08-31,11:46,,False,9,True
COMM-0009461,VD-000944,VD-000600,Telefonat,2025-02-06,08:28,226.0,True,7,False
COMM-0009462,VD-000001,VD-000734,Persönlicher Kontakt,2024-01-11,07:20,802.0,False,8,False
COMM-0009463,VD-000038,VD-000601,Persönlicher Kontakt,2025-09-21,23:35,2874.0,False,7,False
COMM-0009464,VD-000184,VD-000835,Signal,2025-06-14,20:01,1376.0,False,1,True
COMM-0009465,VD-000140,VD-000612,Brief,2023-11-09,07:55,723.0,False,10,False
COMM-0009466,VD-000140,VD-000042,Social Media,2025-04-27,23:40,1577.0,True,5,True
COMM-0009467,VD-000918,VD-000797,Telegram,2024-01-09,21:42,1558.0,False,6,True
COMM-0009468,VD-000926,VD-000343,E-Mail,2023-08-18,00:08,1078.0,True,7,False
COMM-0009469,VD-000520,VD-000456,Signal,2025-10-17,04:44,774.0,False,4,True
COMM-0009470,VD-000642,VD-000925,E-Mail,2024-11-13,18:59,,False,1,False
COMM-0009471,VD-000888,VD-000133,WhatsApp,2023-02-23,19:37,528.0,True,3,False
COMM-0009472,VD-000909,VD-000156,E-Mail,2023-05-23,08:42,197.0,True,3,True
COMM-0009473,VD-000739,VD-000099,Brief,2023-10-19,06:50,507.0,False,3,False
COMM-0009474,VD-000035,VD-000609,Telefonat,2025-03-21,11:47,,False,8,False
COMM-0009475,VD-000767,VD-000956,Brief,2025-06-08,20:32,1715.0,True,4,True
COMM-0009476,VD-000167,VD-000121,Social Media,2023-07-04,22:01,510.0,False,5,False
COMM-0009477,VD-000218,VD-000489,Persönlicher Kontakt,2023-06-28,05:31,1987.0,True,4,False
COMM-0009478,VD-000658,VD-000107,Signal,2024-01-21,15:29,,True,4,True
COMM-0009479,VD-000287,VD-000259,Social Media,2025-01-25,03:53,1092.0,False,3,False
COMM-0009480,VD-000185,VD-000058,E-Mail,2023-08-15,21:36,2657.0,False,2,True
COMM-0009481,VD-000500,VD-000927,Telegram,2024-01-05,13:47,967.0,False,7,True
COMM-0009482,VD-000471,VD-000130,WhatsApp,2023-10-15,16:17,3216.0,True,2,True
COMM-0009483,VD-000647,VD-000634,E-Mail,2023-10-19,10:14,,True,2,True
COMM-0009484,VD-000746,VD-000349,Social Media,2025-01-06,05:55,1246.0,True,5,False
COMM-0009485,VD-000749,VD-000449,WhatsApp,2023-07-22,09:04,726.0,True,2,False
COMM-0009486,VD-000616,VD-000755,E-Mail,2024-12-28,09:58,2729.0,False,5,True
COMM-0009487,VD-000745,VD-000995,E-Mail,2023-03-05,20:49,118.0,False,8,True
COMM-0009488,VD-000697,VD-000360,Social Media,2023-10-10,23:27,,True,7,True
COMM-0009489,VD-000412,VD-000684,Social Media,2024-11-16,17:08,168.0,True,10,False
COMM-0009490,VD-000923,VD-000703,Brief,2025-09-02,21:53,1344.0,False,7,True
COMM-0009491,VD-000453,VD-000314,Telefonat,2023-08-12,11:39,2645.0,False,4,True
COMM-0009492,VD-000725,VD-000656,SMS,2024-07-20,00:06,1815.0,True,7,False
COMM-0009493,VD-000085,VD-000327,E-Mail,2023-09-14,04:45,2240.0,True,2,True
COMM-0009494,VD-000903,VD-000507,Brief,2023-05-31,17:05,1037.0,True,7,True
COMM-0009495,VD-000931,VD-001000,WhatsApp,2025-03-27,11:02,2535.0,True,7,True
COMM-0009496,VD-000081,VD-000193,SMS,2025-10-18,17:48,2577.0,False,8,True
COMM-0009497,VD-000275,VD-000349,Telegram,2024-12-07,15:40,806.0,True,10,True
COMM-0009498,VD-000992,VD-000731,Brief,2024-08-23,22:32,693.0,True,4,True
COMM-0009499,VD-000388,VD-000668,Brief,2023-02-07,00:34,,True,8,True
COMM-0009500,VD-000040,VD-000495,WhatsApp,2024-08-12,01:55,399.0,False,2,False
COMM-0009501,VD-000856,VD-000156,Telefonat,2024-05-10,01:58,2400.0,True,3,False
COMM-0009502,VD-000213,VD-000742,Persönlicher Kontakt,2023-10-09,17:24,992.0,True,8,False
COMM-0009503,VD-000002,VD-000478,Persönlicher Kontakt,2025-02-19,15:13,,False,2,True
COMM-0009504,VD-000470,VD-000811,SMS,2023-01-14,12:49,1536.0,True,5,True
COMM-0009505,VD-000368,VD-000188,E-Mail,2025-06-03,11:43,2145.0,True,7,True
COMM-0009506,VD-000964,VD-000200,Telegram,2023-11-26,17:20,2161.0,True,3,False
COMM-0009507,VD-000384,VD-000168,Persönlicher Kontakt,2024-07-08,00:15,368.0,False,2,False
COMM-0009508,VD-000964,VD-000131,Social Media,2023-09-29,22:11,,False,8,True
COMM-0009509,VD-000311,VD-000992,E-Mail,2025-07-08,06:22,2323.0,False,4,True
COMM-0009510,VD-000192,VD-000926,Persönlicher Kontakt,2025-07-28,00:03,2002.0,False,7,True
COMM-0009511,VD-000152,VD-000263,SMS,2025-08-06,10:10,,True,8,False
COMM-0009512,VD-000590,VD-000882,Persönlicher Kontakt,2025-08-26,03:06,2062.0,True,1,True
COMM-0009513,VD-000023,VD-000108,WhatsApp,2024-08-25,21:33,,False,7,True
COMM-0009514,VD-000357,VD-000005,Telefonat,2023-01-19,03:15,923.0,False,8,False
COMM-0009515,VD-000562,VD-000958,Signal,2025-01-11,17:03,1425.0,False,9,True
COMM-0009516,VD-000081,VD-000512,SMS,2025-02-03,13:39,,True,10,True
COMM-0009517,VD-000250,VD-000655,Telegram,2023-09-01,02:58,1657.0,True,6,True
COMM-0009518,VD-000102,VD-000010,Persönlicher Kontakt,2024-08-27,02:36,418.0,False,10,False
COMM-0009519,VD-000246,VD-000475,E-Mail,2024-11-02,09:11,1073.0,False,5,False
COMM-0009520,VD-000795,VD-000349,Telefonat,2025-04-06,22:31,,True,1,False
COMM-0009521,VD-000363,VD-000503,WhatsApp,2024-09-04,16:09,3270.0,True,9,True
COMM-0009522,VD-000029,VD-000528,WhatsApp,2025-06-29,13:00,3270.0,True,2,True
COMM-0009523,VD-000872,VD-000968,Brief,2023-09-12,13:37,3123.0,False,5,True
COMM-0009524,VD-000936,VD-000338,SMS,2023-06-02,20:48,,True,10,True
COMM-0009525,VD-000628,VD-000782,Persönlicher Kontakt,2024-09-15,22:06,562.0,False,5,False
COMM-0009526,VD-000003,VD-000280,SMS,2025-01-03,23:13,2629.0,True,2,False
COMM-0009527,VD-000952,VD-000355,Brief,2023-04-01,09:50,1886.0,True,3,False
COMM-0009528,VD-000075,VD-000308,WhatsApp,2024-01-21,23:27,2415.0,True,8,True
COMM-0009529,VD-000680,VD-000490,Social Media,2025-04-15,13:15,,False,2,True
COMM-0009530,VD-000073,VD-000124,WhatsApp,2024-11-07,06:14,1011.0,True,9,False
COMM-0009531,VD-000745,VD-000689,Brief,2023-06-06,08:01,1926.0,False,4,True
COMM-0009532,VD-000464,VD-000259,Telefonat,2025-01-22,01:11,2963.0,True,3,False
COMM-0009533,VD-000873,VD-000001,Telegram,2025-08-26,10:31,2600.0,False,5,False
COMM-0009534,VD-000083,VD-000189,Signal,2025-06-22,16:14,480.0,True,1,True
COMM-0009535,VD-000715,VD-000712,Persönlicher Kontakt,2023-10-19,04:52,,True,4,True
COMM-0009536,VD-000055,VD-000357,SMS,2023-12-12,04:42,1115.0,False,6,True
COMM-0009537,VD-000239,VD-000028,Signal,2023-12-08,00:35,,False,4,False
COMM-0009538,VD-000847,VD-000448,Social Media,2024-04-04,09:39,,False,9,False
COMM-0009539,VD-000412,VD-000798,Social Media,2024-03-31,05:52,,True,2,True
COMM-0009540,VD-000038,VD-000128,Telegram,2025-01-07,23:16,403.0,True,5,False
COMM-0009541,VD-000120,VD-000769,Social Media,2024-12-02,06:31,2571.0,False,2,True
COMM-0009542,VD-000816,VD-000844,WhatsApp,2023-02-18,04:11,2159.0,True,3,True
COMM-0009543,VD-000812,VD-000398,Signal,2024-12-19,04:17,2653.0,False,1,True
COMM-0009544,VD-000089,VD-000686,E-Mail,2024-11-24,14:05,,False,7,False
COMM-0009545,VD-000991,VD-000534,SMS,2024-03-03,05:37,3484.0,True,1,False
COMM-0009546,VD-000472,VD-000930,Social Media,2024-12-16,05:53,979.0,True,6,False
COMM-0009547,VD-000795,VD-000812,Signal,2025-01-27,09:08,1846.0,False,7,False
COMM-0009548,VD-000167,VD-000607,Persönlicher Kontakt,2025-03-26,22:41,1565.0,True,7,True
COMM-0009549,VD-000652,VD-000414,SMS,2025-11-04,09:50,2163.0,True,1,False
COMM-0009550,VD-000217,VD-000957,Social Media,2023-12-05,22:09,1680.0,False,5,False
COMM-0009551,VD-000067,VD-000748,Telegram,2024-04-27,11:37,1644.0,True,5,False
COMM-0009552,VD-000223,VD-000703,SMS,2024-04-21,06:45,,True,7,False
COMM-0009553,VD-000940,VD-000573,Signal,2024-07-01,11:24,1102.0,True,4,True
COMM-0009554,VD-000373,VD-000654,WhatsApp,2025-05-10,00:02,2327.0,True,4,False
COMM-0009555,VD-000686,VD-000907,Persönlicher Kontakt,2023-09-16,11:16,774.0,True,5,False
COMM-0009556,VD-000837,VD-000112,E-Mail,2024-05-04,06:42,1396.0,True,8,True
COMM-0009557,VD-000701,VD-000096,E-Mail,2025-10-09,02:33,85.0,True,7,True
COMM-0009558,VD-000574,VD-000658,E-Mail,2023-03-08,21:15,1215.0,True,5,True
COMM-0009559,VD-000828,VD-000239,Social Media,2024-04-10,13:06,,False,6,False
COMM-0009560,VD-000473,VD-000252,Persönlicher Kontakt,2025-03-10,11:17,1794.0,False,2,True
COMM-0009561,VD-000229,VD-000814,Social Media,2023-06-01,19:32,,True,10,False
COMM-0009562,VD-000949,VD-000602,WhatsApp,2024-02-28,22:12,2639.0,True,10,True
COMM-0009563,VD-000766,VD-000494,Signal,2025-08-26,01:48,2323.0,False,10,True
COMM-0009564,VD-000727,VD-000317,Telegram,2025-09-14,10:32,3141.0,True,10,False
COMM-0009565,VD-000827,VD-000117,Social Media,2025-05-25,23:59,1003.0,False,1,False
COMM-0009566,VD-000354,VD-000561,SMS,2023-10-19,15:41,,False,3,True
COMM-0009567,VD-000620,VD-000621,Telegram,2025-06-23,04:39,,True,1,False
COMM-0009568,VD-000412,VD-000773,Telefonat,2024-10-06,18:05,2984.0,True,10,True
COMM-0009569,VD-000232,VD-000199,SMS,2024-04-11,01:39,1673.0,True,6,True
COMM-0009570,VD-000178,VD-000368,Social Media,2023-12-04,21:38,3045.0,True,4,True
COMM-0009571,VD-000020,VD-000647,Signal,2023-09-29,20:07,3502.0,False,8,False
COMM-0009572,VD-000473,VD-000286,Social Media,2024-08-17,20:26,,False,10,False
COMM-0009573,VD-000846,VD-000521,Telefonat,2023-12-15,12:49,,True,9,False
COMM-0009574,VD-000937,VD-000928,Signal,2023-11-12,23:36,,True,2,True
COMM-0009575,VD-000788,VD-000749,Brief,2024-02-23,21:27,754.0,False,4,True
COMM-0009576,VD-000031,VD-000824,WhatsApp,2023-07-20,11:27,1776.0,True,10,False
COMM-0009577,VD-000334,VD-000589,Telegram,2025-05-10,15:09,,True,1,False
COMM-0009578,VD-000649,VD-000695,Persönlicher Kontakt,2023-12-13,04:00,3069.0,False,2,True
COMM-0009579,VD-000671,VD-000419,Telegram,2023-04-17,09:27,,True,10,False
COMM-0009580,VD-000819,VD-000149,Telegram,2025-01-17,01:57,1470.0,True,4,False
COMM-0009581,VD-000977,VD-000387,Brief,2023-11-20,04:30,1143.0,True,7,True
COMM-0009582,VD-000251,VD-000500,Signal,2023-10-28,06:49,2187.0,True,7,True
COMM-0009583,VD-000149,VD-000831,Brief,2024-03-01,11:55,940.0,False,3,True
COMM-0009584,VD-000482,VD-000174,WhatsApp,2024-04-24,02:59,3321.0,False,3,False
COMM-0009585,VD-000312,VD-000494,Telefonat,2025-07-04,01:52,488.0,False,9,True
COMM-0009586,VD-000675,VD-000779,WhatsApp,2024-09-24,09:47,748.0,True,5,False
COMM-0009587,VD-000513,VD-000678,WhatsApp,2025-10-12,13:10,,True,9,False
COMM-0009588,VD-000036,VD-000187,Signal,2023-04-02,06:59,,True,4,True
COMM-0009589,VD-000102,VD-000807,Telefonat,2025-06-14,21:39,596.0,True,5,True
COMM-0009590,VD-000648,VD-000060,Signal,2025-04-07,00:35,612.0,False,10,False
COMM-0009591,VD-000687,VD-000629,Social Media,2025-03-31,17:09,1847.0,False,3,True
COMM-0009592,VD-000518,VD-000447,Signal,2024-02-03,19:52,2127.0,True,7,False
COMM-0009593,VD-000926,VD-000206,WhatsApp,2024-05-25,00:43,2915.0,False,3,True
COMM-0009594,VD-000514,VD-000393,Signal,2023-12-28,15:07,3095.0,True,10,True
COMM-0009595,VD-000496,VD-000473,SMS,2023-01-14,22:29,1806.0,True,3,True
COMM-0009596,VD-000040,VD-000031,WhatsApp,2023-01-08,17:53,2961.0,False,6,False
COMM-0009597,VD-000229,VD-000239,E-Mail,2023-08-23,03:12,2066.0,True,3,True
COMM-0009598,VD-000495,VD-000230,Telegram,2024-03-08,11:38,,True,6,True
COMM-0009599,VD-000213,VD-000269,Telegram,2023-09-04,02:03,2560.0,False,9,True
COMM-0009600,VD-000696,VD-000925,Signal,2025-05-15,12:59,3041.0,True,3,True
COMM-0009601,VD-000105,VD-000146,E-Mail,2024-12-05,19:50,1139.0,True,3,False
COMM-0009602,VD-000596,VD-000366,Telefonat,2023-04-28,10:37,509.0,True,8,True
COMM-0009603,VD-000976,VD-000311,Brief,2023-10-21,17:51,3256.0,True,3,False
COMM-0009604,VD-000805,VD-000909,Social Media,2025-10-09,16:42,1093.0,True,4,True
COMM-0009605,VD-000302,VD-000720,Signal,2024-01-07,15:09,2855.0,True,9,True
COMM-0009606,VD-000201,VD-000901,Telegram,2025-06-25,05:10,1298.0,False,7,True
COMM-0009607,VD-000591,VD-000617,Telegram,2024-06-28,04:06,342.0,True,4,True
COMM-0009608,VD-000067,VD-000129,E-Mail,2025-02-22,05:10,2828.0,True,6,False
COMM-0009609,VD-000667,VD-000464,Telefonat,2023-03-21,02:18,2842.0,True,2,True
COMM-0009610,VD-000764,VD-000152,E-Mail,2024-08-24,17:26,632.0,False,3,False
COMM-0009611,VD-000387,VD-000998,Persönlicher Kontakt,2023-03-09,20:04,,True,7,True
COMM-0009612,VD-000309,VD-000782,SMS,2025-09-21,23:25,476.0,False,2,False
COMM-0009613,VD-000570,VD-000801,Signal,2025-09-07,11:24,3177.0,True,5,False
COMM-0009614,VD-000842,VD-000742,Persönlicher Kontakt,2023-09-07,13:13,,True,6,False
COMM-0009615,VD-000853,VD-000898,SMS,2024-01-10,10:21,1557.0,True,5,True
COMM-0009616,VD-000615,VD-000501,Telegram,2025-03-22,18:45,1739.0,False,9,True
COMM-0009617,VD-000007,VD-000224,SMS,2025-06-05,02:18,2241.0,True,5,False
COMM-0009618,VD-000641,VD-000720,SMS,2024-12-14,17:20,2230.0,False,2,False
COMM-0009619,VD-000591,VD-000355,E-Mail,2023-06-05,12:15,,False,5,True
COMM-0009620,VD-000423,VD-000074,Persönlicher Kontakt,2025-06-15,03:58,242.0,True,10,False
COMM-0009621,VD-000743,VD-000369,SMS,2023-07-20,10:11,,True,8,True
COMM-0009622,VD-000625,VD-000795,Brief,2025-10-31,01:17,2758.0,True,10,True
COMM-0009623,VD-000589,VD-000788,Signal,2023-11-21,00:55,,False,4,True
COMM-0009624,VD-000509,VD-000816,Telefonat,2023-06-19,15:23,1431.0,True,7,True
COMM-0009625,VD-000403,VD-000233,Signal,2024-03-03,11:56,,True,5,False
COMM-0009626,VD-000792,VD-000306,Telefonat,2023-06-10,00:21,2509.0,False,6,True
COMM-0009627,VD-000024,VD-000217,Brief,2025-04-07,15:47,,True,9,False
COMM-0009628,VD-000194,VD-000093,Persönlicher Kontakt,2025-11-04,00:59,1414.0,True,10,True
COMM-0009629,VD-000044,VD-000298,Social Media,2025-01-20,18:49,,True,8,True
COMM-0009630,VD-000143,VD-000278,Telegram,2025-05-26,05:51,675.0,True,10,False
COMM-0009631,VD-000955,VD-000201,SMS,2024-03-25,16:22,66.0,False,7,True
COMM-0009632,VD-000284,VD-000819,Signal,2025-06-04,11:56,2369.0,False,9,False
COMM-0009633,VD-000989,VD-000563,WhatsApp,2023-10-20,11:05,1760.0,True,1,False
COMM-0009634,VD-000481,VD-000182,Persönlicher Kontakt,2025-05-26,22:06,90.0,False,3,True
COMM-0009635,VD-000213,VD-000971,Social Media,2023-06-28,05:36,1382.0,False,10,True
COMM-0009636,VD-000980,VD-000703,Telefonat,2025-06-03,13:19,3549.0,False,6,False
COMM-0009637,VD-000591,VD-000735,Social Media,2024-09-14,13:07,,False,5,False
COMM-0009638,VD-000051,VD-000915,E-Mail,2023-02-23,23:37,2246.0,False,10,False
COMM-0009639,VD-000191,VD-000636,Social Media,2023-10-10,05:04,711.0,True,5,False
COMM-0009640,VD-000291,VD-000587,Signal,2023-12-21,12:41,1811.0,False,7,False
COMM-0009641,VD-000194,VD-000145,Telefonat,2023-10-31,11:28,,False,3,True
COMM-0009642,VD-000738,VD-000902,WhatsApp,2025-06-08,16:40,735.0,False,8,True
COMM-0009643,VD-000792,VD-000823,Telefonat,2023-07-04,04:04,,True,1,True
COMM-0009644,VD-000797,VD-000848,Telefonat,2025-02-04,08:00,,False,10,False
COMM-0009645,VD-000208,VD-000414,Persönlicher Kontakt,2024-05-05,10:12,889.0,False,8,True
COMM-0009646,VD-000602,VD-000789,Signal,2024-12-17,16:48,,False,8,True
COMM-0009647,VD-000499,VD-000792,E-Mail,2025-10-11,14:06,,True,6,False
COMM-0009648,VD-000323,VD-000327,Telegram,2023-10-01,04:34,3270.0,True,5,False
COMM-0009649,VD-000103,VD-000154,Telefonat,2023-07-30,21:13,,True,3,True
COMM-0009650,VD-000239,VD-000869,E-Mail,2025-08-15,05:19,251.0,True,9,True
COMM-0009651,VD-000948,VD-000347,Social Media,2025-02-28,03:27,,False,10,True
COMM-0009652,VD-000269,VD-000212,SMS,2023-06-06,09:32,547.0,False,2,True
COMM-0009653,VD-000495,VD-000346,Signal,2024-10-04,02:11,1620.0,True,2,True
COMM-0009654,VD-000816,VD-000507,Telegram,2024-03-05,21:21,1059.0,False,4,False
COMM-0009655,VD-000080,VD-000415,Brief,2025-07-02,00:04,580.0,True,2,False
COMM-0009656,VD-000466,VD-000007,SMS,2024-12-20,22:27,,True,1,True
COMM-0009657,VD-000233,VD-000088,Telegram,2025-04-13,05:00,944.0,True,3,False
COMM-0009658,VD-000641,VD-000757,Telefonat,2024-01-29,04:12,290.0,False,10,False
COMM-0009659,VD-000032,VD-000426,WhatsApp,2024-01-13,13:19,959.0,True,1,False
COMM-0009660,VD-000864,VD-001000,Brief,2023-08-01,13:14,3156.0,True,6,False
COMM-0009661,VD-000923,VD-000381,Signal,2025-07-15,14:40,2233.0,True,8,False
COMM-0009662,VD-000654,VD-000333,Social Media,2023-01-09,09:38,1186.0,True,3,True
COMM-0009663,VD-000636,VD-000905,E-Mail,2024-01-06,22:23,850.0,False,6,True
COMM-0009664,VD-000812,VD-000484,Persönlicher Kontakt,2023-11-10,13:36,2436.0,False,2,True
COMM-0009665,VD-000084,VD-000102,E-Mail,2023-10-05,11:53,450.0,True,7,False
COMM-0009666,VD-000116,VD-000454,SMS,2024-05-02,15:35,3347.0,False,1,True
COMM-0009667,VD-000010,VD-000467,Social Media,2025-03-30,22:17,460.0,False,2,False
COMM-0009668,VD-000459,VD-000975,SMS,2025-09-23,10:43,2317.0,False,9,True
COMM-0009669,VD-000443,VD-000955,Telegram,2023-09-07,09:34,2783.0,False,8,False
COMM-0009670,VD-000840,VD-000578,Signal,2023-01-08,10:38,1958.0,True,8,True
COMM-0009671,VD-000417,VD-000535,Persönlicher Kontakt,2024-09-23,13:39,2808.0,True,4,False
COMM-0009672,VD-000959,VD-000617,E-Mail,2024-10-28,15:41,,True,2,True
COMM-0009673,VD-000485,VD-000991,SMS,2023-06-04,15:26,371.0,False,2,False
COMM-0009674,VD-000099,VD-000385,Signal,2023-05-17,12:38,3449.0,True,5,True
COMM-0009675,VD-000830,VD-000744,Persönlicher Kontakt,2023-07-27,12:54,,True,8,True
COMM-0009676,VD-000872,VD-000928,Signal,2025-07-16,21:53,2275.0,True,7,True
COMM-0009677,VD-000244,VD-000480,E-Mail,2025-11-05,23:19,2392.0,True,10,False
COMM-0009678,VD-000051,VD-000152,WhatsApp,2024-10-08,05:34,,False,4,False
COMM-0009679,VD-000250,VD-000881,Signal,2024-02-21,17:22,2812.0,True,4,False
COMM-0009680,VD-000717,VD-000047,Signal,2024-10-23,22:45,,True,9,True
COMM-0009681,VD-000676,VD-000823,Persönlicher Kontakt,2025-04-23,03:00,1345.0,True,2,True
COMM-0009682,VD-000200,VD-000618,E-Mail,2024-01-22,18:19,,False,6,False
COMM-0009683,VD-000026,VD-000926,Signal,2023-12-25,00:09,3253.0,True,9,False
COMM-0009684,VD-000902,VD-000768,Telegram,2023-12-25,02:18,2590.0,True,1,False
COMM-0009685,VD-000387,VD-000511,Signal,2023-04-08,23:55,1645.0,True,8,True
COMM-0009686,VD-000875,VD-000052,SMS,2024-08-23,16:33,,False,10,False
COMM-0009687,VD-000911,VD-000101,Signal,2023-12-11,23:55,2780.0,True,5,False
COMM-0009688,VD-000425,VD-000346,Telegram,2025-01-09,20:20,,True,4,False
COMM-0009689,VD-000887,VD-000697,E-Mail,2025-09-10,14:44,2792.0,True,4,True
COMM-0009690,VD-000228,VD-000603,Persönlicher Kontakt,2023-04-08,18:02,381.0,True,7,True
COMM-0009691,VD-000325,VD-000064,Telefonat,2023-11-15,23:52,,True,2,True
COMM-0009692,VD-000486,VD-000926,Telegram,2024-11-28,01:44,,False,7,True
COMM-0009693,VD-000320,VD-000866,E-Mail,2025-01-13,02:26,,False,8,False
COMM-0009694,VD-000507,VD-000358,E-Mail,2024-03-26,18:44,,False,4,False
COMM-0009695,VD-000920,VD-000034,Persönlicher Kontakt,2024-05-10,10:24,581.0,True,8,True
COMM-0009696,VD-000477,VD-000501,Signal,2024-07-17,17:05,3395.0,True,8,True
COMM-0009697,VD-000271,VD-000227,Signal,2025-08-31,08:37,1807.0,True,3,True
COMM-0009698,VD-000096,VD-000390,Social Media,2023-08-25,08:16,,False,8,False
COMM-0009699,VD-000952,VD-000661,Signal,2023-01-30,15:04,2518.0,True,7,False
COMM-0009700,VD-000707,VD-000245,Telegram,2025-08-17,12:38,,True,9,False
COMM-0009701,VD-000571,VD-000157,Persönlicher Kontakt,2024-11-10,08:31,1409.0,True,6,False
COMM-0009702,VD-000995,VD-000153,WhatsApp,2023-05-21,03:34,3221.0,False,3,False
COMM-0009703,VD-000090,VD-000337,Persönlicher Kontakt,2025-09-11,04:27,,True,8,False
COMM-0009704,VD-000110,VD-000338,Brief,2023-04-10,02:05,,False,5,True
COMM-0009705,VD-000858,VD-000667,Persönlicher Kontakt,2025-07-21,04:47,528.0,True,2,True
COMM-0009706,VD-000482,VD-000237,SMS,2023-09-14,12:10,3224.0,False,2,False
COMM-0009707,VD-000634,VD-000321,Social Media,2023-03-08,16:08,,True,10,True
COMM-0009708,VD-000940,VD-000078,Telefonat,2024-11-07,07:53,,False,4,False
COMM-0009709,VD-000326,VD-000828,E-Mail,2024-10-24,08:04,2689.0,True,2,False
COMM-0009710,VD-000906,VD-000661,E-Mail,2025-08-07,09:32,394.0,True,5,False
COMM-0009711,VD-000612,VD-000221,Brief,2024-02-21,17:40,3254.0,True,3,True
COMM-0009712,VD-000257,VD-000770,E-Mail,2024-03-04,00:46,889.0,False,7,False
COMM-0009713,VD-000886,VD-000601,SMS,2024-07-29,23:52,279.0,True,6,True
COMM-0009714,VD-000262,VD-000970,Persönlicher Kontakt,2024-11-22,11:50,2411.0,False,10,True
COMM-0009715,VD-000307,VD-000737,Telegram,2023-09-21,07:30,,True,2,False
COMM-0009716,VD-000834,VD-000272,WhatsApp,2024-07-12,09:17,,False,2,False
COMM-0009717,VD-000213,VD-000299,Persönlicher Kontakt,2023-10-04,12:30,1384.0,True,7,False
COMM-0009718,VD-000405,VD-000527,E-Mail,2025-10-23,15:47,,True,9,True
COMM-0009719,VD-000849,VD-000218,Brief,2024-12-22,11:34,3065.0,False,2,True
COMM-0009720,VD-000562,VD-000166,E-Mail,2023-05-12,04:09,,True,10,False
COMM-0009721,VD-000350,VD-000247,Signal,2024-04-15,20:46,,False,6,False
COMM-0009722,VD-000259,VD-000718,Persönlicher Kontakt,2023-08-14,20:46,2785.0,False,1,True
COMM-0009723,VD-000887,VD-000770,Persönlicher Kontakt,2025-08-18,15:51,,True,3,False
COMM-0009724,VD-000027,VD-000202,SMS,2023-08-18,22:25,,True,10,True
COMM-0009725,VD-000591,VD-000405,WhatsApp,2023-04-02,02:08,915.0,True,7,True
COMM-0009726,VD-000208,VD-000969,Telefonat,2025-03-30,22:25,3390.0,True,7,False
COMM-0009727,VD-000329,VD-000220,Persönlicher Kontakt,2025-03-03,18:15,71.0,True,2,True
COMM-0009728,VD-000595,VD-000742,WhatsApp,2025-02-03,14:45,367.0,False,3,True
COMM-0009729,VD-000045,VD-000931,Persönlicher Kontakt,2024-07-20,18:14,2955.0,False,5,False
COMM-0009730,VD-000507,VD-000544,Social Media,2025-02-05,07:45,1308.0,False,1,False
COMM-0009731,VD-000243,VD-000746,SMS,2023-04-12,23:25,255.0,True,4,True
COMM-0009732,VD-000714,VD-000780,SMS,2025-05-29,17:10,3233.0,True,1,False
COMM-0009733,VD-000253,VD-000602,Brief,2023-05-13,12:46,1664.0,False,3,False
COMM-0009734,VD-000413,VD-000084,WhatsApp,2023-07-26,23:59,269.0,False,7,False
COMM-0009735,VD-000048,VD-000303,Telegram,2023-10-11,01:49,,True,6,False
COMM-0009736,VD-000937,VD-000105,SMS,2024-03-29,10:32,423.0,False,9,False
COMM-0009737,VD-000964,VD-000730,E-Mail,2025-03-31,16:23,1450.0,False,1,False
COMM-0009738,VD-000626,VD-000573,Brief,2023-02-18,05:34,,False,1,True
COMM-0009739,VD-000573,VD-000944,Social Media,2024-12-10,19:13,2746.0,False,3,False
COMM-0009740,VD-000116,VD-000020,Telefonat,2023-01-31,20:01,1251.0,False,1,False
COMM-0009741,VD-000468,VD-000171,SMS,2023-07-30,17:24,,False,9,True
COMM-0009742,VD-000849,VD-000321,E-Mail,2025-07-15,09:49,3353.0,True,1,True
COMM-0009743,VD-000316,VD-000406,E-Mail,2024-01-28,09:54,,False,1,False
COMM-0009744,VD-000223,VD-000895,Telefonat,2024-07-31,09:20,1917.0,False,3,False
COMM-0009745,VD-000157,VD-000548,Persönlicher Kontakt,2024-02-03,09:40,557.0,True,9,True
COMM-0009746,VD-000610,VD-000895,E-Mail,2023-07-03,07:09,,False,10,False
COMM-0009747,VD-000489,VD-000713,WhatsApp,2023-09-17,08:09,532.0,False,5,True
COMM-0009748,VD-000363,VD-000083,Telefonat,2024-06-27,18:10,1309.0,False,7,True
COMM-0009749,VD-000942,VD-000403,Telegram,2025-07-14,00:10,2064.0,False,10,True
COMM-0009750,VD-000243,VD-000167,SMS,2023-01-27,18:24,3147.0,False,6,False
COMM-0009751,VD-000669,VD-000499,E-Mail,2024-05-15,07:15,2840.0,False,4,False
COMM-0009752,VD-000735,VD-000564,Telefonat,2023-03-18,22:16,1520.0,True,1,True
COMM-0009753,VD-000940,VD-000263,Signal,2024-12-21,23:30,404.0,False,2,True
COMM-0009754,VD-000739,VD-000501,SMS,2024-04-19,05:04,,False,4,True
COMM-0009755,VD-000138,VD-000039,Telefonat,2025-04-27,02:00,2782.0,False,5,False
COMM-0009756,VD-000330,VD-000955,Social Media,2023-08-26,06:31,3342.0,False,4,False
COMM-0009757,VD-000459,VD-000110,Social Media,2024-08-24,02:12,,True,9,True
COMM-0009758,VD-000765,VD-000314,SMS,2025-01-21,00:42,3218.0,True,5,False
COMM-0009759,VD-000685,VD-000436,Telefonat,2024-03-30,10:01,3439.0,False,3,False
COMM-0009760,VD-000982,VD-000544,Signal,2023-10-02,18:57,1990.0,True,3,True
COMM-0009761,VD-000592,VD-000403,WhatsApp,2023-07-30,09:01,44.0,True,2,True
COMM-0009762,VD-000233,VD-000230,Telefonat,2023-11-26,09:26,3148.0,True,3,True
COMM-0009763,VD-000285,VD-000050,Telegram,2025-08-24,04:11,2356.0,True,2,False
COMM-0009764,VD-000146,VD-000133,Telefonat,2023-12-31,17:59,3472.0,False,3,False
COMM-0009765,VD-000969,VD-000542,Persönlicher Kontakt,2024-06-01,12:13,690.0,True,10,False
COMM-0009766,VD-000379,VD-000650,Social Media,2023-08-13,22:07,,False,1,True
COMM-0009767,VD-000523,VD-000163,SMS,2024-10-17,06:44,,False,5,True
COMM-0009768,VD-000644,VD-000531,Telegram,2025-07-08,18:56,648.0,False,10,False
COMM-0009769,VD-000873,VD-000585,E-Mail,2023-09-01,10:54,,False,6,True
COMM-0009770,VD-000807,VD-000871,Social Media,2024-01-28,16:52,3049.0,False,2,False
COMM-0009771,VD-000197,VD-000456,Signal,2024-05-22,20:48,2921.0,True,1,False
COMM-0009772,VD-000234,VD-000923,Social Media,2025-10-06,11:02,2438.0,False,3,True
COMM-0009773,VD-000529,VD-000315,WhatsApp,2025-04-20,13:06,3200.0,False,4,False
COMM-0009774,VD-000214,VD-000295,Telegram,2024-06-03,10:59,1572.0,True,6,True
COMM-0009775,VD-000622,VD-000014,Social Media,2023-01-12,12:01,1411.0,True,9,True
COMM-0009776,VD-000844,VD-000556,Signal,2025-01-25,18:15,935.0,True,7,False
COMM-0009777,VD-000142,VD-000602,Telefonat,2025-05-03,04:01,757.0,False,2,True
COMM-0009778,VD-000977,VD-000701,SMS,2024-01-21,21:51,1647.0,True,8,True
COMM-0009779,VD-000574,VD-000943,SMS,2025-08-23,03:20,,True,2,False
COMM-0009780,VD-000963,VD-000580,Telegram,2025-04-20,19:29,3515.0,False,1,True
COMM-0009781,VD-000531,VD-000810,Brief,2024-03-07,20:38,,False,2,True
COMM-0009782,VD-000256,VD-000471,Telefonat,2023-11-12,11:00,1817.0,False,3,False
COMM-0009783,VD-000850,VD-000505,Persönlicher Kontakt,2023-06-17,01:32,3026.0,True,7,True
COMM-0009784,VD-000079,VD-000642,Telegram,2025-08-11,14:34,71.0,False,1,True
COMM-0009785,VD-000831,VD-000388,Signal,2024-06-11,13:22,500.0,False,1,True
COMM-0009786,VD-000806,VD-000568,Signal,2023-06-03,17:47,1908.0,True,6,True
COMM-0009787,VD-000609,VD-000037,Persönlicher Kontakt,2024-01-11,21:12,73.0,True,2,True
COMM-0009788,VD-000495,VD-000199,Social Media,2024-07-21,01:33,,False,10,False
COMM-0009789,VD-000312,VD-000347,Telegram,2025-08-10,09:58,,False,8,False
COMM-0009790,VD-000722,VD-000296,Telefonat,2023-03-29,07:48,,False,3,True
COMM-0009791,VD-000797,VD-000636,Brief,2024-10-13,08:18,2331.0,False,4,True
COMM-0009792,VD-000131,VD-000055,Brief,2025-06-13,02:44,2327.0,False,8,False
COMM-0009793,VD-000601,VD-000911,Telegram,2024-05-10,08:38,,False,4,False
COMM-0009794,VD-000830,VD-000403,Telefonat,2024-03-13,09:12,,False,5,False
COMM-0009795,VD-000640,VD-000627,Brief,2025-04-28,14:46,2392.0,True,4,True
COMM-0009796,VD-000310,VD-000972,Signal,2024-07-22,00:30,2607.0,True,7,True
COMM-0009797,VD-000476,VD-000418,Telegram,2024-12-25,05:21,,False,5,True
COMM-0009798,VD-000365,VD-000847,Telegram,2025-10-24,12:47,,True,2,True
COMM-0009799,VD-000289,VD-000606,Telegram,2025-09-23,17:17,153.0,False,4,False
COMM-0009800,VD-000034,VD-000575,Signal,2024-02-18,21:50,51.0,False,5,False
COMM-0009801,VD-000427,VD-000065,Telegram,2024-10-30,17:32,2878.0,False,6,True
COMM-0009802,VD-000335,VD-000974,SMS,2023-07-12,13:36,1839.0,True,4,True
COMM-0009803,VD-000125,VD-000763,Signal,2023-07-31,21:18,2710.0,False,1,False
COMM-0009804,VD-000711,VD-000365,Social Media,2025-10-17,19:56,,True,1,False
COMM-0009805,VD-000841,VD-000254,WhatsApp,2023-03-05,05:15,,False,4,True
COMM-0009806,VD-000866,VD-000129,Social Media,2025-08-29,19:48,3254.0,False,1,True
COMM-0009807,VD-000330,VD-000376,Signal,2023-05-23,21:36,,True,10,True
COMM-0009808,VD-000162,VD-000819,Brief,2024-11-25,09:07,3444.0,True,7,False
COMM-0009809,VD-000778,VD-000399,Telefonat,2025-06-06,14:12,2454.0,True,4,True
COMM-0009810,VD-000697,VD-000560,Persönlicher Kontakt,2023-05-08,13:11,2195.0,False,9,True
COMM-0009811,VD-000614,VD-000088,Social Media,2025-06-25,10:02,1283.0,False,9,False
COMM-0009812,VD-000190,VD-000428,E-Mail,2023-07-24,02:17,835.0,False,9,True
COMM-0009813,VD-000773,VD-000092,WhatsApp,2024-01-27,17:16,,True,9,True
COMM-0009814,VD-000517,VD-000010,Social Media,2025-05-29,02:29,,True,8,True
COMM-0009815,VD-000836,VD-000780,Social Media,2024-08-04,02:29,,False,7,True
COMM-0009816,VD-000045,VD-000308,Signal,2025-04-20,12:46,1622.0,False,10,False
COMM-0009817,VD-000777,VD-000754,Social Media,2023-11-10,12:12,,False,1,True
COMM-0009818,VD-000782,VD-000888,Brief,2023-08-30,04:16,1531.0,False,10,False
COMM-0009819,VD-000682,VD-000366,Signal,2023-03-08,12:46,,False,5,False
COMM-0009820,VD-000085,VD-000455,Telefonat,2024-05-14,14:09,,False,5,True
COMM-0009821,VD-000830,VD-000324,Signal,2025-01-18,02:33,2412.0,True,9,False
COMM-0009822,VD-000108,VD-000179,Social Media,2023-02-15,08:29,1824.0,True,8,True
COMM-0009823,VD-000730,VD-000319,SMS,2025-06-21,02:43,1430.0,True,4,True
COMM-0009824,VD-000359,VD-000043,Telefonat,2023-11-27,21:29,,True,1,False
COMM-0009825,VD-000905,VD-000671,Social Media,2024-03-15,00:50,3308.0,True,4,True
COMM-0009826,VD-000798,VD-000538,Telegram,2024-05-08,05:50,,True,6,True
COMM-0009827,VD-000503,VD-000339,Persönlicher Kontakt,2024-01-07,00:21,,False,5,True
COMM-0009828,VD-000073,VD-000338,WhatsApp,2023-09-15,18:59,522.0,True,2,True
COMM-0009829,VD-000245,VD-000305,Persönlicher Kontakt,2024-06-16,04:01,,True,4,True
COMM-0009830,VD-000972,VD-000579,Persönlicher Kontakt,2023-05-02,06:44,820.0,True,6,False
COMM-0009831,VD-000437,VD-000934,Persönlicher Kontakt,2025-06-25,04:55,3390.0,False,3,True
COMM-0009832,VD-000014,VD-000897,SMS,2023-12-13,04:00,1198.0,True,4,False
COMM-0009833,VD-000628,VD-000497,E-Mail,2023-10-11,00:34,1537.0,False,6,False
COMM-0009834,VD-000869,VD-000271,Telegram,2023-02-19,12:17,,False,1,False
COMM-0009835,VD-000442,VD-000652,Brief,2025-05-06,05:37,,False,4,False
COMM-0009836,VD-000191,VD-000606,Persönlicher Kontakt,2023-10-07,11:05,1930.0,False,2,False
COMM-0009837,VD-000015,VD-000858,Brief,2024-06-16,17:10,3434.0,True,2,False
COMM-0009838,VD-000058,VD-000779,E-Mail,2025-11-08,06:08,2911.0,False,7,True
COMM-0009839,VD-000643,VD-000254,Signal,2024-10-20,06:39,602.0,True,10,True
COMM-0009840,VD-000813,VD-000453,E-Mail,2024-04-12,12:51,2209.0,True,7,True
COMM-0009841,VD-000529,VD-000328,Signal,2023-03-02,03:28,,False,7,True
COMM-0009842,VD-000713,VD-000481,Telegram,2024-03-28,01:01,3250.0,False,5,True
COMM-0009843,VD-000525,VD-000493,Social Media,2023-07-12,06:01,398.0,True,6,True
COMM-0009844,VD-000659,VD-000243,WhatsApp,2023-10-22,01:16,1196.0,True,5,True
COMM-0009845,VD-000452,VD-000381,WhatsApp,2024-09-29,19:22,1168.0,False,5,True
COMM-0009846,VD-000253,VD-000780,Telegram,2025-05-03,09:05,2182.0,True,6,False
COMM-0009847,VD-000132,VD-000319,Persönlicher Kontakt,2025-06-13,03:11,,False,8,False
COMM-0009848,VD-000190,VD-000247,Telegram,2025-02-26,11:34,3380.0,False,2,True
COMM-0009849,VD-000570,VD-000848,Brief,2025-05-21,12:10,10.0,False,4,True
COMM-0009850,VD-000660,VD-000035,Telefonat,2024-10-21,05:07,3084.0,True,7,True
COMM-0009851,VD-000452,VD-000748,WhatsApp,2024-02-28,02:17,,False,2,False
COMM-0009852,VD-000183,VD-000807,Persönlicher Kontakt,2024-10-27,18:56,,False,10,True
COMM-0009853,VD-000724,VD-000002,E-Mail,2025-05-01,13:47,868.0,False,8,True
COMM-0009854,VD-000945,VD-000500,WhatsApp,2024-06-18,00:09,2197.0,False,1,True
COMM-0009855,VD-000615,VD-000553,Signal,2023-10-09,23:53,530.0,True,5,False
COMM-0009856,VD-000491,VD-000021,E-Mail,2025-06-07,12:40,,True,7,False
COMM-0009857,VD-000078,VD-000933,WhatsApp,2024-05-30,23:23,3301.0,True,2,False
COMM-0009858,VD-000898,VD-000581,Persönlicher Kontakt,2025-10-29,22:29,2071.0,True,5,True
COMM-0009859,VD-000742,VD-000993,E-Mail,2023-10-31,23:02,2608.0,False,8,True
COMM-0009860,VD-000565,VD-000921,Telefonat,2024-08-25,19:00,1839.0,True,2,False
COMM-0009861,VD-000505,VD-000688,WhatsApp,2025-03-31,17:28,2547.0,True,2,True
COMM-0009862,VD-000894,VD-000807,Telegram,2024-04-10,07:53,107.0,False,3,False
COMM-0009863,VD-000550,VD-000924,Telefonat,2024-09-04,21:21,,True,10,True
COMM-0009864,VD-000605,VD-000613,Social Media,2024-04-06,14:05,,False,8,False
COMM-0009865,VD-000470,VD-000312,Persönlicher Kontakt,2024-07-31,17:13,3425.0,True,8,False
COMM-0009866,VD-000996,VD-000653,WhatsApp,2025-08-30,03:28,2983.0,False,10,False
COMM-0009867,VD-000931,VD-000464,Persönlicher Kontakt,2025-04-22,19:40,2943.0,False,6,True
COMM-0009868,VD-000931,VD-000507,Telefonat,2023-02-01,22:42,,True,9,False
COMM-0009869,VD-000991,VD-000856,SMS,2024-05-07,19:10,103.0,True,7,False
COMM-0009870,VD-000902,VD-000393,E-Mail,2024-04-29,02:38,2835.0,True,10,False
COMM-0009871,VD-000446,VD-000558,Telefonat,2024-02-25,04:45,2309.0,True,6,True
COMM-0009872,VD-000790,VD-000527,Social Media,2023-08-23,14:26,2274.0,False,5,True
COMM-0009873,VD-000895,VD-000801,SMS,2023-04-26,22:32,3484.0,True,2,False
COMM-0009874,VD-000748,VD-000081,Persönlicher Kontakt,2024-08-28,22:27,,False,6,False
COMM-0009875,VD-000966,VD-000835,Telefonat,2025-09-19,13:14,,True,5,True
COMM-0009876,VD-000558,VD-000347,SMS,2024-01-23,10:47,,True,5,False
COMM-0009877,VD-000558,VD-000080,Telefonat,2024-04-15,04:37,2484.0,True,7,False
COMM-0009878,VD-000213,VD-000754,E-Mail,2024-06-25,23:33,2812.0,False,10,True
COMM-0009879,VD-000932,VD-000791,Telefonat,2025-09-02,04:48,1111.0,True,3,True
COMM-0009880,VD-000350,VD-000852,Signal,2023-01-24,23:14,1900.0,False,4,True
COMM-0009881,VD-000974,VD-000106,E-Mail,2025-04-23,18:42,1554.0,True,10,True
COMM-0009882,VD-000583,VD-000650,Persönlicher Kontakt,2024-03-29,19:39,2334.0,False,4,False
COMM-0009883,VD-000387,VD-000742,SMS,2023-08-29,21:11,1408.0,False,5,True
COMM-0009884,VD-000154,VD-000689,SMS,2023-12-03,13:54,2454.0,True,7,True
COMM-0009885,VD-000929,VD-000141,E-Mail,2024-05-31,13:44,1640.0,True,3,True
COMM-0009886,VD-000919,VD-000225,Persönlicher Kontakt,2023-09-27,03:02,2417.0,False,8,True
COMM-0009887,VD-000661,VD-000728,Brief,2024-04-26,19:22,474.0,True,5,False
COMM-0009888,VD-000267,VD-000273,Brief,2025-10-29,11:56,,False,2,True
COMM-0009889,VD-000861,VD-000505,E-Mail,2024-05-09,22:20,1405.0,True,8,False
COMM-0009890,VD-000832,VD-000808,SMS,2024-02-10,17:54,703.0,True,9,True
COMM-0009891,VD-000444,VD-000733,Persönlicher Kontakt,2025-03-06,11:48,,False,6,True
COMM-0009892,VD-000986,VD-000708,E-Mail,2024-08-05,01:59,2467.0,False,9,True
COMM-0009893,VD-000260,VD-000588,Signal,2024-05-01,17:57,,False,4,True
COMM-0009894,VD-000224,VD-000368,Telegram,2024-10-18,07:28,1385.0,False,5,False
COMM-0009895,VD-000251,VD-000191,E-Mail,2025-04-19,15:20,2676.0,False,4,True
COMM-0009896,VD-000691,VD-000532,E-Mail,2024-08-06,07:16,1781.0,False,9,True
COMM-0009897,VD-000319,VD-000098,E-Mail,2023-08-24,19:53,2865.0,True,6,False
COMM-0009898,VD-000121,VD-000039,Telefonat,2024-04-27,13:54,3147.0,True,2,True
COMM-0009899,VD-000238,VD-000703,Signal,2023-03-05,00:43,1709.0,True,7,False
COMM-0009900,VD-000033,VD-000576,WhatsApp,2025-09-13,06:34,2886.0,False,8,False
COMM-0009901,VD-000094,VD-000234,SMS,2024-04-21,18:50,2708.0,True,5,True
COMM-0009902,VD-000735,VD-000012,Persönlicher Kontakt,2025-09-11,22:08,1318.0,True,4,True
COMM-0009903,VD-000126,VD-000539,Persönlicher Kontakt,2024-04-09,14:24,2388.0,True,3,True
COMM-0009904,VD-000389,VD-000599,Brief,2024-04-07,09:58,,True,2,False
COMM-0009905,VD-000385,VD-000444,Telefonat,2023-01-19,12:01,3493.0,False,3,True
COMM-0009906,VD-000133,VD-000262,SMS,2023-08-05,08:24,2263.0,False,5,True
COMM-0009907,VD-000621,VD-000253,WhatsApp,2023-12-26,01:09,445.0,False,10,True
COMM-0009908,VD-000548,VD-000224,Social Media,2025-07-24,07:35,,True,7,False
COMM-0009909,VD-000799,VD-000556,Signal,2025-04-19,11:31,1858.0,False,1,False
COMM-0009910,VD-000457,VD-000167,Telefonat,2024-04-15,15:26,939.0,True,10,True
COMM-0009911,VD-000869,VD-000537,WhatsApp,2024-03-07,00:20,1584.0,True,3,False
COMM-0009912,VD-000909,VD-000089,Persönlicher Kontakt,2024-05-11,05:48,908.0,True,10,False
COMM-0009913,VD-000903,VD-000858,SMS,2025-01-12,01:14,2062.0,False,5,True
COMM-0009914,VD-000836,VD-000337,Social Media,2025-08-13,19:43,718.0,False,3,True
COMM-0009915,VD-000105,VD-000413,Social Media,2024-07-14,21:56,,True,10,False
COMM-0009916,VD-000662,VD-000412,Telefonat,2023-09-24,16:14,2996.0,False,8,False
COMM-0009917,VD-000300,VD-000625,Signal,2024-02-18,03:38,2070.0,False,9,False
COMM-0009918,VD-000260,VD-000890,SMS,2024-06-03,05:45,3422.0,True,6,False
COMM-0009919,VD-000549,VD-000779,Brief,2023-06-08,17:55,2738.0,False,8,True
COMM-0009920,VD-000780,VD-000352,Signal,2024-12-27,08:24,,True,9,True
COMM-0009921,VD-000825,VD-000229,SMS,2024-02-02,19:52,2805.0,False,1,True
COMM-0009922,VD-000326,VD-000240,Telefonat,2023-05-19,12:24,,False,1,False
COMM-0009923,VD-000894,VD-000431,E-Mail,2024-12-12,22:18,714.0,True,6,False
COMM-0009924,VD-000710,VD-000764,Persönlicher Kontakt,2023-08-25,11:35,3187.0,True,5,True
COMM-0009925,VD-000893,VD-000761,Telefonat,2024-11-19,00:59,3233.0,False,3,True
COMM-0009926,VD-000407,VD-000597,Telegram,2025-06-10,02:48,,True,9,False
COMM-0009927,VD-000073,VD-000475,SMS,2025-06-18,00:46,1321.0,True,7,False
COMM-0009928,VD-000898,VD-000829,Social Media,2023-01-17,13:16,3371.0,False,7,True
COMM-0009929,VD-000963,VD-000528,WhatsApp,2023-12-07,04:04,,False,4,False
COMM-0009930,VD-000206,VD-000023,Signal,2023-02-11,06:39,,True,5,True
COMM-0009931,VD-000619,VD-000161,Persönlicher Kontakt,2025-04-13,06:29,,True,1,False
COMM-0009932,VD-000433,VD-000042,Persönlicher Kontakt,2024-10-31,00:06,,False,6,False
COMM-0009933,VD-000967,VD-000729,Telegram,2023-06-29,14:01,3154.0,True,2,True
COMM-0009934,VD-000974,VD-000234,E-Mail,2025-02-23,04:12,2861.0,True,3,True
COMM-0009935,VD-000561,VD-000777,SMS,2023-07-28,10:09,169.0,False,3,True
COMM-0009936,VD-000016,VD-000546,Telegram,2024-09-14,15:17,617.0,False,2,False
COMM-0009937,VD-000994,VD-000855,SMS,2025-06-10,07:30,1282.0,False,10,False
COMM-0009938,VD-000072,VD-000356,Telegram,2025-03-24,06:27,2389.0,True,3,True
COMM-0009939,VD-000383,VD-000718,Social Media,2024-04-15,12:19,928.0,False,10,False
COMM-0009940,VD-000847,VD-000008,Social Media,2023-07-16,15:06,3270.0,True,6,False
COMM-0009941,VD-000768,VD-000150,E-Mail,2023-08-12,04:07,,True,9,False
COMM-0009942,VD-000971,VD-000058,Telegram,2023-01-28,22:00,171.0,True,1,False
COMM-0009943,VD-000409,VD-000823,SMS,2023-02-07,17:58,,True,10,False
COMM-0009944,VD-000034,VD-000041,Persönlicher Kontakt,2023-04-18,14:06,2175.0,False,6,True
COMM-0009945,VD-000152,VD-000055,Brief,2023-11-16,15:02,2384.0,False,9,True
COMM-0009946,VD-000032,VD-000090,Telefonat,2023-04-08,18:38,2693.0,False,7,False
COMM-0009947,VD-000963,VD-000545,Signal,2023-09-16,04:56,,False,6,False
COMM-0009948,VD-000775,VD-000549,Persönlicher Kontakt,2023-03-03,08:41,735.0,True,10,False
COMM-0009949,VD-000307,VD-000132,SMS,2023-02-14,09:35,2984.0,True,5,False
COMM-0009950,VD-000160,VD-000957,Social Media,2024-09-06,15:42,2416.0,False,9,True
COMM-0009951,VD-000174,VD-000275,Persönlicher Kontakt,2024-07-16,19:06,,True,5,True
COMM-0009952,VD-000557,VD-000883,Persönlicher Kontakt,2025-03-27,00:10,21.0,False,7,False
COMM-0009953,VD-000782,VD-000170,Persönlicher Kontakt,2023-07-25,03:51,3469.0,True,10,True
COMM-0009954,VD-000631,VD-000513,Social Media,2024-01-23,12:59,852.0,True,10,False
COMM-0009955,VD-000805,VD-000014,WhatsApp,2023-01-24,05:19,,False,3,False
COMM-0009956,VD-000920,VD-000988,Signal,2023-03-31,19:32,3002.0,False,1,True
COMM-0009957,VD-000005,VD-000298,WhatsApp,2023-04-21,03:13,1624.0,False,3,True
COMM-0009958,VD-000856,VD-000605,Telegram,2024-12-14,15:08,,True,8,False
COMM-0009959,VD-000527,VD-000740,WhatsApp,2024-05-12,09:22,3065.0,True,4,True
COMM-0009960,VD-000241,VD-000354,SMS,2025-08-21,12:03,731.0,False,10,False
COMM-0009961,VD-000713,VD-000918,Brief,2025-04-01,19:02,,False,7,False
COMM-0009962,VD-000423,VD-000524,E-Mail,2025-10-20,04:41,1966.0,False,8,True
COMM-0009963,VD-000209,VD-000108,SMS,2023-07-23,06:53,3597.0,True,5,True
COMM-0009964,VD-000186,VD-000518,WhatsApp,2025-02-19,17:15,2723.0,False,2,True
COMM-0009965,VD-000172,VD-000572,Telefonat,2025-10-22,04:12,1765.0,True,10,True
COMM-0009966,VD-000842,VD-000627,Brief,2024-05-23,20:04,,False,3,False
COMM-0009967,VD-000174,VD-000073,Persönlicher Kontakt,2024-06-29,02:56,,True,8,False
COMM-0009968,VD-000528,VD-000745,Telefonat,2025-03-29,08:13,,True,5,False
COMM-0009969,VD-000025,VD-000310,Telefonat,2025-10-23,17:50,839.0,False,6,False
COMM-0009970,VD-000838,VD-000415,Telegram,2023-01-22,09:02,,False,4,False
COMM-0009971,VD-000408,VD-000148,Brief,2024-05-12,12:04,,False,4,False
COMM-0009972,VD-000914,VD-000459,Brief,2024-04-03,10:44,1926.0,True,10,True
COMM-0009973,VD-000094,VD-000572,WhatsApp,2024-02-13,21:04,,False,10,True
COMM-0009974,VD-000576,VD-000094,Telegram,2024-05-01,00:48,,True,6,False
COMM-0009975,VD-000945,VD-000980,Signal,2024-12-22,10:19,,True,9,True
COMM-0009976,VD-000284,VD-000061,WhatsApp,2025-10-27,10:03,265.0,False,2,True
COMM-0009977,VD-000796,VD-000836,WhatsApp,2025-10-23,08:36,3533.0,True,2,True
COMM-0009978,VD-000610,VD-000540,Signal,2025-03-12,04:30,2044.0,False,2,True
COMM-0009979,VD-000591,VD-000097,E-Mail,2025-04-02,19:47,2895.0,True,3,False
COMM-0009980,VD-000494,VD-000240,Brief,2023-08-20,16:19,882.0,True,5,True
COMM-0009981,VD-000261,VD-000285,WhatsApp,2023-07-26,22:44,1453.0,True,4,False
COMM-0009982,VD-000827,VD-000613,Telegram,2025-04-04,04:37,,True,8,False
COMM-0009983,VD-000333,VD-000643,Persönlicher Kontakt,2025-04-02,08:51,,True,5,False
COMM-0009984,VD-000567,VD-000694,E-Mail,2025-05-12,13:09,,False,6,False
COMM-0009985,VD-000319,VD-000131,Telegram,2023-04-15,04:52,1616.0,True,6,False
COMM-0009986,VD-000608,VD-000956,Telefonat,2025-03-29,02:50,656.0,True,10,True
COMM-0009987,VD-000273,VD-000447,Signal,2024-03-25,20:56,,True,5,True
COMM-0009988,VD-000552,VD-000296,Telegram,2025-05-17,05:59,2267.0,True,5,True
COMM-0009989,VD-000564,VD-000767,Signal,2024-04-15,10:36,1874.0,True,2,False
COMM-0009990,VD-000032,VD-000940,E-Mail,2024-09-04,21:16,3316.0,True,5,True
COMM-0009991,VD-000747,VD-000887,Signal,2025-04-30,07:51,1931.0,True,3,False
COMM-0009992,VD-000465,VD-000259,E-Mail,2024-08-28,19:35,,True,7,True
COMM-0009993,VD-000170,VD-000959,WhatsApp,2023-09-16,09:06,2507.0,True,2,False
COMM-0009994,VD-000354,VD-000834,Brief,2024-09-26,01:21,873.0,True,1,False
COMM-0009995,VD-000583,VD-000540,Persönlicher Kontakt,2025-11-08,10:19,1648.0,True,3,True
COMM-0009996,VD-000205,VD-000370,E-Mail,2025-05-14,12:15,2106.0,False,5,False
COMM-0009997,VD-000793,VD-000909,Social Media,2023-07-31,12:51,612.0,False,6,True
COMM-0009998,VD-000430,VD-000292,E-Mail,2025-03-03,08:11,2065.0,True,9,False
COMM-0009999,VD-000245,VD-000616,Telegram,2025-11-02,08:12,2938.0,True,3,True
COMM-0010000,VD-000640,VD-000874,Persönlicher Kontakt,2024-11-17,12:08,,True,9,True
