incident_id,crime_category,incident_date,incident_time,district,latitude,longitude,street_name,priority,status,reported_by,resolved_date,officers_assigned,damage_estimate_eur,witnesses_count,evidence_items
AZ-2023-000001,Erpressung,2023-08-17,00:47,Kalbach-Riedberg,50.055178,8.713563,Andrei-Weihmann-Ring,Dringend,Ermittlung läuft,Zeuge,,1,0.0,1,0
AZ-2023-000002,Bedrohung,2024-02-12,22:41,Altstadt,50.054679,8.665279,Hellmuth-Etzold-Allee,Dringend,Abgeschlossen,Patrouille,2024-09-20,3,0.0,2,3
AZ-2025-000003,Verkehrsdelikt,2023-07-09,12:06,Bahnhofsviertel,50.076912,8.558763,Gülay-Weihmann-Weg,Niedrig,Ermittlung läuft,Notruf,,1,41470.23,4,11
AZ-2023-000004,Computerbetrug,2024-01-29,22:04,Nordend-West,50.056022,8.566919,Daniela-Löchel-Gasse,Niedrig,Ermittlung läuft,Notruf,,3,41705.52,1,11
AZ-2025-000005,Betrug,2024-12-28,06:42,Seckbach,50.183598,8.684556,Domenico-Harloff-Platz,Mittel,Ermittlung läuft,Opfer,,4,49476.17,5,7
AZ-2025-000006,Raub,2024-10-26,01:14,Nieder-Eschbach,50.08721,8.49371,Camilla-Gumprich-Allee,Mittel,Eingestellt,Notruf,2025-04-12,4,32142.59,1,8
AZ-2024-000007,Raub,2023-10-13,07:47,Bergen-Enkheim,50.149462,8.612526,Hartmannstraße,Mittel,Abgeschlossen,Opfer,2024-03-02,4,0.0,0,3
AZ-2024-000008,Unterschlagung,2023-11-10,20:10,Seckbach,50.122354,8.598204,Albersallee,Hoch,Eingestellt,Anonym,2024-06-20,1,5727.59,4,8
AZ-2025-000009,Urkundenfälschung,2024-11-27,03:18,Praunheim,50.015584,8.708846,Hilda-Löchel-Ring,Mittel,Abgeschlossen,Anonym,2025-07-24,1,14922.24,5,6
AZ-2025-000010,Raub,2023-11-10,11:48,Altstadt,50.18663,8.774558,Försterplatz,Dringend,Ermittlung läuft,Zeuge,,1,43936.09,2,7
AZ-2025-000011,Urkundenfälschung,2023-04-29,07:56,Westend-Nord,50.030418,8.631405,Dobesgasse,Mittel,Abgeschlossen,Opfer,2023-06-15,4,8256.35,4,13
AZ-2024-000012,Hausfriedensbruch,2024-03-09,17:48,Bonames,50.143331,8.602869,Dietzring,Dringend,Abgeschlossen,Zeuge,2024-06-26,2,0.0,2,0
AZ-2023-000013,Computerbetrug,2024-04-16,18:14,Westend-Nord,50.142411,8.491311,Schleichring,Hoch,Ermittlung läuft,Zeuge,,2,0.0,3,6
AZ-2023-000014,Körperverletzung,2023-09-28,23:59,Höchst,50.100081,8.729355,Janet-Mies-Weg,Niedrig,Eingestellt,Notruf,2024-07-26,3,23351.23,5,1
AZ-2023-000015,Drogendelikt,2023-07-21,01:25,Zeilsheim,50.059758,8.534389,Xenia-Kostolzin-Gasse,Mittel,Abgeschlossen,Patrouille,2023-09-21,4,0.0,0,14
AZ-2023-000016,Drogendelikt,2023-07-20,01:41,Hausen,50.189419,8.775848,Schottinstr.,Dringend,Gerichtlich,Notruf,2023-08-03,2,45122.14,1,12
AZ-2025-000017,Bedrohung,2023-01-05,12:16,Harheim,50.066345,8.700482,Rustplatz,Dringend,Gerichtlich,Opfer,2023-09-01,2,0.0,0,1
AZ-2025-000018,Körperverletzung,2024-10-04,01:03,Westend-Süd,50.18049,8.646209,Bartholomäus-Speer-Platz,Mittel,Abgeschlossen,Zeuge,2025-06-25,1,11760.19,0,7
AZ-2023-000019,Beleidigung,2023-03-23,19:05,Praunheim,50.116741,8.575769,Budigallee,Hoch,Abgeschlossen,Opfer,2024-01-22,3,33584.51,2,14
AZ-2025-000020,Einbruchdiebstahl,2024-10-09,02:00,Griesheim,50.194297,8.49603,Nuran-Ditschlerin-Straße,Mittel,Abgeschlossen,Patrouille,2025-07-31,1,18476.35,1,14
AZ-2023-000021,Einbruchdiebstahl,2024-09-11,19:51,Nordend-Ost,50.135215,8.65391,Metzweg,Niedrig,Abgeschlossen,Zeuge,2024-09-22,2,0.0,4,6
AZ-2023-000022,Beleidigung,2024-12-03,06:43,Westend-Süd,50.105974,8.554368,Fröhlichring,Dringend,Abgeschlossen,Patrouille,2025-04-24,1,0.0,1,8
AZ-2025-000023,Diebstahl,2023-11-27,23:28,Sachsenhausen-Nord,50.115963,8.508695,Häringweg,Hoch,Abgeschlossen,Anonym,2024-07-09,2,2091.44,2,1
AZ-2025-000024,Bedrohung,2025-01-02,06:43,Höchst,50.033503,8.727878,Tintzmannweg,Mittel,Ermittlung läuft,Opfer,,2,40538.59,3,0
AZ-2024-000025,Betrug,2024-01-03,23:59,Hausen,50.182547,8.735133,Eileen-Schuster-Platz,Niedrig,Ermittlung läuft,Notruf,,1,11121.69,3,11
AZ-2024-000026,Raub,2024-09-17,07:14,Westend-Nord,50.049763,8.57967,Gottlieb-Misicher-Straße,Dringend,Ermittlung läuft,Anonym,,3,5767.09,2,5
AZ-2025-000027,Körperverletzung,2024-06-27,01:06,Seckbach,50.146138,8.574886,Schwitalweg,Dringend,Abgeschlossen,Anonym,2024-12-27,2,0.0,5,13
AZ-2024-000028,Drogendelikt,2023-01-04,16:59,Gallus,50.144497,8.71536,Hedy-Junk-Gasse,Niedrig,Eingestellt,Patrouille,2023-12-28,3,6231.27,2,9
AZ-2025-000029,Bedrohung,2025-04-16,10:25,Berkersheim,50.037912,8.609906,Marie-Beckmann-Ring,Mittel,Abgeschlossen,Anonym,2026-01-31,3,41686.26,2,9
AZ-2025-000030,Verkehrsdelikt,2024-03-06,13:50,Griesheim,50.073005,8.616906,Heusergasse,Mittel,Abgeschlossen,Zeuge,2025-02-11,3,31647.04,2,2
AZ-2024-000031,Erpressung,2024-04-26,21:19,Hausen,50.050843,8.480012,Sigrid-Rosenow-Allee,Niedrig,Ermittlung läuft,Notruf,,4,28783.54,5,12
AZ-2024-000032,Sachbeschädigung,2025-10-09,12:15,Nordend-Ost,50.138772,8.764792,Hahnweg,Mittel,Ermittlung läuft,Anonym,,4,0.0,1,3
AZ-2025-000033,Computerbetrug,2025-07-23,04:51,Zeilsheim,50.192821,8.667308,Krokerweg,Dringend,Abgeschlossen,Anonym,2026-04-27,4,37182.77,3,14
AZ-2023-000034,Bedrohung,2024-06-14,07:53,Zeilsheim,50.102227,8.550473,Fechnerring,Hoch,Abgeschlossen,Opfer,2025-03-14,3,44651.34,0,4
AZ-2024-000035,Drogendelikt,2023-11-05,07:24,Kalbach-Riedberg,50.026561,8.605693,Istvan-Weinhage-Weg,Niedrig,Abgeschlossen,Opfer,2024-02-29,4,38489.79,5,0
AZ-2025-000036,Bedrohung,2025-02-18,15:00,Höchst,50.150626,8.751931,Weinholdstr.,Mittel,Gerichtlich,Notruf,2025-07-27,2,0.0,3,0
AZ-2025-000037,Unterschlagung,2025-03-07,10:42,Bornheim,50.145353,8.747686,Säuberlichstraße,Niedrig,Abgeschlossen,Notruf,2025-10-07,1,0.0,3,4
AZ-2024-000038,Einbruchdiebstahl,2025-08-03,05:03,Eckenheim,50.073923,8.621141,Hartmannplatz,Dringend,Ermittlung läuft,Patrouille,,1,37451.21,0,11
AZ-2023-000039,Computerbetrug,2024-04-04,20:04,Hausen,50.022246,8.482178,Conradiallee,Niedrig,Eingestellt,Anonym,2025-03-10,2,0.0,3,3
AZ-2023-000040,Einbruchdiebstahl,2024-03-22,14:44,Ostend,50.081401,8.670733,Natascha-Dörschner-Platz,Niedrig,Ermittlung läuft,Anonym,,1,28789.84,3,12
AZ-2025-000041,Erpressung,2024-02-11,02:37,Dornbusch,50.058713,8.700679,Ljiljana-Stiffel-Straße,Niedrig,Abgeschlossen,Anonym,2025-01-04,1,21418.9,2,2
AZ-2024-000042,Beleidigung,2025-11-02,20:21,Unterliederbach,50.090611,8.632786,Raymond-Kranz-Weg,Dringend,Ermittlung läuft,Opfer,,4,0.0,4,8
AZ-2024-000043,Hausfriedensbruch,2025-09-17,14:27,Nordend-West,50.063311,8.751362,Rädelring,Dringend,Eingestellt,Opfer,2026-07-24,4,33409.42,2,0
AZ-2025-000044,Hausfriedensbruch,2025-10-09,10:11,Seckbach,50.15861,8.583631,Hanne-Ullmann-Gasse,Hoch,Abgeschlossen,Anonym,2026-04-15,1,9552.82,1,13
AZ-2023-000045,Körperverletzung,2025-09-27,17:48,Zeilsheim,50.100697,8.705484,Wilmsenweg,Hoch,Ermittlung läuft,Opfer,,4,15310.3,4,11
AZ-2025-000046,Verkehrsdelikt,2025-08-27,17:33,Preungesheim,50.194394,8.652527,Dowergring,Hoch,Ermittlung läuft,Patrouille,,3,0.0,5,6
AZ-2024-000047,Bedrohung,2024-10-08,03:47,Nied,50.048327,8.542974,Frankestraße,Hoch,Abgeschlossen,Zeuge,2025-10-03,2,0.0,2,5
AZ-2025-000048,Betrug,2024-09-11,00:45,Ginnheim,50.023193,8.489885,Ute-Ullmann-Allee,Dringend,Abgeschlossen,Zeuge,2025-02-05,1,23469.85,3,10
AZ-2023-000049,Erpressung,2024-01-13,01:16,Schwanheim,50.035536,8.493433,Ottoallee,Niedrig,Gerichtlich,Opfer,2024-09-20,2,47456.28,0,7
AZ-2024-000050,Verkehrsdelikt,2023-08-31,17:48,Nieder-Erlenbach,50.157333,8.546025,Ana-Döring-Allee,Dringend,Abgeschlossen,Patrouille,2024-07-08,4,31051.37,4,3
AZ-2023-000051,Betrug,2024-03-01,20:13,Harheim,50.029614,8.550676,Schwitalstr.,Niedrig,Ermittlung läuft,Notruf,,4,23495.62,0,7
AZ-2025-000052,Erpressung,2024-08-13,22:18,Praunheim,50.027812,8.548563,Gerhardt-Köster-Platz,Mittel,Abgeschlossen,Notruf,2025-04-09,1,32381.74,2,4
AZ-2024-000053,Körperverletzung,2023-05-27,01:10,Ginnheim,50.149812,8.6587,Dorina-Junitz-Straße,Dringend,Eingestellt,Patrouille,2024-04-02,4,25023.61,3,14
AZ-2025-000054,Computerbetrug,2023-06-14,19:02,Rödelheim,50.123668,8.480484,Engin-Klotz-Ring,Niedrig,Eingestellt,Patrouille,2023-12-03,1,8759.54,4,14
AZ-2024-000055,Raub,2024-07-23,05:37,Höchst,50.18943,8.626163,Bogdan-Hendriks-Weg,Niedrig,Abgeschlossen,Opfer,2025-04-07,3,24773.45,5,12
AZ-2025-000056,Computerbetrug,2023-03-17,14:05,Fechenheim,50.073189,8.790221,Detlev-Wagenknecht-Straße,Niedrig,Ermittlung läuft,Anonym,,4,9379.13,2,15
AZ-2023-000057,Diebstahl,2025-06-24,01:13,Schwanheim,50.038582,8.566474,Zofia-Wesack-Weg,Mittel,Ermittlung läuft,Opfer,,3,27612.57,0,7
AZ-2025-000058,Einbruchdiebstahl,2023-08-21,14:07,Sossenheim,50.104708,8.707046,Fernando-Sorgatz-Straße,Dringend,Abgeschlossen,Notruf,2023-11-14,4,0.0,4,4
AZ-2024-000059,Hausfriedensbruch,2025-02-24,06:58,Höchst,50.170525,8.562609,Joseph-Rädel-Weg,Hoch,Abgeschlossen,Zeuge,2025-05-11,3,41873.8,4,15
AZ-2024-000060,Computerbetrug,2023-11-01,14:34,Sindlingen,50.114345,8.650245,Hahnstr.,Mittel,Abgeschlossen,Opfer,2024-04-26,4,0.0,3,1
AZ-2024-000061,Diebstahl,2024-10-13,23:30,Sachsenhausen-Nord,50.084494,8.68969,Ingried-Jockel-Straße,Mittel,Abgeschlossen,Anonym,2025-05-03,3,43709.52,3,3
AZ-2024-000062,Urkundenfälschung,2025-07-24,00:46,Westend-Nord,50.171768,8.790146,Mangoldstr.,Hoch,Ermittlung läuft,Patrouille,,4,42588.26,5,12
AZ-2023-000063,Beleidigung,2024-10-10,20:45,Westend-Nord,50.172029,8.483775,Dussen vanplatz,Hoch,Eingestellt,Opfer,2025-06-23,1,4922.16,5,3
AZ-2024-000064,Raub,2025-06-27,05:44,Westend-Süd,50.020211,8.578395,Carlo-Kambs-Gasse,Hoch,Ermittlung läuft,Notruf,,2,0.0,3,5
AZ-2023-000065,Sachbeschädigung,2023-12-15,05:05,Bergen-Enkheim,50.126548,8.550992,Dajana-Hartmann-Gasse,Dringend,Abgeschlossen,Patrouille,2024-07-04,4,0.0,0,14
AZ-2024-000066,Beleidigung,2024-08-12,21:34,Bergen-Enkheim,50.094511,8.585346,Imke-Schüler-Gasse,Dringend,Ermittlung läuft,Patrouille,,4,9960.85,3,15
AZ-2025-000067,Drogendelikt,2023-08-07,07:24,Innenstadt,50.068257,8.701364,Cengiz-Beckmann-Ring,Hoch,Abgeschlossen,Zeuge,2024-06-03,1,37258.61,2,7
AZ-2025-000068,Körperverletzung,2024-12-22,07:40,Bornheim,50.060113,8.719829,Anita-Hellwig-Ring,Niedrig,Ermittlung läuft,Patrouille,,4,0.0,2,4
AZ-2025-000069,Unterschlagung,2023-07-04,09:20,Bonames,50.051143,8.729976,Hamannstr.,Hoch,Abgeschlossen,Opfer,2023-10-08,3,47209.39,2,10
AZ-2025-000070,Raub,2023-08-24,14:04,Fechenheim,50.18897,8.754126,Isabel-Rudolph-Weg,Niedrig,Ermittlung läuft,Notruf,,1,0.0,0,14
AZ-2023-000071,Beleidigung,2025-01-24,21:47,Bonames,50.083585,8.681444,Henkallee,Mittel,Abgeschlossen,Notruf,2025-11-26,1,47158.46,2,7
AZ-2023-000072,Diebstahl,2023-05-10,20:52,Bornheim,50.069394,8.605921,Ladeckplatz,Hoch,Abgeschlossen,Notruf,2024-05-09,1,0.0,4,4
AZ-2024-000073,Beleidigung,2025-03-06,14:23,Sachsenhausen-Nord,50.185275,8.609474,Dusan-Sorgatz-Straße,Niedrig,Abgeschlossen,Notruf,2026-03-04,4,13987.01,5,11
AZ-2025-000074,Raub,2024-03-20,14:28,Kalbach-Riedberg,50.032884,8.696903,Löchelstraße,Niedrig,Gerichtlich,Notruf,2024-09-28,3,0.0,0,14
AZ-2023-000075,Betrug,2023-07-07,21:13,Eckenheim,50.189797,8.48859,Vollbrechtgasse,Mittel,Abgeschlossen,Zeuge,2024-05-14,2,40652.65,1,10
AZ-2024-000076,Urkundenfälschung,2023-10-30,19:00,Kalbach-Riedberg,50.192125,8.795909,Burghard-Kusch-Allee,Mittel,Ermittlung läuft,Zeuge,,1,0.0,2,7
AZ-2025-000077,Körperverletzung,2024-10-25,00:11,Ostend,50.037817,8.610075,Dörrplatz,Dringend,Ermittlung läuft,Notruf,,3,5452.7,4,7
AZ-2023-000078,Verkehrsdelikt,2023-03-30,23:50,Innenstadt,50.108861,8.622238,Hans-Hermann-Reising-Straße,Dringend,Gerichtlich,Notruf,2024-03-08,1,45485.04,0,2
AZ-2025-000079,Raub,2024-10-21,19:09,Harheim,50.064503,8.679649,Sigfried-Gnatz-Ring,Dringend,Ermittlung läuft,Anonym,,3,30271.34,0,3
AZ-2025-000080,Körperverletzung,2024-03-16,13:28,Höchst,50.076008,8.620748,Heringallee,Hoch,Eingestellt,Notruf,2024-10-20,3,18715.05,1,15
AZ-2023-000081,Unterschlagung,2023-05-18,02:53,Bonames,50.092738,8.716225,Thorsten-Rogner-Gasse,Niedrig,Ermittlung läuft,Anonym,,3,20540.43,5,13
AZ-2025-000082,Verkehrsdelikt,2023-04-16,09:38,Sachsenhausen-Nord,50.033648,8.638431,Gaby-Reuter-Gasse,Mittel,Ermittlung läuft,Zeuge,,3,18378.05,2,7
AZ-2025-000083,Computerbetrug,2025-05-28,17:49,Seckbach,50.136496,8.654611,Susan-Weller-Platz,Hoch,Eingestellt,Zeuge,2026-04-14,2,0.0,2,10
AZ-2023-000084,Körperverletzung,2024-12-19,00:11,Frankfurter Berg,50.133322,8.494824,Rudolf-Neureuther-Straße,Mittel,Eingestellt,Notruf,2025-10-11,4,7870.46,2,10
AZ-2024-000085,Beleidigung,2023-06-23,01:09,Niederursel,50.126211,8.693062,Nina-Kühnert-Gasse,Dringend,Ermittlung läuft,Notruf,,4,10778.45,4,3
AZ-2023-000086,Sachbeschädigung,2024-12-07,13:07,Dornbusch,50.137128,8.631616,Rafael-Adler-Straße,Dringend,Ermittlung läuft,Anonym,,1,0.0,2,6
AZ-2023-000087,Drogendelikt,2023-10-09,08:18,Bockenheim,50.016391,8.717021,Ziegertallee,Mittel,Ermittlung läuft,Anonym,,3,0.0,5,1
AZ-2024-000088,Einbruchdiebstahl,2025-06-12,00:29,Frankfurter Berg,50.118637,8.660075,Hörlestraße,Niedrig,Gerichtlich,Notruf,2025-11-26,1,8593.66,4,14
AZ-2024-000089,Computerbetrug,2025-01-11,02:27,Nordend-West,50.093422,8.603348,Försterplatz,Hoch,Eingestellt,Patrouille,2025-05-22,2,8406.64,4,3
AZ-2023-000090,Körperverletzung,2025-11-10,06:57,Sachsenhausen-Nord,50.145928,8.740615,Harloffgasse,Mittel,Eingestellt,Patrouille,2026-05-15,2,0.0,1,2
AZ-2025-000091,Beleidigung,2023-12-29,20:31,Nieder-Eschbach,50.151778,8.619241,Karen-Johann-Gasse,Hoch,Abgeschlossen,Patrouille,2024-10-19,2,23446.05,5,9
AZ-2023-000092,Raub,2024-07-16,18:03,Bahnhofsviertel,50.028354,8.623452,Corinna-Müller-Weg,Hoch,Ermittlung läuft,Zeuge,,1,25353.39,3,1
AZ-2024-000093,Körperverletzung,2025-07-10,18:41,Westend-Süd,50.123901,8.636448,Björn-Pechel-Gasse,Hoch,Ermittlung läuft,Zeuge,,2,0.0,5,14
AZ-2024-000094,Beleidigung,2025-06-18,16:33,Höchst,50.082113,8.564789,Charles-Scheibe-Gasse,Niedrig,Abgeschlossen,Patrouille,2025-12-28,1,27898.16,3,9
AZ-2025-000095,Betrug,2024-05-31,23:54,Bergen-Enkheim,50.17219,8.581343,Ronald-Dussen van-Weg,Hoch,Abgeschlossen,Patrouille,2025-04-11,4,0.0,5,2
AZ-2023-000096,Beleidigung,2024-09-26,17:24,Nieder-Erlenbach,50.161373,8.691798,Clara-Scheibe-Gasse,Dringend,Abgeschlossen,Anonym,2025-03-20,3,0.0,2,5
AZ-2023-000097,Unterschlagung,2024-03-14,10:49,Ginnheim,50.194996,8.522822,Siegbert-Sontag-Weg,Niedrig,Abgeschlossen,Patrouille,2024-07-14,2,7712.64,1,5
AZ-2024-000098,Urkundenfälschung,2025-06-15,01:26,Riederwald,50.144525,8.790025,Heßplatz,Dringend,Ermittlung läuft,Opfer,,2,40431.19,3,6
AZ-2025-000099,Drogendelikt,2025-01-23,21:36,Sossenheim,50.153499,8.727225,Henckring,Mittel,Gerichtlich,Opfer,2025-09-23,2,2608.99,3,11
AZ-2024-000100,Hausfriedensbruch,2023-07-30,22:54,Niederursel,50.066311,8.722302,Eigenwilligweg,Mittel,Abgeschlossen,Notruf,2023-10-08,1,11101.9,3,11
AZ-2024-000101,Sachbeschädigung,2023-02-24,13:03,Nordend-West,50.082313,8.598662,Mielcarekring,Niedrig,Ermittlung läuft,Patrouille,,1,32498.03,1,4
AZ-2024-000102,Erpressung,2023-03-20,09:58,Nied,50.1646,8.7209,Alberto-Mielcarek-Weg,Niedrig,Eingestellt,Zeuge,2024-03-17,1,0.0,1,13
AZ-2024-000103,Körperverletzung,2023-08-16,09:15,Riederwald,50.023595,8.609703,Claus-Dieter-Renner-Platz,Niedrig,Ermittlung läuft,Notruf,,1,28752.37,5,4
AZ-2025-000104,Raub,2024-08-19,13:00,Nordend-West,50.117719,8.533439,Eigenwilligring,Niedrig,Abgeschlossen,Anonym,2024-12-27,1,23506.75,5,12
AZ-2023-000105,Urkundenfälschung,2025-02-03,08:47,Frankfurter Berg,50.156934,8.585095,Rabea-Henschel-Ring,Hoch,Ermittlung läuft,Opfer,,1,16927.36,5,5
AZ-2023-000106,Einbruchdiebstahl,2025-08-09,22:30,Sindlingen,50.026358,8.72659,Frankestraße,Mittel,Abgeschlossen,Zeuge,2025-10-24,2,15779.79,2,12
AZ-2025-000107,Raub,2025-08-27,08:02,Westend-Süd,50.0665,8.754781,Schmidtkeallee,Hoch,Eingestellt,Zeuge,2025-12-09,3,20001.09,3,12
AZ-2025-000108,Drogendelikt,2024-11-25,05:31,Nordend-West,50.181376,8.642322,Gloria-Röhrdanz-Ring,Niedrig,Abgeschlossen,Notruf,2025-06-08,2,16060.57,0,10
AZ-2023-000109,Bedrohung,2024-08-28,09:28,Zeilsheim,50.044996,8.617602,Tatjana-Eimer-Ring,Hoch,Abgeschlossen,Anonym,2025-04-10,4,0.0,0,2
AZ-2025-000110,Urkundenfälschung,2025-04-11,11:32,Seckbach,50.043798,8.482214,Romana-Döring-Allee,Dringend,Eingestellt,Zeuge,2026-03-31,2,0.0,5,11
AZ-2024-000111,Verkehrsdelikt,2025-01-11,12:36,Bonames,50.042619,8.619575,Jörgen-Holzapfel-Weg,Niedrig,Ermittlung läuft,Anonym,,2,19901.7,5,8
AZ-2024-000112,Urkundenfälschung,2024-05-26,03:01,Ostend,50.108194,8.771642,Iris-Karz-Platz,Hoch,Abgeschlossen,Notruf,2025-02-12,2,14278.84,3,6
AZ-2025-000113,Computerbetrug,2023-09-09,04:54,Nordend-West,50.046078,8.705985,Pärtzeltstraße,Hoch,Ermittlung läuft,Patrouille,,1,14518.11,2,5
AZ-2024-000114,Diebstahl,2023-12-23,11:32,Hausen,50.192324,8.731798,Birnbaumgasse,Hoch,Ermittlung läuft,Anonym,,3,49150.6,1,2
AZ-2023-000115,Betrug,2023-05-15,09:25,Nieder-Eschbach,50.109625,8.724286,Hofmanngasse,Hoch,Gerichtlich,Zeuge,2024-01-22,4,25868.0,1,5
AZ-2023-000116,Betrug,2023-09-22,13:32,Dornbusch,50.16465,8.641937,Meinolf-Winkler-Platz,Hoch,Gerichtlich,Opfer,2023-10-27,3,25944.89,2,2
AZ-2023-000117,Unterschlagung,2024-05-28,06:40,Kalbach-Riedberg,50.037531,8.571326,Fritschweg,Mittel,Gerichtlich,Anonym,2024-10-22,2,0.0,4,10
AZ-2025-000118,Drogendelikt,2023-03-26,00:05,Griesheim,50.130462,8.661181,Rohlederweg,Niedrig,Ermittlung läuft,Notruf,,3,15104.71,1,12
AZ-2024-000119,Erpressung,2024-09-01,14:04,Griesheim,50.094129,8.630834,Rörrichtgasse,Mittel,Abgeschlossen,Patrouille,2024-11-27,3,43038.87,3,4
AZ-2023-000120,Betrug,2025-01-28,16:35,Zeilsheim,50.058513,8.512187,Constantin-Stumpf-Platz,Niedrig,Ermittlung läuft,Zeuge,,3,43208.19,3,7
AZ-2024-000121,Verkehrsdelikt,2023-11-24,10:59,Sossenheim,50.04917,8.524264,Martha-Koch II-Weg,Hoch,Abgeschlossen,Notruf,2024-05-09,1,0.0,3,14
AZ-2024-000122,Unterschlagung,2024-05-08,06:37,Nied,50.024097,8.634325,Stefano-Eckbauer-Gasse,Niedrig,Ermittlung läuft,Zeuge,,4,0.0,2,11
AZ-2023-000123,Drogendelikt,2025-04-05,11:02,Ginnheim,50.116127,8.590908,Knappeallee,Dringend,Abgeschlossen,Anonym,2026-01-28,3,31162.08,4,3
AZ-2023-000124,Sachbeschädigung,2023-09-21,03:25,Bonames,50.192622,8.654969,Roswitha-Klemt-Platz,Dringend,Ermittlung läuft,Anonym,,1,0.0,1,10
AZ-2024-000125,Betrug,2025-08-28,16:29,Riederwald,50.175764,8.517848,Gitte-Dobes-Ring,Dringend,Ermittlung läuft,Anonym,,3,25365.75,4,15
AZ-2025-000126,Einbruchdiebstahl,2024-09-05,15:52,Höchst,50.074623,8.50795,Schollweg,Niedrig,Ermittlung läuft,Anonym,,4,0.0,5,7
AZ-2023-000127,Computerbetrug,2023-04-16,18:30,Berkersheim,50.128225,8.675273,Stephanie-Hellwig-Platz,Mittel,Ermittlung läuft,Zeuge,,1,0.0,3,10
AZ-2025-000128,Bedrohung,2025-05-07,04:26,Nied,50.105328,8.672565,Ramona-Lehmann-Gasse,Niedrig,Abgeschlossen,Opfer,2025-12-10,2,49906.14,3,12
AZ-2025-000129,Verkehrsdelikt,2024-10-04,05:29,Praunheim,50.113329,8.693685,Jennifer-Kade-Straße,Mittel,Gerichtlich,Opfer,2025-04-04,3,11243.35,2,9
AZ-2024-000130,Körperverletzung,2024-02-29,22:45,Niederursel,50.077785,8.778254,Jovan-Freudenberger-Allee,Dringend,Abgeschlossen,Notruf,2024-11-07,3,40230.79,2,1
AZ-2023-000131,Sachbeschädigung,2024-08-12,22:05,Nied,50.094628,8.556114,Ralph-Bender-Straße,Hoch,Ermittlung läuft,Anonym,,3,0.0,4,7
AZ-2024-000132,Bedrohung,2024-05-11,01:42,Höchst,50.12983,8.489217,Hans-Walter-Mies-Ring,Dringend,Gerichtlich,Zeuge,2024-09-10,2,0.0,4,5
AZ-2024-000133,Einbruchdiebstahl,2025-04-13,20:59,Ginnheim,50.100941,8.537422,Heidrichplatz,Niedrig,Eingestellt,Zeuge,2025-12-19,2,36155.88,0,5
AZ-2023-000134,Diebstahl,2025-05-05,05:59,Ginnheim,50.156833,8.53311,Gertrud-Gröttner-Straße,Hoch,Gerichtlich,Anonym,2025-12-01,1,16752.11,3,15
AZ-2025-000135,Einbruchdiebstahl,2023-10-02,16:29,Sindlingen,50.160586,8.580464,Holstenallee,Mittel,Ermittlung läuft,Zeuge,,3,28389.06,1,5
AZ-2024-000136,Raub,2025-04-10,13:32,Bornheim,50.08715,8.503286,Waltrud-Wirth-Ring,Mittel,Ermittlung läuft,Zeuge,,3,22336.78,2,10
AZ-2025-000137,Körperverletzung,2024-09-10,18:46,Westend-Süd,50.132663,8.699228,Segebahnstr.,Dringend,Abgeschlossen,Patrouille,2025-01-28,2,25126.02,5,9
AZ-2024-000138,Betrug,2023-08-29,20:58,Bornheim,50.125633,8.543874,Stiebitzallee,Dringend,Gerichtlich,Anonym,2024-03-11,3,27461.73,3,6
AZ-2023-000139,Hausfriedensbruch,2024-05-21,21:48,Bonames,50.109591,8.645241,Baumgasse,Niedrig,Abgeschlossen,Zeuge,2024-07-08,2,7492.62,2,14
AZ-2024-000140,Betrug,2023-08-27,21:13,Westend-Süd,50.031369,8.639403,Gießstr.,Dringend,Abgeschlossen,Notruf,2024-05-10,1,33638.39,2,0
AZ-2024-000141,Bedrohung,2025-03-21,08:52,Unterliederbach,50.054222,8.495954,Bendergasse,Niedrig,Ermittlung läuft,Anonym,,1,3450.96,3,1
AZ-2024-000142,Hausfriedensbruch,2024-08-10,13:11,Höchst,50.1911,8.683849,Kaulweg,Dringend,Eingestellt,Notruf,2025-07-11,4,34136.52,5,4
AZ-2023-000143,Urkundenfälschung,2024-12-13,03:11,Rödelheim,50.110192,8.710737,Mälzerstr.,Niedrig,Gerichtlich,Patrouille,2025-07-09,4,27222.27,4,12
AZ-2023-000144,Urkundenfälschung,2024-04-15,07:29,Ostend,50.064617,8.779471,Raymond-Rust-Platz,Dringend,Ermittlung läuft,Anonym,,1,0.0,0,3
AZ-2023-000145,Unterschlagung,2023-03-10,14:38,Zeilsheim,50.059052,8.48651,Beyerweg,Mittel,Abgeschlossen,Zeuge,2023-04-10,2,14463.17,5,10
AZ-2023-000146,Unterschlagung,2024-10-18,07:19,Niederursel,50.108825,8.607648,Ackermannstr.,Mittel,Eingestellt,Notruf,2025-09-28,4,0.0,2,12
AZ-2023-000147,Computerbetrug,2024-10-14,22:26,Nied,50.082763,8.719448,Otto-Losekann-Gasse,Mittel,Abgeschlossen,Patrouille,2025-03-23,2,45737.06,4,13
AZ-2024-000148,Computerbetrug,2025-05-03,17:33,Nordend-West,50.058715,8.538694,Scholzring,Hoch,Ermittlung läuft,Zeuge,,2,0.0,3,1
AZ-2024-000149,Hausfriedensbruch,2023-05-30,06:51,Eckenheim,50.115593,8.629241,Irmhild-Jacob-Weg,Niedrig,Eingestellt,Opfer,2024-05-14,2,5865.81,3,7
AZ-2025-000150,Beleidigung,2024-02-23,12:58,Sindlingen,50.072891,8.564843,Stahrstraße,Hoch,Ermittlung läuft,Patrouille,,3,44140.6,3,3
AZ-2025-000151,Betrug,2025-08-19,10:58,Rödelheim,50.071326,8.486995,Kuschweg,Niedrig,Ermittlung läuft,Patrouille,,4,0.0,1,10
AZ-2024-000152,Urkundenfälschung,2024-04-16,12:36,Eckenheim,50.114116,8.781456,Röhrdanzplatz,Dringend,Eingestellt,Notruf,2025-01-03,4,0.0,2,5
AZ-2023-000153,Computerbetrug,2023-10-14,23:34,Nieder-Erlenbach,50.193258,8.785974,Siegmar-Stadelmann-Straße,Niedrig,Abgeschlossen,Zeuge,2024-07-24,1,42127.24,1,2
AZ-2024-000154,Beleidigung,2023-11-06,00:13,Riederwald,50.025881,8.681175,Elisabeth-Roskoth-Ring,Dringend,Abgeschlossen,Zeuge,2024-05-22,1,20566.93,0,8
AZ-2023-000155,Hausfriedensbruch,2024-08-10,00:32,Bockenheim,50.092503,8.780226,Roggeallee,Niedrig,Eingestellt,Anonym,2025-07-28,2,0.0,4,8
AZ-2023-000156,Bedrohung,2024-12-26,08:50,Nieder-Eschbach,50.082149,8.605177,Leander-Hörle-Platz,Mittel,Ermittlung läuft,Patrouille,,1,42910.96,0,2
AZ-2024-000157,Computerbetrug,2025-04-10,12:24,Nordend-West,50.129615,8.702533,Zimmerstr.,Dringend,Abgeschlossen,Patrouille,2025-05-15,1,45957.61,1,6
AZ-2025-000158,Diebstahl,2025-08-31,08:02,Nieder-Eschbach,50.181605,8.766974,Mohauptstraße,Mittel,Gerichtlich,Patrouille,2026-08-23,1,29351.81,5,12
AZ-2024-000159,Drogendelikt,2023-06-07,09:10,Kalbach-Riedberg,50.165237,8.599643,Steuerplatz,Mittel,Abgeschlossen,Zeuge,2024-03-30,3,0.0,3,7
AZ-2025-000160,Einbruchdiebstahl,2023-06-05,10:38,Innenstadt,50.086407,8.725726,Wähnerplatz,Dringend,Eingestellt,Notruf,2024-04-11,2,47057.14,3,5
AZ-2024-000161,Bedrohung,2025-02-17,02:49,Sachsenhausen-Nord,50.14336,8.498908,Karlheinz-Pieper-Allee,Mittel,Abgeschlossen,Notruf,2025-06-30,3,4576.02,2,14
AZ-2025-000162,Drogendelikt,2025-01-07,08:06,Harheim,50.048731,8.619221,Davidsallee,Niedrig,Ermittlung läuft,Zeuge,,1,4653.21,4,10
AZ-2025-000163,Unterschlagung,2025-02-27,00:18,Hausen,50.145472,8.655528,Gudula-Jessel-Platz,Mittel,Abgeschlossen,Notruf,2025-04-18,2,0.0,2,8
AZ-2024-000164,Einbruchdiebstahl,2025-10-06,04:04,Westend-Nord,50.064673,8.570319,Gaetano-Barth-Gasse,Mittel,Ermittlung läuft,Notruf,,2,6774.48,0,12
AZ-2023-000165,Einbruchdiebstahl,2024-11-11,19:24,Seckbach,50.09424,8.613242,Willibald-Schmidt-Gasse,Hoch,Eingestellt,Anonym,2025-05-05,2,8881.86,3,10
AZ-2024-000166,Raub,2024-08-19,23:44,Niederursel,50.155755,8.578891,Liebeltweg,Niedrig,Abgeschlossen,Anonym,2025-06-16,2,27281.45,5,0
AZ-2025-000167,Verkehrsdelikt,2025-08-03,22:13,Höchst,50.164631,8.494684,Irmela-Textor-Straße,Mittel,Abgeschlossen,Patrouille,2026-01-06,2,0.0,1,13
AZ-2025-000168,Diebstahl,2025-02-11,02:28,Höchst,50.119804,8.647273,Kuhlplatz,Hoch,Gerichtlich,Anonym,2025-10-21,1,0.0,1,11
AZ-2024-000169,Urkundenfälschung,2023-12-07,20:39,Fechenheim,50.192049,8.694211,Gerhild-Stroh-Gasse,Dringend,Ermittlung läuft,Zeuge,,1,0.0,1,7
AZ-2023-000170,Verkehrsdelikt,2025-07-01,11:25,Preungesheim,50.120946,8.636153,Leyla-Löffler-Platz,Niedrig,Abgeschlossen,Patrouille,2026-06-20,4,4292.74,5,4
AZ-2024-000171,Bedrohung,2024-12-14,09:21,Nordend-Ost,50.108801,8.586242,Magda-Textor-Weg,Dringend,Abgeschlossen,Patrouille,2025-04-05,1,40509.3,0,0
AZ-2023-000172,Unterschlagung,2024-12-03,20:06,Nieder-Erlenbach,50.182386,8.714881,Binnerstr.,Mittel,Abgeschlossen,Patrouille,2025-03-04,4,11592.78,3,5
AZ-2025-000173,Drogendelikt,2024-01-17,20:42,Zeilsheim,50.14773,8.761656,Simone-Eberhardt-Straße,Dringend,Abgeschlossen,Zeuge,2024-02-07,2,0.0,5,2
AZ-2025-000174,Beleidigung,2023-07-28,17:11,Schwanheim,50.050473,8.509377,Luzie-Mitschke-Allee,Hoch,Ermittlung läuft,Anonym,,4,29350.24,2,11
AZ-2024-000175,Körperverletzung,2025-07-26,19:11,Bornheim,50.180363,8.665575,Wendestraße,Mittel,Eingestellt,Patrouille,2026-01-01,1,0.0,5,4
AZ-2025-000176,Bedrohung,2025-11-12,12:26,Frankfurter Berg,50.084068,8.532927,Roggestraße,Mittel,Abgeschlossen,Anonym,2026-09-09,2,7014.83,2,14
AZ-2025-000177,Verkehrsdelikt,2023-04-20,11:00,Sossenheim,50.161739,8.788136,Judith-Mülichen-Straße,Dringend,Abgeschlossen,Notruf,2023-08-04,4,22192.59,1,2
AZ-2025-000178,Bedrohung,2023-03-05,07:18,Sindlingen,50.055472,8.566684,Weitzelplatz,Dringend,Ermittlung läuft,Anonym,,1,13394.45,4,11
AZ-2024-000179,Computerbetrug,2023-03-27,23:28,Hausen,50.033435,8.744263,Wilmsallee,Niedrig,Abgeschlossen,Notruf,2023-11-06,3,40836.43,3,3
AZ-2024-000180,Betrug,2024-04-30,06:51,Frankfurter Berg,50.078114,8.705127,Schomberplatz,Mittel,Abgeschlossen,Opfer,2025-04-24,2,28503.72,4,8
AZ-2025-000181,Computerbetrug,2023-12-11,10:45,Sossenheim,50.118092,8.784386,Mansgasse,Niedrig,Ermittlung läuft,Opfer,,4,49624.31,5,4
AZ-2023-000182,Erpressung,2023-09-29,07:09,Schwanheim,50.152065,8.693805,Heinzring,Hoch,Abgeschlossen,Notruf,2024-02-09,4,31681.39,0,12
AZ-2025-000183,Körperverletzung,2024-07-23,22:59,Altstadt,50.186046,8.579351,Junckenstr.,Dringend,Eingestellt,Patrouille,2025-03-19,1,19885.79,3,6
AZ-2024-000184,Hausfriedensbruch,2025-10-10,08:20,Schwanheim,50.113516,8.514835,Frederik-Flantz-Platz,Niedrig,Eingestellt,Zeuge,2026-04-07,1,41835.11,0,3
AZ-2025-000185,Einbruchdiebstahl,2023-11-20,14:29,Bornheim,50.187446,8.53836,Täscheplatz,Mittel,Ermittlung läuft,Patrouille,,1,12519.46,2,5
AZ-2025-000186,Körperverletzung,2023-04-17,12:40,Nordend-West,50.140899,8.548799,Carlo-Liebelt-Straße,Niedrig,Ermittlung läuft,Opfer,,4,0.0,4,7
AZ-2024-000187,Körperverletzung,2025-06-30,00:00,Bornheim,50.192868,8.610519,Riehlstraße,Mittel,Abgeschlossen,Notruf,2025-09-06,1,5121.36,2,11
AZ-2025-000188,Erpressung,2024-09-04,04:24,Westend-Nord,50.130484,8.694101,Bolanderplatz,Niedrig,Eingestellt,Anonym,2024-11-18,2,36121.6,5,4
AZ-2025-000189,Bedrohung,2025-04-23,19:43,Ostend,50.030604,8.504953,Krebsallee,Dringend,Abgeschlossen,Patrouille,2025-08-19,4,6991.51,2,2
AZ-2025-000190,Hausfriedensbruch,2024-05-23,17:38,Innenstadt,50.066286,8.78074,Nadin-Wieloch-Weg,Hoch,Abgeschlossen,Opfer,2025-04-06,2,14777.1,0,7
AZ-2024-000191,Hausfriedensbruch,2025-10-10,12:07,Altstadt,50.129855,8.495292,Müllergasse,Hoch,Ermittlung läuft,Opfer,,4,28419.02,2,5
AZ-2024-000192,Unterschlagung,2025-08-22,02:01,Westend-Süd,50.062193,8.485063,Huhnallee,Hoch,Abgeschlossen,Anonym,2025-09-05,4,20113.87,5,4
AZ-2025-000193,Raub,2024-07-22,02:19,Sachsenhausen-Nord,50.180766,8.791575,Lindnerstr.,Dringend,Ermittlung läuft,Anonym,,1,21874.3,1,1
AZ-2023-000194,Diebstahl,2024-05-15,02:59,Bockenheim,50.125213,8.490049,Zoran-Hartmann-Ring,Mittel,Abgeschlossen,Zeuge,2025-01-09,2,17335.26,4,8
AZ-2024-000195,Urkundenfälschung,2023-12-08,11:08,Innenstadt,50.146928,8.510723,Neureuthergasse,Dringend,Abgeschlossen,Patrouille,2024-04-30,1,0.0,4,2
AZ-2023-000196,Einbruchdiebstahl,2025-10-13,14:32,Bonames,50.10493,8.657939,Kallertweg,Niedrig,Ermittlung läuft,Anonym,,1,0.0,4,0
AZ-2023-000197,Unterschlagung,2023-04-01,00:15,Bockenheim,50.080516,8.773834,Ullrichplatz,Dringend,Ermittlung läuft,Opfer,,3,0.0,5,10
AZ-2023-000198,Urkundenfälschung,2024-07-09,02:36,Bockenheim,50.105367,8.767837,Eckbauerstr.,Niedrig,Ermittlung läuft,Notruf,,1,43301.61,2,10
AZ-2025-000199,Erpressung,2023-06-26,17:29,Dornbusch,50.051121,8.656929,Senta-Kreusel-Weg,Mittel,Ermittlung läuft,Notruf,,3,24668.03,1,7
AZ-2024-000200,Diebstahl,2023-11-05,00:59,Altstadt,50.112478,8.680589,Denis-Seifert-Straße,Dringend,Abgeschlossen,Patrouille,2024-03-10,1,0.0,1,13
AZ-2024-000201,Bedrohung,2025-10-04,01:09,Nieder-Erlenbach,50.022902,8.547923,Nuray-Misicher-Platz,Hoch,Abgeschlossen,Notruf,2025-11-27,1,25271.39,5,12
AZ-2024-000202,Computerbetrug,2023-06-03,18:36,Ginnheim,50.13424,8.514872,Johan-Kramer-Ring,Hoch,Ermittlung läuft,Notruf,,3,13597.79,0,6
AZ-2023-000203,Unterschlagung,2023-10-06,18:06,Höchst,50.044587,8.624866,Uli-Junken-Ring,Hoch,Ermittlung läuft,Opfer,,4,13250.4,0,2
AZ-2023-000204,Körperverletzung,2023-11-19,21:19,Eschersheim,50.123594,8.542527,Holstenallee,Mittel,Eingestellt,Patrouille,2024-11-16,4,33859.17,2,5
AZ-2023-000205,Diebstahl,2023-03-05,12:54,Bornheim,50.059973,8.62355,Herrmannallee,Niedrig,Abgeschlossen,Opfer,2023-12-18,2,0.0,3,11
AZ-2023-000206,Hausfriedensbruch,2023-06-22,18:37,Westend-Nord,50.161294,8.47915,Wenzel-Bähr-Allee,Dringend,Ermittlung läuft,Opfer,,1,41467.81,2,3
AZ-2024-000207,Diebstahl,2023-03-29,14:03,Fechenheim,50.118299,8.741513,Urszula-Killer-Platz,Dringend,Ermittlung läuft,Notruf,,2,45415.21,2,8
AZ-2025-000208,Verkehrsdelikt,2025-07-02,04:02,Höchst,50.059241,8.568794,Lidwina-Siering-Gasse,Niedrig,Abgeschlossen,Zeuge,2026-05-20,3,20961.74,5,7
AZ-2025-000209,Raub,2023-02-09,12:50,Nieder-Eschbach,50.113013,8.630975,Ulla-Hentschel-Platz,Dringend,Abgeschlossen,Patrouille,2023-10-19,2,0.0,4,7
AZ-2023-000210,Körperverletzung,2023-03-02,08:03,Rödelheim,50.110298,8.723524,Else-Fliegner-Platz,Mittel,Eingestellt,Opfer,2023-11-05,3,39561.86,5,1
AZ-2023-000211,Sachbeschädigung,2024-03-25,18:54,Bockenheim,50.078865,8.747265,Wilhelm-Staude-Gasse,Hoch,Gerichtlich,Patrouille,2024-10-16,1,17584.11,4,4
AZ-2025-000212,Sachbeschädigung,2024-01-21,15:34,Rödelheim,50.103279,8.501604,Vittorio-Thies-Ring,Niedrig,Ermittlung läuft,Anonym,,4,0.0,4,6
AZ-2023-000213,Betrug,2023-09-25,10:45,Westend-Süd,50.159436,8.756775,Geiselstr.,Mittel,Ermittlung läuft,Zeuge,,3,18679.54,5,12
AZ-2025-000214,Verkehrsdelikt,2023-07-26,10:19,Unterliederbach,50.190655,8.712211,Leonore-Fröhlich-Ring,Hoch,Ermittlung läuft,Opfer,,3,0.0,4,5
AZ-2024-000215,Computerbetrug,2025-02-13,09:46,Nieder-Eschbach,50.046987,8.47259,Clara-Bauer-Ring,Niedrig,Abgeschlossen,Opfer,2025-04-26,3,48376.58,1,3
AZ-2023-000216,Computerbetrug,2025-10-13,04:21,Frankfurter Berg,50.077426,8.576802,Kruschwitzweg,Hoch,Abgeschlossen,Notruf,2026-02-18,1,0.0,1,2
AZ-2023-000217,Hausfriedensbruch,2024-12-18,08:50,Höchst,50.015231,8.598587,Cord-Scheel-Allee,Dringend,Ermittlung läuft,Notruf,,4,18767.38,3,7
AZ-2023-000218,Raub,2023-11-30,14:04,Nordend-Ost,50.068084,8.576539,Edgar-Textor-Ring,Mittel,Eingestellt,Notruf,2023-12-24,2,27352.31,0,10
AZ-2023-000219,Körperverletzung,2025-09-15,22:01,Sachsenhausen-Süd,50.044699,8.763839,Louise-Rosemann-Gasse,Hoch,Abgeschlossen,Opfer,2026-08-22,2,27705.62,5,8
AZ-2023-000220,Diebstahl,2024-07-30,09:15,Schwanheim,50.085722,8.652289,Reichmannstraße,Hoch,Ermittlung läuft,Zeuge,,4,0.0,5,15
AZ-2023-000221,Einbruchdiebstahl,2024-02-13,03:01,Nied,50.129874,8.792475,Bohnbachstr.,Dringend,Ermittlung läuft,Notruf,,4,13250.22,5,12
AZ-2024-000222,Einbruchdiebstahl,2024-01-14,11:56,Zeilsheim,50.048585,8.486634,Aumannallee,Mittel,Ermittlung läuft,Patrouille,,1,0.0,5,3
AZ-2023-000223,Computerbetrug,2023-06-25,21:22,Harheim,50.189727,8.66543,Niemeiergasse,Dringend,Eingestellt,Anonym,2024-01-29,4,34353.4,3,7
AZ-2025-000224,Urkundenfälschung,2025-09-02,09:05,Nieder-Eschbach,50.168709,8.483391,Klotzweg,Mittel,Ermittlung läuft,Zeuge,,4,0.0,1,6
AZ-2023-000225,Computerbetrug,2024-01-30,04:02,Frankfurter Berg,50.093371,8.799104,Trommlerplatz,Hoch,Abgeschlossen,Patrouille,2025-01-20,1,0.0,4,12
AZ-2024-000226,Körperverletzung,2024-10-29,08:33,Nieder-Erlenbach,50.156579,8.676363,Gierschnerweg,Dringend,Abgeschlossen,Opfer,2024-11-11,2,29133.85,0,3
AZ-2025-000227,Erpressung,2023-07-26,09:55,Schwanheim,50.173021,8.558637,Schmiedtallee,Dringend,Abgeschlossen,Zeuge,2024-01-25,2,0.0,1,12
AZ-2024-000228,Diebstahl,2023-03-21,12:56,Niederursel,50.057764,8.716606,Mohauptstraße,Hoch,Eingestellt,Patrouille,2024-03-15,3,0.0,3,3
AZ-2025-000229,Beleidigung,2024-04-11,04:19,Höchst,50.154326,8.577245,Junitzallee,Niedrig,Gerichtlich,Opfer,2024-11-30,4,0.0,3,15
AZ-2025-000230,Hausfriedensbruch,2025-02-04,01:32,Bornheim,50.071002,8.638229,Marjan-Christoph-Ring,Niedrig,Eingestellt,Opfer,2025-03-16,2,10036.34,0,7
AZ-2024-000231,Beleidigung,2023-03-09,14:03,Sossenheim,50.064316,8.74211,Henkallee,Niedrig,Gerichtlich,Zeuge,2023-06-25,2,29702.18,1,15
AZ-2023-000232,Drogendelikt,2024-12-17,11:10,Ginnheim,50.149813,8.697943,Roskothstr.,Niedrig,Eingestellt,Opfer,2025-05-05,2,32368.99,5,6
AZ-2025-000233,Urkundenfälschung,2024-07-05,20:26,Bockenheim,50.016602,8.770977,Kallertgasse,Niedrig,Abgeschlossen,Opfer,2025-06-26,3,47150.25,5,8
AZ-2025-000234,Drogendelikt,2025-05-17,12:54,Nieder-Erlenbach,50.06036,8.625077,Junkplatz,Niedrig,Ermittlung läuft,Zeuge,,3,29688.63,2,9
AZ-2024-000235,Beleidigung,2023-08-10,15:04,Niederursel,50.064767,8.578645,Hahnring,Hoch,Ermittlung läuft,Opfer,,2,12015.1,0,12
AZ-2024-000236,Drogendelikt,2024-10-16,21:08,Höchst,50.104527,8.568958,Kargering,Niedrig,Abgeschlossen,Anonym,2025-09-23,2,35668.46,5,15
AZ-2024-000237,Betrug,2025-01-04,16:19,Nordend-Ost,50.172769,8.531413,Röhrichtgasse,Hoch,Eingestellt,Anonym,2025-12-13,2,44979.56,5,2
AZ-2024-000238,Erpressung,2024-03-31,11:14,Bonames,50.090685,8.762885,Detlev-Hendriks-Allee,Hoch,Abgeschlossen,Notruf,2024-09-11,1,43319.67,4,2
AZ-2023-000239,Computerbetrug,2025-08-25,06:32,Höchst,50.137526,8.645787,Niemeierstr.,Mittel,Ermittlung läuft,Opfer,,2,49359.58,3,4
AZ-2025-000240,Diebstahl,2024-10-09,22:11,Eschersheim,50.074873,8.795618,Helene-Mülichen-Allee,Niedrig,Eingestellt,Notruf,2025-06-22,3,0.0,1,5
AZ-2024-000241,Diebstahl,2025-09-29,02:08,Nied,50.092294,8.61272,Meisterallee,Niedrig,Abgeschlossen,Anonym,2026-08-26,2,47503.43,2,6
AZ-2023-000242,Körperverletzung,2023-02-06,21:00,Dornbusch,50.055728,8.759651,Dogan-Hornig-Platz,Dringend,Abgeschlossen,Anonym,2023-06-20,3,0.0,0,9
AZ-2024-000243,Hausfriedensbruch,2024-08-18,14:46,Bornheim,50.07581,8.763255,Süßebierplatz,Dringend,Abgeschlossen,Patrouille,2025-05-20,2,0.0,3,0
AZ-2023-000244,Raub,2024-04-12,07:46,Sachsenhausen-Süd,50.147134,8.665419,Spießstr.,Niedrig,Gerichtlich,Notruf,2024-08-05,3,31156.74,4,1
AZ-2023-000245,Unterschlagung,2023-08-10,20:53,Berkersheim,50.139155,8.608702,Mühlestr.,Hoch,Ermittlung läuft,Notruf,,2,0.0,5,0
AZ-2024-000246,Computerbetrug,2024-09-08,13:42,Bornheim,50.108656,8.676278,Löfflerweg,Niedrig,Ermittlung läuft,Anonym,,1,0.0,0,15
AZ-2024-000247,Betrug,2024-02-11,19:12,Höchst,50.190162,8.589398,Kitzmannweg,Niedrig,Eingestellt,Anonym,2024-11-11,4,34410.2,3,10
AZ-2023-000248,Urkundenfälschung,2024-04-25,00:00,Sachsenhausen-Nord,50.165342,8.691439,Hillerring,Niedrig,Abgeschlossen,Zeuge,2024-06-27,3,22837.56,2,8
AZ-2024-000249,Bedrohung,2025-08-08,01:06,Eschersheim,50.168405,8.59015,Heinrichgasse,Niedrig,Eingestellt,Zeuge,2025-09-04,1,0.0,1,5
AZ-2024-000250,Betrug,2024-11-04,11:57,Bonames,50.063296,8.712446,Mahmut-Dussen van-Allee,Niedrig,Abgeschlossen,Notruf,2025-09-25,4,13591.65,3,15
AZ-2023-000251,Drogendelikt,2025-05-13,20:56,Sachsenhausen-Süd,50.038852,8.710263,Hans-Joachim-Hande-Allee,Dringend,Eingestellt,Anonym,2025-07-16,4,0.0,3,11
AZ-2024-000252,Diebstahl,2023-03-01,21:56,Höchst,50.101954,8.632104,Hofmannweg,Niedrig,Eingestellt,Patrouille,2023-05-13,3,0.0,5,7
AZ-2024-000253,Raub,2024-11-23,16:33,Hausen,50.032144,8.689042,Ditschlerinallee,Dringend,Abgeschlossen,Opfer,2025-10-12,1,0.0,1,15
AZ-2025-000254,Sachbeschädigung,2025-10-12,05:04,Westend-Süd,50.058361,8.790208,Knut-Heidrich-Ring,Dringend,Eingestellt,Notruf,2026-04-01,2,0.0,3,14
AZ-2023-000255,Drogendelikt,2023-06-30,15:28,Innenstadt,50.191521,8.716438,Lars-Austermühle-Allee,Dringend,Ermittlung läuft,Zeuge,,1,39589.16,4,9
AZ-2023-000256,Computerbetrug,2025-11-07,17:13,Westend-Süd,50.186064,8.591176,Kamil-Bien-Gasse,Dringend,Abgeschlossen,Patrouille,2026-07-05,4,18164.73,3,3
AZ-2025-000257,Unterschlagung,2023-07-19,21:14,Ginnheim,50.078925,8.679841,Thanelplatz,Hoch,Ermittlung läuft,Zeuge,,1,24621.11,5,13
AZ-2024-000258,Computerbetrug,2023-08-08,08:39,Griesheim,50.036734,8.75152,Dobesallee,Mittel,Ermittlung läuft,Patrouille,,1,2325.02,5,3
AZ-2025-000259,Diebstahl,2025-07-11,14:42,Nieder-Erlenbach,50.039234,8.635616,Christiana-Hölzenbecher-Straße,Dringend,Abgeschlossen,Anonym,2026-04-02,4,39054.07,1,5
AZ-2024-000260,Erpressung,2023-09-20,03:24,Berkersheim,50.173885,8.637348,Mansring,Mittel,Abgeschlossen,Patrouille,2024-08-02,4,48524.58,3,4
AZ-2025-000261,Bedrohung,2023-10-10,13:38,Eschersheim,50.068804,8.70209,Wally-Birnbaum-Ring,Mittel,Abgeschlossen,Opfer,2024-07-05,2,14528.97,2,4
AZ-2024-000262,Erpressung,2023-12-31,16:34,Harheim,50.142863,8.721534,Drewesallee,Dringend,Abgeschlossen,Anonym,2024-06-20,3,21119.32,0,3
AZ-2024-000263,Beleidigung,2023-02-21,12:09,Sachsenhausen-Süd,50.025189,8.559569,Rolf-Noack-Gasse,Hoch,Ermittlung läuft,Opfer,,1,14757.03,4,1
AZ-2024-000264,Sachbeschädigung,2025-01-04,14:06,Harheim,50.148109,8.755668,Gereon-Fischer-Weg,Hoch,Abgeschlossen,Zeuge,2025-12-22,4,47835.1,5,10
AZ-2023-000265,Hausfriedensbruch,2023-04-21,00:47,Zeilsheim,50.126701,8.728143,Casparplatz,Hoch,Ermittlung läuft,Anonym,,2,48214.49,2,14
AZ-2023-000266,Drogendelikt,2023-12-30,21:04,Berkersheim,50.046283,8.640542,Brita-Wieloch-Straße,Hoch,Ermittlung läuft,Anonym,,3,0.0,4,8
AZ-2023-000267,Urkundenfälschung,2023-01-12,10:29,Seckbach,50.022189,8.77659,Lene-Preiß-Straße,Hoch,Abgeschlossen,Notruf,2023-04-08,3,0.0,5,10
AZ-2024-000268,Körperverletzung,2024-03-26,05:33,Kalbach-Riedberg,50.105925,8.608425,Margrafring,Hoch,Ermittlung läuft,Opfer,,2,16553.33,2,6
AZ-2023-000269,Hausfriedensbruch,2025-08-30,17:52,Zeilsheim,50.016585,8.691412,Jäkelstr.,Mittel,Eingestellt,Zeuge,2026-08-04,3,39810.33,0,12
AZ-2025-000270,Urkundenfälschung,2024-06-09,17:46,Bonames,50.17904,8.741652,Ekaterina-Warmer-Gasse,Dringend,Ermittlung läuft,Notruf,,1,0.0,5,6
AZ-2023-000271,Beleidigung,2024-10-18,16:05,Kalbach-Riedberg,50.189893,8.725648,Emmy-Hahn-Ring,Niedrig,Gerichtlich,Opfer,2025-01-18,2,21210.47,0,6
AZ-2023-000272,Körperverletzung,2025-06-10,20:52,Eckenheim,50.042676,8.622626,Gerwin-Henck-Platz,Niedrig,Gerichtlich,Zeuge,2026-06-03,2,27904.21,4,7
AZ-2025-000273,Diebstahl,2024-06-13,13:24,Ostend,50.092945,8.47754,Gert-Adler-Straße,Niedrig,Abgeschlossen,Anonym,2025-01-13,1,3629.47,4,3
AZ-2025-000274,Diebstahl,2024-08-16,21:19,Fechenheim,50.152749,8.615558,Strohstr.,Dringend,Abgeschlossen,Opfer,2025-01-14,2,0.0,3,9
AZ-2025-000275,Betrug,2023-10-23,09:43,Harheim,50.082163,8.783425,Hornichgasse,Niedrig,Eingestellt,Zeuge,2024-09-25,1,19704.09,4,2
AZ-2023-000276,Betrug,2024-09-16,06:47,Sossenheim,50.053113,8.769046,Kevin-Trapp-Ring,Mittel,Abgeschlossen,Opfer,2025-03-18,3,0.0,1,1
AZ-2025-000277,Erpressung,2025-08-02,20:35,Gallus,50.135903,8.554226,Boucseinweg,Dringend,Ermittlung läuft,Patrouille,,3,0.0,5,7
AZ-2025-000278,Beleidigung,2023-07-24,09:39,Eckenheim,50.04983,8.631362,Stefanie-Hettner-Allee,Hoch,Ermittlung läuft,Anonym,,2,18224.67,2,13
AZ-2024-000279,Computerbetrug,2023-12-12,00:20,Unterliederbach,50.054875,8.71466,Silvio-Drewes-Weg,Hoch,Ermittlung läuft,Opfer,,3,23142.42,2,9
AZ-2025-000280,Sachbeschädigung,2025-09-24,17:06,Bornheim,50.124193,8.748108,Friedericke-Fischer-Ring,Hoch,Ermittlung läuft,Zeuge,,1,42479.36,5,0
AZ-2024-000281,Beleidigung,2025-04-09,18:13,Kalbach-Riedberg,50.061911,8.765227,Claas-Bonbach-Platz,Mittel,Gerichtlich,Patrouille,2026-01-23,4,0.0,4,9
AZ-2025-000282,Beleidigung,2023-10-02,14:32,Hausen,50.080496,8.475474,Scheibeweg,Mittel,Abgeschlossen,Anonym,2024-04-29,2,8957.26,4,4
AZ-2023-000283,Diebstahl,2025-09-17,11:02,Bonames,50.102776,8.492618,Mangoldgasse,Mittel,Ermittlung läuft,Anonym,,3,45895.1,0,1
AZ-2025-000284,Unterschlagung,2024-10-25,03:45,Praunheim,50.164336,8.745838,Strohring,Mittel,Gerichtlich,Notruf,2025-09-21,4,32666.83,0,8
AZ-2023-000285,Unterschlagung,2025-02-09,07:33,Seckbach,50.102635,8.630132,Heydrichstr.,Mittel,Abgeschlossen,Notruf,2025-08-11,2,0.0,4,8
AZ-2024-000286,Urkundenfälschung,2024-03-09,04:11,Rödelheim,50.123364,8.739961,Mangoldgasse,Hoch,Ermittlung läuft,Zeuge,,4,23951.06,4,5
AZ-2025-000287,Diebstahl,2025-04-21,00:15,Frankfurter Berg,50.118228,8.52485,Rita-Löwer-Allee,Mittel,Ermittlung läuft,Zeuge,,2,0.0,1,12
AZ-2024-000288,Computerbetrug,2023-02-08,23:46,Seckbach,50.185506,8.543043,Schleichring,Dringend,Abgeschlossen,Opfer,2023-07-10,2,30041.94,4,5
AZ-2023-000289,Drogendelikt,2025-11-12,08:10,Westend-Nord,50.181023,8.667663,Dirk-Hein-Allee,Dringend,Abgeschlossen,Opfer,2026-05-13,1,0.0,4,13
AZ-2025-000290,Urkundenfälschung,2023-11-03,19:06,Kalbach-Riedberg,50.177289,8.668739,Kornelia-Steinberg-Ring,Niedrig,Ermittlung läuft,Zeuge,,4,45099.24,4,0
AZ-2024-000291,Urkundenfälschung,2025-06-02,16:26,Rödelheim,50.022819,8.64578,Kläre-Wernecke-Platz,Dringend,Ermittlung läuft,Patrouille,,1,12725.9,1,2
AZ-2025-000292,Unterschlagung,2024-08-03,19:56,Altstadt,50.049024,8.704601,Pohlweg,Niedrig,Abgeschlossen,Anonym,2024-12-19,1,10270.93,2,13
AZ-2025-000293,Raub,2025-01-11,03:09,Unterliederbach,50.060654,8.752432,Holstenplatz,Hoch,Abgeschlossen,Notruf,2025-11-13,2,39189.42,3,5
AZ-2025-000294,Betrug,2025-01-28,17:35,Fechenheim,50.118977,8.725936,Schusterallee,Niedrig,Abgeschlossen,Opfer,2025-07-11,4,47462.26,0,6
AZ-2023-000295,Drogendelikt,2025-11-07,12:50,Westend-Süd,50.114104,8.700635,Conradistraße,Niedrig,Ermittlung läuft,Zeuge,,2,30012.27,0,2
AZ-2025-000296,Beleidigung,2024-06-22,07:23,Fechenheim,50.021796,8.598059,Langering,Hoch,Ermittlung läuft,Anonym,,1,41011.44,5,15
AZ-2025-000297,Unterschlagung,2025-06-18,00:12,Seckbach,50.066481,8.483024,Steckelgasse,Mittel,Eingestellt,Anonym,2026-03-17,2,17987.0,5,0
AZ-2025-000298,Diebstahl,2023-11-19,02:17,Gallus,50.135539,8.604988,Maurizio-Langern-Allee,Niedrig,Eingestellt,Zeuge,2024-05-24,3,27955.69,4,11
AZ-2024-000299,Betrug,2024-12-12,08:14,Altstadt,50.096857,8.604498,Hövelweg,Dringend,Abgeschlossen,Anonym,2025-03-28,1,25158.46,2,3
AZ-2024-000300,Urkundenfälschung,2024-06-11,17:52,Nieder-Eschbach,50.139955,8.788866,Wesackstr.,Mittel,Eingestellt,Patrouille,2024-10-24,4,44826.19,0,15
AZ-2024-000301,Drogendelikt,2023-08-27,08:04,Rödelheim,50.156958,8.544285,Uli-Cichorius-Ring,Hoch,Ermittlung läuft,Anonym,,1,13167.48,2,2
AZ-2024-000302,Sachbeschädigung,2025-03-28,21:47,Eschersheim,50.114819,8.530543,Junitzgasse,Hoch,Eingestellt,Opfer,2025-05-12,2,9983.33,5,7
AZ-2023-000303,Körperverletzung,2024-06-27,06:14,Sachsenhausen-Nord,50.059945,8.6749,Pieperallee,Niedrig,Ermittlung läuft,Notruf,,1,27073.7,0,15
AZ-2024-000304,Drogendelikt,2025-01-30,19:20,Sossenheim,50.171378,8.632984,Gerta-Riehl-Straße,Mittel,Abgeschlossen,Anonym,2025-11-27,2,0.0,3,15
AZ-2025-000305,Unterschlagung,2023-03-08,16:22,Ostend,50.138541,8.529335,Blochplatz,Dringend,Ermittlung läuft,Patrouille,,1,0.0,1,12
AZ-2024-000306,Erpressung,2023-07-26,10:23,Niederursel,50.048687,8.558214,Scholtzallee,Hoch,Abgeschlossen,Patrouille,2023-12-12,2,10526.62,5,11
AZ-2023-000307,Bedrohung,2025-01-17,12:17,Rödelheim,50.038605,8.660893,Schomberstraße,Hoch,Abgeschlossen,Opfer,2025-11-12,4,9803.16,5,4
AZ-2025-000308,Bedrohung,2025-08-26,00:11,Nieder-Erlenbach,50.194201,8.7506,Hansjürgen-Hethur-Weg,Hoch,Abgeschlossen,Notruf,2025-11-09,3,0.0,4,1
AZ-2023-000309,Verkehrsdelikt,2025-03-26,03:44,Frankfurter Berg,50.053784,8.555407,Susann-Hövel-Straße,Hoch,Ermittlung läuft,Patrouille,,3,27874.57,2,11
AZ-2025-000310,Beleidigung,2023-02-10,13:07,Nieder-Eschbach,50.137325,8.670629,Eberhardtgasse,Mittel,Ermittlung läuft,Patrouille,,3,25522.23,5,14
AZ-2025-000311,Urkundenfälschung,2023-06-10,12:39,Sachsenhausen-Süd,50.128708,8.51951,Inge-Freudenberger-Ring,Hoch,Ermittlung läuft,Notruf,,4,3567.2,1,10
AZ-2024-000312,Bedrohung,2024-04-12,10:20,Zeilsheim,50.123969,8.601709,Birgit-Ladeck-Gasse,Dringend,Abgeschlossen,Notruf,2024-09-02,2,0.0,0,4
AZ-2023-000313,Körperverletzung,2024-04-25,21:16,Fechenheim,50.149953,8.541067,Melitta-Drewes-Straße,Niedrig,Gerichtlich,Notruf,2025-04-25,1,0.0,3,2
AZ-2023-000314,Sachbeschädigung,2023-08-01,08:39,Dornbusch,50.13287,8.762435,Friedericke-Fliegner-Straße,Hoch,Ermittlung läuft,Notruf,,2,0.0,1,0
AZ-2024-000315,Unterschlagung,2023-03-13,21:22,Kalbach-Riedberg,50.170563,8.625239,Pechelweg,Dringend,Eingestellt,Opfer,2023-09-02,2,22827.17,5,13
AZ-2023-000316,Einbruchdiebstahl,2024-09-26,11:30,Praunheim,50.094535,8.591977,Liebeltallee,Niedrig,Abgeschlossen,Zeuge,2024-11-17,2,23459.9,0,15
AZ-2024-000317,Sachbeschädigung,2025-09-04,09:00,Harheim,50.122461,8.73334,Mudeplatz,Dringend,Eingestellt,Anonym,2026-02-07,4,8163.47,5,12
AZ-2025-000318,Beleidigung,2025-02-13,07:16,Riederwald,50.127558,8.641448,Rohlederplatz,Hoch,Ermittlung läuft,Patrouille,,3,42674.1,1,4
AZ-2024-000319,Diebstahl,2024-08-16,03:40,Gallus,50.063984,8.676263,Grein Grothstr.,Mittel,Abgeschlossen,Zeuge,2025-04-11,1,0.0,0,9
AZ-2023-000320,Raub,2024-07-05,04:45,Schwanheim,50.056906,8.521424,Nicole-Bohnbach-Ring,Dringend,Abgeschlossen,Patrouille,2024-07-16,4,23184.22,0,10
AZ-2023-000321,Hausfriedensbruch,2023-06-14,04:03,Bockenheim,50.085636,8.650167,Kargeallee,Hoch,Ermittlung läuft,Notruf,,1,0.0,5,7
AZ-2025-000322,Beleidigung,2025-02-27,14:15,Nordend-Ost,50.050852,8.713186,Adlerring,Mittel,Abgeschlossen,Notruf,2025-03-23,4,15605.47,2,5
AZ-2024-000323,Hausfriedensbruch,2023-03-28,23:59,Gallus,50.060596,8.681435,Schaafstr.,Niedrig,Abgeschlossen,Opfer,2023-06-05,1,0.0,3,10
AZ-2023-000324,Erpressung,2023-01-31,05:50,Altstadt,50.036537,8.730839,Fischerstraße,Dringend,Ermittlung läuft,Anonym,,2,4474.0,1,15
AZ-2023-000325,Raub,2023-07-07,21:39,Westend-Süd,50.189537,8.721136,Kaulring,Mittel,Ermittlung läuft,Anonym,,1,0.0,1,10
AZ-2024-000326,Hausfriedensbruch,2024-12-12,14:46,Bornheim,50.139065,8.589479,Meyerring,Niedrig,Ermittlung läuft,Notruf,,4,27136.7,3,6
AZ-2025-000327,Betrug,2024-01-18,17:22,Seckbach,50.099311,8.756593,Hertha-Henck-Weg,Niedrig,Ermittlung läuft,Anonym,,2,40970.93,4,11
AZ-2024-000328,Urkundenfälschung,2025-07-18,00:49,Riederwald,50.147058,8.761602,Heintzeallee,Mittel,Abgeschlossen,Patrouille,2026-02-04,1,26947.83,3,6
AZ-2025-000329,Beleidigung,2025-10-15,17:09,Nordend-Ost,50.088765,8.577624,Beyerring,Niedrig,Abgeschlossen,Zeuge,2026-04-05,2,0.0,0,6
AZ-2025-000330,Erpressung,2023-08-08,15:12,Schwanheim,50.117782,8.746306,Trappallee,Hoch,Ermittlung läuft,Zeuge,,3,0.0,5,2
AZ-2025-000331,Bedrohung,2023-01-27,06:41,Bonames,50.099251,8.681565,Krauseweg,Dringend,Abgeschlossen,Patrouille,2023-03-15,1,13290.78,0,2
AZ-2023-000332,Sachbeschädigung,2024-09-14,02:13,Berkersheim,50.033221,8.547774,Agnes-Beier-Platz,Mittel,Gerichtlich,Anonym,2024-11-09,2,27907.08,5,3
AZ-2025-000333,Drogendelikt,2025-01-03,21:29,Bockenheim,50.173908,8.526713,Ditschlerinallee,Hoch,Abgeschlossen,Opfer,2025-08-16,4,45124.25,4,10
AZ-2024-000334,Urkundenfälschung,2025-01-31,13:48,Griesheim,50.124514,8.656711,Ditschlerinstr.,Hoch,Abgeschlossen,Patrouille,2025-07-22,4,19854.53,5,1
AZ-2024-000335,Diebstahl,2024-08-05,19:01,Griesheim,50.016182,8.794881,Austermühleweg,Hoch,Abgeschlossen,Anonym,2025-01-13,2,0.0,3,11
AZ-2023-000336,Erpressung,2023-11-16,04:16,Dornbusch,50.119788,8.548422,Sahin-Sölzer-Platz,Dringend,Ermittlung läuft,Anonym,,2,36179.03,3,5
AZ-2024-000337,Körperverletzung,2025-09-26,22:44,Nieder-Eschbach,50.122142,8.570529,Walter-Zänker-Ring,Niedrig,Abgeschlossen,Patrouille,2025-11-20,3,21715.22,0,7
AZ-2025-000338,Betrug,2023-01-24,20:49,Kalbach-Riedberg,50.069861,8.485508,Scholzweg,Hoch,Abgeschlossen,Anonym,2023-02-27,2,0.0,5,12
AZ-2023-000339,Raub,2025-07-01,19:36,Sachsenhausen-Nord,50.092748,8.729929,Seipgasse,Niedrig,Abgeschlossen,Notruf,2025-10-29,1,13127.9,3,13
AZ-2025-000340,Bedrohung,2023-09-25,04:30,Harheim,50.086157,8.659396,Steuerallee,Mittel,Abgeschlossen,Opfer,2024-06-07,1,0.0,3,10
AZ-2025-000341,Diebstahl,2023-07-03,03:42,Seckbach,50.077695,8.577202,Junckweg,Hoch,Abgeschlossen,Opfer,2024-01-13,3,49507.96,3,4
AZ-2023-000342,Bedrohung,2025-06-21,01:59,Nordend-West,50.138365,8.523165,Riehlgasse,Niedrig,Eingestellt,Opfer,2025-10-08,2,41006.7,0,10
AZ-2025-000343,Unterschlagung,2023-08-16,09:28,Griesheim,50.052622,8.648466,Horst-Günter-Schüler-Allee,Hoch,Abgeschlossen,Anonym,2024-02-08,4,49615.11,5,0
AZ-2025-000344,Erpressung,2025-02-10,18:57,Gallus,50.060982,8.491716,Heidrichweg,Hoch,Abgeschlossen,Zeuge,2025-03-11,4,416.71,3,8
AZ-2025-000345,Bedrohung,2025-01-07,03:01,Berkersheim,50.174012,8.59878,Swen-Dippel-Allee,Niedrig,Ermittlung läuft,Patrouille,,4,26578.03,1,6
AZ-2024-000346,Verkehrsdelikt,2025-10-22,14:35,Dornbusch,50.022155,8.774505,Tibor-Geisel-Allee,Dringend,Gerichtlich,Opfer,2025-11-09,1,17595.65,5,9
AZ-2025-000347,Einbruchdiebstahl,2024-04-28,16:17,Innenstadt,50.061382,8.598992,Baumgasse,Mittel,Eingestellt,Opfer,2025-03-21,3,32846.59,0,12
AZ-2024-000348,Unterschlagung,2024-04-10,13:15,Eckenheim,50.189697,8.770393,Blümelring,Mittel,Abgeschlossen,Opfer,2024-11-21,2,34202.43,1,4
AZ-2025-000349,Hausfriedensbruch,2024-09-24,22:45,Sachsenhausen-Nord,50.092412,8.770153,Kösterstraße,Mittel,Eingestellt,Patrouille,2024-12-09,1,47430.08,0,5
AZ-2024-000350,Verkehrsdelikt,2024-10-12,04:46,Höchst,50.072364,8.79111,Ingolf-Radisch-Straße,Hoch,Ermittlung läuft,Opfer,,2,0.0,1,0
AZ-2023-000351,Bedrohung,2024-06-30,19:36,Preungesheim,50.056793,8.69746,Gustav-Gertz-Gasse,Dringend,Abgeschlossen,Opfer,2025-05-08,4,18697.97,3,15
AZ-2024-000352,Drogendelikt,2025-08-28,04:10,Altstadt,50.020801,8.722769,Schollweg,Mittel,Ermittlung läuft,Opfer,,2,0.0,3,15
AZ-2025-000353,Raub,2024-10-27,14:56,Berkersheim,50.087876,8.485719,Alena-Säuberlich-Platz,Dringend,Ermittlung läuft,Anonym,,1,22580.48,0,7
AZ-2024-000354,Verkehrsdelikt,2025-03-21,23:02,Gallus,50.152729,8.78773,Victor-Schweitzer-Ring,Dringend,Abgeschlossen,Patrouille,2025-12-17,3,21123.11,4,1
AZ-2025-000355,Unterschlagung,2023-10-19,14:53,Bergen-Enkheim,50.145076,8.50912,Hermighausenweg,Mittel,Abgeschlossen,Notruf,2023-12-11,4,1245.61,3,6
AZ-2025-000356,Bedrohung,2025-07-20,02:16,Sachsenhausen-Süd,50.131744,8.705362,Roswitha-Mohaupt-Ring,Niedrig,Ermittlung läuft,Zeuge,,1,31703.62,0,12
AZ-2025-000357,Computerbetrug,2025-11-13,19:10,Eckenheim,50.083509,8.723989,Claus-Peter-Margraf-Ring,Mittel,Ermittlung läuft,Opfer,,2,0.0,5,1
AZ-2023-000358,Diebstahl,2025-05-09,09:19,Bornheim,50.06698,8.531268,Schwitalstraße,Hoch,Abgeschlossen,Zeuge,2025-12-30,4,24932.11,0,15
AZ-2023-000359,Sachbeschädigung,2024-05-02,06:37,Seckbach,50.088827,8.498045,Meyerallee,Hoch,Abgeschlossen,Anonym,2024-12-27,2,0.0,1,1
AZ-2023-000360,Diebstahl,2024-12-15,01:09,Eckenheim,50.119057,8.669878,Gumprichstraße,Niedrig,Eingestellt,Notruf,2025-11-28,2,0.0,2,5
AZ-2024-000361,Hausfriedensbruch,2025-07-21,23:37,Eschersheim,50.021451,8.724072,Döringplatz,Dringend,Ermittlung läuft,Zeuge,,4,3246.29,3,4
AZ-2025-000362,Diebstahl,2023-09-07,22:55,Griesheim,50.109869,8.644084,Rudolphring,Niedrig,Ermittlung läuft,Anonym,,1,34432.71,5,9
AZ-2023-000363,Erpressung,2025-05-24,19:54,Preungesheim,50.10957,8.798368,Thiesring,Dringend,Ermittlung läuft,Anonym,,4,8995.36,4,7
AZ-2025-000364,Drogendelikt,2024-08-17,06:00,Griesheim,50.098679,8.733328,Zofia-Sorgatz-Straße,Dringend,Ermittlung läuft,Zeuge,,3,40302.18,1,0
AZ-2024-000365,Urkundenfälschung,2024-02-17,22:18,Harheim,50.02721,8.570493,Andersstr.,Niedrig,Ermittlung läuft,Zeuge,,3,36219.83,4,0
AZ-2025-000366,Betrug,2023-12-26,06:21,Bahnhofsviertel,50.101239,8.627636,Sibylle-auch Schlauchin-Allee,Dringend,Eingestellt,Opfer,2024-12-11,4,26848.38,2,14
AZ-2025-000367,Diebstahl,2025-04-27,23:03,Harheim,50.11669,8.694449,Hörleallee,Mittel,Eingestellt,Anonym,2025-10-04,3,44401.47,2,2
AZ-2025-000368,Erpressung,2023-11-02,08:53,Sachsenhausen-Süd,50.192051,8.677496,Edit-Kitzmann-Platz,Dringend,Ermittlung läuft,Opfer,,1,37577.01,5,10
AZ-2023-000369,Unterschlagung,2023-03-06,08:26,Dornbusch,50.172869,8.593879,Elsbeth-Hermann-Allee,Hoch,Ermittlung läuft,Opfer,,1,1869.75,1,2
AZ-2025-000370,Computerbetrug,2025-06-27,16:01,Nied,50.042734,8.583558,Ernestine-Dietz-Allee,Hoch,Eingestellt,Patrouille,2026-03-17,2,4912.58,4,4
AZ-2025-000371,Computerbetrug,2024-02-25,23:02,Bahnhofsviertel,50.03585,8.574002,Linus-Zirme-Straße,Niedrig,Abgeschlossen,Patrouille,2024-11-25,4,5155.14,5,9
AZ-2024-000372,Einbruchdiebstahl,2023-02-16,18:48,Gallus,50.175584,8.577249,Clarissa-Knappe-Allee,Hoch,Ermittlung läuft,Notruf,,1,0.0,1,8
AZ-2024-000373,Betrug,2023-08-23,00:39,Eschersheim,50.052184,8.586904,Dimitri-Hübel-Ring,Hoch,Abgeschlossen,Anonym,2023-10-21,2,0.0,2,10
AZ-2023-000374,Körperverletzung,2025-06-27,01:08,Berkersheim,50.177593,8.48855,Gertzplatz,Dringend,Ermittlung läuft,Notruf,,2,44563.79,5,14
AZ-2025-000375,Betrug,2024-12-29,09:21,Sindlingen,50.160674,8.497763,Lilli-Reuter-Ring,Niedrig,Eingestellt,Notruf,2025-12-14,1,34223.9,5,14
AZ-2024-000376,Betrug,2025-08-21,07:14,Bonames,50.176226,8.556641,Gehringerring,Hoch,Ermittlung läuft,Patrouille,,4,3268.26,0,11
AZ-2025-000377,Körperverletzung,2025-09-07,14:54,Bornheim,50.153229,8.670256,Hübelweg,Dringend,Ermittlung läuft,Zeuge,,3,3546.2,2,14
AZ-2024-000378,Körperverletzung,2025-03-31,18:26,Nied,50.058864,8.524159,Drewesstraße,Hoch,Ermittlung läuft,Opfer,,4,21767.69,2,7
AZ-2023-000379,Erpressung,2023-12-21,21:42,Schwanheim,50.182555,8.660334,Friedbert-Wende-Platz,Dringend,Ermittlung läuft,Patrouille,,1,8808.7,3,2
AZ-2023-000380,Sachbeschädigung,2023-08-11,21:52,Westend-Süd,50.073933,8.683556,Rohtring,Mittel,Abgeschlossen,Anonym,2024-02-28,1,33044.07,3,9
AZ-2025-000381,Einbruchdiebstahl,2025-03-09,19:36,Nieder-Eschbach,50.137673,8.575844,Lisette-Kroker-Gasse,Dringend,Abgeschlossen,Patrouille,2025-06-29,1,30574.54,4,12
AZ-2024-000382,Körperverletzung,2023-09-19,09:03,Harheim,50.113799,8.489426,Reisinggasse,Hoch,Ermittlung läuft,Zeuge,,2,29508.19,5,10
AZ-2025-000383,Drogendelikt,2025-02-22,12:24,Gallus,50.134248,8.627758,Kochweg,Hoch,Abgeschlossen,Notruf,2025-06-17,2,0.0,5,4
AZ-2023-000384,Körperverletzung,2023-10-03,00:04,Unterliederbach,50.144841,8.631638,Sauerstraße,Mittel,Abgeschlossen,Notruf,2023-12-22,4,34769.53,3,5
AZ-2025-000385,Diebstahl,2025-07-19,16:27,Unterliederbach,50.084249,8.546043,Dörrweg,Dringend,Abgeschlossen,Opfer,2026-03-13,3,27308.31,2,1
AZ-2023-000386,Bedrohung,2023-03-19,18:30,Nordend-West,50.119448,8.78745,Wieland-Barth-Weg,Hoch,Abgeschlossen,Notruf,2023-05-22,1,30503.53,1,15
AZ-2025-000387,Urkundenfälschung,2023-06-09,21:40,Eckenheim,50.07125,8.48931,Schmidtplatz,Niedrig,Abgeschlossen,Notruf,2024-04-07,4,23461.62,5,10
AZ-2025-000388,Einbruchdiebstahl,2025-05-12,11:51,Seckbach,50.045151,8.699977,Evi-Mitschke-Allee,Hoch,Ermittlung läuft,Zeuge,,4,28643.0,5,9
AZ-2024-000389,Betrug,2023-02-25,09:31,Niederursel,50.106007,8.751274,Seipstraße,Hoch,Ermittlung läuft,Patrouille,,3,0.0,0,5
AZ-2024-000390,Betrug,2023-11-06,21:28,Hausen,50.046572,8.728669,Fredy-Bien-Gasse,Niedrig,Ermittlung läuft,Patrouille,,1,29777.2,1,15
AZ-2023-000391,Beleidigung,2025-04-25,12:15,Preungesheim,50.045111,8.661504,Nohlmansgasse,Hoch,Abgeschlossen,Zeuge,2026-03-24,1,0.0,3,15
AZ-2024-000392,Einbruchdiebstahl,2024-09-09,15:47,Berkersheim,50.057059,8.696191,Horst-Günter-Renner-Platz,Mittel,Gerichtlich,Anonym,2025-06-15,4,0.0,3,12
AZ-2025-000393,Hausfriedensbruch,2024-10-08,16:43,Unterliederbach,50.180188,8.681075,Metzring,Hoch,Gerichtlich,Patrouille,2024-12-03,3,0.0,0,8
AZ-2025-000394,Raub,2025-03-12,14:49,Gallus,50.147176,8.665102,Schaafweg,Mittel,Abgeschlossen,Patrouille,2025-07-20,1,41584.47,0,13
AZ-2023-000395,Diebstahl,2023-07-20,16:06,Gallus,50.054495,8.564921,Reinhilde-Liebelt-Allee,Niedrig,Abgeschlossen,Zeuge,2024-01-22,2,31904.14,5,3
AZ-2023-000396,Bedrohung,2023-06-26,19:08,Bockenheim,50.152494,8.684513,Marlis-Niemeier-Weg,Mittel,Ermittlung läuft,Patrouille,,3,46809.1,5,14
AZ-2023-000397,Drogendelikt,2024-07-20,13:44,Niederursel,50.061321,8.72808,Holtgasse,Dringend,Gerichtlich,Patrouille,2025-01-08,1,0.0,2,5
AZ-2023-000398,Betrug,2025-06-21,02:31,Schwanheim,50.124854,8.530529,Harloffstraße,Dringend,Gerichtlich,Opfer,2025-10-08,1,35770.02,0,1
AZ-2023-000399,Hausfriedensbruch,2023-05-30,02:36,Frankfurter Berg,50.018378,8.635246,Heinzallee,Niedrig,Abgeschlossen,Notruf,2024-01-20,3,0.0,2,12
AZ-2025-000400,Sachbeschädigung,2023-01-08,16:45,Westend-Nord,50.101065,8.604483,Dippelweg,Niedrig,Gerichtlich,Notruf,2023-09-23,4,0.0,4,11
AZ-2025-000401,Computerbetrug,2024-11-13,21:19,Bonames,50.194463,8.68424,Ringweg,Hoch,Abgeschlossen,Zeuge,2025-10-09,4,14497.93,1,5
AZ-2025-000402,Raub,2023-03-22,12:42,Frankfurter Berg,50.140259,8.766039,Bolanderstraße,Dringend,Ermittlung läuft,Zeuge,,4,6997.15,1,0
AZ-2024-000403,Diebstahl,2024-05-03,15:24,Kalbach-Riedberg,50.112299,8.572936,Grein Grothgasse,Niedrig,Ermittlung läuft,Patrouille,,1,36050.6,3,3
AZ-2023-000404,Hausfriedensbruch,2024-03-09,20:42,Bergen-Enkheim,50.171636,8.647992,Conradiweg,Niedrig,Abgeschlossen,Zeuge,2025-02-26,2,953.15,4,1
AZ-2023-000405,Verkehrsdelikt,2024-05-12,22:41,Dornbusch,50.046005,8.488386,Florentine-Schwital-Weg,Mittel,Ermittlung läuft,Anonym,,1,5316.56,3,7
AZ-2024-000406,Körperverletzung,2023-05-10,06:27,Fechenheim,50.165461,8.714041,Bernard-Zimmer-Ring,Mittel,Ermittlung läuft,Patrouille,,2,29654.26,2,2
AZ-2023-000407,Hausfriedensbruch,2023-09-05,08:09,Zeilsheim,50.140333,8.653518,Fedor-Zimmer-Weg,Niedrig,Eingestellt,Opfer,2023-12-07,1,31609.73,3,5
AZ-2024-000408,Drogendelikt,2023-02-02,15:05,Bergen-Enkheim,50.047294,8.501238,Charles-Wieloch-Weg,Dringend,Ermittlung läuft,Opfer,,2,0.0,2,14
AZ-2023-000409,Beleidigung,2025-04-23,07:11,Riederwald,50.122329,8.707241,Cristina-Hande-Platz,Hoch,Abgeschlossen,Patrouille,2025-05-19,4,0.0,1,6
AZ-2025-000410,Sachbeschädigung,2023-08-29,16:06,Frankfurter Berg,50.106357,8.624263,Wohlgemutplatz,Hoch,Abgeschlossen,Zeuge,2024-06-07,2,0.0,1,15
AZ-2024-000411,Einbruchdiebstahl,2025-10-15,05:10,Griesheim,50.024725,8.591455,Karl-Friedrich-Fiebig-Platz,Hoch,Abgeschlossen,Anonym,2025-11-13,4,0.0,5,1
AZ-2025-000412,Verkehrsdelikt,2023-12-27,05:50,Hausen,50.107683,8.495242,Gertzgasse,Hoch,Ermittlung läuft,Notruf,,2,44918.64,1,3
AZ-2023-000413,Verkehrsdelikt,2024-10-29,07:06,Rödelheim,50.089267,8.537586,Francisco-Austermühle-Ring,Dringend,Ermittlung läuft,Zeuge,,4,0.0,4,14
AZ-2023-000414,Raub,2023-12-31,12:23,Niederursel,50.144568,8.679303,Dajana-Junitz-Gasse,Mittel,Ermittlung läuft,Zeuge,,1,0.0,0,14
AZ-2025-000415,Hausfriedensbruch,2025-07-28,13:10,Frankfurter Berg,50.174554,8.669993,Josip-Birnbaum-Platz,Mittel,Eingestellt,Anonym,2025-11-24,2,0.0,4,15
AZ-2023-000416,Raub,2024-03-19,18:30,Hausen,50.017611,8.61242,Putzgasse,Dringend,Eingestellt,Anonym,2024-08-15,2,29588.58,1,0
AZ-2025-000417,Computerbetrug,2025-05-05,01:02,Nied,50.021052,8.646208,Willy-Meister-Ring,Niedrig,Gerichtlich,Notruf,2026-01-25,4,0.0,4,0
AZ-2024-000418,Beleidigung,2025-04-12,06:08,Innenstadt,50.058031,8.799656,Toralf-Paffrath-Platz,Hoch,Ermittlung läuft,Opfer,,4,37364.33,0,14
AZ-2025-000419,Beleidigung,2025-08-07,04:55,Sindlingen,50.157175,8.593498,Iwona-Ziegert-Allee,Niedrig,Abgeschlossen,Zeuge,2025-11-16,4,16645.31,0,9
AZ-2025-000420,Hausfriedensbruch,2025-05-22,08:44,Nordend-West,50.118541,8.539944,Mielcarekweg,Hoch,Gerichtlich,Zeuge,2026-03-02,3,5548.33,2,14
AZ-2023-000421,Raub,2023-03-25,11:23,Griesheim,50.115582,8.493978,Burghard-Naser-Straße,Mittel,Ermittlung läuft,Anonym,,1,36869.0,4,6
AZ-2024-000422,Raub,2024-04-06,10:22,Westend-Nord,50.137441,8.562904,Striebitzgasse,Dringend,Eingestellt,Notruf,2024-12-26,1,26595.22,4,9
AZ-2023-000423,Hausfriedensbruch,2025-07-14,19:23,Westend-Nord,50.160583,8.780607,Trubstraße,Dringend,Eingestellt,Zeuge,2026-07-10,1,8940.59,0,3
AZ-2023-000424,Einbruchdiebstahl,2023-12-04,08:07,Frankfurter Berg,50.04209,8.538996,Rotraud-Butte-Ring,Dringend,Abgeschlossen,Anonym,2024-08-21,2,21006.5,5,0
AZ-2025-000425,Raub,2024-08-20,06:04,Nieder-Erlenbach,50.159358,8.745863,Carsten-Eberth-Ring,Dringend,Ermittlung läuft,Anonym,,3,39341.22,3,14
AZ-2023-000426,Verkehrsdelikt,2025-07-26,09:36,Praunheim,50.157083,8.52833,Kranzstr.,Hoch,Ermittlung läuft,Patrouille,,1,0.0,2,14
AZ-2025-000427,Bedrohung,2023-12-07,19:59,Bockenheim,50.111357,8.531788,Metzstr.,Mittel,Ermittlung läuft,Opfer,,2,0.0,2,4
AZ-2024-000428,Betrug,2025-06-21,08:23,Eschersheim,50.116248,8.483378,Dippelallee,Hoch,Ermittlung läuft,Notruf,,2,6074.5,0,12
AZ-2024-000429,Beleidigung,2025-10-19,04:29,Sossenheim,50.015773,8.714226,Monika-Sölzer-Allee,Hoch,Gerichtlich,Notruf,2026-01-13,3,37708.08,4,4
AZ-2023-000430,Einbruchdiebstahl,2025-06-24,10:44,Harheim,50.101217,8.485147,Stefano-Mentzel-Platz,Niedrig,Ermittlung läuft,Notruf,,2,4624.06,0,6
AZ-2025-000431,Drogendelikt,2024-03-30,08:12,Nordend-West,50.111914,8.61811,Kambsallee,Mittel,Ermittlung läuft,Notruf,,3,25577.79,0,11
AZ-2024-000432,Einbruchdiebstahl,2025-03-25,04:45,Preungesheim,50.0845,8.475999,Kuhlstraße,Dringend,Eingestellt,Anonym,2025-10-07,1,0.0,3,13
AZ-2025-000433,Körperverletzung,2025-06-25,09:10,Bergen-Enkheim,50.146149,8.607856,Luigi-Loos-Ring,Mittel,Eingestellt,Opfer,2026-02-04,3,43376.29,2,2
AZ-2023-000434,Sachbeschädigung,2025-02-08,02:00,Nieder-Eschbach,50.089613,8.654307,Kösterplatz,Mittel,Abgeschlossen,Notruf,2025-07-04,3,2111.65,2,9
AZ-2025-000435,Computerbetrug,2025-10-08,17:47,Dornbusch,50.15742,8.52252,Börnergasse,Dringend,Abgeschlossen,Zeuge,2025-10-28,3,24594.33,5,7
AZ-2025-000436,Verkehrsdelikt,2023-02-28,03:48,Bonames,50.19398,8.493886,Dogan-Löwer-Gasse,Dringend,Ermittlung läuft,Patrouille,,4,40914.04,2,0
AZ-2024-000437,Betrug,2024-06-15,05:37,Bornheim,50.072543,8.760088,Ehlertstr.,Niedrig,Ermittlung läuft,Patrouille,,3,45605.23,2,1
AZ-2023-000438,Erpressung,2024-08-16,09:33,Bockenheim,50.107496,8.723393,Cynthia-Rörricht-Weg,Mittel,Abgeschlossen,Anonym,2024-10-01,3,41341.1,5,9
AZ-2023-000439,Betrug,2024-07-09,21:44,Sachsenhausen-Nord,50.111196,8.587334,Steckelgasse,Hoch,Abgeschlossen,Patrouille,2024-09-03,4,46045.37,1,3
AZ-2025-000440,Computerbetrug,2024-03-22,04:32,Riederwald,50.048915,8.766235,Klappallee,Niedrig,Ermittlung läuft,Notruf,,4,5828.28,1,0
AZ-2025-000441,Urkundenfälschung,2025-09-09,11:19,Seckbach,50.162067,8.76383,Ullmanngasse,Hoch,Abgeschlossen,Opfer,2025-11-26,3,0.0,0,7
AZ-2024-000442,Bedrohung,2023-09-21,22:09,Nordend-West,50.037562,8.514712,Schinkering,Niedrig,Abgeschlossen,Zeuge,2024-03-03,1,37866.7,0,6
AZ-2023-000443,Körperverletzung,2023-08-09,01:50,Praunheim,50.025668,8.511006,Döhnstr.,Hoch,Abgeschlossen,Zeuge,2024-06-14,1,46004.9,1,6
AZ-2025-000444,Raub,2024-01-14,21:22,Niederursel,50.0412,8.716753,Gernot-Sontag-Straße,Hoch,Ermittlung läuft,Opfer,,2,3416.85,4,0
AZ-2023-000445,Hausfriedensbruch,2024-03-20,22:12,Nordend-Ost,50.177299,8.648177,Mina-Dörr-Ring,Dringend,Gerichtlich,Patrouille,2024-06-22,2,47887.39,1,11
AZ-2024-000446,Körperverletzung,2025-02-16,13:13,Ostend,50.035312,8.794953,Drewesallee,Mittel,Abgeschlossen,Notruf,2025-09-19,3,27856.61,0,2
AZ-2023-000447,Unterschlagung,2024-11-02,15:07,Zeilsheim,50.09725,8.713465,Ruppersbergerplatz,Dringend,Ermittlung läuft,Patrouille,,4,0.0,0,15
AZ-2025-000448,Beleidigung,2025-01-22,05:00,Nieder-Erlenbach,50.135977,8.602009,Rörrichtallee,Niedrig,Gerichtlich,Zeuge,2025-10-07,2,34751.86,0,5
AZ-2023-000449,Computerbetrug,2023-05-13,11:12,Ostend,50.122093,8.796937,Eileen-Sontag-Allee,Dringend,Ermittlung läuft,Notruf,,3,38298.61,4,8
AZ-2024-000450,Körperverletzung,2025-03-30,11:30,Sachsenhausen-Nord,50.192754,8.639744,Baumplatz,Niedrig,Abgeschlossen,Patrouille,2025-10-30,4,31418.55,1,0
AZ-2025-000451,Beleidigung,2023-07-23,23:03,Berkersheim,50.137059,8.79084,Tintzmannallee,Hoch,Eingestellt,Opfer,2024-04-10,3,4816.68,0,15
AZ-2025-000452,Diebstahl,2025-08-12,06:18,Kalbach-Riedberg,50.105863,8.64992,Kambsring,Niedrig,Abgeschlossen,Notruf,2026-04-27,1,15727.96,3,14
AZ-2024-000453,Drogendelikt,2025-07-30,01:02,Sachsenhausen-Süd,50.133694,8.727637,Hans-Bernd-Fechner-Weg,Mittel,Ermittlung läuft,Patrouille,,4,5469.1,5,15
AZ-2024-000454,Erpressung,2025-08-20,15:35,Bergen-Enkheim,50.025033,8.558392,Bohnbachplatz,Hoch,Eingestellt,Patrouille,2026-05-13,3,0.0,4,1
AZ-2024-000455,Körperverletzung,2023-09-20,11:22,Eckenheim,50.019842,8.76436,Dirk-Weinhold-Weg,Dringend,Eingestellt,Patrouille,2024-07-21,3,2822.46,1,7
AZ-2023-000456,Diebstahl,2024-04-25,20:19,Eckenheim,50.02679,8.572011,Phillip-Lindner-Straße,Hoch,Abgeschlossen,Zeuge,2025-04-19,4,21123.65,4,13
AZ-2024-000457,Erpressung,2024-06-30,00:44,Berkersheim,50.192438,8.595898,Frankering,Niedrig,Abgeschlossen,Notruf,2024-07-18,1,10295.42,3,10
AZ-2025-000458,Sachbeschädigung,2023-12-08,19:19,Westend-Nord,50.093478,8.635,Ullmannring,Hoch,Ermittlung läuft,Patrouille,,1,0.0,4,12
AZ-2025-000459,Urkundenfälschung,2024-04-07,19:47,Westend-Nord,50.032052,8.582483,Regina-Birnbaum-Platz,Dringend,Gerichtlich,Notruf,2025-02-04,2,3833.08,2,9
AZ-2024-000460,Beleidigung,2025-06-05,21:34,Sossenheim,50.089577,8.554415,Katharine-Schönland-Gasse,Mittel,Ermittlung läuft,Zeuge,,2,10647.64,5,14
AZ-2025-000461,Sachbeschädigung,2024-07-02,20:34,Westend-Süd,50.183234,8.71033,Jörgen-Margraf-Allee,Hoch,Eingestellt,Notruf,2025-02-16,2,0.0,5,9
AZ-2024-000462,Beleidigung,2025-06-10,13:20,Niederursel,50.129107,8.749477,Neureutherstr.,Mittel,Eingestellt,Patrouille,2025-07-19,2,5677.93,1,0
AZ-2023-000463,Einbruchdiebstahl,2024-05-17,09:29,Gallus,50.090963,8.769055,Liebeltring,Mittel,Abgeschlossen,Zeuge,2025-01-02,3,13888.6,4,5
AZ-2024-000464,Computerbetrug,2023-03-28,23:31,Seckbach,50.169725,8.499529,Katherina-Peukert-Gasse,Niedrig,Eingestellt,Notruf,2023-05-02,3,44285.97,3,4
AZ-2024-000465,Verkehrsdelikt,2024-04-28,03:36,Nieder-Erlenbach,50.108952,8.743906,Losekanngasse,Niedrig,Abgeschlossen,Opfer,2024-07-05,1,15670.52,4,12
AZ-2024-000466,Einbruchdiebstahl,2024-04-28,13:13,Zeilsheim,50.046528,8.790135,Stiebitzweg,Niedrig,Ermittlung läuft,Notruf,,3,5648.07,4,13
AZ-2023-000467,Beleidigung,2025-08-30,21:15,Dornbusch,50.08034,8.70674,Putzweg,Niedrig,Gerichtlich,Zeuge,2025-11-19,2,0.0,3,9
AZ-2024-000468,Einbruchdiebstahl,2025-01-13,21:07,Fechenheim,50.169376,8.599418,Bienplatz,Niedrig,Abgeschlossen,Opfer,2025-05-21,3,0.0,1,14
AZ-2024-000469,Bedrohung,2024-10-11,20:26,Schwanheim,50.17096,8.742009,Scheuermanngasse,Dringend,Eingestellt,Patrouille,2025-03-07,4,41012.07,1,8
AZ-2023-000470,Beleidigung,2025-11-02,02:22,Innenstadt,50.147801,8.62067,Harald-Jacobi Jäckel-Platz,Mittel,Abgeschlossen,Notruf,2026-08-16,2,0.0,1,9
AZ-2025-000471,Beleidigung,2024-10-04,18:05,Bornheim,50.059929,8.706049,Korinna-Hermighausen-Ring,Dringend,Ermittlung läuft,Patrouille,,4,36758.61,2,5
AZ-2025-000472,Sachbeschädigung,2024-11-01,09:12,Berkersheim,50.081168,8.601066,Dussen vangasse,Niedrig,Ermittlung läuft,Zeuge,,2,48706.38,1,8
AZ-2023-000473,Erpressung,2023-12-12,01:25,Bonames,50.061828,8.501212,Weinholdstraße,Niedrig,Abgeschlossen,Zeuge,2024-10-21,4,46414.24,5,15
AZ-2024-000474,Bedrohung,2023-08-31,07:45,Niederursel,50.185289,8.738799,Florian-Kramer-Weg,Dringend,Ermittlung läuft,Notruf,,2,10330.3,1,9
AZ-2025-000475,Verkehrsdelikt,2024-01-23,13:11,Hausen,50.020179,8.79217,Alicja-Römer-Allee,Mittel,Abgeschlossen,Patrouille,2024-04-13,4,0.0,3,4
AZ-2023-000476,Körperverletzung,2024-10-24,22:25,Praunheim,50.142522,8.713442,Boucseinstraße,Niedrig,Abgeschlossen,Zeuge,2025-05-15,3,23546.62,2,1
AZ-2025-000477,Diebstahl,2023-01-11,08:32,Bornheim,50.190954,8.692174,Sükrü-Bähr-Straße,Mittel,Abgeschlossen,Patrouille,2023-06-21,2,46516.35,3,4
AZ-2024-000478,Computerbetrug,2023-07-03,10:45,Bornheim,50.061873,8.574752,Nelli-Johann-Weg,Hoch,Abgeschlossen,Patrouille,2023-09-20,4,0.0,2,8
AZ-2025-000479,Computerbetrug,2024-10-03,13:57,Sachsenhausen-Nord,50.147636,8.633138,Ruppersbergerstraße,Dringend,Ermittlung läuft,Zeuge,,2,0.0,1,5
AZ-2023-000480,Verkehrsdelikt,2023-03-15,15:16,Schwanheim,50.099084,8.510056,Hoffmanngasse,Hoch,Ermittlung läuft,Anonym,,4,5624.54,5,4
AZ-2024-000481,Erpressung,2023-09-11,11:05,Sossenheim,50.066141,8.745865,Bärerring,Mittel,Ermittlung läuft,Anonym,,1,28539.39,3,2
AZ-2024-000482,Raub,2024-05-19,15:43,Ostend,50.074158,8.565244,Luzie-Schönland-Straße,Niedrig,Ermittlung läuft,Patrouille,,2,0.0,3,15
AZ-2024-000483,Raub,2025-07-18,20:17,Riederwald,50.074297,8.486382,Cichoriusstraße,Mittel,Abgeschlossen,Opfer,2025-07-27,1,14147.7,0,2
AZ-2023-000484,Diebstahl,2025-02-20,02:25,Fechenheim,50.058214,8.724848,Ingmar-Mälzer-Weg,Mittel,Ermittlung läuft,Opfer,,4,14246.79,5,4
AZ-2025-000485,Körperverletzung,2023-09-04,09:31,Preungesheim,50.177672,8.669952,Pruschkegasse,Hoch,Eingestellt,Anonym,2024-02-16,2,44270.65,3,8
AZ-2023-000486,Diebstahl,2025-05-16,02:48,Unterliederbach,50.125496,8.614387,Jesselweg,Hoch,Abgeschlossen,Notruf,2025-11-27,2,35681.77,3,2
AZ-2025-000487,Hausfriedensbruch,2024-08-18,14:27,Bornheim,50.159278,8.570529,Hartungring,Hoch,Ermittlung läuft,Opfer,,4,0.0,0,2
AZ-2024-000488,Raub,2023-04-03,16:06,Nieder-Eschbach,50.032007,8.688761,Cornelius-Pergande-Allee,Hoch,Abgeschlossen,Anonym,2023-11-07,1,813.43,5,14
AZ-2024-000489,Erpressung,2024-01-03,05:53,Dornbusch,50.029992,8.759576,Annette-Pergande-Platz,Dringend,Ermittlung läuft,Notruf,,3,45905.6,1,6
AZ-2023-000490,Diebstahl,2024-01-15,02:47,Kalbach-Riedberg,50.171891,8.506876,Killerweg,Dringend,Gerichtlich,Zeuge,2024-06-02,1,0.0,3,14
AZ-2024-000491,Bedrohung,2025-04-09,21:47,Riederwald,50.069504,8.738707,Hubertus-Dobes-Platz,Dringend,Abgeschlossen,Patrouille,2025-12-21,1,0.0,0,6
AZ-2024-000492,Computerbetrug,2023-08-18,00:44,Hausen,50.052661,8.684748,Gumprichplatz,Mittel,Gerichtlich,Zeuge,2023-09-07,3,7408.28,3,0
AZ-2023-000493,Computerbetrug,2023-08-27,05:57,Nied,50.141468,8.788148,Kira-Werner-Allee,Dringend,Ermittlung läuft,Anonym,,2,0.0,4,12
AZ-2024-000494,Bedrohung,2023-04-15,10:00,Höchst,50.167573,8.613626,Hans D.-Wirth-Allee,Hoch,Ermittlung läuft,Zeuge,,4,25667.79,5,15
AZ-2025-000495,Drogendelikt,2024-04-19,22:03,Niederursel,50.118753,8.653468,Mitschkeallee,Dringend,Abgeschlossen,Zeuge,2024-11-28,4,32308.99,3,13
AZ-2025-000496,Hausfriedensbruch,2023-02-12,05:18,Rödelheim,50.076893,8.54813,Stiffelstr.,Hoch,Abgeschlossen,Anonym,2023-10-17,4,0.0,2,12
AZ-2023-000497,Einbruchdiebstahl,2025-05-03,21:41,Riederwald,50.158956,8.749006,Schottinring,Niedrig,Abgeschlossen,Notruf,2026-01-06,2,0.0,1,15
AZ-2024-000498,Hausfriedensbruch,2023-07-26,13:31,Innenstadt,50.052698,8.487432,Theodor-Börner-Straße,Hoch,Ermittlung läuft,Patrouille,,2,0.0,4,1
AZ-2024-000499,Raub,2023-05-11,10:27,Schwanheim,50.055804,8.65633,Schülerring,Hoch,Ermittlung läuft,Zeuge,,3,42670.41,4,3
AZ-2023-000500,Computerbetrug,2023-04-14,14:51,Riederwald,50.190439,8.728382,Schäfergasse,Niedrig,Abgeschlossen,Anonym,2023-06-16,1,0.0,0,6
AZ-2023-000501,Beleidigung,2025-01-10,05:46,Nordend-Ost,50.094473,8.637934,Patberggasse,Hoch,Ermittlung läuft,Patrouille,,2,0.0,1,14
AZ-2024-000502,Raub,2025-05-01,00:15,Nordend-West,50.076438,8.637647,Misicherstraße,Dringend,Eingestellt,Patrouille,2026-01-05,2,0.0,4,13
AZ-2025-000503,Raub,2024-04-12,04:51,Nieder-Erlenbach,50.176652,8.784204,Björn-Koch-Ring,Niedrig,Abgeschlossen,Notruf,2024-11-14,2,35881.29,4,2
AZ-2025-000504,Hausfriedensbruch,2023-06-23,10:20,Bahnhofsviertel,50.093133,8.600991,Frauke-Conradi-Weg,Mittel,Abgeschlossen,Anonym,2023-09-22,1,49002.35,5,9
AZ-2024-000505,Diebstahl,2025-05-08,12:56,Eschersheim,50.172238,8.708669,Misicherstr.,Hoch,Abgeschlossen,Anonym,2026-02-22,2,22309.45,1,14
AZ-2025-000506,Bedrohung,2024-12-08,20:25,Berkersheim,50.030171,8.648278,Tomasz-Rudolph-Allee,Mittel,Eingestellt,Anonym,2025-05-18,3,0.0,4,9
AZ-2023-000507,Computerbetrug,2024-11-28,20:10,Praunheim,50.175257,8.649098,Mario-Schleich-Straße,Hoch,Ermittlung läuft,Notruf,,1,42079.17,2,11
AZ-2024-000508,Raub,2023-09-11,01:48,Altstadt,50.095773,8.659759,Vera-Bolander-Straße,Mittel,Abgeschlossen,Anonym,2023-11-20,2,14226.77,5,4
AZ-2024-000509,Körperverletzung,2025-02-12,16:47,Bonames,50.074012,8.663017,Mareike-Karz-Allee,Mittel,Ermittlung läuft,Notruf,,4,0.0,0,13
AZ-2025-000510,Urkundenfälschung,2023-09-24,15:13,Harheim,50.136828,8.604103,Alwina-Seidel-Platz,Dringend,Abgeschlossen,Patrouille,2024-04-07,4,49825.59,5,15
AZ-2025-000511,Körperverletzung,2025-05-03,05:09,Sossenheim,50.143007,8.514438,Ivo-Trommler-Straße,Mittel,Abgeschlossen,Notruf,2026-01-13,4,0.0,1,11
AZ-2023-000512,Körperverletzung,2023-09-01,19:54,Nieder-Erlenbach,50.081525,8.566986,Pruschkestr.,Hoch,Abgeschlossen,Patrouille,2023-11-08,3,24296.28,1,4
AZ-2023-000513,Körperverletzung,2025-05-13,01:59,Schwanheim,50.053805,8.740673,Otto-Köhler-Ring,Hoch,Eingestellt,Zeuge,2025-10-12,1,28652.95,4,14
AZ-2024-000514,Urkundenfälschung,2024-11-22,12:30,Frankfurter Berg,50.038906,8.517435,Langeallee,Dringend,Eingestellt,Notruf,2025-10-05,2,16260.81,4,13
AZ-2025-000515,Einbruchdiebstahl,2025-03-04,07:57,Zeilsheim,50.112379,8.78625,Stiebitzstr.,Niedrig,Ermittlung läuft,Opfer,,1,39807.94,5,9
AZ-2025-000516,Unterschlagung,2023-09-11,20:35,Westend-Süd,50.18693,8.649722,Lisa-Schüler-Allee,Mittel,Ermittlung läuft,Notruf,,1,0.0,4,5
AZ-2024-000517,Körperverletzung,2023-02-08,08:50,Bergen-Enkheim,50.164344,8.747165,Bolzmannring,Hoch,Ermittlung läuft,Notruf,,1,46692.44,2,13
AZ-2025-000518,Betrug,2024-01-05,13:01,Nordend-Ost,50.083762,8.501856,Brita-Stiebitz-Straße,Hoch,Eingestellt,Opfer,2024-06-22,2,0.0,0,4
AZ-2025-000519,Diebstahl,2024-09-20,13:43,Innenstadt,50.125606,8.578695,Herrmannweg,Hoch,Ermittlung läuft,Notruf,,1,20641.14,2,8
AZ-2025-000520,Urkundenfälschung,2025-02-08,03:03,Schwanheim,50.150384,8.664218,Meinhard-Butte-Weg,Dringend,Ermittlung läuft,Zeuge,,3,0.0,3,13
AZ-2025-000521,Beleidigung,2023-05-15,15:01,Harheim,50.179472,8.478108,Simona-Killer-Ring,Niedrig,Abgeschlossen,Opfer,2023-09-18,2,20337.3,0,6
AZ-2024-000522,Diebstahl,2023-10-19,11:34,Harheim,50.111756,8.610991,Ehlertstr.,Niedrig,Gerichtlich,Notruf,2024-02-28,3,8369.08,0,15
AZ-2025-000523,Computerbetrug,2024-07-13,19:16,Griesheim,50.194864,8.74832,Lorenzo-Römer-Straße,Hoch,Eingestellt,Zeuge,2025-01-30,2,28154.08,2,2
AZ-2025-000524,Unterschlagung,2025-03-20,22:07,Griesheim,50.194788,8.760076,Eckbauerweg,Hoch,Eingestellt,Patrouille,2026-01-05,3,35387.7,2,7
AZ-2025-000525,Hausfriedensbruch,2024-10-20,10:13,Bornheim,50.074122,8.771798,Freya-Steckel-Straße,Niedrig,Abgeschlossen,Anonym,2025-08-29,4,0.0,0,5
AZ-2025-000526,Diebstahl,2025-04-26,17:57,Westend-Nord,50.152244,8.648507,Bährring,Dringend,Abgeschlossen,Zeuge,2026-01-08,3,18818.82,4,11
AZ-2023-000527,Verkehrsdelikt,2025-03-03,05:53,Bonames,50.192083,8.512923,Girschnerplatz,Niedrig,Eingestellt,Opfer,2026-03-01,1,34027.72,5,11
AZ-2024-000528,Diebstahl,2024-01-28,02:52,Schwanheim,50.160515,8.544536,Wilmsstraße,Hoch,Abgeschlossen,Notruf,2024-07-08,2,0.0,5,12
AZ-2025-000529,Beleidigung,2023-08-16,08:36,Nieder-Eschbach,50.114321,8.688427,Henning-Etzler-Platz,Mittel,Abgeschlossen,Zeuge,2023-11-18,2,6371.55,4,7
AZ-2024-000530,Diebstahl,2024-07-15,06:54,Harheim,50.136992,8.673542,Knud-Zirme-Gasse,Dringend,Abgeschlossen,Zeuge,2025-07-11,3,49755.32,2,3
AZ-2024-000531,Unterschlagung,2025-08-13,15:23,Niederursel,50.174084,8.545652,Gesine-Kallert-Weg,Dringend,Abgeschlossen,Patrouille,2025-09-11,1,16735.29,4,0
AZ-2025-000532,Beleidigung,2024-04-07,22:27,Westend-Nord,50.050438,8.579986,Donata-Kohl-Platz,Niedrig,Gerichtlich,Zeuge,2024-08-19,4,1201.18,5,10
AZ-2023-000533,Körperverletzung,2024-05-27,07:06,Nieder-Erlenbach,50.164853,8.741496,Hans-Albert-Süßebier-Weg,Dringend,Abgeschlossen,Zeuge,2024-11-24,4,4276.73,0,1
AZ-2023-000534,Einbruchdiebstahl,2025-02-11,10:56,Zeilsheim,50.155876,8.492337,Irmingard-Mangold-Gasse,Dringend,Eingestellt,Zeuge,2025-03-23,1,27962.9,2,12
AZ-2023-000535,Verkehrsdelikt,2025-04-02,03:39,Riederwald,50.170625,8.730292,Knappeweg,Dringend,Eingestellt,Notruf,2025-08-06,4,30961.53,2,0
AZ-2025-000536,Urkundenfälschung,2025-07-18,16:21,Westend-Nord,50.033484,8.667217,Wera-Martin-Weg,Mittel,Abgeschlossen,Anonym,2025-09-18,2,12814.31,3,15
AZ-2024-000537,Unterschlagung,2025-06-29,05:15,Bergen-Enkheim,50.022933,8.513879,Wellerweg,Hoch,Ermittlung läuft,Patrouille,,2,0.0,2,10
AZ-2025-000538,Computerbetrug,2024-08-19,11:00,Sossenheim,50.137094,8.4908,Heintzestr.,Niedrig,Abgeschlossen,Notruf,2025-07-28,3,0.0,1,6
AZ-2025-000539,Erpressung,2023-05-21,10:12,Eckenheim,50.139531,8.625308,Lorenz-Ziegert-Straße,Hoch,Abgeschlossen,Anonym,2024-05-17,3,8114.0,3,1
AZ-2023-000540,Sachbeschädigung,2025-10-12,07:58,Riederwald,50.055145,8.54753,Patrik-Stiebitz-Weg,Dringend,Ermittlung läuft,Patrouille,,4,0.0,1,0
AZ-2023-000541,Beleidigung,2025-01-13,00:04,Zeilsheim,50.114844,8.518708,Misicherallee,Hoch,Ermittlung läuft,Zeuge,,1,0.0,2,5
AZ-2023-000542,Betrug,2024-03-24,08:46,Gallus,50.167556,8.552676,Wulffstraße,Hoch,Ermittlung läuft,Zeuge,,1,6862.18,5,3
AZ-2025-000543,Hausfriedensbruch,2024-11-24,06:19,Nieder-Erlenbach,50.160708,8.688778,Fritschallee,Dringend,Abgeschlossen,Zeuge,2025-06-08,1,0.0,1,6
AZ-2023-000544,Urkundenfälschung,2024-01-28,17:24,Hausen,50.122919,8.79245,Luzia-Schleich-Platz,Mittel,Abgeschlossen,Anonym,2024-07-15,3,16384.03,0,8
AZ-2023-000545,Betrug,2023-09-16,16:37,Riederwald,50.145914,8.72937,Birnbaumweg,Dringend,Eingestellt,Anonym,2024-01-08,3,23213.36,2,11
AZ-2025-000546,Diebstahl,2025-09-16,22:31,Bergen-Enkheim,50.08717,8.774149,Köhlerstr.,Mittel,Abgeschlossen,Opfer,2026-07-17,2,11719.23,1,9
AZ-2023-000547,Urkundenfälschung,2025-05-20,12:36,Nordend-West,50.166638,8.555486,Ingelore-Plath-Gasse,Niedrig,Ermittlung läuft,Patrouille,,4,11508.88,0,14
AZ-2024-000548,Diebstahl,2024-11-19,13:28,Niederursel,50.081152,8.635194,Carstenallee,Mittel,Abgeschlossen,Notruf,2025-06-23,2,0.0,0,11
AZ-2023-000549,Körperverletzung,2023-06-18,09:53,Rödelheim,50.130858,8.729766,Jörn-Mende-Weg,Niedrig,Abgeschlossen,Patrouille,2024-03-30,1,16687.89,5,10
AZ-2023-000550,Computerbetrug,2024-05-27,09:47,Seckbach,50.167181,8.534531,Marjan-Mälzer-Gasse,Hoch,Eingestellt,Zeuge,2025-05-18,3,0.0,2,12
AZ-2024-000551,Sachbeschädigung,2025-04-10,18:48,Sachsenhausen-Nord,50.132736,8.796482,Margitta-Mende-Ring,Mittel,Abgeschlossen,Opfer,2025-12-14,4,0.0,4,14
AZ-2023-000552,Verkehrsdelikt,2025-08-02,10:50,Höchst,50.167244,8.612644,Sedat-Bloch-Straße,Dringend,Ermittlung läuft,Anonym,,1,28875.42,1,9
AZ-2025-000553,Unterschlagung,2023-01-20,15:51,Fechenheim,50.076168,8.60948,Heinzstraße,Hoch,Abgeschlossen,Patrouille,2023-07-27,1,1610.45,1,4
AZ-2023-000554,Drogendelikt,2024-11-07,18:40,Berkersheim,50.118298,8.600211,Philip-Hauffer-Gasse,Niedrig,Eingestellt,Anonym,2025-09-21,4,0.0,0,10
AZ-2023-000555,Computerbetrug,2025-07-13,20:57,Bockenheim,50.045856,8.693362,Dippelallee,Dringend,Ermittlung läuft,Zeuge,,2,0.0,3,9
AZ-2023-000556,Raub,2024-02-26,07:18,Altstadt,50.096839,8.592918,Zorbachplatz,Dringend,Abgeschlossen,Notruf,2024-04-08,2,6456.88,3,15
AZ-2023-000557,Erpressung,2023-05-21,12:57,Nied,50.171681,8.5736,Arnim-Hörle-Straße,Hoch,Eingestellt,Anonym,2023-08-02,2,34241.8,2,6
AZ-2024-000558,Hausfriedensbruch,2023-01-16,04:28,Nieder-Erlenbach,50.086863,8.736882,Katy-Trapp-Straße,Dringend,Ermittlung läuft,Notruf,,4,36864.54,2,14
AZ-2024-000559,Sachbeschädigung,2024-12-11,22:53,Bockenheim,50.085396,8.742085,Schmiedtgasse,Mittel,Abgeschlossen,Anonym,2025-05-19,4,45541.65,1,3
AZ-2025-000560,Einbruchdiebstahl,2025-03-16,22:02,Frankfurter Berg,50.171697,8.561799,Alfredo-Hertrampf-Platz,Niedrig,Ermittlung läuft,Opfer,,4,38093.04,0,11
AZ-2025-000561,Diebstahl,2023-06-06,03:32,Griesheim,50.088817,8.526067,Bertha-Vogt-Weg,Dringend,Eingestellt,Zeuge,2023-11-26,1,33781.1,3,12
AZ-2024-000562,Beleidigung,2024-12-04,23:25,Bornheim,50.021799,8.554199,Dörschnerallee,Dringend,Eingestellt,Notruf,2025-07-02,4,0.0,4,7
AZ-2023-000563,Einbruchdiebstahl,2025-06-15,04:30,Nordend-Ost,50.045706,8.477926,Hellwigring,Niedrig,Eingestellt,Anonym,2025-09-12,4,0.0,5,0
AZ-2023-000564,Verkehrsdelikt,2024-07-13,04:28,Kalbach-Riedberg,50.054001,8.483298,Bela-Henck-Straße,Niedrig,Ermittlung läuft,Anonym,,1,15416.21,0,0
AZ-2023-000565,Diebstahl,2023-04-10,12:49,Gallus,50.059946,8.770072,Bolnbachgasse,Dringend,Ermittlung läuft,Zeuge,,1,9607.59,5,2
AZ-2025-000566,Körperverletzung,2024-03-27,03:51,Höchst,50.045219,8.526791,Schenkstr.,Hoch,Eingestellt,Patrouille,2025-03-09,2,46716.37,3,13
AZ-2023-000567,Drogendelikt,2023-09-05,07:13,Eschersheim,50.073206,8.476918,Eva-Marie-Pieper-Weg,Mittel,Ermittlung läuft,Notruf,,2,0.0,2,11
AZ-2025-000568,Unterschlagung,2023-03-31,02:56,Nordend-Ost,50.069276,8.668429,Irmela-Fechner-Ring,Mittel,Ermittlung läuft,Patrouille,,1,49070.79,5,12
AZ-2023-000569,Raub,2023-09-30,10:11,Nied,50.072234,8.75131,Ackermannstr.,Niedrig,Abgeschlossen,Anonym,2024-09-23,4,32029.6,1,0
AZ-2025-000570,Körperverletzung,2024-04-21,00:39,Hausen,50.070593,8.714036,Hendriksstr.,Niedrig,Eingestellt,Opfer,2024-06-30,3,10100.59,3,6
AZ-2024-000571,Beleidigung,2023-03-19,07:59,Niederursel,50.148066,8.57981,Gotthardweg,Niedrig,Abgeschlossen,Anonym,2023-11-08,4,14422.76,0,7
AZ-2025-000572,Bedrohung,2024-11-09,10:15,Hausen,50.024733,8.772998,Annegrete-Klingelhöfer-Gasse,Mittel,Ermittlung läuft,Anonym,,4,9177.27,5,0
AZ-2023-000573,Körperverletzung,2023-05-13,15:04,Griesheim,50.129186,8.518422,Reinhart-Möchlichen-Gasse,Mittel,Gerichtlich,Anonym,2023-06-15,2,0.0,0,13
AZ-2024-000574,Erpressung,2025-08-14,09:10,Dornbusch,50.091323,8.670719,Kösterring,Dringend,Abgeschlossen,Opfer,2025-12-24,3,24058.54,2,12
AZ-2024-000575,Diebstahl,2025-02-12,05:30,Sachsenhausen-Nord,50.124691,8.614165,Ole-Zirme-Gasse,Dringend,Abgeschlossen,Notruf,2025-11-04,1,46076.62,4,4
AZ-2023-000576,Raub,2023-12-26,08:24,Nied,50.065981,8.656383,Hendriksweg,Mittel,Abgeschlossen,Notruf,2024-08-21,2,0.0,1,0
AZ-2025-000577,Raub,2023-01-27,16:46,Fechenheim,50.08782,8.608389,Käthi-Salz-Allee,Dringend,Abgeschlossen,Notruf,2023-10-12,3,29415.45,3,1
AZ-2025-000578,Bedrohung,2023-09-12,12:59,Preungesheim,50.152331,8.785928,Eimergasse,Dringend,Abgeschlossen,Patrouille,2023-12-27,1,46325.94,5,7
AZ-2024-000579,Erpressung,2024-05-11,15:02,Sachsenhausen-Nord,50.128571,8.693868,Ritterring,Dringend,Gerichtlich,Opfer,2024-11-19,3,0.0,4,5
AZ-2023-000580,Unterschlagung,2023-01-26,03:49,Bergen-Enkheim,50.14309,8.598066,Maritta-Wulff-Allee,Mittel,Ermittlung läuft,Notruf,,2,12643.56,2,12
AZ-2023-000581,Einbruchdiebstahl,2024-09-22,23:26,Preungesheim,50.034669,8.659817,Textorstraße,Mittel,Eingestellt,Notruf,2024-11-13,3,0.0,1,15
AZ-2023-000582,Betrug,2023-01-04,03:04,Unterliederbach,50.109493,8.686683,Mareile-Ernst-Gasse,Hoch,Eingestellt,Opfer,2023-08-12,2,0.0,1,3
AZ-2024-000583,Hausfriedensbruch,2025-07-11,18:52,Gallus,50.051169,8.717972,Beierring,Dringend,Ermittlung läuft,Notruf,,1,8306.31,2,2
AZ-2025-000584,Urkundenfälschung,2025-02-12,03:17,Schwanheim,50.02034,8.549008,Aziz-Zorbach-Platz,Niedrig,Ermittlung läuft,Zeuge,,1,0.0,0,1
AZ-2024-000585,Verkehrsdelikt,2023-07-18,06:33,Niederursel,50.123537,8.795702,Mahmut-Jessel-Weg,Hoch,Eingestellt,Anonym,2024-02-02,4,34093.0,2,10
AZ-2023-000586,Diebstahl,2024-05-05,11:42,Eckenheim,50.124946,8.7919,Ringstraße,Dringend,Ermittlung läuft,Notruf,,2,0.0,0,8
AZ-2023-000587,Beleidigung,2024-05-24,11:28,Gallus,50.171574,8.640892,Beierallee,Hoch,Abgeschlossen,Zeuge,2025-05-03,3,48479.88,5,10
AZ-2025-000588,Computerbetrug,2025-06-28,07:38,Nied,50.157913,8.586254,Kay-Uwe-Klemm-Gasse,Niedrig,Abgeschlossen,Notruf,2026-05-14,3,35597.1,4,1
AZ-2023-000589,Hausfriedensbruch,2023-09-19,15:50,Sindlingen,50.164824,8.798788,Heydrichgasse,Dringend,Ermittlung läuft,Zeuge,,4,12045.08,1,5
AZ-2024-000590,Sachbeschädigung,2023-07-03,03:27,Berkersheim,50.043842,8.776701,Mälzerstraße,Hoch,Gerichtlich,Notruf,2023-07-24,1,46136.81,5,15
AZ-2024-000591,Hausfriedensbruch,2023-07-05,22:21,Eckenheim,50.152941,8.669023,Krausering,Dringend,Eingestellt,Anonym,2024-05-01,4,11177.54,0,9
AZ-2025-000592,Raub,2023-06-29,03:05,Ostend,50.121596,8.533715,Albertine-Süßebier-Straße,Mittel,Ermittlung läuft,Patrouille,,4,83.92,0,6
AZ-2025-000593,Sachbeschädigung,2025-03-05,13:20,Seckbach,50.183107,8.513429,Pohlring,Niedrig,Eingestellt,Notruf,2026-02-22,1,23030.14,1,9
AZ-2025-000594,Raub,2024-03-24,15:43,Bahnhofsviertel,50.066011,8.717036,Iwona-Löffler-Gasse,Hoch,Abgeschlossen,Anonym,2025-02-01,1,0.0,5,15
AZ-2025-000595,Sachbeschädigung,2024-03-17,15:18,Sachsenhausen-Nord,50.025586,8.737749,Schleichallee,Mittel,Abgeschlossen,Zeuge,2024-10-02,2,36369.77,2,5
AZ-2024-000596,Körperverletzung,2023-02-14,17:25,Fechenheim,50.137022,8.796823,Belinda-Hornig-Ring,Hoch,Ermittlung läuft,Patrouille,,2,27400.5,0,4
AZ-2024-000597,Bedrohung,2024-10-24,18:55,Bornheim,50.097356,8.525692,Daniel-Junken-Allee,Dringend,Eingestellt,Patrouille,2025-04-04,2,0.0,5,6
AZ-2024-000598,Drogendelikt,2023-01-19,11:46,Sachsenhausen-Nord,50.137097,8.796223,Jäkelstraße,Mittel,Eingestellt,Zeuge,2023-03-19,1,23693.79,0,3
AZ-2023-000599,Drogendelikt,2024-11-24,18:27,Ostend,50.145059,8.55236,Geiselweg,Dringend,Gerichtlich,Patrouille,2025-10-18,2,18768.58,5,2
AZ-2023-000600,Körperverletzung,2025-08-07,20:24,Ostend,50.132575,8.592482,Killerstraße,Niedrig,Ermittlung läuft,Notruf,,2,0.0,4,15
AZ-2024-000601,Erpressung,2024-07-14,22:47,Unterliederbach,50.121718,8.597939,Ivonne-Kitzmann-Weg,Mittel,Ermittlung läuft,Zeuge,,3,0.0,4,5
AZ-2024-000602,Körperverletzung,2025-04-10,22:01,Nieder-Erlenbach,50.162143,8.72898,Höfigweg,Niedrig,Ermittlung läuft,Opfer,,1,0.0,4,5
AZ-2023-000603,Unterschlagung,2023-01-11,17:28,Sachsenhausen-Süd,50.022046,8.660627,Conrad-Steckel-Allee,Hoch,Eingestellt,Zeuge,2023-03-21,1,25307.42,2,5
AZ-2025-000604,Unterschlagung,2025-05-16,21:00,Ginnheim,50.02331,8.782221,Knappestr.,Dringend,Ermittlung läuft,Opfer,,4,26133.31,2,6
AZ-2023-000605,Erpressung,2023-07-22,21:52,Griesheim,50.021612,8.518467,Uschi-Becker-Platz,Mittel,Ermittlung läuft,Anonym,,3,0.0,5,13
AZ-2023-000606,Einbruchdiebstahl,2023-06-02,17:16,Sindlingen,50.131958,8.525569,Beerplatz,Dringend,Ermittlung läuft,Opfer,,2,0.0,5,8
AZ-2023-000607,Raub,2024-01-30,22:23,Höchst,50.162691,8.670422,Hubertus-Wulff-Allee,Dringend,Abgeschlossen,Notruf,2025-01-02,1,12374.88,2,3
AZ-2024-000608,Betrug,2023-08-14,21:35,Eckenheim,50.130232,8.591005,Klotzstraße,Mittel,Abgeschlossen,Patrouille,2024-02-05,1,0.0,1,12
AZ-2025-000609,Raub,2023-08-04,03:11,Nordend-Ost,50.120989,8.73663,Edelgard-Fliegner-Allee,Hoch,Abgeschlossen,Anonym,2024-01-14,3,44828.51,1,10
AZ-2024-000610,Verkehrsdelikt,2025-03-08,05:22,Seckbach,50.18924,8.646392,Koch IIring,Mittel,Eingestellt,Patrouille,2026-02-25,1,35661.13,5,4
AZ-2025-000611,Urkundenfälschung,2023-10-20,12:36,Bonames,50.180319,8.681655,Wiekgasse,Mittel,Abgeschlossen,Anonym,2023-11-23,4,9155.23,2,14
AZ-2024-000612,Beleidigung,2025-10-25,09:17,Rödelheim,50.184502,8.761095,Annerose-Kobelt-Straße,Niedrig,Gerichtlich,Patrouille,2026-07-25,4,42262.28,5,2
AZ-2025-000613,Hausfriedensbruch,2023-06-07,23:15,Ginnheim,50.118557,8.499744,Seipring,Dringend,Gerichtlich,Zeuge,2023-09-06,4,46622.07,1,15
AZ-2023-000614,Hausfriedensbruch,2025-10-16,16:43,Riederwald,50.140619,8.604995,Victoria-Drewes-Gasse,Niedrig,Gerichtlich,Notruf,2026-07-22,3,0.0,5,1
AZ-2023-000615,Unterschlagung,2025-07-07,05:43,Bonames,50.177684,8.529339,Alice-Pohl-Straße,Hoch,Gerichtlich,Zeuge,2026-04-08,4,8524.2,0,10
AZ-2023-000616,Diebstahl,2024-05-26,17:54,Praunheim,50.067212,8.630465,Jonas-Wohlgemut-Ring,Dringend,Eingestellt,Opfer,2024-08-01,3,47956.75,4,1
AZ-2024-000617,Körperverletzung,2025-08-06,19:54,Dornbusch,50.01606,8.622996,Hamannstr.,Niedrig,Abgeschlossen,Patrouille,2026-02-11,2,443.19,3,15
AZ-2023-000618,Urkundenfälschung,2024-02-09,02:33,Altstadt,50.088929,8.7715,Täschestraße,Hoch,Abgeschlossen,Opfer,2024-05-04,4,14964.25,3,5
AZ-2023-000619,Raub,2024-07-05,03:28,Unterliederbach,50.04413,8.588026,Ewald-Ernst-Gasse,Mittel,Abgeschlossen,Zeuge,2025-02-21,2,0.0,1,12
AZ-2023-000620,Drogendelikt,2025-05-12,23:21,Niederursel,50.134917,8.783067,Gerlachweg,Dringend,Gerichtlich,Anonym,2025-08-09,4,35716.05,2,12
AZ-2023-000621,Betrug,2025-10-24,23:59,Innenstadt,50.038655,8.786119,Christophallee,Hoch,Abgeschlossen,Anonym,2026-05-18,1,11825.25,5,10
AZ-2024-000622,Sachbeschädigung,2025-05-29,19:47,Nordend-West,50.101435,8.564569,Stahrring,Mittel,Ermittlung läuft,Anonym,,2,0.0,0,8
AZ-2025-000623,Betrug,2024-05-21,21:52,Sossenheim,50.142163,8.737664,Bettina-Riehl-Ring,Mittel,Abgeschlossen,Anonym,2025-01-25,2,0.0,1,12
AZ-2024-000624,Drogendelikt,2023-03-20,08:12,Westend-Süd,50.018179,8.537483,Frankeweg,Hoch,Gerichtlich,Opfer,2023-10-31,2,23959.76,4,13
AZ-2023-000625,Raub,2023-04-16,09:07,Höchst,50.0655,8.587136,Loni-Klotz-Weg,Niedrig,Ermittlung läuft,Opfer,,1,0.0,5,10
AZ-2024-000626,Raub,2024-03-10,09:30,Praunheim,50.124174,8.613338,Erwin-Gute-Platz,Hoch,Ermittlung läuft,Patrouille,,1,0.0,0,4
AZ-2023-000627,Erpressung,2024-11-09,11:47,Niederursel,50.110195,8.593882,Liselotte-Nohlmans-Gasse,Dringend,Eingestellt,Zeuge,2025-09-13,1,0.0,5,3
AZ-2023-000628,Unterschlagung,2023-03-26,18:58,Nordend-Ost,50.049727,8.618212,Röhrdanzstr.,Hoch,Eingestellt,Patrouille,2023-07-08,4,10099.96,5,4
AZ-2024-000629,Hausfriedensbruch,2023-03-31,04:12,Harheim,50.175486,8.721068,Mosemannallee,Hoch,Abgeschlossen,Notruf,2023-08-14,1,3385.42,3,0
AZ-2025-000630,Sachbeschädigung,2023-12-08,19:17,Westend-Süd,50.067138,8.785503,Eleonore-Christoph-Gasse,Dringend,Abgeschlossen,Notruf,2024-02-19,1,0.0,4,12
AZ-2025-000631,Bedrohung,2025-03-10,12:38,Griesheim,50.048132,8.524481,Kruschwitzweg,Niedrig,Ermittlung läuft,Anonym,,4,36028.96,2,9
AZ-2023-000632,Einbruchdiebstahl,2024-03-27,09:45,Kalbach-Riedberg,50.036439,8.545449,Putzstraße,Niedrig,Ermittlung läuft,Opfer,,3,13521.74,0,7
AZ-2024-000633,Körperverletzung,2024-03-06,17:07,Bonames,50.077543,8.670492,Ruppertgasse,Hoch,Ermittlung läuft,Opfer,,4,14744.77,0,0
AZ-2023-000634,Bedrohung,2024-12-29,07:46,Bergen-Enkheim,50.061078,8.477129,Wiltrud-Junck-Allee,Dringend,Gerichtlich,Patrouille,2025-04-05,2,11031.95,2,6
AZ-2023-000635,Verkehrsdelikt,2025-03-20,04:28,Nied,50.145732,8.592914,Tomasz-Mohaupt-Allee,Mittel,Ermittlung läuft,Notruf,,2,8805.53,4,15
AZ-2025-000636,Erpressung,2024-01-05,20:18,Fechenheim,50.044325,8.530297,Eckbauerallee,Mittel,Ermittlung läuft,Zeuge,,2,0.0,1,14
AZ-2023-000637,Computerbetrug,2025-04-04,03:46,Innenstadt,50.123593,8.595943,Kristin-Ehlert-Straße,Niedrig,Abgeschlossen,Zeuge,2025-04-17,2,0.0,0,8
AZ-2025-000638,Bedrohung,2023-10-20,20:38,Nordend-Ost,50.188945,8.786099,Marleen-Ebert-Weg,Hoch,Ermittlung läuft,Zeuge,,2,0.0,4,14
AZ-2025-000639,Körperverletzung,2023-12-01,09:21,Frankfurter Berg,50.025058,8.69899,Leander-Gehringer-Platz,Niedrig,Abgeschlossen,Zeuge,2024-04-10,1,5128.3,3,4
AZ-2023-000640,Hausfriedensbruch,2023-01-03,07:01,Ginnheim,50.084369,8.587886,Tröstplatz,Dringend,Ermittlung läuft,Zeuge,,4,0.0,0,7
AZ-2023-000641,Erpressung,2023-07-28,09:22,Nordend-West,50.07507,8.590242,Pohlring,Mittel,Ermittlung läuft,Opfer,,4,29980.57,5,13
AZ-2024-000642,Hausfriedensbruch,2023-11-04,21:43,Nordend-Ost,50.162161,8.586271,Jan-Gunpf-Allee,Dringend,Ermittlung läuft,Patrouille,,3,35565.33,0,0
AZ-2023-000643,Körperverletzung,2023-11-01,20:09,Nied,50.085308,8.708601,Eberthweg,Dringend,Ermittlung läuft,Patrouille,,2,0.0,1,5
AZ-2024-000644,Betrug,2025-02-27,11:20,Frankfurter Berg,50.139816,8.607774,Schmiedeckestr.,Mittel,Abgeschlossen,Notruf,2025-11-07,4,26937.36,3,7
AZ-2025-000645,Körperverletzung,2025-02-26,02:37,Rödelheim,50.119018,8.699468,Alma-Segebahn-Platz,Mittel,Abgeschlossen,Patrouille,2025-11-29,1,0.0,0,11
AZ-2024-000646,Verkehrsdelikt,2025-08-28,04:58,Bornheim,50.179045,8.590362,Günter-Sorgatz-Weg,Mittel,Ermittlung läuft,Anonym,,4,0.0,1,1
AZ-2024-000647,Diebstahl,2023-10-10,03:44,Unterliederbach,50.146955,8.700328,Rosegasse,Niedrig,Abgeschlossen,Anonym,2024-04-27,1,29696.28,1,0
AZ-2023-000648,Urkundenfälschung,2023-10-28,11:09,Höchst,50.028872,8.658692,Danny-Bien-Allee,Mittel,Ermittlung läuft,Notruf,,2,34928.2,2,15
AZ-2023-000649,Hausfriedensbruch,2025-04-22,23:21,Sachsenhausen-Nord,50.140144,8.56606,Sieringplatz,Niedrig,Abgeschlossen,Anonym,2026-03-25,2,543.38,3,14
AZ-2023-000650,Unterschlagung,2024-06-12,18:32,Niederursel,50.055917,8.777516,Schönlandweg,Dringend,Ermittlung läuft,Opfer,,2,2799.84,3,5
AZ-2023-000651,Urkundenfälschung,2023-06-08,22:29,Sachsenhausen-Süd,50.13054,8.743339,Alena-Schottin-Weg,Hoch,Abgeschlossen,Notruf,2024-05-14,2,0.0,0,2
AZ-2023-000652,Sachbeschädigung,2025-01-12,19:49,Nordend-Ost,50.058115,8.525385,Segebahnring,Niedrig,Eingestellt,Patrouille,2025-02-02,2,31919.45,0,7
AZ-2024-000653,Körperverletzung,2024-07-05,02:36,Westend-Süd,50.192569,8.630689,Henschelallee,Hoch,Abgeschlossen,Zeuge,2025-04-26,3,47936.95,4,6
AZ-2024-000654,Hausfriedensbruch,2024-10-06,12:46,Eckenheim,50.038313,8.693297,Huhnstraße,Niedrig,Ermittlung läuft,Anonym,,2,0.0,3,15
AZ-2025-000655,Sachbeschädigung,2023-03-18,09:10,Nordend-West,50.098359,8.762347,Heidrun-Bonbach-Platz,Mittel,Ermittlung läuft,Opfer,,2,25081.0,5,10
AZ-2025-000656,Urkundenfälschung,2025-07-05,04:21,Bahnhofsviertel,50.127225,8.780366,Liebeltstraße,Dringend,Ermittlung läuft,Opfer,,2,30343.85,1,15
AZ-2024-000657,Körperverletzung,2023-07-19,00:09,Nordend-West,50.113484,8.789815,Haasering,Dringend,Eingestellt,Patrouille,2023-12-31,2,8073.62,2,11
AZ-2024-000658,Urkundenfälschung,2024-12-24,02:04,Nied,50.153949,8.556606,Luigi-Trupp-Ring,Dringend,Ermittlung läuft,Opfer,,1,24412.95,2,9
AZ-2024-000659,Raub,2025-04-01,13:54,Riederwald,50.038217,8.592288,Kuhlplatz,Niedrig,Abgeschlossen,Notruf,2026-03-22,4,0.0,5,1
AZ-2024-000660,Drogendelikt,2023-04-27,23:50,Nordend-Ost,50.162822,8.474605,Pieperstr.,Mittel,Ermittlung läuft,Anonym,,4,11152.56,3,2
AZ-2024-000661,Urkundenfälschung,2024-12-15,14:29,Nordend-Ost,50.034641,8.53113,Marco-Hendriks-Straße,Dringend,Abgeschlossen,Opfer,2025-08-17,4,15864.24,4,15
AZ-2023-000662,Beleidigung,2024-03-11,22:47,Nied,50.096824,8.650787,Jozef-Mende-Platz,Mittel,Abgeschlossen,Patrouille,2024-08-07,1,38710.28,0,11
AZ-2024-000663,Einbruchdiebstahl,2025-05-30,15:13,Unterliederbach,50.171244,8.784468,Dusan-Binner-Ring,Mittel,Ermittlung läuft,Zeuge,,2,0.0,3,2
AZ-2023-000664,Körperverletzung,2024-09-02,22:28,Bockenheim,50.053539,8.764928,Schmiedtstraße,Dringend,Eingestellt,Patrouille,2025-06-04,3,0.0,2,13
AZ-2024-000665,Computerbetrug,2025-09-13,15:34,Nieder-Eschbach,50.188806,8.615265,Virginia-Freudenberger-Ring,Niedrig,Abgeschlossen,Anonym,2025-12-11,2,0.0,5,4
AZ-2024-000666,Computerbetrug,2024-10-25,21:52,Sachsenhausen-Nord,50.017554,8.766052,Grein Grothallee,Hoch,Gerichtlich,Zeuge,2025-04-12,4,0.0,5,0
AZ-2024-000667,Bedrohung,2025-07-11,04:40,Gallus,50.03254,8.543708,Alexa-Pieper-Straße,Mittel,Abgeschlossen,Anonym,2026-05-10,4,0.0,1,6
AZ-2025-000668,Verkehrsdelikt,2023-01-30,11:52,Ostend,50.06935,8.572685,Jäntschstraße,Dringend,Ermittlung läuft,Notruf,,4,41409.29,3,10
AZ-2024-000669,Einbruchdiebstahl,2023-08-21,05:29,Unterliederbach,50.114496,8.525352,Dimitri-Kreusel-Weg,Dringend,Abgeschlossen,Patrouille,2023-11-26,1,40296.99,0,2
AZ-2023-000670,Beleidigung,2023-02-03,19:59,Kalbach-Riedberg,50.14999,8.676615,Hendriksplatz,Dringend,Abgeschlossen,Anonym,2023-10-22,1,42585.26,1,7
AZ-2024-000671,Drogendelikt,2025-07-20,17:24,Preungesheim,50.169142,8.783781,Biggengasse,Dringend,Ermittlung läuft,Zeuge,,3,25378.04,2,8
AZ-2023-000672,Betrug,2024-09-21,13:43,Altstadt,50.177034,8.607975,Oderwaldstr.,Hoch,Ermittlung läuft,Anonym,,3,47958.03,3,7
AZ-2025-000673,Drogendelikt,2025-03-12,06:39,Bornheim,50.15924,8.661536,Hörlestr.,Mittel,Abgeschlossen,Notruf,2025-04-14,3,21870.08,0,4
AZ-2025-000674,Betrug,2025-10-29,03:40,Praunheim,50.166746,8.67776,Mina-Dörr-Straße,Hoch,Abgeschlossen,Opfer,2026-05-24,1,0.0,3,0
AZ-2024-000675,Beleidigung,2023-11-10,00:39,Bornheim,50.117923,8.480295,Rebecca-Hettner-Allee,Hoch,Abgeschlossen,Opfer,2023-12-27,2,11087.76,1,7
AZ-2025-000676,Erpressung,2025-02-13,08:42,Innenstadt,50.029933,8.519156,Wielochstraße,Niedrig,Ermittlung läuft,Zeuge,,4,6134.22,1,9
AZ-2024-000677,Körperverletzung,2024-06-20,05:05,Griesheim,50.167032,8.771372,Bienstraße,Dringend,Ermittlung läuft,Zeuge,,4,0.0,5,2
AZ-2023-000678,Einbruchdiebstahl,2024-03-06,21:26,Sachsenhausen-Süd,50.071445,8.769923,Catrin-Rörricht-Platz,Niedrig,Ermittlung läuft,Opfer,,1,0.0,2,11
AZ-2023-000679,Erpressung,2025-09-18,19:38,Ostend,50.108915,8.555476,Röhrdanzring,Niedrig,Abgeschlossen,Anonym,2025-12-15,1,38048.05,1,11
AZ-2024-000680,Einbruchdiebstahl,2023-08-24,06:01,Bornheim,50.054557,8.7107,Reginald-Pärtzelt-Straße,Dringend,Ermittlung läuft,Opfer,,1,27574.86,2,14
AZ-2024-000681,Körperverletzung,2025-10-12,13:32,Niederursel,50.060017,8.536903,Scholzweg,Hoch,Gerichtlich,Opfer,2026-01-25,2,24391.59,3,13
AZ-2024-000682,Hausfriedensbruch,2024-07-10,10:39,Preungesheim,50.083948,8.537508,Filippo-Dietz-Straße,Niedrig,Ermittlung läuft,Notruf,,2,47904.87,2,13
AZ-2024-000683,Drogendelikt,2024-08-24,19:52,Bockenheim,50.078406,8.48182,Kambsstr.,Mittel,Eingestellt,Patrouille,2025-05-29,2,0.0,5,11
AZ-2023-000684,Verkehrsdelikt,2025-01-31,04:49,Eckenheim,50.016734,8.69776,Wendeplatz,Hoch,Ermittlung läuft,Opfer,,1,30090.1,4,6
AZ-2025-000685,Urkundenfälschung,2023-07-30,17:17,Höchst,50.028468,8.764794,Dorothee-Pechel-Straße,Dringend,Abgeschlossen,Patrouille,2024-07-14,3,0.0,0,15
AZ-2024-000686,Sachbeschädigung,2025-10-18,01:17,Bergen-Enkheim,50.096501,8.669269,Baptist-Bender-Platz,Niedrig,Abgeschlossen,Patrouille,2025-12-27,1,42805.15,0,14
AZ-2024-000687,Beleidigung,2024-08-05,04:53,Bahnhofsviertel,50.176249,8.773115,Mühlestr.,Niedrig,Gerichtlich,Zeuge,2024-08-30,4,0.0,3,9
AZ-2025-000688,Diebstahl,2024-07-16,10:48,Schwanheim,50.029358,8.726073,Fischerstr.,Dringend,Ermittlung läuft,Patrouille,,4,32054.86,0,11
AZ-2025-000689,Bedrohung,2023-07-30,00:14,Eschersheim,50.016871,8.506485,Matthias-Schmidtke-Ring,Dringend,Ermittlung läuft,Opfer,,2,0.0,5,11
AZ-2024-000690,Körperverletzung,2023-01-11,22:55,Westend-Süd,50.173997,8.486129,René-Schmiedt-Allee,Hoch,Ermittlung läuft,Patrouille,,4,0.0,1,4
AZ-2025-000691,Verkehrsdelikt,2025-08-01,03:08,Höchst,50.04164,8.663595,Scheelring,Niedrig,Ermittlung läuft,Anonym,,2,33063.45,2,10
AZ-2023-000692,Beleidigung,2025-09-15,07:05,Harheim,50.068322,8.499157,Trommlerstr.,Mittel,Ermittlung läuft,Zeuge,,1,3013.35,0,6
AZ-2025-000693,Computerbetrug,2025-08-16,12:12,Nieder-Erlenbach,50.052559,8.665692,Mülichenallee,Hoch,Abgeschlossen,Patrouille,2026-02-13,4,42390.35,0,4
AZ-2023-000694,Einbruchdiebstahl,2024-03-24,11:24,Gallus,50.107424,8.727847,Paul-Kabus-Allee,Dringend,Gerichtlich,Opfer,2025-02-11,3,28862.11,0,4
AZ-2023-000695,Verkehrsdelikt,2025-08-02,03:47,Niederursel,50.017986,8.623158,Serge-Säuberlich-Ring,Dringend,Ermittlung läuft,Patrouille,,3,0.0,4,2
AZ-2024-000696,Einbruchdiebstahl,2024-12-26,13:13,Westend-Süd,50.105394,8.6386,Dolores-Mühle-Ring,Hoch,Ermittlung läuft,Zeuge,,1,36600.08,3,6
AZ-2024-000697,Körperverletzung,2024-08-25,06:25,Nieder-Erlenbach,50.064667,8.671243,Irmtraud-Birnbaum-Weg,Niedrig,Ermittlung läuft,Opfer,,1,0.0,0,1
AZ-2024-000698,Drogendelikt,2024-06-29,07:04,Fechenheim,50.055764,8.675432,Geißlerstr.,Niedrig,Abgeschlossen,Opfer,2024-11-24,3,8551.46,1,11
AZ-2024-000699,Bedrohung,2024-08-12,22:38,Riederwald,50.015559,8.532706,Finkeallee,Hoch,Ermittlung läuft,Opfer,,2,3472.73,1,10
AZ-2023-000700,Betrug,2025-07-21,04:00,Praunheim,50.07513,8.530225,Anto-Ruppersberger-Allee,Niedrig,Abgeschlossen,Anonym,2026-03-04,3,29157.94,3,7
AZ-2025-000701,Unterschlagung,2025-08-25,03:02,Rödelheim,50.137408,8.567336,Hans-Hinrich-Bähr-Straße,Mittel,Eingestellt,Opfer,2026-06-18,1,0.0,5,10
AZ-2024-000702,Verkehrsdelikt,2025-07-15,15:47,Praunheim,50.113229,8.689598,Lindnerplatz,Niedrig,Ermittlung läuft,Patrouille,,3,44568.62,5,15
AZ-2025-000703,Betrug,2023-08-19,08:43,Rödelheim,50.018731,8.792993,Stumpfplatz,Hoch,Abgeschlossen,Notruf,2024-07-18,1,0.0,5,13
AZ-2024-000704,Hausfriedensbruch,2025-01-06,06:47,Nordend-Ost,50.180717,8.595911,Ottoallee,Dringend,Ermittlung läuft,Anonym,,2,0.0,5,11
AZ-2025-000705,Raub,2024-11-09,12:37,Nieder-Erlenbach,50.070678,8.485481,Wähnerweg,Niedrig,Abgeschlossen,Notruf,2025-04-06,4,39626.28,2,9
AZ-2025-000706,Unterschlagung,2023-08-14,00:31,Ginnheim,50.098937,8.521275,Ilona-Etzler-Weg,Mittel,Gerichtlich,Patrouille,2023-11-04,4,0.0,2,0
AZ-2023-000707,Drogendelikt,2025-07-18,01:13,Dornbusch,50.121753,8.489447,Bärbel-Junk-Allee,Hoch,Ermittlung läuft,Zeuge,,1,0.0,2,9
AZ-2024-000708,Erpressung,2025-10-25,21:49,Gallus,50.143375,8.518787,Putzstraße,Niedrig,Abgeschlossen,Patrouille,2025-12-15,2,0.0,2,7
AZ-2024-000709,Betrug,2025-03-02,13:25,Seckbach,50.175746,8.773824,Gerlachstraße,Dringend,Gerichtlich,Patrouille,2025-04-28,2,9975.33,1,13
AZ-2023-000710,Drogendelikt,2024-02-13,09:19,Kalbach-Riedberg,50.117,8.678089,Ritterring,Dringend,Ermittlung läuft,Zeuge,,2,34706.67,4,11
AZ-2024-000711,Körperverletzung,2025-08-17,11:27,Innenstadt,50.098031,8.771319,Schmidtstraße,Mittel,Abgeschlossen,Anonym,2026-03-22,3,29016.12,2,4
AZ-2024-000712,Computerbetrug,2024-08-23,01:48,Nieder-Erlenbach,50.08753,8.473953,Vanessa-Hentschel-Ring,Niedrig,Eingestellt,Zeuge,2024-11-02,1,0.0,5,3
AZ-2023-000713,Bedrohung,2024-11-13,19:06,Westend-Süd,50.101664,8.580669,Heckerring,Niedrig,Eingestellt,Opfer,2025-09-05,2,48363.92,1,7
AZ-2025-000714,Bedrohung,2023-11-13,09:40,Schwanheim,50.193049,8.474116,Tlustekplatz,Mittel,Ermittlung läuft,Zeuge,,1,0.0,4,3
AZ-2023-000715,Hausfriedensbruch,2023-07-18,07:13,Fechenheim,50.019438,8.637904,Junckstraße,Niedrig,Ermittlung läuft,Patrouille,,4,9202.2,1,8
AZ-2025-000716,Beleidigung,2025-06-18,21:39,Sachsenhausen-Nord,50.041324,8.479104,Römerallee,Mittel,Ermittlung läuft,Opfer,,2,14501.81,5,3
AZ-2024-000717,Computerbetrug,2025-10-06,11:42,Sindlingen,50.084448,8.734353,Hövelgasse,Dringend,Ermittlung läuft,Opfer,,1,0.0,0,12
AZ-2023-000718,Hausfriedensbruch,2023-01-23,18:19,Zeilsheim,50.132076,8.687559,Krokerallee,Hoch,Ermittlung läuft,Opfer,,4,22917.51,0,5
AZ-2025-000719,Körperverletzung,2025-01-02,16:54,Berkersheim,50.07779,8.703642,Wirthallee,Mittel,Eingestellt,Opfer,2025-04-26,3,28157.39,3,4
AZ-2024-000720,Erpressung,2024-07-24,21:19,Berkersheim,50.179909,8.683604,Klaus Dieter-Berger-Ring,Mittel,Gerichtlich,Anonym,2024-09-03,3,0.0,2,11
AZ-2024-000721,Hausfriedensbruch,2025-04-06,02:02,Nordend-Ost,50.146918,8.547999,Muzaffer-Margraf-Allee,Dringend,Ermittlung läuft,Patrouille,,2,40427.77,5,7
AZ-2023-000722,Diebstahl,2023-08-04,05:46,Praunheim,50.181028,8.492312,Weinholdstraße,Niedrig,Eingestellt,Notruf,2024-03-13,3,42033.97,1,10
AZ-2023-000723,Einbruchdiebstahl,2023-08-09,22:28,Gallus,50.192997,8.6602,Hansgeorg-Renner-Ring,Dringend,Ermittlung läuft,Notruf,,3,0.0,5,5
AZ-2023-000724,Diebstahl,2025-06-07,16:51,Nordend-Ost,50.119779,8.67835,Etzlergasse,Mittel,Eingestellt,Zeuge,2025-07-28,3,28414.75,0,10
AZ-2025-000725,Computerbetrug,2024-01-15,21:46,Griesheim,50.110068,8.534365,Imre-Binner-Allee,Dringend,Gerichtlich,Anonym,2024-12-15,3,44987.79,1,2
AZ-2024-000726,Körperverletzung,2025-06-17,13:40,Nieder-Erlenbach,50.027756,8.497631,Fatima-Heintze-Gasse,Niedrig,Ermittlung läuft,Notruf,,2,0.0,4,10
AZ-2024-000727,Körperverletzung,2023-02-16,07:52,Sachsenhausen-Süd,50.085277,8.589393,Sandro-Kabus-Allee,Mittel,Gerichtlich,Anonym,2023-07-01,3,2832.41,5,3
AZ-2023-000728,Betrug,2025-08-22,08:41,Eckenheim,50.075848,8.557569,Ditschlerinweg,Mittel,Ermittlung läuft,Anonym,,3,33166.81,0,7
AZ-2024-000729,Körperverletzung,2025-10-07,02:51,Bahnhofsviertel,50.141556,8.723108,Adem-Rogner-Platz,Dringend,Gerichtlich,Anonym,2026-08-22,1,23938.57,1,8
AZ-2023-000730,Diebstahl,2023-03-27,03:02,Dornbusch,50.132061,8.613537,Södingstraße,Niedrig,Abgeschlossen,Zeuge,2023-07-27,2,43014.72,5,0
AZ-2023-000731,Körperverletzung,2025-09-14,01:24,Harheim,50.037543,8.702039,Sieringplatz,Dringend,Eingestellt,Zeuge,2026-09-12,3,17156.28,0,7
AZ-2025-000732,Diebstahl,2024-04-20,02:37,Kalbach-Riedberg,50.089352,8.718843,Jungferring,Niedrig,Ermittlung läuft,Opfer,,1,0.0,1,14
AZ-2023-000733,Erpressung,2024-01-05,09:02,Ginnheim,50.123435,8.764059,Sevim-Wilmsen-Gasse,Dringend,Ermittlung läuft,Notruf,,1,3818.89,4,6
AZ-2025-000734,Einbruchdiebstahl,2025-10-10,22:47,Bonames,50.094838,8.571292,Antonie-Warmer-Allee,Mittel,Eingestellt,Anonym,2026-02-06,3,27070.96,0,1
AZ-2025-000735,Sachbeschädigung,2024-12-10,13:45,Bornheim,50.065361,8.538766,Sigrid-Gertz-Straße,Hoch,Gerichtlich,Anonym,2025-08-22,2,0.0,5,4
AZ-2024-000736,Einbruchdiebstahl,2023-03-15,07:44,Bahnhofsviertel,50.186548,8.478983,Sylke-Beier-Straße,Dringend,Abgeschlossen,Patrouille,2023-11-09,1,0.0,4,12
AZ-2023-000737,Beleidigung,2025-10-11,00:55,Berkersheim,50.094924,8.545619,Gotthardweg,Dringend,Ermittlung läuft,Anonym,,1,1565.3,2,0
AZ-2024-000738,Computerbetrug,2024-11-19,08:51,Riederwald,50.151305,8.58383,Bendergasse,Dringend,Eingestellt,Zeuge,2025-03-16,1,47623.68,5,9
AZ-2025-000739,Hausfriedensbruch,2025-08-07,13:36,Sindlingen,50.061818,8.78698,Rosenowstr.,Mittel,Abgeschlossen,Opfer,2026-05-06,1,0.0,5,8
AZ-2024-000740,Einbruchdiebstahl,2023-06-25,07:49,Niederursel,50.117795,8.484663,Susanne-Käster-Ring,Hoch,Abgeschlossen,Anonym,2023-12-21,1,0.0,4,10
AZ-2024-000741,Beleidigung,2024-06-25,05:28,Preungesheim,50.016597,8.484137,Segebahnstr.,Mittel,Abgeschlossen,Notruf,2025-02-12,1,3977.34,4,10
AZ-2023-000742,Sachbeschädigung,2023-05-12,14:11,Schwanheim,50.156612,8.557129,Eimerallee,Mittel,Ermittlung läuft,Opfer,,1,0.0,5,1
AZ-2023-000743,Bedrohung,2024-01-13,21:32,Rödelheim,50.07212,8.653518,Heydrichplatz,Hoch,Eingestellt,Patrouille,2024-11-11,1,42874.52,2,1
AZ-2023-000744,Raub,2024-04-25,11:06,Hausen,50.094886,8.63962,Maxim-Fröhlich-Allee,Hoch,Ermittlung läuft,Notruf,,1,43792.66,1,0
AZ-2024-000745,Einbruchdiebstahl,2024-10-30,19:50,Bonames,50.190518,8.766345,Seifertring,Niedrig,Ermittlung läuft,Opfer,,3,0.0,1,0
AZ-2025-000746,Raub,2023-08-06,19:13,Bergen-Enkheim,50.143838,8.71539,Alex-Walter-Ring,Mittel,Eingestellt,Notruf,2024-04-30,1,7503.73,5,2
AZ-2025-000747,Körperverletzung,2023-06-08,07:36,Kalbach-Riedberg,50.128458,8.712736,Rosenowweg,Niedrig,Abgeschlossen,Anonym,2024-04-04,4,26016.8,2,8
AZ-2023-000748,Verkehrsdelikt,2024-02-04,18:18,Bonames,50.058753,8.723787,Hanno-Schmidt-Allee,Hoch,Gerichtlich,Zeuge,2024-07-28,2,47880.43,3,11
AZ-2024-000749,Sachbeschädigung,2023-06-13,11:35,Zeilsheim,50.132599,8.670512,Loosstr.,Mittel,Abgeschlossen,Anonym,2023-12-22,2,20380.87,4,4
AZ-2025-000750,Verkehrsdelikt,2024-06-17,09:21,Sachsenhausen-Nord,50.029671,8.610095,Christophstraße,Mittel,Ermittlung läuft,Opfer,,4,0.0,0,13
AZ-2023-000751,Bedrohung,2024-06-23,17:45,Unterliederbach,50.037752,8.483177,Hans-Friedrich-Etzold-Straße,Mittel,Gerichtlich,Zeuge,2024-08-20,2,26465.48,3,13
AZ-2025-000752,Erpressung,2024-12-26,04:25,Eckenheim,50.143157,8.511042,Heringgasse,Niedrig,Abgeschlossen,Zeuge,2025-05-05,1,17747.88,3,13
AZ-2025-000753,Körperverletzung,2025-07-10,23:53,Bergen-Enkheim,50.14102,8.712569,Krausplatz,Mittel,Abgeschlossen,Zeuge,2026-03-18,3,22676.36,2,14
AZ-2025-000754,Unterschlagung,2023-12-28,16:46,Westend-Süd,50.056807,8.6338,Wellerring,Dringend,Abgeschlossen,Patrouille,2024-02-22,3,37865.01,1,1
AZ-2024-000755,Betrug,2024-03-07,13:33,Preungesheim,50.173325,8.575113,Jacobi Jäckelstr.,Niedrig,Ermittlung läuft,Patrouille,,3,11181.67,1,9
AZ-2023-000756,Unterschlagung,2024-06-15,19:48,Nordend-Ost,50.056701,8.56339,John-Söding-Ring,Mittel,Ermittlung läuft,Zeuge,,1,26991.49,1,0
AZ-2025-000757,Betrug,2025-09-27,00:23,Zeilsheim,50.184525,8.659342,Burkhardt-Stahr-Gasse,Dringend,Ermittlung läuft,Patrouille,,1,45959.18,0,14
AZ-2024-000758,Urkundenfälschung,2025-06-04,15:16,Ostend,50.039627,8.563333,Jäntschplatz,Niedrig,Ermittlung läuft,Opfer,,1,25353.01,2,14
AZ-2024-000759,Sachbeschädigung,2023-06-01,22:44,Nieder-Erlenbach,50.181451,8.614148,Striebitzstr.,Niedrig,Ermittlung läuft,Zeuge,,2,0.0,3,7
AZ-2023-000760,Sachbeschädigung,2024-02-05,08:30,Ginnheim,50.161496,8.712608,Stumpfgasse,Niedrig,Ermittlung läuft,Anonym,,2,0.0,0,15
AZ-2025-000761,Sachbeschädigung,2024-03-03,22:11,Frankfurter Berg,50.138837,8.673188,Kochstr.,Hoch,Ermittlung läuft,Notruf,,2,42034.59,2,15
AZ-2024-000762,Drogendelikt,2025-09-30,20:25,Ostend,50.101573,8.503663,Heinz-Otto-Eimer-Straße,Dringend,Abgeschlossen,Patrouille,2026-07-12,2,5790.96,3,10
AZ-2025-000763,Drogendelikt,2023-08-21,11:44,Schwanheim,50.03805,8.761352,Uli-Weinhold-Weg,Mittel,Ermittlung läuft,Zeuge,,3,0.0,1,13
AZ-2024-000764,Drogendelikt,2023-05-05,17:49,Zeilsheim,50.136498,8.606883,Liebeltweg,Hoch,Ermittlung läuft,Zeuge,,3,10947.41,5,1
AZ-2023-000765,Erpressung,2024-09-23,14:26,Frankfurter Berg,50.172612,8.647812,Werneckestr.,Hoch,Ermittlung läuft,Opfer,,1,1055.88,3,2
AZ-2025-000766,Sachbeschädigung,2024-11-13,11:49,Bonames,50.132888,8.642117,Klaudia-Hentschel-Allee,Mittel,Eingestellt,Anonym,2024-12-22,4,11466.72,1,11
AZ-2025-000767,Körperverletzung,2024-11-09,13:13,Innenstadt,50.184202,8.483833,Anneli-Matthäi-Weg,Dringend,Abgeschlossen,Notruf,2025-03-23,1,0.0,2,0
AZ-2025-000768,Drogendelikt,2024-04-16,20:49,Berkersheim,50.064042,8.512555,Buchholzstr.,Mittel,Abgeschlossen,Patrouille,2024-05-10,1,0.0,4,13
AZ-2024-000769,Sachbeschädigung,2023-02-11,00:47,Bergen-Enkheim,50.180415,8.503343,Burkhard-Rogge-Weg,Hoch,Eingestellt,Patrouille,2023-12-24,4,1171.6,2,14
AZ-2023-000770,Drogendelikt,2024-02-20,03:16,Nordend-West,50.099852,8.567526,Christa-Reising-Platz,Hoch,Gerichtlich,Notruf,2024-12-18,3,26660.2,1,12
AZ-2024-000771,Sachbeschädigung,2023-02-05,15:46,Nordend-Ost,50.082093,8.651279,Matthias-Pölitz-Straße,Niedrig,Ermittlung läuft,Notruf,,2,23840.32,0,9
AZ-2025-000772,Sachbeschädigung,2024-11-11,04:51,Schwanheim,50.03217,8.527516,Hanne-Haering-Allee,Niedrig,Abgeschlossen,Opfer,2024-12-30,4,23675.73,5,7
AZ-2025-000773,Drogendelikt,2023-05-01,15:16,Nieder-Eschbach,50.165178,8.483975,Conradistr.,Niedrig,Abgeschlossen,Patrouille,2023-10-27,2,39734.79,4,15
AZ-2023-000774,Drogendelikt,2024-10-03,20:15,Nordend-West,50.142596,8.640733,Blümelstraße,Niedrig,Ermittlung läuft,Notruf,,2,8104.66,5,3
AZ-2025-000775,Urkundenfälschung,2023-12-07,06:28,Sachsenhausen-Süd,50.022031,8.611132,Anika-Liebelt-Straße,Dringend,Eingestellt,Opfer,2024-02-10,4,14837.55,3,9
AZ-2025-000776,Beleidigung,2024-07-09,16:20,Ginnheim,50.116486,8.52643,Britta-Misicher-Allee,Mittel,Abgeschlossen,Anonym,2025-01-22,3,12561.97,3,6
AZ-2023-000777,Raub,2024-11-07,23:46,Nied,50.044563,8.706547,Ullrichgasse,Dringend,Gerichtlich,Opfer,2025-01-22,2,49665.52,0,9
AZ-2024-000778,Erpressung,2024-01-20,06:44,Riederwald,50.097547,8.503066,Hermighausenallee,Mittel,Ermittlung läuft,Zeuge,,3,44167.16,2,0
AZ-2024-000779,Hausfriedensbruch,2024-01-30,08:18,Riederwald,50.120204,8.572286,Julie-Harloff-Weg,Hoch,Eingestellt,Anonym,2024-09-11,2,0.0,1,3
AZ-2025-000780,Urkundenfälschung,2024-03-19,08:11,Bergen-Enkheim,50.033418,8.733378,Baptist-Löchel-Ring,Dringend,Ermittlung läuft,Patrouille,,3,36863.28,4,15
AZ-2023-000781,Betrug,2024-03-04,05:00,Sachsenhausen-Nord,50.031441,8.7355,Aysel-Bonbach-Gasse,Dringend,Eingestellt,Zeuge,2024-06-29,3,0.0,0,4
AZ-2025-000782,Drogendelikt,2025-11-13,14:27,Hausen,50.06946,8.721282,Beckmannring,Dringend,Abgeschlossen,Notruf,2026-05-06,4,41932.47,2,2
AZ-2025-000783,Urkundenfälschung,2024-03-14,05:40,Schwanheim,50.166178,8.655839,Girschnerallee,Hoch,Eingestellt,Zeuge,2024-06-02,4,8900.62,2,14
AZ-2024-000784,Raub,2024-12-09,23:27,Gallus,50.115763,8.799311,Kreszenz-Segebahn-Allee,Mittel,Ermittlung läuft,Zeuge,,2,26300.13,0,9
AZ-2024-000785,Diebstahl,2024-11-03,03:58,Seckbach,50.060677,8.774273,Kösterstraße,Hoch,Ermittlung läuft,Notruf,,4,0.0,5,8
AZ-2025-000786,Verkehrsdelikt,2024-07-15,20:03,Seckbach,50.170373,8.776245,Kostolzinstraße,Dringend,Gerichtlich,Opfer,2024-08-06,4,32377.42,4,3
AZ-2023-000787,Drogendelikt,2023-03-20,11:01,Bornheim,50.142015,8.530026,Hatice-Speer-Weg,Niedrig,Abgeschlossen,Zeuge,2023-06-13,4,3116.27,0,8
AZ-2025-000788,Betrug,2024-02-02,20:39,Eschersheim,50.165709,8.750219,Georgia-Keudel-Gasse,Hoch,Abgeschlossen,Anonym,2024-07-28,1,20158.65,5,1
AZ-2023-000789,Einbruchdiebstahl,2023-05-14,06:52,Zeilsheim,50.146212,8.499542,Arzu-Kreusel-Weg,Mittel,Eingestellt,Anonym,2023-08-04,4,0.0,5,0
AZ-2025-000790,Hausfriedensbruch,2024-09-29,08:35,Nordend-West,50.076461,8.658361,Jacqueline-Hauffer-Gasse,Dringend,Ermittlung läuft,Zeuge,,1,9125.05,0,5
AZ-2024-000791,Körperverletzung,2024-10-12,18:40,Bonames,50.156973,8.543348,Kornelius-Mitschke-Allee,Mittel,Gerichtlich,Patrouille,2025-01-13,2,36905.52,2,1
AZ-2023-000792,Einbruchdiebstahl,2025-02-15,22:18,Rödelheim,50.040277,8.575497,Reichmannstraße,Mittel,Ermittlung läuft,Opfer,,3,0.0,3,8
AZ-2025-000793,Computerbetrug,2023-07-09,15:22,Frankfurter Berg,50.154027,8.643558,Ivan-Mies-Ring,Mittel,Abgeschlossen,Zeuge,2024-01-10,4,0.0,4,6
AZ-2025-000794,Computerbetrug,2025-06-07,11:41,Sossenheim,50.05234,8.701486,Karl-August-Graf-Allee,Hoch,Eingestellt,Zeuge,2025-11-08,2,0.0,3,8
AZ-2024-000795,Erpressung,2023-03-06,03:33,Eschersheim,50.100538,8.625257,Anton-Speer-Straße,Dringend,Abgeschlossen,Anonym,2023-06-16,1,5230.65,2,0
AZ-2024-000796,Betrug,2023-11-22,13:30,Preungesheim,50.131619,8.504868,Ilias-Haering-Gasse,Dringend,Ermittlung läuft,Anonym,,2,21950.44,4,14
AZ-2024-000797,Beleidigung,2025-06-09,23:25,Eckenheim,50.060463,8.594414,Desiree-Beer-Straße,Dringend,Abgeschlossen,Patrouille,2025-10-18,1,43871.64,4,3
AZ-2025-000798,Betrug,2025-05-12,13:49,Sachsenhausen-Süd,50.118948,8.666529,Ioannis-Weihmann-Gasse,Hoch,Ermittlung läuft,Anonym,,2,28399.41,1,4
AZ-2024-000799,Betrug,2024-11-13,01:05,Sindlingen,50.152848,8.734889,Mangoldplatz,Dringend,Ermittlung läuft,Zeuge,,2,0.0,1,9
AZ-2023-000800,Beleidigung,2024-09-21,02:11,Hausen,50.051598,8.501575,Katharina-Wulf-Gasse,Hoch,Ermittlung läuft,Zeuge,,4,0.0,0,15
AZ-2023-000801,Drogendelikt,2025-03-18,22:13,Hausen,50.082732,8.624023,Almuth-Hoffmann-Platz,Mittel,Gerichtlich,Patrouille,2026-03-02,2,16355.59,2,13
AZ-2023-000802,Hausfriedensbruch,2025-03-17,17:04,Innenstadt,50.135578,8.790234,Ruststr.,Mittel,Ermittlung läuft,Opfer,,3,25072.8,0,12
AZ-2023-000803,Raub,2023-06-08,20:14,Unterliederbach,50.048835,8.541284,Hellwigring,Dringend,Ermittlung läuft,Opfer,,4,0.0,2,12
AZ-2023-000804,Verkehrsdelikt,2025-09-11,01:16,Nieder-Erlenbach,50.047313,8.602615,Gertrude-Pölitz-Platz,Niedrig,Gerichtlich,Patrouille,2026-04-21,1,20223.68,0,5
AZ-2024-000805,Urkundenfälschung,2024-10-15,04:36,Fechenheim,50.096845,8.631454,Jacobring,Niedrig,Abgeschlossen,Patrouille,2025-10-08,4,0.0,5,3
AZ-2023-000806,Drogendelikt,2025-07-11,16:23,Ostend,50.16695,8.790741,Brigitte-Schäfer-Allee,Dringend,Eingestellt,Zeuge,2026-01-05,2,0.0,5,8
AZ-2023-000807,Computerbetrug,2024-02-09,16:52,Bahnhofsviertel,50.09328,8.624442,Erdmute-Stiebitz-Straße,Dringend,Abgeschlossen,Notruf,2024-10-05,3,0.0,4,11
AZ-2024-000808,Diebstahl,2024-05-31,13:21,Preungesheim,50.112695,8.530623,Biggenring,Dringend,Abgeschlossen,Patrouille,2024-06-19,3,29788.95,2,1
AZ-2024-000809,Drogendelikt,2025-03-22,07:11,Frankfurter Berg,50.032023,8.710386,Zimmerstr.,Hoch,Ermittlung läuft,Patrouille,,4,12205.04,5,14
AZ-2023-000810,Drogendelikt,2023-03-25,02:20,Frankfurter Berg,50.041415,8.792405,Textorstraße,Niedrig,Ermittlung läuft,Patrouille,,3,1119.17,5,8
AZ-2025-000811,Computerbetrug,2023-06-12,13:07,Sossenheim,50.061976,8.57145,Fischerring,Mittel,Eingestellt,Zeuge,2024-04-06,3,10760.46,3,8
AZ-2024-000812,Diebstahl,2024-01-16,08:32,Ginnheim,50.086761,8.531453,Gorlitzallee,Dringend,Abgeschlossen,Opfer,2024-11-27,1,32860.64,2,8
AZ-2023-000813,Körperverletzung,2025-08-05,19:50,Eschersheim,50.032487,8.545743,Hendriksallee,Hoch,Gerichtlich,Anonym,2026-01-21,4,31738.63,2,12
AZ-2024-000814,Computerbetrug,2025-09-01,17:00,Sachsenhausen-Nord,50.072536,8.741822,Kuno-Trommler-Platz,Dringend,Ermittlung läuft,Opfer,,2,12784.63,0,2
AZ-2024-000815,Urkundenfälschung,2025-09-23,17:22,Dornbusch,50.149642,8.645706,Bohlanderstr.,Hoch,Ermittlung läuft,Notruf,,4,0.0,4,5
AZ-2023-000816,Drogendelikt,2024-12-21,18:27,Schwanheim,50.15025,8.565115,Lindaustr.,Mittel,Abgeschlossen,Notruf,2025-01-08,1,0.0,1,6
AZ-2025-000817,Drogendelikt,2023-08-15,18:18,Fechenheim,50.043641,8.727028,Reinald-Henk-Ring,Hoch,Ermittlung läuft,Opfer,,4,13943.99,2,3
AZ-2024-000818,Computerbetrug,2024-10-12,16:34,Sindlingen,50.16963,8.634305,Max-Seifert-Gasse,Dringend,Abgeschlossen,Opfer,2025-02-11,2,166.87,2,14
AZ-2024-000819,Sachbeschädigung,2023-12-19,21:58,Höchst,50.119428,8.609137,Koch IIgasse,Niedrig,Ermittlung läuft,Anonym,,2,0.0,4,2
AZ-2024-000820,Diebstahl,2025-04-17,00:20,Nordend-West,50.117475,8.626788,Bernd-Dieter-Heuser-Straße,Dringend,Abgeschlossen,Anonym,2025-07-18,2,8068.96,2,7
AZ-2023-000821,Erpressung,2023-12-25,15:59,Innenstadt,50.07309,8.568098,Patricia-Briemer-Platz,Dringend,Abgeschlossen,Notruf,2024-04-12,2,22182.66,1,5
AZ-2023-000822,Verkehrsdelikt,2025-08-02,16:41,Sachsenhausen-Süd,50.123721,8.580653,Wolf-Hänel-Ring,Niedrig,Ermittlung läuft,Zeuge,,1,20317.34,4,15
AZ-2025-000823,Unterschlagung,2025-02-28,02:50,Seckbach,50.174004,8.648248,Austermühleplatz,Niedrig,Abgeschlossen,Notruf,2025-07-18,4,2989.31,3,1
AZ-2023-000824,Betrug,2025-01-14,12:45,Ostend,50.131933,8.612577,Violetta-Weihmann-Gasse,Hoch,Gerichtlich,Anonym,2025-12-09,1,18323.23,5,10
AZ-2024-000825,Hausfriedensbruch,2023-10-18,07:50,Westend-Nord,50.032483,8.682588,Henkweg,Dringend,Abgeschlossen,Opfer,2024-03-08,3,34459.71,2,14
AZ-2024-000826,Erpressung,2024-06-12,18:17,Rödelheim,50.041644,8.566605,Robert-Henck-Weg,Hoch,Abgeschlossen,Patrouille,2024-08-29,3,7915.12,5,9
AZ-2025-000827,Einbruchdiebstahl,2025-08-31,22:28,Sachsenhausen-Nord,50.148872,8.699987,Wulfring,Dringend,Abgeschlossen,Patrouille,2025-11-25,2,0.0,1,9
AZ-2024-000828,Verkehrsdelikt,2023-10-31,18:00,Nieder-Erlenbach,50.144805,8.71651,Mohauptstr.,Mittel,Ermittlung läuft,Patrouille,,2,25054.76,4,11
AZ-2023-000829,Beleidigung,2025-02-13,15:41,Berkersheim,50.109543,8.529527,Jäntschring,Niedrig,Ermittlung läuft,Patrouille,,2,11215.5,2,3
AZ-2023-000830,Bedrohung,2024-02-08,11:31,Nieder-Erlenbach,50.178134,8.747513,Peukertstraße,Mittel,Abgeschlossen,Patrouille,2025-01-06,1,4942.0,2,2
AZ-2024-000831,Erpressung,2024-07-09,17:34,Westend-Süd,50.172071,8.790303,Dippelallee,Mittel,Eingestellt,Opfer,2025-04-17,3,9134.23,5,7
AZ-2023-000832,Bedrohung,2024-04-12,22:45,Niederursel,50.191288,8.55917,Wesackallee,Mittel,Abgeschlossen,Zeuge,2024-05-09,2,3043.26,1,7
AZ-2024-000833,Körperverletzung,2025-09-04,14:06,Gallus,50.072395,8.679921,Haasering,Dringend,Abgeschlossen,Zeuge,2025-10-07,4,0.0,4,6
AZ-2025-000834,Sachbeschädigung,2025-09-24,09:36,Zeilsheim,50.092356,8.768836,Lehmanngasse,Dringend,Ermittlung läuft,Zeuge,,3,30067.71,3,5
AZ-2024-000835,Einbruchdiebstahl,2024-11-04,16:30,Hausen,50.068935,8.756462,Jolanta-Fiebig-Gasse,Hoch,Abgeschlossen,Notruf,2025-10-07,1,47284.85,3,0
AZ-2023-000836,Hausfriedensbruch,2024-10-15,16:30,Dornbusch,50.026801,8.613701,Röhrdanzstr.,Dringend,Abgeschlossen,Patrouille,2025-01-21,2,0.0,0,7
AZ-2025-000837,Sachbeschädigung,2024-03-12,09:32,Dornbusch,50.152956,8.626775,Hübelplatz,Mittel,Ermittlung läuft,Patrouille,,2,0.0,3,5
AZ-2024-000838,Urkundenfälschung,2023-11-20,19:42,Seckbach,50.187207,8.793819,Maurizio-Hein-Straße,Hoch,Ermittlung läuft,Opfer,,3,42811.88,2,11
AZ-2024-000839,Diebstahl,2023-10-24,09:21,Fechenheim,50.095947,8.611498,Alice-Rogner-Allee,Dringend,Abgeschlossen,Zeuge,2024-04-09,4,40268.54,3,8
AZ-2023-000840,Raub,2023-02-09,22:12,Bonames,50.144001,8.568693,Hertrampfallee,Dringend,Ermittlung läuft,Notruf,,3,36950.85,1,14
AZ-2024-000841,Diebstahl,2024-07-15,03:04,Bergen-Enkheim,50.073587,8.629336,Ullrichweg,Dringend,Ermittlung läuft,Notruf,,2,0.0,4,12
AZ-2023-000842,Verkehrsdelikt,2023-05-02,03:03,Ginnheim,50.111821,8.615705,Miesplatz,Mittel,Abgeschlossen,Zeuge,2023-09-27,3,36622.45,1,4
AZ-2025-000843,Unterschlagung,2024-09-04,18:12,Praunheim,50.059141,8.659856,Geislerplatz,Hoch,Abgeschlossen,Zeuge,2025-04-23,2,3400.2,5,10
AZ-2024-000844,Sachbeschädigung,2025-01-09,14:47,Bonames,50.072828,8.54668,Gorlitzstr.,Hoch,Eingestellt,Patrouille,2025-04-20,1,0.0,5,13
AZ-2024-000845,Diebstahl,2025-05-25,12:51,Sossenheim,50.164701,8.491774,Annekatrin-Beer-Gasse,Dringend,Abgeschlossen,Zeuge,2025-06-25,3,24600.47,4,10
AZ-2023-000846,Erpressung,2023-05-18,23:04,Sossenheim,50.155506,8.646418,Korinna-Albers-Straße,Dringend,Abgeschlossen,Anonym,2024-03-05,2,38355.76,3,8
AZ-2024-000847,Verkehrsdelikt,2025-08-11,14:56,Nieder-Eschbach,50.13208,8.495952,Mercedes-Schuchhardt-Platz,Dringend,Eingestellt,Zeuge,2025-11-03,4,317.7,3,0
AZ-2025-000848,Verkehrsdelikt,2023-01-18,07:20,Eschersheim,50.169003,8.663675,Imelda-Flantz-Gasse,Mittel,Abgeschlossen,Anonym,2023-06-06,3,35745.22,4,4
AZ-2023-000849,Unterschlagung,2024-01-22,04:13,Bahnhofsviertel,50.033161,8.646962,Amalia-Meyer-Ring,Hoch,Ermittlung läuft,Zeuge,,3,46423.28,5,6
AZ-2023-000850,Betrug,2024-02-18,09:10,Preungesheim,50.056936,8.77372,Ellen-Schweitzer-Allee,Dringend,Abgeschlossen,Zeuge,2024-07-12,4,0.0,5,6
AZ-2023-000851,Betrug,2025-02-18,01:28,Ostend,50.052014,8.596806,Sorgatzstraße,Niedrig,Abgeschlossen,Opfer,2025-06-06,2,0.0,3,11
AZ-2024-000852,Unterschlagung,2024-10-10,13:12,Nied,50.031342,8.638267,Ahmad-Reichmann-Weg,Niedrig,Ermittlung läuft,Notruf,,1,0.0,3,12
AZ-2023-000853,Bedrohung,2023-07-24,11:23,Dornbusch,50.093147,8.750081,Aumanngasse,Niedrig,Gerichtlich,Notruf,2023-09-02,4,0.0,2,10
AZ-2023-000854,Bedrohung,2023-04-03,04:54,Sachsenhausen-Nord,50.116624,8.513967,Reisingring,Dringend,Ermittlung läuft,Zeuge,,1,10491.28,5,9
AZ-2025-000855,Urkundenfälschung,2025-01-31,19:26,Sachsenhausen-Nord,50.046036,8.779104,Alla-Thanel-Allee,Mittel,Eingestellt,Patrouille,2025-09-09,1,1499.01,1,9
AZ-2024-000856,Diebstahl,2025-04-06,20:23,Innenstadt,50.126944,8.481341,Gießgasse,Dringend,Gerichtlich,Zeuge,2025-08-26,2,2324.97,3,5
AZ-2023-000857,Verkehrsdelikt,2023-11-20,03:00,Westend-Nord,50.055086,8.609722,Annekatrin-Fischer-Platz,Dringend,Ermittlung läuft,Notruf,,4,0.0,4,0
AZ-2025-000858,Beleidigung,2024-09-29,15:30,Bonames,50.038076,8.687291,Elma-Putz-Ring,Niedrig,Eingestellt,Notruf,2025-02-14,4,42598.42,1,4
AZ-2025-000859,Drogendelikt,2024-03-25,16:08,Nordend-Ost,50.055599,8.498958,Hethurallee,Hoch,Eingestellt,Anonym,2024-06-13,1,0.0,2,5
AZ-2023-000860,Raub,2024-09-08,10:45,Niederursel,50.121341,8.641545,Budigring,Dringend,Gerichtlich,Patrouille,2025-08-23,2,46731.22,0,12
AZ-2023-000861,Drogendelikt,2023-04-09,06:11,Hausen,50.129234,8.746004,Miesstr.,Hoch,Ermittlung läuft,Zeuge,,4,17195.09,5,12
AZ-2024-000862,Raub,2025-07-14,06:29,Sossenheim,50.094175,8.716347,Herta-Hecker-Ring,Mittel,Abgeschlossen,Patrouille,2026-04-26,3,24367.76,4,14
AZ-2024-000863,Beleidigung,2023-07-17,21:54,Bonames,50.108433,8.492703,Georgia-Seip-Gasse,Niedrig,Ermittlung läuft,Anonym,,2,0.0,3,3
AZ-2025-000864,Körperverletzung,2023-09-04,17:45,Unterliederbach,50.172195,8.572706,Ruben-Kramer-Straße,Mittel,Ermittlung läuft,Notruf,,2,0.0,5,7
AZ-2025-000865,Diebstahl,2023-02-04,06:46,Nieder-Erlenbach,50.123169,8.521781,Blümelweg,Hoch,Abgeschlossen,Anonym,2023-11-07,2,49858.74,1,11
AZ-2025-000866,Erpressung,2023-11-22,03:43,Sachsenhausen-Nord,50.129176,8.674764,Hubertine-Geißler-Gasse,Dringend,Ermittlung läuft,Opfer,,3,0.0,3,9
AZ-2023-000867,Körperverletzung,2025-03-09,16:26,Dornbusch,50.072946,8.708668,Lübsweg,Hoch,Eingestellt,Anonym,2025-11-10,3,0.0,5,2
AZ-2024-000868,Urkundenfälschung,2023-05-02,13:08,Hausen,50.163039,8.722786,Rosemannallee,Mittel,Ermittlung läuft,Notruf,,4,12428.67,2,2
AZ-2023-000869,Verkehrsdelikt,2024-04-08,08:08,Sachsenhausen-Nord,50.145676,8.664185,Roselinde-Rädel-Gasse,Mittel,Eingestellt,Patrouille,2024-06-17,3,0.0,0,9
AZ-2025-000870,Erpressung,2023-07-30,20:38,Kalbach-Riedberg,50.093889,8.741695,Heimo-Süßebier-Weg,Dringend,Abgeschlossen,Opfer,2024-07-09,1,37712.51,5,10
AZ-2023-000871,Hausfriedensbruch,2024-07-11,01:24,Bergen-Enkheim,50.035311,8.62502,Hillergasse,Dringend,Eingestellt,Patrouille,2024-11-25,2,4428.65,5,11
AZ-2025-000872,Bedrohung,2024-05-09,21:31,Niederursel,50.090901,8.681284,Hedwig-Holt-Weg,Hoch,Eingestellt,Patrouille,2024-12-23,3,41814.81,2,2
AZ-2025-000873,Einbruchdiebstahl,2023-01-27,03:45,Unterliederbach,50.120441,8.544615,Hans Jürgen-Jopich-Gasse,Niedrig,Eingestellt,Notruf,2023-06-07,4,43519.67,5,12
AZ-2023-000874,Raub,2023-03-28,19:06,Ostend,50.186733,8.660805,Cäcilia-Fechner-Allee,Dringend,Abgeschlossen,Notruf,2024-02-27,1,39406.82,3,1
AZ-2023-000875,Beleidigung,2025-03-27,20:47,Bockenheim,50.178455,8.542861,Buchholzring,Hoch,Eingestellt,Zeuge,2026-03-11,3,40094.76,5,14
AZ-2023-000876,Raub,2024-06-03,11:52,Zeilsheim,50.190244,8.553574,Carla-Hendriks-Weg,Dringend,Abgeschlossen,Patrouille,2024-12-07,2,0.0,4,10
AZ-2025-000877,Bedrohung,2025-04-01,11:49,Riederwald,50.169196,8.581474,Steystr.,Mittel,Eingestellt,Patrouille,2025-12-19,3,0.0,5,2
AZ-2024-000878,Raub,2025-04-11,10:39,Schwanheim,50.151182,8.538305,Krausallee,Dringend,Abgeschlossen,Patrouille,2025-07-22,2,16137.99,0,6
AZ-2025-000879,Bedrohung,2024-09-27,16:44,Fechenheim,50.151219,8.648547,Liselotte-Stroh-Allee,Niedrig,Abgeschlossen,Opfer,2025-03-04,1,0.0,4,12
AZ-2023-000880,Computerbetrug,2024-06-23,04:45,Berkersheim,50.078684,8.515635,Alida-Weinhage-Ring,Hoch,Ermittlung läuft,Anonym,,1,11241.24,0,7
AZ-2023-000881,Hausfriedensbruch,2023-11-14,21:17,Rödelheim,50.055404,8.699986,Eberhardt-Mälzer-Platz,Mittel,Ermittlung läuft,Notruf,,2,0.0,2,7
AZ-2024-000882,Betrug,2023-02-12,19:30,Gallus,50.115138,8.799466,Miodrag-Schleich-Weg,Dringend,Eingestellt,Anonym,2023-09-19,4,35337.3,2,8
AZ-2024-000883,Computerbetrug,2025-06-02,11:23,Bornheim,50.072628,8.58912,Wohlgemutring,Mittel,Gerichtlich,Anonym,2025-10-07,2,0.0,4,15
AZ-2023-000884,Verkehrsdelikt,2024-10-04,03:51,Harheim,50.144619,8.707361,Eveline-Heydrich-Straße,Hoch,Eingestellt,Anonym,2025-02-04,1,21893.55,4,13
AZ-2025-000885,Betrug,2023-05-13,05:01,Nied,50.13205,8.765836,Heidrichring,Niedrig,Abgeschlossen,Patrouille,2024-03-01,1,13804.52,2,0
AZ-2024-000886,Unterschlagung,2025-10-02,13:45,Zeilsheim,50.192517,8.542587,Löwerplatz,Hoch,Eingestellt,Patrouille,2025-12-16,2,43798.43,3,4
AZ-2025-000887,Körperverletzung,2024-10-06,00:39,Westend-Nord,50.150804,8.664683,Casparallee,Dringend,Ermittlung läuft,Opfer,,2,0.0,4,5
AZ-2025-000888,Bedrohung,2024-01-07,00:41,Fechenheim,50.074722,8.502885,Hentschelweg,Dringend,Gerichtlich,Notruf,2024-03-15,4,6925.48,2,5
AZ-2023-000889,Einbruchdiebstahl,2023-07-16,09:22,Nordend-West,50.092465,8.554661,Dariusz-Heuser-Platz,Dringend,Ermittlung läuft,Opfer,,2,32361.26,0,10
AZ-2023-000890,Beleidigung,2025-07-14,03:33,Harheim,50.173274,8.491975,Truballee,Hoch,Ermittlung läuft,Zeuge,,2,0.0,4,0
AZ-2023-000891,Betrug,2023-01-10,10:24,Bonames,50.159007,8.65833,Joanna-Krebs-Ring,Mittel,Ermittlung läuft,Anonym,,4,0.0,1,11
AZ-2025-000892,Computerbetrug,2023-07-18,21:58,Zeilsheim,50.08235,8.530032,Döringgasse,Mittel,Ermittlung läuft,Anonym,,2,22255.32,4,1
AZ-2023-000893,Hausfriedensbruch,2023-09-04,09:59,Nieder-Erlenbach,50.07783,8.531177,Therese-Jäntsch-Straße,Niedrig,Ermittlung läuft,Notruf,,2,49867.1,2,14
AZ-2024-000894,Sachbeschädigung,2025-03-07,14:07,Hausen,50.075902,8.591947,Wesackring,Dringend,Abgeschlossen,Zeuge,2025-04-16,3,0.0,3,3
AZ-2025-000895,Drogendelikt,2023-07-06,21:41,Kalbach-Riedberg,50.109921,8.660628,Franjo-Christoph-Platz,Mittel,Ermittlung läuft,Patrouille,,3,0.0,1,9
AZ-2025-000896,Verkehrsdelikt,2025-05-23,12:27,Eschersheim,50.103284,8.633127,Meisterstr.,Dringend,Ermittlung läuft,Patrouille,,4,38537.04,5,1
AZ-2023-000897,Beleidigung,2023-03-27,06:05,Kalbach-Riedberg,50.120745,8.767291,Dobesgasse,Hoch,Ermittlung läuft,Zeuge,,1,0.0,2,12
AZ-2025-000898,Computerbetrug,2024-01-21,11:34,Sossenheim,50.163571,8.758575,Nikolaus-Röhrdanz-Gasse,Mittel,Ermittlung läuft,Anonym,,3,2236.04,1,3
AZ-2023-000899,Erpressung,2025-07-25,05:57,Schwanheim,50.072656,8.706203,Krausegasse,Niedrig,Ermittlung läuft,Zeuge,,4,0.0,5,3
AZ-2024-000900,Computerbetrug,2024-08-17,00:57,Bockenheim,50.161455,8.744668,Lehmannstraße,Mittel,Ermittlung läuft,Patrouille,,4,0.0,1,7
AZ-2024-000901,Bedrohung,2024-06-12,13:43,Niederursel,50.070753,8.780409,Isabelle-Römer-Platz,Niedrig,Abgeschlossen,Notruf,2025-05-05,4,42131.71,1,15
AZ-2025-000902,Bedrohung,2024-06-03,19:00,Bornheim,50.022524,8.723618,Heide-Kramer-Platz,Mittel,Abgeschlossen,Zeuge,2024-12-29,1,0.0,3,2
AZ-2024-000903,Unterschlagung,2024-01-11,17:20,Fechenheim,50.148217,8.785344,Julian-Jacobi Jäckel-Ring,Hoch,Ermittlung läuft,Patrouille,,3,0.0,0,12
AZ-2024-000904,Körperverletzung,2024-02-18,02:35,Nied,50.037881,8.798543,Fiebiggasse,Niedrig,Eingestellt,Opfer,2024-06-06,1,9223.92,5,2
AZ-2025-000905,Hausfriedensbruch,2024-05-10,13:39,Bahnhofsviertel,50.147902,8.616984,Sylvio-Hofmann-Straße,Mittel,Ermittlung läuft,Opfer,,3,0.0,0,4
AZ-2024-000906,Drogendelikt,2024-11-30,08:58,Westend-Süd,50.098166,8.767713,Netteallee,Mittel,Ermittlung läuft,Patrouille,,1,0.0,5,6
AZ-2024-000907,Unterschlagung,2024-11-18,21:46,Nieder-Erlenbach,50.027489,8.552615,Oswin-Hermann-Platz,Mittel,Abgeschlossen,Opfer,2025-07-08,3,0.0,5,2
AZ-2024-000908,Diebstahl,2025-04-19,16:34,Eschersheim,50.144687,8.709498,Scheibestr.,Mittel,Ermittlung läuft,Zeuge,,2,0.0,0,1
AZ-2025-000909,Computerbetrug,2025-03-04,18:07,Innenstadt,50.021335,8.650951,Uwe-Döring-Platz,Dringend,Eingestellt,Anonym,2026-01-26,4,0.0,4,12
AZ-2024-000910,Verkehrsdelikt,2025-07-09,23:15,Frankfurter Berg,50.060008,8.793483,Albersstraße,Mittel,Abgeschlossen,Notruf,2026-05-25,3,0.0,2,5
AZ-2023-000911,Diebstahl,2025-03-06,08:56,Dornbusch,50.148201,8.61361,Schollstraße,Dringend,Ermittlung läuft,Notruf,,2,6251.21,5,11
AZ-2024-000912,Raub,2024-03-02,12:26,Berkersheim,50.147021,8.617597,Mansring,Hoch,Eingestellt,Patrouille,2024-10-30,4,0.0,4,6
AZ-2024-000913,Hausfriedensbruch,2024-05-18,06:45,Riederwald,50.050028,8.758543,Sieringstr.,Dringend,Ermittlung läuft,Anonym,,4,15344.95,3,4
AZ-2024-000914,Diebstahl,2025-08-21,03:34,Riederwald,50.177842,8.78548,Kuno-Jungfer-Weg,Mittel,Abgeschlossen,Opfer,2026-01-28,3,7835.97,3,13
AZ-2023-000915,Beleidigung,2024-01-05,14:01,Nieder-Eschbach,50.117131,8.528528,Wolf-Johann-Platz,Dringend,Abgeschlossen,Anonym,2024-07-27,2,0.0,2,14
AZ-2025-000916,Bedrohung,2024-05-18,23:08,Riederwald,50.071919,8.778031,Junckenring,Niedrig,Eingestellt,Zeuge,2025-01-29,1,0.0,0,1
AZ-2024-000917,Computerbetrug,2024-11-09,02:20,Griesheim,50.051541,8.521398,Ruppertallee,Niedrig,Gerichtlich,Patrouille,2025-05-17,3,41412.73,3,10
AZ-2023-000918,Drogendelikt,2023-12-25,09:19,Sachsenhausen-Nord,50.11614,8.767468,Massimo-Kohl-Ring,Niedrig,Ermittlung läuft,Anonym,,4,0.0,4,15
AZ-2023-000919,Urkundenfälschung,2024-07-29,22:54,Zeilsheim,50.134496,8.5201,Knappegasse,Niedrig,Gerichtlich,Opfer,2024-10-02,4,23844.0,0,11
AZ-2024-000920,Hausfriedensbruch,2025-06-22,18:36,Nieder-Eschbach,50.175918,8.790257,Daria-Ritter-Platz,Hoch,Ermittlung läuft,Zeuge,,3,0.0,1,9
AZ-2025-000921,Urkundenfälschung,2025-03-17,04:07,Ginnheim,50.050484,8.680025,Uschi-Vogt-Straße,Niedrig,Gerichtlich,Patrouille,2026-03-01,4,0.0,4,13
AZ-2024-000922,Raub,2023-12-13,11:54,Innenstadt,50.107416,8.794108,Thaddäus-Hornich-Allee,Mittel,Ermittlung läuft,Zeuge,,2,13155.67,3,10
AZ-2023-000923,Betrug,2023-03-24,08:47,Harheim,50.097456,8.49832,Maria-Luise-Lange-Allee,Niedrig,Gerichtlich,Anonym,2024-03-01,1,9982.12,3,12
AZ-2024-000924,Drogendelikt,2025-03-06,01:44,Sossenheim,50.082526,8.592308,Etzoldweg,Hoch,Abgeschlossen,Opfer,2026-03-04,3,27619.13,3,9
AZ-2025-000925,Hausfriedensbruch,2024-06-30,02:58,Eschersheim,50.030263,8.690521,Hendriksring,Niedrig,Abgeschlossen,Zeuge,2025-06-15,2,5352.48,0,5
AZ-2025-000926,Diebstahl,2025-02-03,02:09,Altstadt,50.155198,8.75529,Insa-Löchel-Straße,Hoch,Abgeschlossen,Anonym,2025-06-11,1,0.0,5,14
AZ-2023-000927,Körperverletzung,2024-11-08,21:06,Nordend-West,50.141747,8.537443,Tom-Scheuermann-Straße,Niedrig,Abgeschlossen,Zeuge,2024-12-13,4,11653.79,0,2
AZ-2025-000928,Bedrohung,2025-03-03,10:40,Schwanheim,50.162159,8.704302,Reinhardtstr.,Mittel,Abgeschlossen,Notruf,2025-11-08,3,29590.6,0,14
AZ-2025-000929,Sachbeschädigung,2024-01-14,16:00,Kalbach-Riedberg,50.190354,8.55835,Ringgasse,Niedrig,Ermittlung läuft,Zeuge,,2,0.0,2,7
AZ-2023-000930,Drogendelikt,2023-11-29,12:40,Ginnheim,50.12328,8.638183,Tintzmannallee,Hoch,Eingestellt,Patrouille,2024-05-05,2,32742.11,5,8
AZ-2025-000931,Urkundenfälschung,2024-07-30,05:04,Westend-Süd,50.103906,8.768083,Elmar-Wilmsen-Platz,Dringend,Ermittlung läuft,Zeuge,,4,0.0,5,2
AZ-2025-000932,Einbruchdiebstahl,2024-10-14,18:49,Westend-Nord,50.140654,8.670606,Geiselweg,Hoch,Gerichtlich,Notruf,2025-04-24,3,24022.44,3,9
AZ-2024-000933,Verkehrsdelikt,2025-09-28,10:34,Preungesheim,50.05606,8.527941,Carina-Seidel-Allee,Dringend,Gerichtlich,Patrouille,2026-01-10,4,44954.48,3,4
AZ-2024-000934,Computerbetrug,2023-10-18,23:48,Eschersheim,50.185934,8.758463,Wellerring,Mittel,Ermittlung läuft,Notruf,,3,0.0,5,5
AZ-2024-000935,Sachbeschädigung,2023-11-06,18:11,Niederursel,50.01795,8.626911,Döringgasse,Niedrig,Ermittlung läuft,Notruf,,4,0.0,4,8
AZ-2024-000936,Beleidigung,2024-04-11,06:31,Sachsenhausen-Süd,50.092914,8.782725,Jochem-Hartung-Weg,Niedrig,Abgeschlossen,Patrouille,2024-12-29,1,0.0,2,15
AZ-2024-000937,Beleidigung,2024-08-15,04:15,Altstadt,50.159652,8.608561,Tilmann-Köster-Straße,Mittel,Abgeschlossen,Patrouille,2025-05-02,3,21449.87,0,4
AZ-2024-000938,Körperverletzung,2024-07-31,10:46,Nieder-Eschbach,50.138933,8.514028,Wirthweg,Niedrig,Ermittlung läuft,Notruf,,3,10472.8,2,7
AZ-2024-000939,Bedrohung,2024-10-02,20:58,Nieder-Eschbach,50.156625,8.654039,Muharrem-Barth-Straße,Mittel,Gerichtlich,Opfer,2025-06-09,3,28613.75,1,7
AZ-2023-000940,Erpressung,2024-05-25,15:36,Berkersheim,50.071423,8.760879,Knud-Liebelt-Gasse,Hoch,Abgeschlossen,Zeuge,2024-06-10,4,45021.53,5,8
AZ-2024-000941,Sachbeschädigung,2023-05-18,14:24,Westend-Süd,50.143143,8.591321,Marleen-Vollbrecht-Platz,Mittel,Eingestellt,Zeuge,2023-10-13,3,31032.63,4,4
AZ-2025-000942,Erpressung,2024-07-12,10:31,Gallus,50.173978,8.537619,Jockelring,Niedrig,Gerichtlich,Patrouille,2025-05-24,1,9747.15,4,9
AZ-2023-000943,Diebstahl,2024-05-23,12:27,Ginnheim,50.068672,8.538991,Ziegertplatz,Dringend,Abgeschlossen,Zeuge,2024-06-04,3,45490.33,1,14
AZ-2023-000944,Bedrohung,2025-02-21,17:10,Niederursel,50.034394,8.561725,Keudelstraße,Dringend,Abgeschlossen,Patrouille,2025-08-07,2,16140.19,0,3
AZ-2023-000945,Beleidigung,2023-04-18,10:35,Harheim,50.071748,8.708324,Thaddäus-Ullmann-Allee,Dringend,Abgeschlossen,Patrouille,2023-07-06,4,0.0,4,1
AZ-2024-000946,Körperverletzung,2024-08-02,10:36,Bornheim,50.173987,8.490322,Junckengasse,Niedrig,Eingestellt,Opfer,2024-08-29,2,0.0,1,7
AZ-2024-000947,Unterschlagung,2023-07-08,11:22,Schwanheim,50.089276,8.718279,Beyerallee,Niedrig,Ermittlung läuft,Anonym,,4,19799.51,1,2
AZ-2023-000948,Beleidigung,2024-02-29,14:10,Hausen,50.179056,8.557528,Anatoli-Karz-Allee,Niedrig,Ermittlung läuft,Zeuge,,2,2108.79,1,4
AZ-2025-000949,Urkundenfälschung,2023-10-09,16:20,Innenstadt,50.151073,8.691846,Gülsen-Gehringer-Allee,Hoch,Ermittlung läuft,Notruf,,1,34856.24,4,2
AZ-2025-000950,Körperverletzung,2023-03-24,06:37,Preungesheim,50.056311,8.633201,Ann-Gertz-Weg,Hoch,Ermittlung läuft,Anonym,,2,7612.79,0,9
AZ-2024-000951,Sachbeschädigung,2024-06-28,17:23,Praunheim,50.165268,8.719368,Maxim-Römer-Straße,Hoch,Abgeschlossen,Patrouille,2024-09-24,4,0.0,2,14
AZ-2023-000952,Diebstahl,2023-03-01,14:38,Bockenheim,50.107125,8.605067,Heinrichallee,Dringend,Gerichtlich,Zeuge,2024-02-14,2,0.0,4,9
AZ-2025-000953,Hausfriedensbruch,2024-03-14,18:52,Rödelheim,50.09848,8.684488,Schuchhardtplatz,Hoch,Ermittlung läuft,Opfer,,1,10821.18,1,10
AZ-2023-000954,Hausfriedensbruch,2024-02-27,15:46,Seckbach,50.073925,8.794827,Filiz-Sontag-Straße,Dringend,Ermittlung läuft,Notruf,,3,33351.22,1,2
AZ-2023-000955,Einbruchdiebstahl,2023-08-08,00:54,Niederursel,50.024005,8.475678,Baumweg,Dringend,Ermittlung läuft,Notruf,,2,0.0,2,6
AZ-2023-000956,Hausfriedensbruch,2024-01-26,13:47,Dornbusch,50.065396,8.686389,Tomas-Scheel-Straße,Niedrig,Eingestellt,Patrouille,2024-03-11,2,0.0,1,3
AZ-2025-000957,Unterschlagung,2023-03-04,15:11,Bergen-Enkheim,50.030497,8.549015,Adolphweg,Hoch,Ermittlung läuft,Patrouille,,1,23986.25,5,4
AZ-2024-000958,Betrug,2024-03-17,02:25,Sindlingen,50.021689,8.613856,Harold-Holsten-Allee,Niedrig,Abgeschlossen,Anonym,2024-04-08,1,47971.44,2,9
AZ-2023-000959,Bedrohung,2025-09-08,06:51,Gallus,50.135824,8.787926,Cilly-Dobes-Weg,Dringend,Ermittlung läuft,Zeuge,,1,41769.62,3,15
AZ-2024-000960,Unterschlagung,2024-04-19,22:54,Sindlingen,50.080526,8.66816,Pascal-Junk-Platz,Mittel,Abgeschlossen,Patrouille,2024-09-19,3,27038.35,2,11
AZ-2025-000961,Urkundenfälschung,2025-04-13,05:37,Sachsenhausen-Nord,50.192032,8.723679,Drewesring,Dringend,Abgeschlossen,Anonym,2025-12-15,4,21585.57,4,8
AZ-2023-000962,Raub,2023-10-09,10:59,Sachsenhausen-Süd,50.09898,8.719215,Rädelweg,Mittel,Ermittlung läuft,Anonym,,3,41600.65,1,4
AZ-2025-000963,Diebstahl,2024-02-26,22:25,Sossenheim,50.090416,8.508697,Schenkstraße,Niedrig,Ermittlung läuft,Anonym,,1,0.0,4,5
AZ-2025-000964,Hausfriedensbruch,2024-04-09,21:45,Bonames,50.036046,8.712048,Schaafgasse,Dringend,Eingestellt,Anonym,2024-12-22,4,0.0,2,13
AZ-2025-000965,Diebstahl,2023-08-06,07:40,Gallus,50.165183,8.765637,Kitzmannallee,Niedrig,Abgeschlossen,Notruf,2023-10-31,2,34746.87,2,7
AZ-2023-000966,Diebstahl,2025-04-11,09:52,Gallus,50.129885,8.784109,Schönlandplatz,Niedrig,Ermittlung läuft,Patrouille,,1,0.0,5,2
AZ-2025-000967,Erpressung,2023-05-18,08:28,Altstadt,50.185077,8.689,Schmiedeckestr.,Hoch,Gerichtlich,Patrouille,2023-12-27,4,15189.33,4,15
AZ-2024-000968,Urkundenfälschung,2023-03-27,21:31,Nied,50.072534,8.482181,Gudrun-Eimer-Ring,Niedrig,Gerichtlich,Notruf,2023-12-14,3,34242.41,0,12
AZ-2025-000969,Computerbetrug,2023-03-21,15:48,Hausen,50.060388,8.502192,Ignatz-Jäkel-Gasse,Niedrig,Gerichtlich,Notruf,2023-11-26,4,12068.93,3,1
AZ-2025-000970,Betrug,2024-10-23,09:35,Altstadt,50.05398,8.606679,Peter-Täsche-Platz,Niedrig,Eingestellt,Anonym,2025-06-18,4,0.0,1,14
AZ-2024-000971,Erpressung,2024-07-16,22:36,Westend-Süd,50.181496,8.686414,Lindnerstr.,Niedrig,Ermittlung läuft,Anonym,,4,0.0,3,9
AZ-2023-000972,Verkehrsdelikt,2023-11-30,01:18,Westend-Nord,50.034741,8.522773,Christin-Kraus-Straße,Dringend,Abgeschlossen,Opfer,2024-07-12,1,37226.54,5,5
AZ-2023-000973,Bedrohung,2025-02-10,01:19,Schwanheim,50.076213,8.696035,Zenon-Schuster-Weg,Dringend,Ermittlung läuft,Zeuge,,1,0.0,1,0
AZ-2025-000974,Unterschlagung,2025-06-16,15:23,Bonames,50.018697,8.644257,Blanka-Geisel-Straße,Niedrig,Eingestellt,Notruf,2026-01-29,4,0.0,3,13
AZ-2025-000975,Hausfriedensbruch,2023-05-18,02:05,Fechenheim,50.185759,8.589307,Etzoldplatz,Mittel,Ermittlung läuft,Opfer,,1,0.0,0,5
AZ-2025-000976,Drogendelikt,2024-02-07,14:42,Bockenheim,50.115326,8.628745,Mendestr.,Niedrig,Gerichtlich,Anonym,2024-08-23,1,0.0,1,9
AZ-2023-000977,Unterschlagung,2023-09-30,23:44,Altstadt,50.081935,8.639344,Norma-Klemt-Gasse,Hoch,Ermittlung läuft,Anonym,,1,40573.09,2,7
AZ-2025-000978,Beleidigung,2025-09-10,06:12,Berkersheim,50.101172,8.504487,Ernstplatz,Niedrig,Abgeschlossen,Opfer,2026-05-19,2,7270.13,0,15
AZ-2023-000979,Computerbetrug,2023-05-29,18:10,Bonames,50.150614,8.747445,Rörrichtstr.,Hoch,Ermittlung läuft,Notruf,,1,2145.45,2,12
AZ-2025-000980,Hausfriedensbruch,2023-02-26,06:42,Rödelheim,50.08534,8.670911,Langeweg,Mittel,Abgeschlossen,Notruf,2023-09-12,4,37771.51,1,7
AZ-2023-000981,Bedrohung,2024-08-12,15:49,Harheim,50.122968,8.60888,Liebeltweg,Mittel,Ermittlung läuft,Zeuge,,3,0.0,2,14
AZ-2025-000982,Verkehrsdelikt,2024-11-30,09:53,Nied,50.180479,8.752564,Niemeierplatz,Dringend,Abgeschlossen,Anonym,2025-05-23,2,4549.38,3,10
AZ-2023-000983,Raub,2023-05-09,08:40,Sossenheim,50.063825,8.566775,Carmine-Becker-Platz,Hoch,Ermittlung läuft,Opfer,,2,15317.38,2,13
AZ-2025-000984,Einbruchdiebstahl,2024-07-24,08:38,Bornheim,50.048904,8.673082,Beckmannring,Mittel,Abgeschlossen,Patrouille,2025-07-03,3,0.0,3,5
AZ-2024-000985,Betrug,2023-08-29,23:46,Frankfurter Berg,50.059465,8.668187,Asta-Hövel-Platz,Dringend,Eingestellt,Patrouille,2024-07-27,2,35852.07,4,14
AZ-2024-000986,Diebstahl,2024-11-30,04:16,Harheim,50.037397,8.595512,Rosemannweg,Niedrig,Abgeschlossen,Opfer,2025-04-15,3,22738.03,4,8
AZ-2025-000987,Körperverletzung,2025-11-12,18:26,Schwanheim,50.024179,8.612288,Rognerstr.,Dringend,Ermittlung läuft,Notruf,,4,6986.37,0,11
AZ-2023-000988,Hausfriedensbruch,2023-04-22,01:54,Bornheim,50.034343,8.647553,Christa-Drewes-Ring,Dringend,Ermittlung läuft,Opfer,,1,28328.37,0,3
AZ-2025-000989,Erpressung,2024-11-22,19:46,Riederwald,50.092364,8.5476,Riehlallee,Hoch,Ermittlung läuft,Anonym,,3,7585.14,4,10
AZ-2023-000990,Erpressung,2024-03-26,05:51,Sachsenhausen-Süd,50.051565,8.674145,Kira-Tschentscher-Straße,Hoch,Gerichtlich,Notruf,2024-10-15,1,0.0,3,7
AZ-2023-000991,Sachbeschädigung,2024-05-10,14:39,Nordend-Ost,50.046238,8.544272,Silvio-Dobes-Allee,Hoch,Ermittlung läuft,Notruf,,4,11609.04,0,13
AZ-2025-000992,Urkundenfälschung,2025-06-28,14:09,Innenstadt,50.168106,8.718228,Konstantinos-Beckmann-Straße,Hoch,Abgeschlossen,Opfer,2026-01-17,4,43757.34,2,10
AZ-2025-000993,Computerbetrug,2023-02-12,15:32,Westend-Nord,50.12418,8.594331,Keudelallee,Dringend,Abgeschlossen,Opfer,2023-10-03,4,0.0,2,11
AZ-2025-000994,Hausfriedensbruch,2025-04-09,08:15,Innenstadt,50.0833,8.759896,Theobald-Drubin-Platz,Mittel,Abgeschlossen,Zeuge,2025-08-12,4,1093.97,4,11
AZ-2024-000995,Sachbeschädigung,2025-01-06,12:01,Praunheim,50.178654,8.501343,Mareike-Walter-Weg,Hoch,Abgeschlossen,Patrouille,2025-08-29,3,8427.08,4,6
AZ-2023-000996,Erpressung,2023-03-16,12:23,Sachsenhausen-Süd,50.056144,8.70393,Tröststr.,Niedrig,Ermittlung läuft,Patrouille,,1,12757.27,1,9
AZ-2023-000997,Sachbeschädigung,2023-10-18,13:17,Nieder-Erlenbach,50.056236,8.574204,Gehringerstr.,Niedrig,Eingestellt,Anonym,2024-01-28,1,39155.04,5,5
AZ-2025-000998,Bedrohung,2024-08-13,17:30,Gallus,50.057524,8.736935,Liliana-Haering-Platz,Niedrig,Gerichtlich,Zeuge,2024-11-13,1,0.0,1,3
AZ-2023-000999,Urkundenfälschung,2025-08-05,17:48,Bockenheim,50.047206,8.64704,Catrin-Killer-Weg,Niedrig,Ermittlung läuft,Patrouille,,2,25662.3,0,1
AZ-2024-001000,Erpressung,2025-03-17,04:10,Seckbach,50.043064,8.515391,Schenkstr.,Hoch,Ermittlung läuft,Notruf,,2,35510.46,5,7
AZ-2024-001001,Unterschlagung,2023-11-28,20:38,Ginnheim,50.191914,8.516577,Marko-Tlustek-Ring,Dringend,Eingestellt,Notruf,2024-01-08,4,23331.01,5,11
AZ-2023-001002,Körperverletzung,2025-04-09,08:33,Bahnhofsviertel,50.105567,8.63591,Ruppersbergerring,Hoch,Gerichtlich,Patrouille,2025-07-10,1,20620.65,3,9
AZ-2024-001003,Computerbetrug,2025-02-04,00:20,Sachsenhausen-Nord,50.053803,8.726224,Franz-Josef-Weitzel-Straße,Mittel,Abgeschlossen,Patrouille,2025-02-19,4,0.0,0,7
AZ-2024-001004,Betrug,2025-06-18,08:31,Griesheim,50.14332,8.593874,Karl-Friedrich-Sölzer-Platz,Dringend,Ermittlung läuft,Zeuge,,2,44851.94,0,9
AZ-2025-001005,Einbruchdiebstahl,2025-02-05,01:22,Westend-Nord,50.174668,8.758053,Jakob-Fiebig-Allee,Hoch,Abgeschlossen,Anonym,2025-08-28,4,0.0,3,2
AZ-2023-001006,Bedrohung,2024-12-22,10:12,Nordend-Ost,50.106209,8.475626,Hentschelallee,Hoch,Ermittlung läuft,Zeuge,,1,31533.73,2,0
AZ-2023-001007,Urkundenfälschung,2025-07-07,12:21,Bonames,50.077447,8.579107,Niemeierplatz,Niedrig,Eingestellt,Notruf,2026-03-06,4,25698.58,5,2
AZ-2023-001008,Urkundenfälschung,2023-11-11,12:21,Sachsenhausen-Nord,50.146661,8.680347,Schottinstraße,Mittel,Abgeschlossen,Zeuge,2024-06-30,4,0.0,1,1
AZ-2024-001009,Unterschlagung,2023-04-01,09:00,Sachsenhausen-Nord,50.090308,8.535522,Mentzelgasse,Hoch,Gerichtlich,Opfer,2023-07-16,1,8169.57,0,8
AZ-2025-001010,Verkehrsdelikt,2025-09-15,02:14,Nordend-West,50.181468,8.633862,Ron-Pieper-Allee,Hoch,Abgeschlossen,Anonym,2025-12-15,3,47783.42,2,10
AZ-2023-001011,Sachbeschädigung,2024-10-30,16:09,Seckbach,50.108609,8.5635,Täschering,Niedrig,Abgeschlossen,Notruf,2025-09-03,4,0.0,4,9
AZ-2023-001012,Computerbetrug,2025-10-18,23:25,Praunheim,50.121505,8.734949,Neuschäferring,Mittel,Ermittlung läuft,Anonym,,2,10947.63,1,14
AZ-2024-001013,Einbruchdiebstahl,2023-11-10,03:44,Nieder-Eschbach,50.089276,8.603151,Olena-Wohlgemut-Allee,Niedrig,Abgeschlossen,Opfer,2024-05-20,2,47424.58,5,2
AZ-2024-001014,Raub,2024-10-04,01:27,Innenstadt,50.042728,8.627201,Janette-Mielcarek-Allee,Niedrig,Abgeschlossen,Patrouille,2025-05-20,2,49889.93,3,6
AZ-2023-001015,Erpressung,2025-04-10,13:54,Eckenheim,50.058782,8.735886,Bolnbachallee,Hoch,Ermittlung läuft,Anonym,,4,5032.99,0,0
AZ-2023-001016,Diebstahl,2023-11-04,17:27,Sachsenhausen-Nord,50.183187,8.732297,Harloffstraße,Dringend,Abgeschlossen,Opfer,2023-12-28,1,0.0,2,11
AZ-2023-001017,Erpressung,2023-06-29,01:10,Nordend-West,50.032995,8.798791,Agathe-Heuser-Ring,Niedrig,Eingestellt,Opfer,2023-12-22,2,41209.55,3,3
AZ-2023-001018,Verkehrsdelikt,2024-07-01,18:18,Bornheim,50.027903,8.672978,Kallertstr.,Hoch,Abgeschlossen,Opfer,2025-04-03,1,11189.6,2,1
AZ-2024-001019,Einbruchdiebstahl,2025-03-16,10:42,Sossenheim,50.100079,8.620423,Carolin-Neureuther-Ring,Dringend,Ermittlung läuft,Notruf,,2,42356.14,5,10
AZ-2023-001020,Betrug,2024-03-07,07:29,Bergen-Enkheim,50.042939,8.498061,Bastian-Dippel-Allee,Niedrig,Ermittlung läuft,Notruf,,2,0.0,0,9
AZ-2025-001021,Erpressung,2024-11-12,22:20,Harheim,50.09336,8.512219,Bachmanngasse,Hoch,Abgeschlossen,Opfer,2025-07-23,4,18210.47,3,6
AZ-2024-001022,Verkehrsdelikt,2024-12-07,02:03,Bockenheim,50.168552,8.554716,Thilo-Meyer-Gasse,Dringend,Ermittlung läuft,Patrouille,,4,0.0,2,13
AZ-2024-001023,Körperverletzung,2024-10-06,18:55,Praunheim,50.171451,8.525851,Gutknechtweg,Dringend,Abgeschlossen,Patrouille,2024-10-16,2,0.0,1,7
AZ-2025-001024,Raub,2025-10-11,08:58,Altstadt,50.047492,8.484611,Raphaela-Seip-Ring,Hoch,Ermittlung läuft,Anonym,,3,5229.86,4,6
AZ-2025-001025,Erpressung,2024-03-08,04:21,Nieder-Erlenbach,50.06422,8.600146,Patrizia-Höfig-Gasse,Mittel,Abgeschlossen,Notruf,2024-11-28,1,35955.36,4,9
AZ-2024-001026,Computerbetrug,2025-07-23,01:18,Westend-Nord,50.088321,8.67767,Hermanngasse,Dringend,Ermittlung läuft,Notruf,,2,41740.11,1,14
AZ-2024-001027,Drogendelikt,2024-06-26,09:57,Bergen-Enkheim,50.162013,8.691246,Stadelmannweg,Hoch,Abgeschlossen,Zeuge,2024-07-22,2,0.0,3,7
AZ-2025-001028,Drogendelikt,2025-03-24,00:27,Kalbach-Riedberg,50.028699,8.735477,Berndt-Kroker-Allee,Niedrig,Ermittlung läuft,Anonym,,3,33165.71,3,6
AZ-2023-001029,Unterschlagung,2024-08-11,03:54,Eckenheim,50.19307,8.655928,van der Dussenweg,Mittel,Ermittlung läuft,Zeuge,,4,0.0,5,7
AZ-2025-001030,Einbruchdiebstahl,2025-09-09,00:06,Ginnheim,50.149894,8.556687,Stefan-Sölzer-Gasse,Dringend,Ermittlung läuft,Opfer,,4,0.0,1,11
AZ-2023-001031,Computerbetrug,2023-07-19,09:19,Sachsenhausen-Nord,50.113763,8.494497,Abdullah-Hamann-Straße,Niedrig,Gerichtlich,Opfer,2024-07-14,1,39721.33,2,5
AZ-2025-001032,Körperverletzung,2023-08-21,14:21,Sindlingen,50.15288,8.727688,Franjo-Scheel-Platz,Dringend,Ermittlung läuft,Anonym,,3,17812.95,0,11
AZ-2023-001033,Körperverletzung,2023-12-28,12:51,Riederwald,50.185089,8.709903,Andersgasse,Mittel,Ermittlung läuft,Opfer,,3,0.0,5,6
AZ-2023-001034,Urkundenfälschung,2025-09-07,20:22,Unterliederbach,50.168631,8.731994,Dussen vanallee,Dringend,Ermittlung läuft,Opfer,,2,0.0,5,15
AZ-2025-001035,Raub,2023-05-18,23:14,Eschersheim,50.115342,8.622176,Täscheplatz,Mittel,Eingestellt,Zeuge,2024-02-02,1,186.09,2,0
AZ-2023-001036,Computerbetrug,2025-02-01,20:21,Nordend-West,50.189525,8.754738,Boucseinplatz,Niedrig,Abgeschlossen,Anonym,2025-02-11,1,23671.49,4,10
AZ-2025-001037,Computerbetrug,2023-09-03,19:51,Dornbusch,50.165341,8.575998,Cichoriusweg,Dringend,Ermittlung läuft,Patrouille,,1,2745.65,2,4
AZ-2024-001038,Körperverletzung,2024-06-12,12:09,Nieder-Erlenbach,50.167953,8.79387,Edward-Johann-Ring,Dringend,Ermittlung läuft,Patrouille,,3,1307.39,2,10
AZ-2023-001039,Körperverletzung,2024-01-14,22:05,Bonames,50.123523,8.751315,Etzlerstraße,Hoch,Eingestellt,Patrouille,2024-10-15,3,9130.95,1,2
AZ-2025-001040,Unterschlagung,2024-04-19,01:17,Nordend-West,50.151914,8.719588,Florence-Stey-Platz,Hoch,Ermittlung läuft,Anonym,,3,0.0,3,1
AZ-2025-001041,Diebstahl,2024-09-30,13:05,Nordend-Ost,50.148397,8.5169,Annette-Rose-Gasse,Niedrig,Abgeschlossen,Notruf,2025-02-21,1,18056.41,4,3
AZ-2025-001042,Computerbetrug,2024-06-25,05:37,Nieder-Eschbach,50.029762,8.527229,Theodoros-Killer-Allee,Niedrig,Gerichtlich,Zeuge,2024-11-05,4,0.0,5,4
AZ-2024-001043,Erpressung,2023-12-13,23:52,Nieder-Erlenbach,50.057946,8.605795,Ernestine-Weiß-Platz,Mittel,Eingestellt,Notruf,2024-09-05,2,0.0,1,12
AZ-2024-001044,Einbruchdiebstahl,2024-01-30,16:18,Bergen-Enkheim,50.087814,8.665773,Schmiedtweg,Mittel,Ermittlung läuft,Anonym,,1,12749.96,4,15
AZ-2023-001045,Beleidigung,2023-01-03,03:25,Bergen-Enkheim,50.139434,8.66113,Harloffgasse,Mittel,Abgeschlossen,Opfer,2023-05-19,1,0.0,1,1
AZ-2023-001046,Beleidigung,2023-05-28,21:25,Nieder-Eschbach,50.054264,8.786683,Fredy-Weller-Gasse,Mittel,Ermittlung läuft,Zeuge,,1,17067.85,3,4
AZ-2025-001047,Einbruchdiebstahl,2023-10-29,23:41,Nieder-Erlenbach,50.07352,8.60685,Killerstraße,Dringend,Eingestellt,Opfer,2024-05-11,2,0.0,2,6
AZ-2023-001048,Diebstahl,2024-05-12,15:31,Sindlingen,50.023808,8.473003,Zorbachplatz,Niedrig,Gerichtlich,Notruf,2024-12-28,3,0.0,0,9
AZ-2023-001049,Erpressung,2023-10-16,09:17,Nieder-Erlenbach,50.15343,8.627221,Karl-Friedrich-Seidel-Gasse,Dringend,Ermittlung läuft,Patrouille,,3,22467.15,5,8
AZ-2023-001050,Beleidigung,2025-09-03,12:17,Innenstadt,50.054702,8.768777,Birgitta-Schinke-Weg,Dringend,Ermittlung läuft,Notruf,,2,27587.33,5,4
AZ-2024-001051,Bedrohung,2023-08-13,08:46,Nieder-Erlenbach,50.060866,8.504418,Wulffweg,Dringend,Ermittlung läuft,Zeuge,,1,44240.43,1,9
AZ-2023-001052,Beleidigung,2024-05-31,07:48,Nieder-Erlenbach,50.169053,8.660408,Minna-Sorgatz-Ring,Dringend,Gerichtlich,Anonym,2025-03-18,1,0.0,0,10
AZ-2025-001053,Urkundenfälschung,2025-05-09,18:21,Dornbusch,50.049815,8.507577,Anna-Luise-auch Schlauchin-Weg,Dringend,Ermittlung läuft,Patrouille,,3,31442.35,5,11
AZ-2024-001054,Urkundenfälschung,2023-07-16,12:30,Preungesheim,50.073449,8.753357,Karen-Krein-Ring,Mittel,Abgeschlossen,Anonym,2023-11-25,3,21541.16,4,0
AZ-2024-001055,Unterschlagung,2023-06-06,03:36,Sindlingen,50.088932,8.486392,Lili-Henck-Straße,Niedrig,Eingestellt,Zeuge,2023-10-09,4,11036.61,1,6
AZ-2025-001056,Erpressung,2025-01-29,03:02,Niederursel,50.180277,8.606197,Dowergplatz,Dringend,Ermittlung läuft,Opfer,,1,11835.48,0,2
AZ-2023-001057,Beleidigung,2024-05-27,19:34,Kalbach-Riedberg,50.022951,8.697991,Schweitzerstr.,Niedrig,Abgeschlossen,Notruf,2024-10-04,2,44373.41,0,2
AZ-2024-001058,Unterschlagung,2025-10-28,18:14,Preungesheim,50.015017,8.700412,Annelore-Aumann-Ring,Mittel,Gerichtlich,Zeuge,2026-03-26,1,28585.21,5,8
AZ-2023-001059,Sachbeschädigung,2024-01-30,05:52,Gallus,50.147746,8.71224,Eigenwilligstraße,Mittel,Ermittlung läuft,Patrouille,,4,0.0,3,7
AZ-2025-001060,Drogendelikt,2023-10-03,01:07,Dornbusch,50.080996,8.720161,Kobeltstr.,Mittel,Abgeschlossen,Zeuge,2024-01-22,2,381.14,2,1
AZ-2023-001061,Drogendelikt,2023-12-25,21:53,Westend-Nord,50.030269,8.523671,Kläre-Mude-Gasse,Niedrig,Eingestellt,Notruf,2024-02-25,2,8309.46,5,10
AZ-2024-001062,Betrug,2025-07-16,05:53,Zeilsheim,50.133893,8.542713,Cäcilia-Börner-Gasse,Dringend,Gerichtlich,Patrouille,2026-04-21,3,0.0,1,0
AZ-2023-001063,Urkundenfälschung,2024-02-06,12:18,Bergen-Enkheim,50.111381,8.776137,Handegasse,Mittel,Ermittlung läuft,Zeuge,,2,26677.14,0,15
AZ-2023-001064,Sachbeschädigung,2025-03-19,20:37,Rödelheim,50.02451,8.530972,Tülay-Zobel-Straße,Niedrig,Abgeschlossen,Anonym,2025-06-03,1,0.0,4,2
AZ-2023-001065,Drogendelikt,2024-11-25,16:34,Bockenheim,50.062005,8.652042,Schottinweg,Dringend,Ermittlung läuft,Opfer,,2,11025.39,5,2
AZ-2024-001066,Betrug,2023-10-30,19:28,Eschersheim,50.144766,8.651326,Löchelweg,Hoch,Ermittlung läuft,Patrouille,,1,0.0,0,0
AZ-2025-001067,Körperverletzung,2023-02-19,23:01,Frankfurter Berg,50.044686,8.715441,Carstenweg,Niedrig,Ermittlung läuft,Opfer,,4,4913.03,4,11
AZ-2024-001068,Beleidigung,2023-04-28,20:47,Eschersheim,50.144461,8.796196,Karl-Georg-Carsten-Ring,Niedrig,Gerichtlich,Anonym,2023-05-18,3,13040.2,0,4
AZ-2025-001069,Erpressung,2025-09-03,09:31,Ginnheim,50.042104,8.742389,Angelika-Haase-Platz,Niedrig,Abgeschlossen,Patrouille,2025-10-19,4,25357.18,3,0
AZ-2025-001070,Raub,2023-04-01,19:03,Preungesheim,50.062031,8.552561,Kreinstr.,Niedrig,Ermittlung läuft,Patrouille,,3,20259.17,4,3
AZ-2024-001071,Einbruchdiebstahl,2024-04-27,13:09,Westend-Süd,50.056012,8.577498,Lothar-Thanel-Straße,Mittel,Eingestellt,Anonym,2025-01-20,4,27627.17,0,15
AZ-2025-001072,Raub,2023-04-19,13:13,Sindlingen,50.123378,8.67346,Bogdan-Henschel-Gasse,Niedrig,Ermittlung läuft,Anonym,,2,0.0,0,8
AZ-2025-001073,Bedrohung,2023-04-07,03:55,Harheim,50.165282,8.512759,Drubstraße,Niedrig,Ermittlung läuft,Patrouille,,3,32188.87,4,15
AZ-2024-001074,Einbruchdiebstahl,2025-10-17,07:33,Westend-Nord,50.144273,8.53356,Lorenz-Stahr-Allee,Mittel,Ermittlung läuft,Opfer,,1,0.0,3,9
AZ-2023-001075,Sachbeschädigung,2023-12-16,16:36,Sachsenhausen-Süd,50.146499,8.605706,Ernst-August-Aumann-Allee,Dringend,Abgeschlossen,Opfer,2024-11-28,3,42251.98,3,6
AZ-2024-001076,Beleidigung,2023-08-02,09:49,Berkersheim,50.098154,8.485375,Hilma-Atzler-Platz,Dringend,Ermittlung läuft,Opfer,,3,18683.25,2,1
AZ-2024-001077,Sachbeschädigung,2024-01-18,12:50,Bockenheim,50.136635,8.583497,Kensystr.,Niedrig,Ermittlung läuft,Zeuge,,4,20559.58,2,9
AZ-2025-001078,Betrug,2025-10-31,00:49,Sossenheim,50.034614,8.551193,Geiselring,Hoch,Ermittlung läuft,Patrouille,,2,41587.67,0,10
AZ-2024-001079,Sachbeschädigung,2023-03-18,09:43,Griesheim,50.057987,8.772607,Karola-Zahn-Ring,Hoch,Abgeschlossen,Anonym,2023-08-21,3,6109.02,5,7
AZ-2025-001080,Diebstahl,2023-10-17,03:05,Ostend,50.122974,8.644597,Käthe-Becker-Ring,Mittel,Ermittlung läuft,Opfer,,1,9899.51,1,4
AZ-2023-001081,Hausfriedensbruch,2025-04-09,20:20,Westend-Nord,50.173829,8.752379,Heydrichstr.,Dringend,Gerichtlich,Patrouille,2025-05-06,4,0.0,4,13
AZ-2025-001082,Körperverletzung,2023-01-18,00:58,Innenstadt,50.162663,8.799102,Jonathan-Trub-Weg,Hoch,Ermittlung läuft,Notruf,,1,41879.84,4,0
AZ-2025-001083,Körperverletzung,2024-05-15,22:24,Ginnheim,50.12963,8.635131,Albertine-Meyer-Weg,Dringend,Ermittlung läuft,Zeuge,,2,30487.13,2,4
AZ-2024-001084,Körperverletzung,2023-04-29,02:19,Nieder-Eschbach,50.171751,8.681687,Blümelstraße,Hoch,Abgeschlossen,Opfer,2023-07-08,2,23867.34,0,4
AZ-2023-001085,Körperverletzung,2025-04-14,06:10,Sossenheim,50.184488,8.670954,Patrik-Franke-Ring,Mittel,Eingestellt,Notruf,2025-07-10,3,20913.45,0,8
AZ-2024-001086,Beleidigung,2023-03-16,22:47,Bahnhofsviertel,50.038409,8.647842,Rosel-Ruppersberger-Allee,Niedrig,Eingestellt,Patrouille,2023-08-20,2,19774.83,3,1
AZ-2023-001087,Computerbetrug,2023-07-16,03:47,Bahnhofsviertel,50.155455,8.477894,Herbert-Weihmann-Weg,Niedrig,Ermittlung läuft,Anonym,,2,19891.52,4,2
AZ-2023-001088,Urkundenfälschung,2023-02-25,12:09,Nordend-Ost,50.072668,8.716413,Baldur-Aumann-Platz,Mittel,Abgeschlossen,Patrouille,2023-04-10,3,40869.88,4,5
AZ-2025-001089,Sachbeschädigung,2025-06-12,18:06,Sachsenhausen-Nord,50.091405,8.65613,Wieslaw-Knappe-Straße,Hoch,Abgeschlossen,Patrouille,2026-02-22,1,0.0,2,0
AZ-2025-001090,Hausfriedensbruch,2025-07-05,06:21,Harheim,50.10084,8.690811,Hans Jörg-Beier-Weg,Mittel,Ermittlung läuft,Notruf,,1,0.0,5,11
AZ-2025-001091,Raub,2023-09-12,01:06,Westend-Süd,50.139399,8.477922,Haufferring,Niedrig,Abgeschlossen,Patrouille,2024-05-07,3,46748.08,5,14
AZ-2025-001092,Drogendelikt,2024-06-06,18:51,Riederwald,50.151119,8.703621,Sepp-Tschentscher-Ring,Dringend,Ermittlung läuft,Patrouille,,4,0.0,4,9
AZ-2023-001093,Raub,2023-10-25,17:50,Hausen,50.084138,8.784235,Buchholzstr.,Niedrig,Ermittlung läuft,Patrouille,,1,44366.92,4,6
AZ-2023-001094,Urkundenfälschung,2023-12-25,06:06,Ginnheim,50.15546,8.740752,Dussen vanstr.,Dringend,Ermittlung läuft,Notruf,,1,34983.88,4,15
AZ-2025-001095,Verkehrsdelikt,2023-11-14,12:40,Innenstadt,50.152482,8.790928,Hans Jürgen-Hauffer-Weg,Mittel,Ermittlung läuft,Opfer,,3,49734.59,1,7
AZ-2023-001096,Beleidigung,2024-10-29,21:42,Nieder-Erlenbach,50.132034,8.766715,Ute-Kühnert-Gasse,Niedrig,Abgeschlossen,Patrouille,2025-05-09,1,48001.03,5,3
AZ-2024-001097,Erpressung,2023-10-19,22:36,Sachsenhausen-Nord,50.020389,8.735904,Holzapfelallee,Hoch,Abgeschlossen,Anonym,2024-04-17,2,13301.93,4,12
AZ-2023-001098,Beleidigung,2025-02-13,11:26,Unterliederbach,50.017688,8.630073,Junkengasse,Mittel,Abgeschlossen,Opfer,2025-06-10,3,49023.71,0,8
AZ-2024-001099,Beleidigung,2024-01-29,08:25,Sossenheim,50.12077,8.725592,Andersring,Niedrig,Abgeschlossen,Zeuge,2024-06-07,2,11186.73,0,13
AZ-2023-001100,Körperverletzung,2025-03-11,12:04,Sossenheim,50.165068,8.722347,Klaus-Dieter-Rose-Ring,Niedrig,Gerichtlich,Opfer,2025-05-16,3,41166.24,0,1
AZ-2025-001101,Körperverletzung,2023-05-16,12:33,Frankfurter Berg,50.131691,8.498274,Vitali-Koch-Weg,Hoch,Ermittlung läuft,Zeuge,,4,8859.46,5,6
AZ-2024-001102,Diebstahl,2025-06-26,20:26,Niederursel,50.146396,8.544328,Wirthallee,Dringend,Abgeschlossen,Notruf,2025-07-28,4,19536.9,0,14
AZ-2023-001103,Unterschlagung,2023-10-14,23:25,Preungesheim,50.135851,8.66759,Janna-Ritter-Platz,Niedrig,Eingestellt,Notruf,2024-05-18,4,46154.5,1,2
AZ-2023-001104,Sachbeschädigung,2024-06-23,00:25,Gallus,50.111036,8.494028,Ahmad-Lange-Gasse,Dringend,Gerichtlich,Opfer,2025-06-10,1,47709.66,2,11
AZ-2024-001105,Diebstahl,2023-12-17,06:22,Nordend-West,50.034568,8.650657,Ayten-Kensy-Allee,Mittel,Gerichtlich,Opfer,2024-07-16,1,0.0,1,0
AZ-2023-001106,Verkehrsdelikt,2025-02-16,03:14,Eschersheim,50.16353,8.793291,Ursel-Käster-Gasse,Dringend,Eingestellt,Anonym,2025-06-24,3,9519.36,3,2
AZ-2024-001107,Einbruchdiebstahl,2024-08-30,09:16,Sachsenhausen-Nord,50.17062,8.577951,Walterweg,Niedrig,Abgeschlossen,Zeuge,2024-12-01,4,0.0,0,7
AZ-2023-001108,Hausfriedensbruch,2025-07-14,06:43,Nordend-Ost,50.033291,8.626291,Döhnplatz,Dringend,Ermittlung läuft,Notruf,,2,3758.93,1,2
AZ-2023-001109,Erpressung,2025-10-03,18:34,Höchst,50.128088,8.55764,Siegfried-Noack-Gasse,Hoch,Eingestellt,Notruf,2025-12-01,4,0.0,3,7
AZ-2024-001110,Sachbeschädigung,2024-05-12,03:54,Innenstadt,50.137676,8.576449,Ingetraud-Holt-Gasse,Dringend,Abgeschlossen,Zeuge,2025-02-21,4,29430.58,5,13
AZ-2023-001111,Hausfriedensbruch,2025-04-04,21:59,Schwanheim,50.101098,8.492037,Sonia-Heinrich-Weg,Dringend,Gerichtlich,Anonym,2025-11-29,2,773.09,0,12
AZ-2023-001112,Drogendelikt,2023-10-22,02:42,Sachsenhausen-Süd,50.055303,8.586572,Thiesring,Hoch,Eingestellt,Zeuge,2024-01-29,3,22364.12,0,8
AZ-2025-001113,Betrug,2025-04-09,18:09,Westend-Nord,50.132234,8.779358,Weinholdgasse,Hoch,Abgeschlossen,Anonym,2026-01-08,4,37748.15,0,8
AZ-2023-001114,Hausfriedensbruch,2024-04-26,13:39,Sachsenhausen-Süd,50.156003,8.756729,Amalia-Eimer-Allee,Niedrig,Abgeschlossen,Patrouille,2024-09-27,1,34589.66,1,13
AZ-2025-001115,Unterschlagung,2024-05-28,16:18,Riederwald,50.173848,8.582772,Bruderstr.,Niedrig,Abgeschlossen,Zeuge,2024-11-03,3,31303.29,4,14
AZ-2024-001116,Verkehrsdelikt,2023-03-15,22:41,Kalbach-Riedberg,50.181257,8.549172,Sylvio-Spieß-Platz,Dringend,Abgeschlossen,Notruf,2023-09-20,2,48605.48,1,0
AZ-2024-001117,Erpressung,2025-07-14,08:24,Sindlingen,50.026427,8.677925,Klaus-Dieter-Heß-Ring,Dringend,Eingestellt,Notruf,2026-05-31,2,28729.64,3,15
AZ-2024-001118,Beleidigung,2023-11-12,04:20,Kalbach-Riedberg,50.103903,8.717923,Thiesallee,Niedrig,Abgeschlossen,Notruf,2024-02-27,2,39620.26,2,1
AZ-2024-001119,Beleidigung,2024-07-05,00:42,Riederwald,50.151002,8.599971,Junckstraße,Dringend,Eingestellt,Anonym,2025-01-12,1,0.0,0,5
AZ-2025-001120,Drogendelikt,2024-07-26,17:11,Bockenheim,50.168447,8.56001,Heintzegasse,Dringend,Eingestellt,Anonym,2025-01-24,4,0.0,2,9
AZ-2024-001121,Computerbetrug,2024-01-16,20:15,Niederursel,50.138035,8.71451,Franz-Peter-Zahn-Weg,Mittel,Abgeschlossen,Opfer,2024-03-31,1,8221.08,0,10
AZ-2024-001122,Betrug,2024-01-18,17:48,Eckenheim,50.193089,8.630523,Gerold-Döring-Platz,Mittel,Ermittlung läuft,Notruf,,2,11113.52,4,11
AZ-2024-001123,Diebstahl,2023-07-29,07:55,Bonames,50.034118,8.705082,Mohauptring,Dringend,Gerichtlich,Anonym,2024-04-19,3,47478.85,4,10
AZ-2023-001124,Einbruchdiebstahl,2023-02-02,19:20,Altstadt,50.066715,8.55784,Dussen vanstr.,Niedrig,Eingestellt,Anonym,2024-01-23,1,5659.84,3,15
AZ-2023-001125,Computerbetrug,2023-12-04,01:12,Bahnhofsviertel,50.119756,8.560276,Winklerplatz,Hoch,Abgeschlossen,Opfer,2024-05-29,4,16262.3,3,3
AZ-2024-001126,Verkehrsdelikt,2024-10-31,10:12,Griesheim,50.146208,8.592084,Jäntschstraße,Niedrig,Ermittlung läuft,Opfer,,4,15866.01,0,8
AZ-2023-001127,Urkundenfälschung,2023-11-03,22:55,Nordend-West,50.066026,8.724481,Dussen vangasse,Hoch,Abgeschlossen,Opfer,2024-01-04,4,26460.61,0,15
AZ-2025-001128,Unterschlagung,2023-05-04,19:46,Hausen,50.016211,8.590404,Malgorzata-Striebitz-Ring,Hoch,Eingestellt,Notruf,2024-01-10,2,46758.7,4,13
AZ-2025-001129,Verkehrsdelikt,2025-05-02,01:20,Zeilsheim,50.106159,8.731873,Heinz-Dieter-Junken-Platz,Hoch,Eingestellt,Patrouille,2026-03-03,2,0.0,5,10
AZ-2024-001130,Raub,2025-11-10,10:47,Bergen-Enkheim,50.112443,8.583368,Ingelore-Hering-Ring,Hoch,Eingestellt,Anonym,2026-04-09,3,0.0,1,9
AZ-2023-001131,Diebstahl,2023-09-01,02:51,Altstadt,50.019571,8.777884,Peukertgasse,Mittel,Abgeschlossen,Patrouille,2024-02-25,3,29316.57,1,2
AZ-2023-001132,Diebstahl,2024-04-29,04:41,Westend-Nord,50.158876,8.756863,Heßallee,Hoch,Eingestellt,Patrouille,2024-07-04,4,0.0,1,13
AZ-2024-001133,Drogendelikt,2024-01-09,21:06,Riederwald,50.066185,8.642497,Anthony-Lachmann-Straße,Dringend,Ermittlung läuft,Opfer,,4,34518.03,1,13
AZ-2023-001134,Raub,2025-07-08,20:50,Altstadt,50.130766,8.521103,Dominik-Misicher-Gasse,Mittel,Abgeschlossen,Patrouille,2025-12-11,3,0.0,0,6
AZ-2023-001135,Sachbeschädigung,2023-12-21,22:34,Westend-Nord,50.147668,8.534459,Erwin-Aumann-Gasse,Mittel,Eingestellt,Zeuge,2024-02-20,3,2949.22,5,0
AZ-2024-001136,Diebstahl,2023-07-04,16:15,Sindlingen,50.043827,8.707355,Francesco-Gumprich-Straße,Mittel,Abgeschlossen,Notruf,2024-03-17,4,4354.59,3,5
AZ-2024-001137,Verkehrsdelikt,2024-01-06,11:30,Frankfurter Berg,50.149429,8.591125,Striebitzweg,Mittel,Abgeschlossen,Notruf,2024-05-25,2,47106.89,2,4
AZ-2023-001138,Bedrohung,2023-07-04,16:52,Harheim,50.148542,8.597431,Constanze-Schaaf-Ring,Niedrig,Eingestellt,Notruf,2024-06-17,1,9082.63,3,3
AZ-2025-001139,Beleidigung,2025-08-18,05:04,Griesheim,50.050698,8.730205,Anastasios-Bolzmann-Platz,Mittel,Abgeschlossen,Zeuge,2025-12-13,3,0.0,1,6
AZ-2024-001140,Sachbeschädigung,2025-04-23,05:06,Frankfurter Berg,50.133304,8.663938,Eckbauergasse,Mittel,Abgeschlossen,Opfer,2025-10-14,2,18184.61,1,6
AZ-2025-001141,Bedrohung,2024-10-17,17:19,Sindlingen,50.036988,8.70973,Eberhardtgasse,Dringend,Ermittlung läuft,Opfer,,2,14492.14,0,10
AZ-2024-001142,Erpressung,2024-06-18,08:36,Bockenheim,50.125018,8.70981,Binnerplatz,Dringend,Eingestellt,Zeuge,2025-03-07,2,22007.09,1,1
AZ-2023-001143,Verkehrsdelikt,2024-11-09,07:42,Ostend,50.151754,8.770698,Ullrichstraße,Hoch,Gerichtlich,Opfer,2025-07-13,2,0.0,0,3
AZ-2024-001144,Urkundenfälschung,2023-10-03,11:25,Bahnhofsviertel,50.113636,8.528831,Beckerstraße,Dringend,Abgeschlossen,Anonym,2023-11-06,4,25295.77,4,14
AZ-2025-001145,Unterschlagung,2024-12-16,21:13,Hausen,50.135123,8.589215,Gerlachring,Dringend,Abgeschlossen,Zeuge,2025-07-01,1,0.0,2,9
AZ-2023-001146,Verkehrsdelikt,2024-04-28,12:41,Eschersheim,50.11808,8.732514,Sibel-Gotthard-Ring,Niedrig,Ermittlung läuft,Patrouille,,2,43600.33,4,2
AZ-2024-001147,Sachbeschädigung,2023-02-16,04:41,Nordend-West,50.14987,8.689795,Matthäiplatz,Dringend,Abgeschlossen,Patrouille,2023-12-20,2,0.0,1,0
AZ-2023-001148,Drogendelikt,2025-05-01,15:05,Ostend,50.121827,8.502481,Elif-Scholl-Weg,Niedrig,Ermittlung läuft,Opfer,,2,0.0,1,3
AZ-2023-001149,Körperverletzung,2025-07-31,13:29,Nordend-West,50.024631,8.670715,Frieda-Hübel-Straße,Dringend,Eingestellt,Notruf,2025-10-17,1,0.0,1,1
AZ-2024-001150,Hausfriedensbruch,2023-09-05,19:46,Nieder-Erlenbach,50.039478,8.584484,Rognerstraße,Mittel,Ermittlung läuft,Opfer,,2,0.0,4,6
AZ-2025-001151,Körperverletzung,2025-06-02,12:21,Dornbusch,50.017414,8.530659,Diethard-Holt-Straße,Mittel,Ermittlung läuft,Patrouille,,2,0.0,2,0
AZ-2023-001152,Betrug,2025-03-19,20:33,Eschersheim,50.075688,8.474867,Siegbert-Gute-Allee,Hoch,Ermittlung läuft,Notruf,,2,0.0,4,6
AZ-2023-001153,Bedrohung,2025-01-21,11:46,Altstadt,50.157376,8.737832,Eugenie-Ring-Gasse,Hoch,Ermittlung läuft,Opfer,,4,38818.15,1,14
AZ-2024-001154,Drogendelikt,2023-08-31,04:17,Kalbach-Riedberg,50.18333,8.6523,Zänkerweg,Hoch,Ermittlung läuft,Opfer,,2,12967.86,0,4
AZ-2023-001155,Unterschlagung,2023-02-22,04:30,Nied,50.03716,8.673474,Naserstr.,Dringend,Gerichtlich,Patrouille,2023-10-03,1,0.0,4,1
AZ-2023-001156,Betrug,2025-06-26,23:46,Höchst,50.091716,8.665787,Kaulstr.,Mittel,Gerichtlich,Patrouille,2026-02-08,1,13053.09,1,0
AZ-2024-001157,Hausfriedensbruch,2024-03-30,22:45,Riederwald,50.059946,8.5129,Kraushaarring,Dringend,Eingestellt,Notruf,2024-04-22,4,44652.13,2,2
AZ-2023-001158,Einbruchdiebstahl,2025-01-29,14:37,Bockenheim,50.081955,8.611456,Andres-Juncken-Weg,Dringend,Abgeschlossen,Zeuge,2025-08-02,2,12554.98,3,0
AZ-2023-001159,Sachbeschädigung,2023-08-15,01:35,Ostend,50.036332,8.729021,Anselm-Wulff-Ring,Niedrig,Ermittlung läuft,Notruf,,2,0.0,3,8
AZ-2024-001160,Körperverletzung,2023-07-04,15:10,Bonames,50.112987,8.641527,Manuela-Mude-Weg,Mittel,Abgeschlossen,Anonym,2023-08-01,1,5409.08,2,1
AZ-2025-001161,Sachbeschädigung,2025-08-07,02:12,Sindlingen,50.096533,8.552853,Wilmsstr.,Hoch,Abgeschlossen,Zeuge,2026-03-11,1,14386.27,4,8
AZ-2025-001162,Drogendelikt,2025-10-04,09:12,Innenstadt,50.035557,8.53647,Yasmin-Freudenberger-Gasse,Mittel,Eingestellt,Patrouille,2026-01-08,3,35170.39,4,8
AZ-2025-001163,Drogendelikt,2025-10-13,00:13,Gallus,50.015984,8.53726,Gerlinde-Hendriks-Ring,Mittel,Ermittlung läuft,Notruf,,3,44481.83,3,4
AZ-2023-001164,Diebstahl,2023-06-11,11:37,Nied,50.058299,8.517337,Kordula-Hartmann-Weg,Niedrig,Ermittlung läuft,Patrouille,,4,5008.36,2,0
AZ-2023-001165,Diebstahl,2023-05-19,03:03,Praunheim,50.134977,8.512778,Klappallee,Hoch,Abgeschlossen,Anonym,2024-01-29,2,47073.83,0,8
AZ-2025-001166,Erpressung,2023-01-07,10:15,Praunheim,50.072,8.528456,Hanns-Hellwig-Weg,Niedrig,Abgeschlossen,Anonym,2023-02-16,3,29896.67,3,12
AZ-2024-001167,Drogendelikt,2025-10-06,20:14,Ostend,50.098385,8.615998,Walterweg,Hoch,Abgeschlossen,Zeuge,2026-01-22,4,47772.6,1,6
AZ-2024-001168,Drogendelikt,2025-09-20,09:03,Bockenheim,50.062911,8.548522,Schäfergasse,Mittel,Abgeschlossen,Opfer,2026-07-16,3,45598.48,4,14
AZ-2023-001169,Sachbeschädigung,2023-01-31,02:45,Bornheim,50.044726,8.613298,Rosenowstr.,Dringend,Eingestellt,Zeuge,2023-06-22,4,27027.52,1,3
AZ-2024-001170,Körperverletzung,2023-07-02,13:03,Frankfurter Berg,50.134764,8.480997,Carina-Graf-Straße,Niedrig,Eingestellt,Opfer,2024-06-11,3,37546.28,4,14
AZ-2025-001171,Einbruchdiebstahl,2023-10-28,03:05,Frankfurter Berg,50.146572,8.648301,Gertzstraße,Niedrig,Gerichtlich,Zeuge,2023-11-15,4,15205.7,1,5
AZ-2024-001172,Unterschlagung,2023-09-04,14:56,Nieder-Eschbach,50.107366,8.77609,Dimitri-Blümel-Platz,Hoch,Eingestellt,Notruf,2024-06-04,1,3085.72,0,8
AZ-2023-001173,Drogendelikt,2023-04-06,13:30,Bockenheim,50.134985,8.74385,Alois-Putz-Straße,Niedrig,Ermittlung läuft,Patrouille,,4,0.0,5,2
AZ-2025-001174,Hausfriedensbruch,2023-11-20,16:57,Unterliederbach,50.063675,8.526235,Mehdi-Schmiedecke-Platz,Mittel,Abgeschlossen,Notruf,2024-09-24,4,49952.41,3,1
AZ-2025-001175,Drogendelikt,2024-07-01,01:37,Nordend-West,50.143409,8.556838,Miodrag-Trupp-Platz,Niedrig,Ermittlung läuft,Patrouille,,4,0.0,4,7
AZ-2024-001176,Körperverletzung,2023-12-29,15:18,Berkersheim,50.114578,8.545515,Bonbachgasse,Dringend,Abgeschlossen,Anonym,2024-12-23,4,0.0,5,1
AZ-2025-001177,Einbruchdiebstahl,2025-05-13,22:40,Hausen,50.124768,8.597864,Cynthia-Tlustek-Platz,Dringend,Ermittlung läuft,Zeuge,,3,15619.68,0,14
AZ-2025-001178,Urkundenfälschung,2023-01-24,04:35,Preungesheim,50.084468,8.524417,Milica-Putz-Ring,Mittel,Ermittlung läuft,Notruf,,3,6252.88,4,7
AZ-2023-001179,Einbruchdiebstahl,2024-06-28,17:25,Unterliederbach,50.056031,8.485477,Peter-Michael-Tlustek-Allee,Dringend,Abgeschlossen,Notruf,2025-03-18,2,37644.76,3,2
AZ-2025-001180,Hausfriedensbruch,2025-05-20,00:39,Ostend,50.068982,8.54234,Schaafgasse,Mittel,Eingestellt,Patrouille,2025-07-11,2,43656.64,5,13
AZ-2023-001181,Hausfriedensbruch,2023-08-10,07:13,Hausen,50.176,8.584087,Jacobi Jäckelring,Hoch,Abgeschlossen,Patrouille,2024-03-12,1,38987.94,5,0
AZ-2023-001182,Drogendelikt,2023-12-06,11:58,Riederwald,50.104207,8.557996,Zehra-Franke-Allee,Hoch,Gerichtlich,Zeuge,2024-05-15,2,13680.0,4,13
AZ-2025-001183,Betrug,2025-04-03,02:30,Westend-Nord,50.176384,8.777485,Zorbachweg,Hoch,Eingestellt,Anonym,2025-12-13,1,47821.31,5,0
AZ-2025-001184,Computerbetrug,2025-03-31,14:53,Höchst,50.06387,8.617255,Seipring,Niedrig,Abgeschlossen,Opfer,2025-05-26,3,45955.84,5,12
AZ-2024-001185,Bedrohung,2024-06-26,17:27,Bergen-Enkheim,50.126133,8.772165,Imelda-Rörricht-Allee,Dringend,Abgeschlossen,Patrouille,2025-04-04,4,34434.46,0,10
AZ-2025-001186,Erpressung,2024-11-27,18:16,Bornheim,50.023874,8.51271,Haufferweg,Mittel,Gerichtlich,Zeuge,2025-11-06,4,12319.83,3,1
AZ-2025-001187,Urkundenfälschung,2024-12-20,03:04,Seckbach,50.137898,8.492292,Pirmin-Jäntsch-Allee,Dringend,Abgeschlossen,Opfer,2025-07-31,4,20539.48,5,4
AZ-2023-001188,Diebstahl,2023-07-24,16:37,Schwanheim,50.08203,8.490306,Eckbauerplatz,Niedrig,Ermittlung läuft,Anonym,,3,14935.67,4,8
AZ-2025-001189,Drogendelikt,2024-01-02,01:18,Harheim,50.137834,8.561863,Türkan-Tintzmann-Weg,Dringend,Gerichtlich,Notruf,2024-07-19,4,0.0,3,8
AZ-2024-001190,Raub,2023-11-28,00:52,Schwanheim,50.071655,8.755779,Winklerstr.,Niedrig,Eingestellt,Anonym,2024-05-12,4,15426.07,2,7
AZ-2024-001191,Urkundenfälschung,2024-01-29,16:51,Bonames,50.038554,8.753108,Hans-Christian-Schleich-Ring,Dringend,Abgeschlossen,Notruf,2024-09-09,2,9216.27,3,10
AZ-2023-001192,Diebstahl,2024-08-15,01:06,Rödelheim,50.07512,8.671503,Felicitas-Rosemann-Gasse,Dringend,Ermittlung läuft,Opfer,,2,0.0,1,9
AZ-2023-001193,Urkundenfälschung,2024-01-06,14:27,Fechenheim,50.139911,8.627455,Faustring,Hoch,Gerichtlich,Anonym,2024-09-13,1,5182.82,1,8
AZ-2025-001194,Drogendelikt,2023-07-24,02:23,Nieder-Erlenbach,50.161751,8.554394,Ibrahim-Kensy-Ring,Niedrig,Gerichtlich,Zeuge,2024-04-13,1,0.0,4,12
AZ-2025-001195,Hausfriedensbruch,2025-09-12,22:31,Nieder-Eschbach,50.050259,8.497955,Ewa-Cichorius-Allee,Hoch,Gerichtlich,Notruf,2025-11-23,1,13659.86,1,13
AZ-2023-001196,Sachbeschädigung,2024-06-22,05:40,Sachsenhausen-Süd,50.041509,8.508378,Matthäigasse,Hoch,Eingestellt,Opfer,2024-08-06,4,21504.19,5,12
AZ-2025-001197,Betrug,2023-04-09,14:35,Praunheim,50.16242,8.527368,Häringplatz,Hoch,Ermittlung läuft,Opfer,,1,34735.81,1,10
AZ-2024-001198,Einbruchdiebstahl,2024-06-02,11:51,Unterliederbach,50.023487,8.693669,Niklas-Hertrampf-Gasse,Hoch,Eingestellt,Patrouille,2024-10-24,4,7282.1,1,2
AZ-2025-001199,Urkundenfälschung,2023-08-17,04:12,Kalbach-Riedberg,50.143327,8.618763,Ben-Krause-Straße,Dringend,Ermittlung läuft,Anonym,,1,45058.52,3,6
AZ-2023-001200,Computerbetrug,2024-05-12,21:18,Innenstadt,50.148607,8.632486,Geiselstraße,Dringend,Abgeschlossen,Opfer,2025-05-01,1,17681.51,0,1
AZ-2025-001201,Beleidigung,2023-05-18,19:50,Eckenheim,50.059449,8.485678,Kostolzinring,Mittel,Ermittlung läuft,Zeuge,,4,39641.31,1,10
AZ-2023-001202,Diebstahl,2025-10-27,04:17,Dornbusch,50.074584,8.547282,Ditschlerinallee,Niedrig,Abgeschlossen,Anonym,2026-02-28,1,19816.95,3,9
AZ-2024-001203,Einbruchdiebstahl,2023-05-18,13:22,Bonames,50.060738,8.772707,Zirmeallee,Dringend,Gerichtlich,Zeuge,2023-10-14,2,43950.41,5,2
AZ-2025-001204,Beleidigung,2025-08-31,19:39,Altstadt,50.141824,8.653211,Gotthold-Mentzel-Gasse,Hoch,Ermittlung läuft,Opfer,,1,0.0,3,8
AZ-2023-001205,Einbruchdiebstahl,2025-03-01,19:36,Seckbach,50.109985,8.726663,Klaus-Werner-Bärer-Ring,Hoch,Abgeschlossen,Notruf,2026-01-02,2,5232.71,3,4
AZ-2025-001206,Bedrohung,2024-06-03,12:14,Seckbach,50.031118,8.711079,Döhngasse,Dringend,Ermittlung läuft,Patrouille,,2,0.0,1,7
AZ-2025-001207,Beleidigung,2025-07-09,05:33,Ostend,50.117242,8.505851,Geißlerstraße,Dringend,Ermittlung läuft,Zeuge,,4,7855.82,4,6
AZ-2023-001208,Betrug,2023-12-20,16:55,Griesheim,50.143104,8.654711,Janine-Bruder-Weg,Niedrig,Abgeschlossen,Zeuge,2024-01-21,1,0.0,1,5
AZ-2023-001209,Unterschlagung,2023-01-05,00:04,Bahnhofsviertel,50.098036,8.596444,Mijo-Scheibe-Weg,Dringend,Abgeschlossen,Notruf,2023-07-28,1,0.0,0,9
AZ-2024-001210,Hausfriedensbruch,2024-01-23,11:24,Harheim,50.026108,8.709638,Tlustekgasse,Hoch,Eingestellt,Opfer,2024-06-25,1,37755.86,3,8
AZ-2024-001211,Computerbetrug,2025-05-12,17:41,Bergen-Enkheim,50.071675,8.606043,Södingplatz,Niedrig,Ermittlung läuft,Zeuge,,1,0.0,0,14
AZ-2024-001212,Verkehrsdelikt,2025-04-07,05:00,Bergen-Enkheim,50.161804,8.781454,Frankegasse,Niedrig,Ermittlung läuft,Patrouille,,1,2303.86,3,12
AZ-2024-001213,Computerbetrug,2025-05-14,08:05,Bonames,50.177898,8.6009,Maximilian-Haering-Platz,Niedrig,Ermittlung läuft,Zeuge,,2,79.28,3,10
AZ-2025-001214,Erpressung,2023-07-25,12:39,Bahnhofsviertel,50.063396,8.674905,Textorstr.,Niedrig,Eingestellt,Patrouille,2024-05-29,2,27411.74,2,4
AZ-2023-001215,Unterschlagung,2025-02-12,17:46,Sindlingen,50.087946,8.5994,Speerring,Mittel,Abgeschlossen,Anonym,2026-01-03,4,26001.95,5,3
AZ-2024-001216,Urkundenfälschung,2025-08-25,16:43,Innenstadt,50.155686,8.495828,Hellwiggasse,Dringend,Abgeschlossen,Opfer,2026-05-07,3,3876.72,3,12
AZ-2025-001217,Urkundenfälschung,2023-02-17,22:38,Unterliederbach,50.01901,8.500528,René-Rudolph-Weg,Hoch,Ermittlung läuft,Notruf,,2,15136.28,0,0
AZ-2024-001218,Verkehrsdelikt,2025-01-24,04:04,Ostend,50.075411,8.575108,Fliegnergasse,Dringend,Eingestellt,Patrouille,2025-08-03,1,6898.49,2,12
AZ-2025-001219,Erpressung,2024-01-14,02:06,Seckbach,50.114257,8.563949,Adlerstraße,Dringend,Abgeschlossen,Opfer,2024-12-16,4,0.0,1,4
AZ-2025-001220,Bedrohung,2025-09-04,10:32,Praunheim,50.024611,8.70394,Klaus-Werner-Speer-Allee,Hoch,Abgeschlossen,Patrouille,2026-04-29,2,0.0,4,11
AZ-2023-001221,Computerbetrug,2024-08-24,11:31,Bornheim,50.072413,8.727677,Gutegasse,Mittel,Eingestellt,Opfer,2024-09-23,3,3.04,4,0
AZ-2024-001222,Diebstahl,2023-04-12,02:40,Höchst,50.181561,8.7667,Harro-Geißler-Allee,Dringend,Ermittlung läuft,Opfer,,2,13922.31,3,5
AZ-2023-001223,Diebstahl,2025-10-27,05:58,Niederursel,50.174736,8.762437,Buttestraße,Niedrig,Abgeschlossen,Notruf,2026-04-19,2,0.0,2,14
AZ-2023-001224,Verkehrsdelikt,2024-05-07,02:08,Bonames,50.085107,8.778339,Leszek-Ziegert-Straße,Niedrig,Gerichtlich,Zeuge,2024-06-20,3,32074.02,0,2
AZ-2025-001225,Körperverletzung,2023-08-26,18:23,Nordend-Ost,50.04704,8.624134,Niemeierweg,Hoch,Gerichtlich,Opfer,2024-07-10,4,0.0,0,11
AZ-2024-001226,Erpressung,2024-04-10,14:03,Westend-Nord,50.05093,8.482768,Conradiweg,Hoch,Eingestellt,Zeuge,2024-06-25,1,12821.28,5,2
AZ-2025-001227,Betrug,2025-10-29,18:50,Rödelheim,50.143048,8.701314,Gorlitzring,Dringend,Ermittlung läuft,Notruf,,2,20606.25,1,8
AZ-2025-001228,Unterschlagung,2024-07-25,15:49,Riederwald,50.16554,8.500894,Koch IIplatz,Mittel,Ermittlung läuft,Notruf,,2,40546.84,0,6
AZ-2024-001229,Sachbeschädigung,2023-05-25,01:16,Riederwald,50.042671,8.726096,Beyerring,Mittel,Ermittlung läuft,Zeuge,,4,10666.79,5,11
AZ-2025-001230,Diebstahl,2025-06-15,08:33,Höchst,50.075731,8.773234,Mohauptring,Dringend,Eingestellt,Patrouille,2025-10-23,4,0.0,3,14
AZ-2025-001231,Unterschlagung,2024-02-01,18:35,Dornbusch,50.144195,8.55445,Mathilde-Heuser-Weg,Mittel,Ermittlung läuft,Anonym,,3,15895.97,1,12
AZ-2024-001232,Hausfriedensbruch,2024-09-02,12:58,Zeilsheim,50.023538,8.58155,Gerd-Weller-Allee,Hoch,Ermittlung läuft,Zeuge,,4,30993.73,2,2
AZ-2023-001233,Unterschlagung,2025-01-15,12:10,Seckbach,50.047899,8.742486,Detlev-Staude-Ring,Hoch,Ermittlung läuft,Patrouille,,1,0.0,5,9
AZ-2024-001234,Urkundenfälschung,2023-02-26,21:38,Nordend-Ost,50.057043,8.783942,Werneckestr.,Dringend,Ermittlung läuft,Zeuge,,1,0.0,2,14
AZ-2024-001235,Hausfriedensbruch,2025-03-07,01:43,Riederwald,50.129092,8.605208,Birgitta-Bolander-Straße,Mittel,Abgeschlossen,Patrouille,2025-06-08,3,4157.89,1,0
AZ-2024-001236,Computerbetrug,2023-06-19,21:08,Nieder-Eschbach,50.177201,8.729458,Reisingweg,Niedrig,Ermittlung läuft,Zeuge,,2,37977.33,5,1
AZ-2025-001237,Beleidigung,2023-06-11,10:07,Preungesheim,50.170308,8.777204,Ruppersbergerplatz,Hoch,Ermittlung läuft,Notruf,,3,0.0,2,1
AZ-2023-001238,Hausfriedensbruch,2025-10-05,03:48,Harheim,50.167014,8.624092,Jacobgasse,Hoch,Abgeschlossen,Anonym,2026-01-17,3,45672.76,5,2
AZ-2025-001239,Diebstahl,2023-04-09,00:25,Dornbusch,50.136957,8.542924,Trübgasse,Mittel,Ermittlung läuft,Anonym,,1,0.0,2,4
AZ-2023-001240,Körperverletzung,2023-03-06,06:27,Ginnheim,50.125083,8.790916,Ernst-Otto-Wernecke-Straße,Hoch,Ermittlung läuft,Anonym,,1,49524.28,2,5
AZ-2024-001241,Drogendelikt,2025-01-05,11:48,Bahnhofsviertel,50.138484,8.583673,Türkan-Geisel-Platz,Niedrig,Eingestellt,Zeuge,2025-07-22,1,24344.64,4,0
AZ-2024-001242,Einbruchdiebstahl,2023-02-09,12:36,Zeilsheim,50.025582,8.651329,Felix-Berger-Straße,Niedrig,Abgeschlossen,Opfer,2023-11-23,4,34719.41,1,6
AZ-2023-001243,Diebstahl,2024-02-01,18:54,Bonames,50.11959,8.787923,Hedda-Lübs-Platz,Niedrig,Ermittlung läuft,Notruf,,4,37938.14,1,10
AZ-2023-001244,Drogendelikt,2024-11-02,00:13,Schwanheim,50.077629,8.475626,Marta-Scheibe-Ring,Hoch,Ermittlung läuft,Patrouille,,2,9182.24,0,14
AZ-2023-001245,Urkundenfälschung,2024-06-05,05:37,Sachsenhausen-Nord,50.048619,8.782624,Vogtallee,Mittel,Ermittlung läuft,Patrouille,,3,3487.2,5,1
AZ-2025-001246,Unterschlagung,2023-03-23,20:57,Frankfurter Berg,50.023351,8.552126,Dieter-Kraushaar-Weg,Dringend,Eingestellt,Anonym,2024-03-10,3,0.0,1,3
AZ-2024-001247,Raub,2023-07-01,12:25,Eckenheim,50.125928,8.47413,Rohlederring,Dringend,Abgeschlossen,Patrouille,2023-09-15,2,0.0,4,13
AZ-2023-001248,Hausfriedensbruch,2024-09-30,05:25,Bockenheim,50.186585,8.550808,Pölitzstraße,Mittel,Ermittlung läuft,Notruf,,3,9326.93,2,14
AZ-2023-001249,Sachbeschädigung,2025-08-06,00:44,Preungesheim,50.17832,8.509567,Lilli-Thies-Weg,Niedrig,Abgeschlossen,Opfer,2025-08-13,2,47871.76,0,5
AZ-2025-001250,Raub,2023-05-19,11:58,Altstadt,50.109006,8.770434,Dowergstraße,Niedrig,Gerichtlich,Notruf,2023-07-28,1,25156.64,1,11
AZ-2025-001251,Verkehrsdelikt,2024-11-11,17:35,Sindlingen,50.120937,8.574647,Geert-Rosenow-Weg,Mittel,Ermittlung läuft,Zeuge,,4,2222.85,0,10
AZ-2024-001252,Erpressung,2024-04-29,15:34,Harheim,50.123697,8.542831,Stella-Döring-Weg,Mittel,Eingestellt,Anonym,2025-04-29,4,40185.29,2,10
AZ-2023-001253,Diebstahl,2024-09-28,01:42,Nied,50.107504,8.527144,Lilija-Hörle-Weg,Niedrig,Ermittlung läuft,Opfer,,2,26832.73,5,7
AZ-2025-001254,Sachbeschädigung,2023-10-05,21:09,Niederursel,50.030962,8.563428,Langernring,Mittel,Ermittlung läuft,Anonym,,1,0.0,2,6
AZ-2024-001255,Hausfriedensbruch,2023-01-21,21:08,Westend-Süd,50.037965,8.679966,Sölzerstraße,Mittel,Abgeschlossen,Opfer,2023-02-03,2,0.0,3,15
AZ-2025-001256,Körperverletzung,2025-01-05,04:44,Bornheim,50.082128,8.53562,Benderplatz,Dringend,Eingestellt,Patrouille,2025-05-16,1,19793.64,0,1
AZ-2023-001257,Erpressung,2024-12-06,22:50,Bergen-Enkheim,50.097245,8.588722,Kuschplatz,Mittel,Abgeschlossen,Opfer,2025-07-26,1,32588.06,4,2
AZ-2023-001258,Computerbetrug,2025-05-01,21:56,Seckbach,50.099542,8.596023,Benderstraße,Mittel,Eingestellt,Anonym,2025-06-14,2,0.0,0,8
AZ-2025-001259,Körperverletzung,2024-05-22,23:34,Sachsenhausen-Nord,50.126616,8.600537,Stumpfplatz,Mittel,Eingestellt,Zeuge,2024-07-02,4,25054.36,2,12
AZ-2024-001260,Sachbeschädigung,2025-01-24,13:53,Bahnhofsviertel,50.097891,8.719031,Julie-Mülichen-Ring,Dringend,Gerichtlich,Opfer,2025-08-20,1,40209.09,2,11
AZ-2024-001261,Drogendelikt,2023-05-04,09:37,Bahnhofsviertel,50.152352,8.555553,Bärerring,Dringend,Ermittlung läuft,Opfer,,3,9428.23,1,13
AZ-2024-001262,Betrug,2024-12-05,00:19,Sachsenhausen-Süd,50.045109,8.534245,Jockelring,Dringend,Abgeschlossen,Zeuge,2025-06-22,1,0.0,1,8
AZ-2025-001263,Raub,2024-03-19,13:42,Harheim,50.164175,8.584675,Textorweg,Hoch,Ermittlung läuft,Opfer,,1,42507.52,5,1
AZ-2025-001264,Einbruchdiebstahl,2025-10-06,19:43,Hausen,50.182455,8.520386,Wiltrud-Heidrich-Platz,Niedrig,Abgeschlossen,Anonym,2026-08-27,4,0.0,1,10
AZ-2024-001265,Beleidigung,2024-05-05,04:46,Bockenheim,50.185502,8.791508,Weimerstraße,Niedrig,Gerichtlich,Patrouille,2024-10-03,2,0.0,2,6
AZ-2024-001266,Drogendelikt,2023-03-13,22:15,Nieder-Erlenbach,50.142153,8.591997,Heuserweg,Niedrig,Ermittlung läuft,Patrouille,,3,23345.22,5,12
AZ-2025-001267,Urkundenfälschung,2024-07-04,15:21,Niederursel,50.120629,8.765532,Schleichweg,Hoch,Eingestellt,Opfer,2025-02-01,3,21829.31,4,15
AZ-2024-001268,Sachbeschädigung,2024-07-08,12:24,Westend-Nord,50.154846,8.597397,Hans-H.-Margraf-Platz,Hoch,Gerichtlich,Opfer,2025-05-15,1,0.0,2,11
AZ-2024-001269,Unterschlagung,2023-02-15,17:44,Riederwald,50.074767,8.747117,Weihmannstraße,Niedrig,Gerichtlich,Patrouille,2023-12-12,2,29797.23,2,11
AZ-2024-001270,Computerbetrug,2025-02-19,12:19,Altstadt,50.035312,8.774625,Blümelstr.,Hoch,Eingestellt,Opfer,2025-05-30,2,35870.22,0,8
AZ-2025-001271,Unterschlagung,2024-01-07,12:07,Praunheim,50.024475,8.691005,Carsten-Jockel-Allee,Mittel,Gerichtlich,Opfer,2024-06-08,2,40828.9,2,10
AZ-2023-001272,Körperverletzung,2024-09-24,06:45,Sindlingen,50.116983,8.544164,Ernstallee,Niedrig,Eingestellt,Zeuge,2025-05-20,1,26541.51,2,5
AZ-2024-001273,Raub,2023-10-18,03:05,Harheim,50.113817,8.5023,Hakan-Gröttner-Platz,Mittel,Ermittlung läuft,Opfer,,3,32897.08,5,5
AZ-2023-001274,Körperverletzung,2025-06-05,16:51,Schwanheim,50.166945,8.68536,Jacob-Beckmann-Straße,Dringend,Abgeschlossen,Opfer,2025-10-26,2,46687.94,5,0
AZ-2023-001275,Erpressung,2025-04-21,10:56,Zeilsheim,50.055062,8.617865,Sinaida-Klingelhöfer-Allee,Dringend,Abgeschlossen,Notruf,2025-07-12,3,9748.96,0,3
AZ-2025-001276,Körperverletzung,2024-07-24,01:41,Zeilsheim,50.141048,8.739415,Kamil-Koch-Straße,Niedrig,Eingestellt,Patrouille,2025-06-18,3,32914.26,0,1
AZ-2024-001277,Verkehrsdelikt,2023-02-21,04:30,Bockenheim,50.146308,8.493554,Schustergasse,Mittel,Eingestellt,Zeuge,2023-05-30,4,0.0,2,7
AZ-2023-001278,Hausfriedensbruch,2023-09-10,06:48,Schwanheim,50.160102,8.699674,Immo-Köhler-Straße,Niedrig,Ermittlung läuft,Opfer,,1,0.0,4,11
AZ-2025-001279,Betrug,2024-12-19,22:09,Seckbach,50.046682,8.708437,Gierschnerallee,Dringend,Abgeschlossen,Opfer,2025-07-14,3,0.0,2,11
AZ-2023-001280,Bedrohung,2024-03-12,07:09,Zeilsheim,50.130189,8.724841,Schaafstr.,Mittel,Ermittlung läuft,Anonym,,2,0.0,2,15
AZ-2023-001281,Verkehrsdelikt,2024-03-30,11:14,Preungesheim,50.091181,8.500571,Kaulplatz,Dringend,Ermittlung läuft,Zeuge,,1,22955.74,4,5
AZ-2024-001282,Diebstahl,2025-03-07,19:31,Gallus,50.152608,8.736672,Weißallee,Niedrig,Eingestellt,Zeuge,2025-05-14,4,0.0,3,3
AZ-2025-001283,Betrug,2024-12-26,20:54,Harheim,50.055007,8.787781,Kasimir-Baum-Straße,Niedrig,Gerichtlich,Notruf,2025-10-12,4,38102.24,4,8
AZ-2023-001284,Bedrohung,2025-04-04,15:12,Griesheim,50.150675,8.514976,Gotthold-Rudolph-Platz,Mittel,Ermittlung läuft,Opfer,,2,25417.91,5,3
AZ-2023-001285,Bedrohung,2024-08-21,08:09,Nieder-Eschbach,50.19327,8.753445,Frieda-Hecker-Allee,Mittel,Ermittlung läuft,Opfer,,3,18851.35,4,10
AZ-2025-001286,Verkehrsdelikt,2024-03-08,11:41,Frankfurter Berg,50.08513,8.745262,Julius-Siering-Straße,Mittel,Ermittlung läuft,Zeuge,,1,13577.8,5,15
AZ-2024-001287,Urkundenfälschung,2024-07-18,03:52,Harheim,50.102402,8.575404,Nina-Zahn-Allee,Niedrig,Ermittlung läuft,Anonym,,3,0.0,5,2
AZ-2023-001288,Erpressung,2024-03-26,12:11,Fechenheim,50.106569,8.566078,Willfried-Eigenwillig-Allee,Dringend,Abgeschlossen,Patrouille,2024-05-01,4,0.0,5,8
AZ-2025-001289,Körperverletzung,2025-09-02,01:23,Frankfurter Berg,50.117362,8.734165,Dorothe-Anders-Platz,Hoch,Ermittlung läuft,Zeuge,,4,13383.41,0,10
AZ-2025-001290,Sachbeschädigung,2024-11-06,13:17,Berkersheim,50.183002,8.501954,Schlosserallee,Hoch,Ermittlung läuft,Notruf,,4,9243.14,3,0
AZ-2025-001291,Computerbetrug,2023-10-08,00:16,Westend-Nord,50.190751,8.690666,Trubweg,Dringend,Ermittlung läuft,Zeuge,,2,4490.27,2,2
AZ-2025-001292,Erpressung,2024-02-18,18:15,Sindlingen,50.178069,8.67546,Löchelstraße,Dringend,Eingestellt,Notruf,2024-10-02,1,26160.99,1,2
AZ-2023-001293,Verkehrsdelikt,2023-12-04,13:31,Bockenheim,50.029383,8.669437,Miesring,Dringend,Eingestellt,Zeuge,2024-04-07,4,34772.64,4,15
AZ-2023-001294,Körperverletzung,2025-05-10,11:15,Dornbusch,50.184327,8.69666,Vlado-Jacobi Jäckel-Allee,Niedrig,Eingestellt,Notruf,2025-08-31,3,1543.86,4,10
AZ-2023-001295,Urkundenfälschung,2024-01-08,07:07,Preungesheim,50.043537,8.664239,Sauergasse,Hoch,Ermittlung läuft,Notruf,,4,0.0,2,14
AZ-2024-001296,Einbruchdiebstahl,2024-08-04,15:00,Sindlingen,50.04025,8.78956,Angelika-Spieß-Ring,Hoch,Abgeschlossen,Anonym,2024-08-11,4,14887.19,3,14
AZ-2024-001297,Computerbetrug,2024-09-25,02:26,Bahnhofsviertel,50.175295,8.611935,Huhnweg,Hoch,Eingestellt,Zeuge,2025-04-17,1,17650.17,5,7
AZ-2023-001298,Verkehrsdelikt,2025-08-21,06:02,Riederwald,50.190509,8.657335,Wolfhard-Bolnbach-Ring,Dringend,Abgeschlossen,Zeuge,2026-03-13,1,28271.63,2,4
AZ-2023-001299,Raub,2025-02-17,07:20,Altstadt,50.14005,8.666689,Schwitalring,Hoch,Ermittlung läuft,Zeuge,,2,23133.63,5,6
AZ-2025-001300,Computerbetrug,2025-05-23,09:15,Riederwald,50.125535,8.772502,Heßweg,Hoch,Gerichtlich,Anonym,2025-11-06,4,14084.65,5,13
AZ-2023-001301,Urkundenfälschung,2024-05-22,09:21,Praunheim,50.149159,8.572824,Grafplatz,Hoch,Eingestellt,Anonym,2024-10-25,1,46400.15,4,7
AZ-2024-001302,Hausfriedensbruch,2024-05-11,22:54,Nieder-Eschbach,50.119097,8.565509,Rotraut-Bohlander-Weg,Dringend,Ermittlung läuft,Patrouille,,1,33801.08,5,5
AZ-2025-001303,Hausfriedensbruch,2023-10-27,07:03,Nied,50.090623,8.670584,Speerring,Mittel,Abgeschlossen,Anonym,2024-07-16,3,0.0,1,3
AZ-2023-001304,Verkehrsdelikt,2023-01-17,18:28,Nied,50.139429,8.509767,Irmtraud-Bauer-Allee,Hoch,Ermittlung läuft,Patrouille,,3,0.0,5,13
AZ-2023-001305,Diebstahl,2025-01-28,10:30,Hausen,50.169646,8.513217,Hübelring,Hoch,Eingestellt,Patrouille,2025-04-12,4,19075.07,0,4
AZ-2023-001306,Urkundenfälschung,2024-04-02,18:03,Nordend-Ost,50.176503,8.758882,Lachmannstraße,Niedrig,Eingestellt,Opfer,2024-06-20,4,19674.12,2,12
AZ-2025-001307,Drogendelikt,2024-01-25,10:37,Altstadt,50.136957,8.626604,Cordula-Trommler-Weg,Niedrig,Ermittlung läuft,Anonym,,2,13054.57,2,9
AZ-2025-001308,Unterschlagung,2024-01-23,08:44,Rödelheim,50.08482,8.499763,Mohamed-van der Dussen-Allee,Hoch,Ermittlung läuft,Zeuge,,2,0.0,1,6
AZ-2024-001309,Einbruchdiebstahl,2025-04-14,05:59,Dornbusch,50.021027,8.553561,Heidelinde-Reinhardt-Allee,Mittel,Abgeschlossen,Patrouille,2025-06-29,4,0.0,0,0
AZ-2025-001310,Computerbetrug,2024-09-08,07:42,Fechenheim,50.089823,8.715196,Steckelring,Niedrig,Abgeschlossen,Zeuge,2025-07-08,3,44859.32,4,8
AZ-2024-001311,Hausfriedensbruch,2025-02-20,18:03,Schwanheim,50.159849,8.501412,Geißlerallee,Hoch,Ermittlung läuft,Zeuge,,4,0.0,0,9
AZ-2023-001312,Betrug,2024-03-01,10:03,Bonames,50.111581,8.731571,Klaus-Peter-Dietz-Straße,Mittel,Ermittlung läuft,Anonym,,3,16917.02,3,10
AZ-2023-001313,Betrug,2023-11-23,06:12,Rödelheim,50.193923,8.676544,Jolanda-Heser-Allee,Niedrig,Ermittlung läuft,Opfer,,3,49575.33,1,6
AZ-2025-001314,Bedrohung,2023-01-21,07:01,Westend-Nord,50.060655,8.62565,Trude-Stiffel-Ring,Niedrig,Ermittlung läuft,Notruf,,4,40789.25,3,13
AZ-2024-001315,Beleidigung,2023-10-18,15:39,Bockenheim,50.059842,8.717473,Helge-Klapp-Platz,Hoch,Abgeschlossen,Opfer,2024-04-03,1,0.0,1,7
AZ-2023-001316,Betrug,2024-06-13,15:10,Bornheim,50.054021,8.70709,Linkeallee,Hoch,Ermittlung läuft,Notruf,,1,39977.75,5,0
AZ-2023-001317,Hausfriedensbruch,2023-07-06,14:45,Ginnheim,50.044413,8.733439,Köhlerring,Hoch,Ermittlung läuft,Zeuge,,4,36110.62,2,14
AZ-2025-001318,Urkundenfälschung,2023-07-28,15:41,Nordend-Ost,50.072801,8.557428,Mitschkeallee,Mittel,Abgeschlossen,Patrouille,2024-04-13,1,31990.94,1,14
AZ-2023-001319,Raub,2023-11-12,21:30,Bockenheim,50.106042,8.777412,Wenzel-Bloch-Allee,Niedrig,Abgeschlossen,Anonym,2024-05-10,3,37912.47,2,8
AZ-2024-001320,Erpressung,2025-11-04,23:47,Gallus,50.059533,8.553706,Wigbert-Gude-Weg,Niedrig,Ermittlung läuft,Opfer,,1,0.0,0,1
AZ-2024-001321,Urkundenfälschung,2023-09-02,16:29,Harheim,50.057427,8.585703,Nurten-Stiffel-Straße,Niedrig,Gerichtlich,Zeuge,2023-09-30,4,43147.69,3,9
AZ-2025-001322,Einbruchdiebstahl,2023-03-15,20:59,Riederwald,50.042189,8.505971,Lehmanngasse,Hoch,Ermittlung läuft,Opfer,,3,44869.99,0,15
AZ-2023-001323,Sachbeschädigung,2023-07-28,05:11,Praunheim,50.103601,8.599202,Freddy-Gute-Ring,Dringend,Ermittlung läuft,Opfer,,2,0.0,2,4
AZ-2025-001324,Hausfriedensbruch,2023-10-23,03:24,Praunheim,50.137243,8.696713,Roskothstraße,Dringend,Ermittlung läuft,Opfer,,2,75.39,4,6
AZ-2025-001325,Computerbetrug,2024-02-19,09:18,Dornbusch,50.172898,8.745393,Maik-Trubin-Platz,Dringend,Ermittlung läuft,Anonym,,3,0.0,3,0
AZ-2023-001326,Erpressung,2023-12-07,00:55,Preungesheim,50.137961,8.723233,Zoltan-Kade-Allee,Hoch,Ermittlung läuft,Opfer,,4,31195.7,1,12
AZ-2024-001327,Sachbeschädigung,2025-05-24,20:42,Eschersheim,50.185573,8.668056,Luis-Schulz-Gasse,Hoch,Ermittlung läuft,Opfer,,4,23708.27,1,5
AZ-2023-001328,Betrug,2025-01-04,18:09,Kalbach-Riedberg,50.0295,8.602993,Toralf-Höfig-Platz,Mittel,Ermittlung läuft,Zeuge,,3,46372.32,1,9
AZ-2024-001329,Urkundenfälschung,2023-08-28,02:20,Eschersheim,50.054306,8.521736,Christl-Wieloch-Platz,Dringend,Gerichtlich,Opfer,2024-04-01,4,0.0,5,4
AZ-2024-001330,Drogendelikt,2025-04-16,05:52,Bahnhofsviertel,50.134534,8.784897,Zimmerallee,Niedrig,Abgeschlossen,Patrouille,2025-09-21,3,1353.39,5,10
AZ-2023-001331,Einbruchdiebstahl,2023-07-18,06:13,Bahnhofsviertel,50.132846,8.721373,Folker-Schmiedecke-Straße,Mittel,Abgeschlossen,Opfer,2023-11-16,1,4185.4,1,3
AZ-2025-001332,Betrug,2023-12-21,02:23,Bonames,50.134294,8.761767,Kuschstraße,Dringend,Abgeschlossen,Anonym,2024-09-14,4,49571.7,2,0
AZ-2024-001333,Urkundenfälschung,2023-08-01,18:07,Dornbusch,50.115129,8.491184,Krausgasse,Mittel,Abgeschlossen,Zeuge,2023-12-20,1,8883.07,4,15
AZ-2025-001334,Drogendelikt,2025-06-24,20:33,Berkersheim,50.108741,8.726508,Antoinette-Gute-Allee,Hoch,Abgeschlossen,Notruf,2025-12-08,3,5937.6,3,4
AZ-2023-001335,Betrug,2024-03-21,09:42,Unterliederbach,50.124893,8.706474,Austermühlering,Niedrig,Ermittlung läuft,Opfer,,2,0.0,5,2
AZ-2025-001336,Verkehrsdelikt,2023-04-04,09:10,Ginnheim,50.054052,8.791006,Alfonso-Stey-Gasse,Niedrig,Abgeschlossen,Zeuge,2024-01-08,4,22325.68,3,8
AZ-2023-001337,Hausfriedensbruch,2023-07-17,20:10,Westend-Süd,50.034961,8.652253,Henning-Täsche-Ring,Dringend,Abgeschlossen,Notruf,2023-11-02,4,0.0,5,5
AZ-2023-001338,Unterschlagung,2023-01-05,01:00,Eckenheim,50.050408,8.524904,Ehlertgasse,Dringend,Ermittlung läuft,Opfer,,1,0.0,5,1
AZ-2024-001339,Unterschlagung,2024-10-30,05:17,Altstadt,50.110303,8.549061,Paffrathstr.,Mittel,Ermittlung läuft,Notruf,,2,28227.76,4,1
AZ-2023-001340,Computerbetrug,2023-05-03,14:25,Unterliederbach,50.044523,8.622023,Geiselgasse,Mittel,Abgeschlossen,Opfer,2023-12-17,2,25080.08,3,6
AZ-2025-001341,Hausfriedensbruch,2024-03-15,15:26,Frankfurter Berg,50.106018,8.68028,Korbinian-Hoffmann-Straße,Dringend,Gerichtlich,Opfer,2024-05-03,4,12391.61,4,9
AZ-2023-001342,Bedrohung,2023-08-11,00:04,Gallus,50.134488,8.731481,Lübsweg,Mittel,Ermittlung läuft,Zeuge,,2,9341.75,5,2
AZ-2024-001343,Drogendelikt,2025-09-03,10:45,Nied,50.018561,8.784475,Miroslaw-Niemeier-Ring,Niedrig,Gerichtlich,Zeuge,2026-09-03,4,36167.58,4,5
AZ-2023-001344,Urkundenfälschung,2023-01-13,20:57,Niederursel,50.033081,8.686574,Grzegorz-Kusch-Gasse,Niedrig,Gerichtlich,Anonym,2023-10-14,2,22229.73,3,3
AZ-2025-001345,Sachbeschädigung,2025-08-01,16:44,Kalbach-Riedberg,50.189589,8.609432,Helmut-Vogt-Platz,Hoch,Ermittlung läuft,Patrouille,,4,0.0,5,0
AZ-2024-001346,Urkundenfälschung,2023-11-05,22:25,Kalbach-Riedberg,50.140268,8.741608,Jasmina-Barkholz-Weg,Mittel,Ermittlung läuft,Anonym,,3,4710.04,2,14
AZ-2023-001347,Erpressung,2024-02-23,09:39,Eschersheim,50.1754,8.525303,Fabian-Kobelt-Allee,Hoch,Abgeschlossen,Notruf,2024-12-15,1,36908.71,1,0
AZ-2023-001348,Urkundenfälschung,2025-06-30,08:40,Dornbusch,50.089161,8.665607,Philipp-Schwital-Ring,Dringend,Abgeschlossen,Anonym,2026-05-19,4,28121.79,4,14
AZ-2024-001349,Drogendelikt,2024-09-20,21:43,Nieder-Eschbach,50.07835,8.674641,Desiree-Biggen-Allee,Hoch,Abgeschlossen,Zeuge,2025-07-10,2,40099.13,2,3
AZ-2023-001350,Drogendelikt,2025-04-21,14:15,Eckenheim,50.0975,8.781541,Georgia-Bärer-Gasse,Niedrig,Ermittlung läuft,Notruf,,3,26685.21,2,9
AZ-2024-001351,Betrug,2024-10-09,00:50,Altstadt,50.130202,8.736435,Serge-Martin-Straße,Niedrig,Abgeschlossen,Zeuge,2025-09-20,2,48058.97,0,12
AZ-2025-001352,Computerbetrug,2025-03-30,09:35,Niederursel,50.018254,8.650551,Bernadette-Herrmann-Straße,Hoch,Abgeschlossen,Patrouille,2025-05-07,1,27.24,4,6
AZ-2025-001353,Bedrohung,2023-03-26,10:30,Riederwald,50.161665,8.652749,Harm-Täsche-Allee,Dringend,Ermittlung läuft,Patrouille,,1,20799.7,1,0
AZ-2025-001354,Raub,2023-11-02,14:50,Bahnhofsviertel,50.017291,8.472207,Kurt-Linke-Allee,Dringend,Ermittlung läuft,Notruf,,1,43471.94,4,11
AZ-2025-001355,Sachbeschädigung,2024-02-21,00:58,Praunheim,50.084732,8.503846,Geza-Pölitz-Ring,Dringend,Gerichtlich,Anonym,2024-08-29,3,28474.11,4,15
AZ-2023-001356,Körperverletzung,2023-02-09,20:07,Bahnhofsviertel,50.0896,8.682818,Severin-Döhn-Weg,Mittel,Abgeschlossen,Notruf,2023-05-09,3,6143.76,1,8
AZ-2024-001357,Beleidigung,2024-08-28,09:16,Nied,50.122155,8.486191,Karl-Werner-Drewes-Gasse,Hoch,Ermittlung läuft,Notruf,,4,18711.26,2,1
AZ-2024-001358,Computerbetrug,2025-02-12,04:50,Seckbach,50.073249,8.584895,Gumprichstr.,Dringend,Eingestellt,Opfer,2025-04-19,3,38405.92,1,5
AZ-2024-001359,Urkundenfälschung,2023-09-13,19:00,Ginnheim,50.053782,8.680346,Leopoldine-Hesse-Weg,Niedrig,Ermittlung läuft,Patrouille,,4,45038.33,2,9
AZ-2025-001360,Sachbeschädigung,2024-10-28,11:38,Rödelheim,50.093673,8.527997,Orhan-Tlustek-Straße,Hoch,Ermittlung läuft,Zeuge,,4,48472.46,2,10
AZ-2023-001361,Bedrohung,2024-12-13,06:06,Westend-Süd,50.164202,8.767026,Fritschgasse,Mittel,Ermittlung läuft,Notruf,,2,47325.24,0,15
AZ-2025-001362,Beleidigung,2024-04-30,20:09,Niederursel,50.104038,8.611596,Hänelweg,Mittel,Abgeschlossen,Anonym,2024-12-30,3,35618.27,2,10
AZ-2023-001363,Drogendelikt,2023-12-17,05:37,Eschersheim,50.137628,8.585578,Kabusplatz,Niedrig,Abgeschlossen,Anonym,2024-03-20,3,30747.39,3,2
AZ-2025-001364,Körperverletzung,2023-04-23,10:58,Dornbusch,50.168302,8.48747,Aleksej-Steckel-Gasse,Hoch,Ermittlung läuft,Notruf,,4,23580.8,2,6
AZ-2023-001365,Computerbetrug,2024-12-31,04:19,Ginnheim,50.146724,8.751841,Martina-Ruppersberger-Allee,Dringend,Abgeschlossen,Zeuge,2025-10-04,3,35116.39,4,14
AZ-2025-001366,Unterschlagung,2024-02-13,08:18,Schwanheim,50.051571,8.581345,Fischergasse,Niedrig,Eingestellt,Opfer,2024-12-24,2,0.0,1,13
AZ-2023-001367,Drogendelikt,2023-06-20,02:44,Seckbach,50.16359,8.642942,Isabel-Ullrich-Gasse,Niedrig,Ermittlung läuft,Anonym,,4,44481.22,4,2
AZ-2023-001368,Raub,2024-12-23,05:30,Unterliederbach,50.016736,8.743325,Seifertplatz,Niedrig,Abgeschlossen,Patrouille,2025-04-09,2,0.0,5,9
AZ-2023-001369,Körperverletzung,2025-04-16,10:53,Sossenheim,50.146209,8.630303,Hübelring,Niedrig,Abgeschlossen,Patrouille,2025-10-07,4,9399.58,2,12
AZ-2025-001370,Hausfriedensbruch,2025-10-13,02:47,Fechenheim,50.183033,8.666337,Binnergasse,Niedrig,Abgeschlossen,Patrouille,2026-05-01,2,0.0,3,4
AZ-2025-001371,Erpressung,2024-06-10,12:40,Riederwald,50.1899,8.583997,Patrizia-Benthin-Ring,Niedrig,Eingestellt,Zeuge,2024-10-29,1,0.0,4,10
AZ-2023-001372,Körperverletzung,2025-09-09,07:36,Eckenheim,50.178066,8.745113,Steyring,Niedrig,Ermittlung läuft,Anonym,,4,14525.47,2,5
AZ-2025-001373,Verkehrsdelikt,2024-08-26,12:17,Riederwald,50.154766,8.569593,Warmergasse,Hoch,Abgeschlossen,Notruf,2025-05-23,2,43842.09,3,10
AZ-2023-001374,Verkehrsdelikt,2024-12-14,16:08,Sachsenhausen-Nord,50.166666,8.48884,Miroslawa-Werner-Gasse,Dringend,Gerichtlich,Anonym,2025-02-15,1,14961.99,4,6
AZ-2024-001375,Hausfriedensbruch,2025-07-14,02:29,Dornbusch,50.07407,8.662437,Mona-Etzler-Allee,Hoch,Ermittlung läuft,Zeuge,,3,10305.53,3,5
AZ-2025-001376,Unterschlagung,2025-03-12,16:06,Griesheim,50.145702,8.681328,Mattias-Klemt-Straße,Hoch,Ermittlung läuft,Notruf,,1,28906.11,4,15
AZ-2025-001377,Hausfriedensbruch,2023-06-13,08:58,Riederwald,50.017044,8.74131,Wagnergasse,Mittel,Ermittlung läuft,Zeuge,,4,2349.7,2,4
AZ-2025-001378,Raub,2025-05-20,13:37,Frankfurter Berg,50.16316,8.594563,Karzplatz,Niedrig,Ermittlung läuft,Notruf,,1,33446.8,1,4
AZ-2023-001379,Sachbeschädigung,2025-03-19,00:47,Nordend-West,50.118621,8.730223,Rolf-Kuhl-Straße,Mittel,Abgeschlossen,Anonym,2025-05-27,4,32315.92,2,11
AZ-2023-001380,Computerbetrug,2023-09-06,07:46,Kalbach-Riedberg,50.025633,8.646207,Krauseweg,Niedrig,Abgeschlossen,Zeuge,2024-07-02,3,43965.98,2,6
AZ-2024-001381,Sachbeschädigung,2025-08-02,06:25,Nieder-Erlenbach,50.076785,8.700668,Linkeweg,Dringend,Ermittlung läuft,Notruf,,2,3943.29,5,11
AZ-2023-001382,Bedrohung,2025-11-09,23:38,Riederwald,50.052617,8.551374,Enrico-Eigenwillig-Allee,Niedrig,Abgeschlossen,Patrouille,2026-03-21,3,48828.61,3,2
AZ-2024-001383,Sachbeschädigung,2025-01-21,20:18,Berkersheim,50.030471,8.581654,Theresa-Freudenberger-Gasse,Dringend,Abgeschlossen,Anonym,2025-06-03,2,39492.7,0,3
AZ-2025-001384,Hausfriedensbruch,2025-02-16,09:15,Bornheim,50.137192,8.485969,Schäferstraße,Mittel,Ermittlung läuft,Notruf,,4,0.0,0,5
AZ-2023-001385,Drogendelikt,2025-05-13,20:24,Nieder-Erlenbach,50.17954,8.568755,Girschnerstr.,Hoch,Abgeschlossen,Patrouille,2025-11-11,1,34147.88,0,1
AZ-2025-001386,Hausfriedensbruch,2023-08-03,19:44,Kalbach-Riedberg,50.129229,8.539154,Wulffring,Hoch,Abgeschlossen,Notruf,2024-01-22,3,0.0,2,3
AZ-2024-001387,Betrug,2023-03-18,06:42,Altstadt,50.039366,8.793482,Nelly-Stolze-Allee,Dringend,Abgeschlossen,Notruf,2023-03-25,2,46681.35,4,3
AZ-2025-001388,Raub,2024-06-23,20:16,Rödelheim,50.035891,8.719633,Xaver-Neuschäfer-Gasse,Mittel,Abgeschlossen,Zeuge,2025-02-17,4,2245.18,3,12
AZ-2025-001389,Betrug,2024-06-16,22:48,Altstadt,50.169848,8.677556,Mansgasse,Mittel,Eingestellt,Anonym,2025-05-26,3,25457.38,2,10
AZ-2024-001390,Körperverletzung,2024-12-19,03:54,Bornheim,50.111775,8.764824,John-Sölzer-Ring,Dringend,Abgeschlossen,Patrouille,2025-06-12,2,0.0,3,3
AZ-2023-001391,Einbruchdiebstahl,2023-08-05,12:53,Bahnhofsviertel,50.154619,8.723139,Ida-Stiebitz-Weg,Mittel,Eingestellt,Anonym,2023-12-28,1,10277.32,3,14
AZ-2023-001392,Computerbetrug,2025-01-05,16:14,Zeilsheim,50.087847,8.721602,Zofia-Staude-Ring,Hoch,Abgeschlossen,Zeuge,2025-05-01,2,30252.14,4,3
AZ-2024-001393,Betrug,2024-12-15,06:32,Bornheim,50.189478,8.533103,Stjepan-Speer-Allee,Hoch,Eingestellt,Patrouille,2025-07-24,2,46191.48,0,5
AZ-2023-001394,Einbruchdiebstahl,2024-04-21,02:39,Bornheim,50.132427,8.619669,Wolfhard-Kensy-Allee,Hoch,Ermittlung läuft,Zeuge,,1,0.0,5,15
AZ-2025-001395,Beleidigung,2024-07-11,03:36,Hausen,50.06373,8.799288,Fischerallee,Niedrig,Ermittlung läuft,Zeuge,,4,15478.32,5,4
AZ-2023-001396,Bedrohung,2023-10-23,08:34,Nied,50.120729,8.713204,Aleksandar-Seifert-Platz,Dringend,Gerichtlich,Patrouille,2023-11-13,4,0.0,1,11
AZ-2025-001397,Beleidigung,2023-06-10,15:53,Praunheim,50.040948,8.566993,Oderwaldallee,Mittel,Ermittlung läuft,Opfer,,4,0.0,4,1
AZ-2023-001398,Verkehrsdelikt,2023-03-14,06:19,Griesheim,50.092692,8.697514,Conrad-Weitzel-Straße,Niedrig,Ermittlung läuft,Opfer,,4,32639.89,0,4
AZ-2025-001399,Betrug,2023-03-13,01:38,Höchst,50.157636,8.600223,Hendriksring,Niedrig,Ermittlung läuft,Anonym,,3,0.0,4,0
AZ-2023-001400,Raub,2023-01-21,10:29,Hausen,50.020405,8.503416,Binnerstr.,Niedrig,Abgeschlossen,Zeuge,2023-07-07,4,0.0,3,2
AZ-2025-001401,Diebstahl,2024-01-24,01:41,Berkersheim,50.031834,8.538976,Betty-Seifert-Straße,Dringend,Abgeschlossen,Zeuge,2024-04-22,4,9281.89,0,8
AZ-2023-001402,Erpressung,2024-10-09,22:49,Schwanheim,50.088352,8.508695,Heinzgasse,Mittel,Ermittlung läuft,Anonym,,1,314.43,2,9
AZ-2023-001403,Betrug,2024-05-16,13:03,Ginnheim,50.163509,8.721141,Martinallee,Hoch,Gerichtlich,Opfer,2024-08-05,1,769.84,2,5
AZ-2025-001404,Einbruchdiebstahl,2024-03-15,18:17,Innenstadt,50.186783,8.771747,Cichoriusallee,Hoch,Eingestellt,Notruf,2024-06-02,4,18791.38,0,6
AZ-2024-001405,Körperverletzung,2024-01-10,13:41,Nied,50.031987,8.774727,Matthäiring,Dringend,Abgeschlossen,Anonym,2024-06-26,3,1205.32,5,4
AZ-2023-001406,Körperverletzung,2024-07-07,11:52,Bahnhofsviertel,50.112209,8.508719,Aleksandra-Weinhage-Allee,Niedrig,Abgeschlossen,Anonym,2025-05-09,1,46507.04,4,2
AZ-2024-001407,Verkehrsdelikt,2023-12-16,13:34,Höchst,50.146851,8.735165,Eduard-Kusch-Straße,Dringend,Eingestellt,Anonym,2024-05-17,4,0.0,3,12
AZ-2024-001408,Computerbetrug,2023-05-01,00:32,Rödelheim,50.097114,8.479752,Brit-Rogner-Gasse,Niedrig,Abgeschlossen,Anonym,2023-10-14,1,24534.78,4,4
AZ-2023-001409,Drogendelikt,2023-06-25,13:19,Nieder-Erlenbach,50.08766,8.713728,Lissy-Schleich-Weg,Mittel,Ermittlung läuft,Opfer,,3,13930.12,2,13
AZ-2024-001410,Einbruchdiebstahl,2024-07-07,14:02,Höchst,50.05532,8.788672,Pechelstr.,Dringend,Abgeschlossen,Opfer,2024-09-12,2,486.42,0,5
AZ-2023-001411,Hausfriedensbruch,2024-02-13,23:46,Eckenheim,50.17092,8.589844,Geraldine-Steckel-Straße,Mittel,Abgeschlossen,Opfer,2024-05-05,1,0.0,0,12
AZ-2023-001412,Diebstahl,2024-05-24,09:47,Riederwald,50.096619,8.666748,Knappeallee,Niedrig,Abgeschlossen,Zeuge,2024-12-23,3,0.0,0,0
AZ-2023-001413,Hausfriedensbruch,2023-07-09,12:36,Schwanheim,50.042408,8.549112,Margitta-Hauffer-Straße,Dringend,Eingestellt,Anonym,2024-06-01,4,30888.8,3,0
AZ-2024-001414,Verkehrsdelikt,2024-11-20,09:34,Harheim,50.184704,8.756245,Römerallee,Hoch,Gerichtlich,Notruf,2025-01-08,2,0.0,0,8
AZ-2023-001415,Hausfriedensbruch,2024-03-24,07:27,Zeilsheim,50.032421,8.745891,Trubinweg,Niedrig,Ermittlung läuft,Anonym,,1,33107.64,4,11
AZ-2023-001416,Sachbeschädigung,2024-06-14,10:32,Sachsenhausen-Nord,50.1182,8.735993,Trubinstraße,Hoch,Ermittlung läuft,Zeuge,,1,16197.1,1,8
AZ-2024-001417,Erpressung,2025-04-25,13:01,Praunheim,50.184821,8.671165,Eberhard-Werner-Allee,Hoch,Abgeschlossen,Notruf,2025-11-10,4,35805.7,0,1
AZ-2023-001418,Bedrohung,2023-10-10,08:56,Kalbach-Riedberg,50.16082,8.70368,Abram-Karge-Ring,Mittel,Abgeschlossen,Opfer,2023-10-25,2,29823.18,2,0
AZ-2024-001419,Bedrohung,2023-11-02,12:09,Schwanheim,50.077397,8.763016,Roggestr.,Hoch,Ermittlung läuft,Opfer,,4,0.0,2,6
AZ-2024-001420,Körperverletzung,2025-04-22,09:10,Altstadt,50.076999,8.621054,Tintzmanngasse,Mittel,Gerichtlich,Anonym,2025-08-20,1,28000.68,1,10
AZ-2024-001421,Erpressung,2023-08-08,17:07,Eschersheim,50.128102,8.729907,Rosita-Gehringer-Straße,Niedrig,Abgeschlossen,Patrouille,2023-09-19,4,0.0,0,1
AZ-2023-001422,Betrug,2025-08-09,19:11,Westend-Süd,50.06261,8.605955,Marie-Trupp-Allee,Mittel,Ermittlung läuft,Anonym,,2,1481.24,5,5
AZ-2023-001423,Beleidigung,2024-02-15,04:36,Bornheim,50.091899,8.587078,Döringring,Hoch,Abgeschlossen,Anonym,2025-01-08,3,0.0,5,13
AZ-2025-001424,Betrug,2025-06-10,10:14,Dornbusch,50.07117,8.709933,Hans-H.-Dussen van-Straße,Mittel,Gerichtlich,Notruf,2025-10-27,4,42606.51,2,12
AZ-2023-001425,Bedrohung,2023-02-21,03:39,Frankfurter Berg,50.057588,8.592032,Utz-Zänker-Platz,Hoch,Ermittlung läuft,Notruf,,2,0.0,2,13
AZ-2024-001426,Beleidigung,2023-06-20,15:26,Bornheim,50.184236,8.720251,Dörrallee,Mittel,Abgeschlossen,Notruf,2023-09-18,4,25469.4,3,12
AZ-2025-001427,Hausfriedensbruch,2024-12-20,22:50,Westend-Nord,50.169067,8.562548,Bienweg,Dringend,Abgeschlossen,Notruf,2025-03-15,4,42215.46,4,9
AZ-2024-001428,Diebstahl,2025-08-27,14:53,Griesheim,50.043736,8.491709,Laila-Mende-Straße,Niedrig,Ermittlung läuft,Notruf,,1,15165.4,4,15
AZ-2023-001429,Einbruchdiebstahl,2024-09-09,04:08,Dornbusch,50.170537,8.738236,Walburga-Ortmann-Gasse,Dringend,Ermittlung läuft,Notruf,,2,7540.79,2,13
AZ-2023-001430,Drogendelikt,2024-06-01,19:47,Bockenheim,50.079245,8.660545,Birgitta-Löwer-Weg,Hoch,Eingestellt,Patrouille,2024-08-30,1,5053.77,5,15
AZ-2023-001431,Einbruchdiebstahl,2024-02-05,17:35,Unterliederbach,50.041415,8.553697,Pechelallee,Mittel,Ermittlung läuft,Patrouille,,3,43200.0,1,2
AZ-2024-001432,Computerbetrug,2024-07-21,18:51,Innenstadt,50.193753,8.60489,Hella-Sager-Platz,Niedrig,Abgeschlossen,Zeuge,2024-08-08,1,0.0,1,11
AZ-2023-001433,Bedrohung,2024-09-28,06:42,Innenstadt,50.159387,8.533168,Edwin-Kraushaar-Allee,Dringend,Abgeschlossen,Zeuge,2024-11-16,3,47553.09,3,0
AZ-2023-001434,Diebstahl,2024-05-05,15:09,Berkersheim,50.146397,8.758113,Pärtzeltstraße,Mittel,Ermittlung läuft,Opfer,,1,10082.22,4,14
AZ-2023-001435,Sachbeschädigung,2023-04-12,02:05,Nied,50.183905,8.540833,Schlosserweg,Niedrig,Eingestellt,Notruf,2023-05-05,1,23331.74,5,13
AZ-2025-001436,Bedrohung,2023-04-04,23:06,Preungesheim,50.174139,8.523033,Kai-Uwe-Kruschwitz-Ring,Niedrig,Eingestellt,Anonym,2023-10-26,3,0.0,5,9
AZ-2024-001437,Sachbeschädigung,2025-08-13,16:21,Zeilsheim,50.128164,8.49727,Mentzelallee,Hoch,Eingestellt,Anonym,2025-08-24,2,1131.69,1,14
AZ-2023-001438,Drogendelikt,2023-01-08,15:08,Sindlingen,50.151882,8.706539,Frederic-Lehmann-Weg,Niedrig,Eingestellt,Notruf,2023-11-17,1,25599.29,4,15
AZ-2024-001439,Einbruchdiebstahl,2023-11-13,04:57,Frankfurter Berg,50.12223,8.720679,Tintzmannstr.,Dringend,Ermittlung läuft,Notruf,,1,24258.23,1,1
AZ-2025-001440,Bedrohung,2025-07-05,13:35,Altstadt,50.047771,8.566069,Trubweg,Hoch,Eingestellt,Patrouille,2025-07-15,4,25025.06,0,5
AZ-2023-001441,Betrug,2024-06-10,21:55,Fechenheim,50.158712,8.516265,Hans-Willi-Häring-Weg,Niedrig,Ermittlung läuft,Notruf,,1,19222.59,5,12
AZ-2025-001442,Beleidigung,2024-12-22,14:16,Zeilsheim,50.099989,8.59957,Striebitzring,Hoch,Ermittlung läuft,Zeuge,,4,5919.71,4,11
AZ-2023-001443,Drogendelikt,2023-10-18,02:20,Dornbusch,50.035779,8.605356,Ingeborg-Seip-Platz,Niedrig,Ermittlung läuft,Zeuge,,4,10879.28,2,1
AZ-2025-001444,Betrug,2024-06-12,05:18,Rödelheim,50.035251,8.648527,Tröstgasse,Hoch,Eingestellt,Anonym,2025-06-09,3,11019.53,0,9
AZ-2023-001445,Betrug,2023-08-08,23:27,Rödelheim,50.161529,8.575777,Rörrichtstraße,Niedrig,Abgeschlossen,Patrouille,2023-09-22,1,35984.76,5,12
AZ-2023-001446,Einbruchdiebstahl,2024-08-18,12:45,Eckenheim,50.135194,8.778916,Steuerweg,Niedrig,Eingestellt,Zeuge,2024-12-21,1,41009.27,2,15
AZ-2023-001447,Raub,2025-05-11,08:49,Unterliederbach,50.106002,8.73715,Löchelallee,Dringend,Gerichtlich,Opfer,2026-01-24,3,38245.92,0,4
AZ-2024-001448,Unterschlagung,2023-06-06,14:58,Nieder-Eschbach,50.039118,8.666266,Annedore-Döring-Gasse,Niedrig,Abgeschlossen,Patrouille,2023-08-02,3,0.0,3,1
AZ-2025-001449,Computerbetrug,2025-08-03,05:14,Unterliederbach,50.042631,8.73006,Fiebiggasse,Hoch,Abgeschlossen,Patrouille,2025-08-19,4,23428.19,0,11
AZ-2023-001450,Raub,2023-05-13,14:06,Sindlingen,50.051643,8.743227,Hans-Werner-Hethur-Platz,Dringend,Ermittlung läuft,Patrouille,,4,32060.87,1,15
AZ-2024-001451,Einbruchdiebstahl,2023-05-06,06:06,Bockenheim,50.191166,8.645865,Stollring,Niedrig,Abgeschlossen,Patrouille,2023-10-17,3,33585.95,3,1
AZ-2024-001452,Betrug,2023-11-28,18:11,Nieder-Erlenbach,50.153704,8.601372,Meike-Bolander-Allee,Dringend,Ermittlung läuft,Opfer,,3,22434.74,3,8
AZ-2025-001453,Sachbeschädigung,2023-10-06,00:28,Westend-Nord,50.137975,8.519172,Haaseallee,Hoch,Abgeschlossen,Opfer,2024-04-23,4,34581.43,2,4
AZ-2024-001454,Unterschlagung,2024-03-22,16:27,Innenstadt,50.124329,8.605311,Ortwin-Mentzel-Gasse,Dringend,Abgeschlossen,Anonym,2024-11-27,2,0.0,5,10
AZ-2023-001455,Verkehrsdelikt,2025-01-28,07:16,Seckbach,50.156877,8.697436,Josefa-Seifert-Weg,Mittel,Ermittlung läuft,Anonym,,4,47849.65,2,14
AZ-2024-001456,Verkehrsdelikt,2025-05-28,08:49,Eschersheim,50.049533,8.687246,Hellwigstr.,Niedrig,Ermittlung läuft,Notruf,,4,16950.05,2,5
AZ-2023-001457,Computerbetrug,2025-06-12,02:37,Praunheim,50.058423,8.728252,Süßebierweg,Mittel,Abgeschlossen,Notruf,2025-07-03,2,37478.96,1,14
AZ-2023-001458,Urkundenfälschung,2024-02-27,05:03,Nordend-Ost,50.184865,8.52029,Susan-Kranz-Straße,Niedrig,Abgeschlossen,Notruf,2024-06-02,3,24504.79,4,3
AZ-2024-001459,Körperverletzung,2025-10-04,03:27,Kalbach-Riedberg,50.155299,8.523698,Zirmeweg,Hoch,Ermittlung läuft,Patrouille,,4,11634.45,2,5
AZ-2023-001460,Hausfriedensbruch,2023-08-01,13:37,Bockenheim,50.120213,8.736523,Rohledergasse,Mittel,Ermittlung läuft,Notruf,,1,0.0,2,5
AZ-2024-001461,Verkehrsdelikt,2025-03-25,08:31,Westend-Nord,50.091015,8.48029,Judith-Hermann-Platz,Niedrig,Eingestellt,Opfer,2025-05-02,1,9700.91,0,10
AZ-2024-001462,Hausfriedensbruch,2023-01-23,01:18,Bockenheim,50.048255,8.745923,Heckerweg,Hoch,Abgeschlossen,Notruf,2023-05-16,2,43151.27,3,5
AZ-2023-001463,Bedrohung,2024-07-24,14:27,Nieder-Eschbach,50.015959,8.544912,Wendestr.,Dringend,Gerichtlich,Patrouille,2025-05-11,3,0.0,2,10
AZ-2024-001464,Betrug,2023-08-11,22:38,Sachsenhausen-Süd,50.123848,8.513728,Leni-van der Dussen-Platz,Niedrig,Ermittlung läuft,Opfer,,1,11110.43,5,1
AZ-2024-001465,Beleidigung,2024-09-03,18:52,Zeilsheim,50.16448,8.707677,Meisterplatz,Hoch,Abgeschlossen,Opfer,2024-11-13,4,27648.24,2,11
AZ-2024-001466,Bedrohung,2024-02-25,18:31,Innenstadt,50.149805,8.664334,Hans-Günter-Gerlach-Allee,Niedrig,Ermittlung läuft,Anonym,,4,139.46,5,15
AZ-2025-001467,Computerbetrug,2025-01-14,13:54,Nordend-Ost,50.023027,8.475355,Pietro-Benthin-Straße,Mittel,Eingestellt,Anonym,2025-04-17,1,0.0,0,11
AZ-2025-001468,Sachbeschädigung,2024-09-04,07:39,Bahnhofsviertel,50.061629,8.659755,Röhrichtring,Mittel,Ermittlung läuft,Opfer,,3,12363.31,1,0
AZ-2024-001469,Computerbetrug,2023-12-10,07:22,Eckenheim,50.042714,8.594751,Gordon-Sauer-Ring,Niedrig,Ermittlung läuft,Zeuge,,2,14184.0,5,1
AZ-2025-001470,Sachbeschädigung,2024-04-07,12:37,Griesheim,50.160536,8.565427,Max-Mohaupt-Allee,Mittel,Abgeschlossen,Opfer,2025-01-22,2,0.0,1,12
AZ-2025-001471,Bedrohung,2023-12-01,18:27,Nieder-Eschbach,50.161132,8.480742,Arnulf-Fliegner-Ring,Mittel,Ermittlung läuft,Zeuge,,2,39433.01,2,2
AZ-2025-001472,Erpressung,2023-11-28,18:03,Riederwald,50.150244,8.600846,Laura-Schomber-Weg,Mittel,Abgeschlossen,Zeuge,2024-05-23,1,0.0,3,12
AZ-2024-001473,Betrug,2024-02-10,02:30,Altstadt,50.081905,8.524497,Noackallee,Hoch,Abgeschlossen,Zeuge,2024-12-14,2,17094.89,0,4
AZ-2025-001474,Drogendelikt,2024-01-06,12:28,Rödelheim,50.056234,8.629971,Briemerallee,Mittel,Ermittlung läuft,Notruf,,3,7557.24,4,12
AZ-2023-001475,Verkehrsdelikt,2024-05-30,12:06,Unterliederbach,50.14122,8.764037,Putzplatz,Mittel,Eingestellt,Zeuge,2024-08-17,1,7916.96,5,8
AZ-2025-001476,Sachbeschädigung,2024-10-07,04:17,Preungesheim,50.044919,8.506733,Anne-Kathrin-Börner-Weg,Hoch,Ermittlung läuft,Patrouille,,1,13545.29,5,4
AZ-2024-001477,Verkehrsdelikt,2023-07-25,18:40,Nieder-Erlenbach,50.057797,8.747952,Senol-Ring-Weg,Dringend,Ermittlung läuft,Opfer,,3,48691.24,2,8
AZ-2025-001478,Hausfriedensbruch,2023-09-26,04:05,Eschersheim,50.142475,8.555434,Davidsring,Niedrig,Abgeschlossen,Anonym,2024-01-31,2,48456.36,2,15
AZ-2023-001479,Urkundenfälschung,2025-10-05,01:27,Griesheim,50.164313,8.537034,Regina-Hamann-Allee,Mittel,Abgeschlossen,Anonym,2026-04-25,4,17898.42,4,1
AZ-2025-001480,Raub,2023-12-06,10:29,Westend-Süd,50.067171,8.614119,Kabusring,Hoch,Abgeschlossen,Anonym,2024-11-17,2,27074.29,2,13
AZ-2023-001481,Beleidigung,2025-09-05,04:25,Nied,50.148138,8.559289,Harloffallee,Mittel,Eingestellt,Patrouille,2025-09-21,3,43113.18,5,10
AZ-2023-001482,Urkundenfälschung,2025-02-03,02:50,Preungesheim,50.114981,8.528617,Rörrichtallee,Niedrig,Abgeschlossen,Anonym,2025-05-07,2,39790.72,5,12
AZ-2023-001483,Beleidigung,2023-12-11,09:28,Praunheim,50.089014,8.665186,Erdal-Staude-Ring,Niedrig,Ermittlung läuft,Zeuge,,2,12284.19,2,2
AZ-2024-001484,Betrug,2024-08-11,18:36,Höchst,50.01706,8.47641,Hendriksweg,Dringend,Ermittlung läuft,Zeuge,,2,12.34,2,1
AZ-2023-001485,Bedrohung,2025-01-09,13:12,Bahnhofsviertel,50.100899,8.565493,Veronica-Benthin-Allee,Mittel,Ermittlung läuft,Anonym,,1,0.0,0,7
AZ-2024-001486,Körperverletzung,2024-05-18,11:48,Dornbusch,50.126454,8.516106,Kranzallee,Niedrig,Ermittlung läuft,Anonym,,2,289.45,0,13
AZ-2023-001487,Hausfriedensbruch,2023-02-13,16:09,Fechenheim,50.021709,8.603192,Recep-Hertrampf-Weg,Dringend,Abgeschlossen,Zeuge,2024-01-23,4,43515.42,3,9
AZ-2024-001488,Betrug,2024-03-23,22:33,Rödelheim,50.016858,8.659761,Barthstr.,Mittel,Abgeschlossen,Patrouille,2024-09-27,4,0.0,3,4
AZ-2023-001489,Diebstahl,2024-04-01,21:07,Höchst,50.171122,8.537019,Pieperallee,Hoch,Ermittlung läuft,Patrouille,,1,14983.51,1,3
AZ-2023-001490,Verkehrsdelikt,2025-03-07,11:17,Sindlingen,50.035935,8.717628,Neuschäfergasse,Dringend,Eingestellt,Notruf,2025-08-08,3,21011.16,0,13
AZ-2024-001491,Urkundenfälschung,2024-03-02,08:38,Niederursel,50.127262,8.486761,Sieringplatz,Niedrig,Ermittlung läuft,Notruf,,3,5004.34,4,14
AZ-2025-001492,Betrug,2023-02-10,02:53,Dornbusch,50.125789,8.533922,Piepergasse,Niedrig,Eingestellt,Opfer,2023-12-31,3,22264.82,2,8
AZ-2025-001493,Computerbetrug,2023-06-09,15:10,Gallus,50.077163,8.728137,Gunar-Wirth-Weg,Dringend,Ermittlung läuft,Anonym,,3,38042.77,0,5
AZ-2025-001494,Erpressung,2025-01-05,09:49,Höchst,50.08313,8.721629,Erica-Bolzmann-Platz,Niedrig,Abgeschlossen,Patrouille,2025-05-07,4,0.0,4,13
AZ-2025-001495,Computerbetrug,2024-06-29,02:41,Rödelheim,50.18731,8.667363,Nora-Stolze-Straße,Hoch,Ermittlung läuft,Patrouille,,4,13395.84,0,12
AZ-2023-001496,Verkehrsdelikt,2024-07-24,07:20,Bergen-Enkheim,50.017881,8.733771,Harold-Renner-Allee,Niedrig,Eingestellt,Patrouille,2025-06-04,4,0.0,3,13
AZ-2024-001497,Bedrohung,2023-07-12,09:14,Westend-Süd,50.062146,8.541627,Seifertallee,Dringend,Abgeschlossen,Zeuge,2024-04-11,4,48150.94,2,13
AZ-2025-001498,Hausfriedensbruch,2024-06-09,13:54,Fechenheim,50.172831,8.719646,Justine-Striebitz-Platz,Niedrig,Abgeschlossen,Patrouille,2025-05-29,3,4356.4,2,1
AZ-2025-001499,Einbruchdiebstahl,2023-05-03,04:28,Altstadt,50.045049,8.748544,Valerij-Trupp-Ring,Hoch,Abgeschlossen,Zeuge,2024-04-30,4,41881.4,3,0
AZ-2025-001500,Sachbeschädigung,2024-08-17,07:23,Rödelheim,50.020988,8.767011,Diethard-Briemer-Gasse,Dringend,Abgeschlossen,Patrouille,2025-03-31,4,12282.36,0,12
AZ-2025-001501,Hausfriedensbruch,2025-09-16,20:28,Ostend,50.162136,8.626489,Lore-Hermann-Weg,Mittel,Abgeschlossen,Opfer,2025-10-04,2,44392.63,3,8
AZ-2023-001502,Unterschlagung,2023-06-16,19:01,Eckenheim,50.106455,8.638318,Christin-Heidrich-Ring,Hoch,Eingestellt,Anonym,2024-02-09,1,37571.49,4,13
AZ-2024-001503,Drogendelikt,2024-02-23,09:43,Sossenheim,50.107707,8.674677,Kraushaarstraße,Niedrig,Eingestellt,Patrouille,2025-02-20,3,42192.13,5,9
AZ-2024-001504,Urkundenfälschung,2023-10-10,04:53,Harheim,50.096974,8.558055,Löwerring,Niedrig,Ermittlung läuft,Anonym,,4,22139.1,3,12
AZ-2025-001505,Hausfriedensbruch,2024-02-26,05:53,Nieder-Eschbach,50.027551,8.722266,Reinhard-Steinberg-Gasse,Niedrig,Ermittlung läuft,Notruf,,2,29010.83,1,2
AZ-2023-001506,Verkehrsdelikt,2023-11-24,15:07,Griesheim,50.141437,8.788774,Florence-Tschentscher-Weg,Niedrig,Abgeschlossen,Notruf,2024-07-02,1,41117.93,2,8
AZ-2025-001507,Beleidigung,2023-12-18,12:37,Bergen-Enkheim,50.020437,8.707492,Kathleen-Weinhage-Weg,Mittel,Ermittlung läuft,Zeuge,,2,15124.34,5,0
AZ-2025-001508,Betrug,2023-08-20,09:22,Berkersheim,50.191111,8.619482,Hildegunde-Briemer-Ring,Niedrig,Eingestellt,Anonym,2024-07-04,3,21959.46,0,11
AZ-2025-001509,Urkundenfälschung,2024-06-13,19:33,Sossenheim,50.194881,8.548096,Klaus-Zimmer-Allee,Hoch,Ermittlung läuft,Opfer,,1,39140.5,5,2
AZ-2024-001510,Beleidigung,2025-08-12,23:34,Altstadt,50.099866,8.754091,auch Schlauchingasse,Dringend,Ermittlung läuft,Patrouille,,2,17186.99,5,1
AZ-2023-001511,Raub,2023-07-30,12:41,Sossenheim,50.180781,8.68788,Wielochstraße,Niedrig,Eingestellt,Opfer,2024-05-29,4,5721.88,0,4
AZ-2025-001512,Unterschlagung,2025-04-24,20:19,Sossenheim,50.17337,8.538777,Krokerallee,Niedrig,Ermittlung läuft,Anonym,,1,20105.56,4,5
AZ-2023-001513,Beleidigung,2025-04-29,17:11,Eschersheim,50.164926,8.748323,Willfried-Franke-Weg,Niedrig,Abgeschlossen,Notruf,2025-10-04,2,32988.55,2,5
AZ-2025-001514,Körperverletzung,2025-08-14,20:17,Bergen-Enkheim,50.090411,8.472716,Franz-Xaver-Weinhold-Straße,Dringend,Ermittlung läuft,Zeuge,,2,20307.23,1,0
AZ-2023-001515,Hausfriedensbruch,2023-03-09,16:08,Frankfurter Berg,50.127482,8.621663,Schulzplatz,Dringend,Eingestellt,Opfer,2023-07-16,3,0.0,1,10
AZ-2023-001516,Körperverletzung,2025-02-20,20:41,Schwanheim,50.060555,8.799449,Steyallee,Mittel,Ermittlung läuft,Zeuge,,3,46522.32,1,9
AZ-2023-001517,Sachbeschädigung,2023-11-29,21:56,Nordend-West,50.088408,8.47809,Atzlerstr.,Dringend,Ermittlung läuft,Patrouille,,2,0.0,4,8
AZ-2023-001518,Betrug,2025-07-13,12:52,Zeilsheim,50.059987,8.595565,Fabian-Berger-Gasse,Hoch,Eingestellt,Opfer,2025-08-19,4,42223.08,5,9
AZ-2025-001519,Unterschlagung,2023-03-28,11:22,Nordend-West,50.152538,8.555916,Rennerstr.,Dringend,Ermittlung läuft,Patrouille,,3,48544.86,3,8
AZ-2023-001520,Unterschlagung,2025-11-10,17:09,Schwanheim,50.17237,8.658945,Leo-Häring-Allee,Hoch,Ermittlung läuft,Patrouille,,4,49953.14,1,7
AZ-2024-001521,Einbruchdiebstahl,2025-05-26,01:24,Nieder-Erlenbach,50.123777,8.676977,Hahnstraße,Niedrig,Abgeschlossen,Opfer,2026-01-25,3,28347.38,3,5
AZ-2024-001522,Erpressung,2023-10-04,23:03,Sachsenhausen-Süd,50.12387,8.59892,Gordon-Gorlitz-Platz,Mittel,Gerichtlich,Zeuge,2024-01-14,4,3633.57,3,13
AZ-2025-001523,Computerbetrug,2023-12-29,06:57,Seckbach,50.124849,8.665523,Gudegasse,Mittel,Ermittlung läuft,Anonym,,2,0.0,4,15
AZ-2023-001524,Einbruchdiebstahl,2025-03-29,17:32,Unterliederbach,50.096169,8.533431,Gretl-Rosenow-Gasse,Niedrig,Abgeschlossen,Opfer,2025-12-14,3,2442.79,2,7
AZ-2023-001525,Drogendelikt,2023-07-15,10:12,Sachsenhausen-Nord,50.190689,8.668633,Seidelstr.,Niedrig,Abgeschlossen,Zeuge,2023-10-27,1,14479.64,0,14
AZ-2023-001526,Computerbetrug,2025-03-27,04:53,Rödelheim,50.187185,8.572027,Klaus Peter-Steckel-Gasse,Hoch,Abgeschlossen,Anonym,2025-05-07,1,0.0,0,0
AZ-2024-001527,Betrug,2024-02-23,16:51,Kalbach-Riedberg,50.042415,8.680466,Dippelplatz,Niedrig,Abgeschlossen,Anonym,2024-08-12,4,41641.16,3,9
AZ-2025-001528,Bedrohung,2023-11-24,23:50,Eckenheim,50.039378,8.770018,Kabusring,Mittel,Abgeschlossen,Zeuge,2024-11-22,2,0.0,1,0
AZ-2024-001529,Betrug,2025-09-19,13:27,Riederwald,50.127029,8.557614,Gretl-Sölzer-Platz,Niedrig,Abgeschlossen,Patrouille,2025-11-17,4,43967.34,0,15
AZ-2024-001530,Erpressung,2025-01-16,07:40,Nieder-Erlenbach,50.125824,8.606165,Kasimir-Scholl-Gasse,Hoch,Gerichtlich,Notruf,2025-09-09,2,32581.87,5,9
AZ-2024-001531,Sachbeschädigung,2023-01-14,09:15,Sachsenhausen-Süd,50.103335,8.511529,Manuel-Neureuther-Straße,Niedrig,Eingestellt,Opfer,2023-06-27,4,15787.43,3,3
AZ-2023-001532,Sachbeschädigung,2023-01-27,01:31,Preungesheim,50.130625,8.496034,Schmiedtweg,Dringend,Abgeschlossen,Zeuge,2023-05-14,2,7330.64,2,2
AZ-2024-001533,Computerbetrug,2024-02-11,16:30,Bockenheim,50.097732,8.53428,Täschestr.,Hoch,Ermittlung läuft,Patrouille,,4,0.0,4,0
AZ-2023-001534,Raub,2024-07-08,15:27,Bornheim,50.149963,8.647331,Carola-Rosenow-Ring,Niedrig,Ermittlung läuft,Zeuge,,4,3810.82,4,2
AZ-2023-001535,Verkehrsdelikt,2025-08-23,20:02,Preungesheim,50.115325,8.72825,Lorchplatz,Mittel,Gerichtlich,Opfer,2026-08-17,3,0.0,2,12
AZ-2024-001536,Raub,2024-01-30,08:02,Altstadt,50.115502,8.588118,Luis-Hentschel-Platz,Niedrig,Abgeschlossen,Zeuge,2024-03-14,3,22594.59,2,12
AZ-2023-001537,Diebstahl,2025-01-19,07:38,Nied,50.02344,8.633342,Hofmannallee,Hoch,Abgeschlossen,Zeuge,2025-08-17,2,40057.97,5,9
AZ-2023-001538,Betrug,2024-10-15,09:07,Kalbach-Riedberg,50.194003,8.553555,Eimerweg,Niedrig,Abgeschlossen,Anonym,2024-10-31,1,29428.32,3,5
AZ-2025-001539,Bedrohung,2023-03-23,07:32,Niederursel,50.162738,8.653936,Naserstraße,Niedrig,Ermittlung läuft,Notruf,,1,0.0,2,5
AZ-2023-001540,Bedrohung,2024-11-23,02:57,Griesheim,50.139569,8.704648,Klemtallee,Mittel,Ermittlung läuft,Patrouille,,4,0.0,0,6
AZ-2024-001541,Diebstahl,2025-08-17,09:16,Unterliederbach,50.178419,8.767201,Neuschäferstr.,Dringend,Eingestellt,Zeuge,2026-05-08,2,0.0,5,3
AZ-2023-001542,Körperverletzung,2023-07-09,17:53,Rödelheim,50.128256,8.793139,Hanno-Seidel-Weg,Mittel,Abgeschlossen,Opfer,2024-07-04,4,4812.43,4,8
AZ-2023-001543,Erpressung,2024-11-24,17:03,Ostend,50.159062,8.551038,Melitta-Holt-Platz,Dringend,Ermittlung läuft,Zeuge,,3,39936.02,5,5
AZ-2024-001544,Einbruchdiebstahl,2023-10-28,00:20,Nied,50.177897,8.694424,Jorge-Wagner-Allee,Hoch,Ermittlung läuft,Patrouille,,3,34911.2,0,4
AZ-2025-001545,Raub,2024-02-07,02:28,Riederwald,50.085272,8.496085,Iwona-Bruder-Gasse,Mittel,Eingestellt,Anonym,2024-07-11,3,39633.61,3,13
AZ-2024-001546,Sachbeschädigung,2023-09-28,13:11,Altstadt,50.141562,8.661,Margaret-Salz-Weg,Niedrig,Ermittlung läuft,Opfer,,4,0.0,4,9
AZ-2025-001547,Drogendelikt,2023-02-03,04:23,Berkersheim,50.178299,8.473948,Wilmsenstr.,Niedrig,Abgeschlossen,Patrouille,2023-11-21,1,2076.5,3,7
AZ-2025-001548,Beleidigung,2025-06-07,00:23,Nordend-West,50.146568,8.762969,Semra-Beier-Weg,Dringend,Ermittlung läuft,Patrouille,,1,29388.42,0,6
AZ-2023-001549,Raub,2023-03-31,18:07,Innenstadt,50.159989,8.54982,Ringstr.,Mittel,Gerichtlich,Zeuge,2023-05-07,3,34427.98,3,11
AZ-2024-001550,Diebstahl,2025-08-15,22:38,Bockenheim,50.169344,8.660429,Södingallee,Niedrig,Ermittlung läuft,Anonym,,4,0.0,3,11
AZ-2023-001551,Diebstahl,2025-10-06,09:42,Bergen-Enkheim,50.161038,8.793926,Pascal-Krein-Platz,Hoch,Ermittlung läuft,Patrouille,,3,46286.44,1,2
AZ-2025-001552,Raub,2023-09-12,17:01,Preungesheim,50.144306,8.66724,Eimerstraße,Mittel,Abgeschlossen,Patrouille,2023-11-19,3,19906.85,3,5
AZ-2024-001553,Bedrohung,2023-12-10,19:50,Westend-Süd,50.037203,8.674222,Robert-Knappe-Weg,Dringend,Abgeschlossen,Notruf,2024-03-02,1,0.0,3,3
AZ-2023-001554,Urkundenfälschung,2025-05-10,04:19,Frankfurter Berg,50.095576,8.569197,Giesela-Henck-Weg,Dringend,Abgeschlossen,Notruf,2025-06-01,1,0.0,2,2
AZ-2023-001555,Verkehrsdelikt,2025-01-19,16:23,Altstadt,50.082403,8.537288,Kathy-Pieper-Platz,Mittel,Ermittlung läuft,Zeuge,,4,4694.47,3,1
AZ-2023-001556,Sachbeschädigung,2024-12-11,16:28,Westend-Nord,50.038211,8.555856,Freudenbergerplatz,Hoch,Abgeschlossen,Patrouille,2025-06-27,4,2830.72,3,8
AZ-2025-001557,Diebstahl,2025-01-18,06:06,Sindlingen,50.139991,8.795905,Jelena-Wagenknecht-Straße,Hoch,Abgeschlossen,Notruf,2025-07-07,1,36766.99,5,12
AZ-2024-001558,Drogendelikt,2025-06-09,23:59,Unterliederbach,50.144331,8.662482,Benthinplatz,Niedrig,Ermittlung läuft,Anonym,,2,0.0,2,15
AZ-2023-001559,Urkundenfälschung,2024-06-24,20:42,Sindlingen,50.113449,8.474268,Heinrichgasse,Mittel,Abgeschlossen,Opfer,2025-01-19,4,40064.44,0,8
AZ-2024-001560,Verkehrsdelikt,2024-05-15,00:51,Bonames,50.04841,8.480375,Koch IIplatz,Mittel,Abgeschlossen,Opfer,2025-03-06,2,7182.82,5,15
AZ-2023-001561,Betrug,2024-03-11,21:08,Praunheim,50.194692,8.604798,Grazyna-Haering-Weg,Mittel,Ermittlung läuft,Patrouille,,2,40773.86,3,12
AZ-2025-001562,Unterschlagung,2024-01-18,08:10,Rödelheim,50.126951,8.704588,Kraushaarstraße,Hoch,Abgeschlossen,Opfer,2024-05-25,1,0.0,5,5
AZ-2023-001563,Sachbeschädigung,2023-02-14,18:06,Riederwald,50.193484,8.493405,Biengasse,Mittel,Ermittlung läuft,Anonym,,3,0.0,1,9
AZ-2024-001564,Computerbetrug,2025-10-10,21:04,Nied,50.041883,8.671459,Dobesweg,Hoch,Abgeschlossen,Zeuge,2026-07-12,3,34502.18,1,12
AZ-2023-001565,Körperverletzung,2023-04-28,14:20,Harheim,50.124683,8.494776,Weihmannring,Niedrig,Abgeschlossen,Zeuge,2024-04-22,4,49234.07,1,4
AZ-2024-001566,Sachbeschädigung,2024-01-13,13:40,Sindlingen,50.17945,8.633626,Pierre-Söding-Straße,Mittel,Abgeschlossen,Zeuge,2024-04-06,4,25311.6,0,12
AZ-2023-001567,Drogendelikt,2025-04-02,09:46,Westend-Süd,50.015621,8.655192,Schaafweg,Niedrig,Abgeschlossen,Patrouille,2025-11-21,3,0.0,4,9
AZ-2025-001568,Diebstahl,2023-10-05,20:18,Dornbusch,50.163336,8.682023,Anna-Hermann-Straße,Mittel,Ermittlung läuft,Notruf,,3,0.0,5,13
AZ-2023-001569,Computerbetrug,2025-08-27,11:32,Nieder-Eschbach,50.09662,8.517172,Ann-Kathrin-Lachmann-Ring,Dringend,Ermittlung läuft,Opfer,,1,12255.51,3,6
AZ-2025-001570,Körperverletzung,2025-11-07,21:22,Höchst,50.173947,8.732912,Neuschäferallee,Hoch,Abgeschlossen,Anonym,2026-06-08,4,0.0,4,15
AZ-2025-001571,Erpressung,2024-03-03,03:33,Schwanheim,50.140817,8.6592,Schleichgasse,Hoch,Gerichtlich,Anonym,2025-01-04,1,0.0,5,13
AZ-2025-001572,Bedrohung,2023-03-12,18:47,Ginnheim,50.161496,8.47666,Theodor-Gehringer-Platz,Mittel,Abgeschlossen,Opfer,2023-08-27,4,21825.93,1,4
AZ-2023-001573,Bedrohung,2023-09-27,23:14,Nordend-Ost,50.175774,8.505269,Anja-Seifert-Ring,Niedrig,Gerichtlich,Zeuge,2024-02-12,3,28119.24,2,7
AZ-2023-001574,Hausfriedensbruch,2024-05-30,00:00,Sachsenhausen-Süd,50.13831,8.615315,Gerald-Gotthard-Platz,Mittel,Abgeschlossen,Anonym,2024-09-07,3,15008.56,5,5
AZ-2025-001575,Unterschlagung,2024-11-29,12:45,Sossenheim,50.140295,8.493062,Schleichweg,Mittel,Abgeschlossen,Opfer,2025-08-21,2,32148.0,5,15
AZ-2025-001576,Körperverletzung,2023-04-29,10:42,Berkersheim,50.027131,8.643267,Gesa-Hein-Straße,Mittel,Abgeschlossen,Patrouille,2023-10-01,3,23376.93,4,8
AZ-2025-001577,Urkundenfälschung,2025-03-12,00:48,Niederursel,50.092109,8.617574,Tschentschergasse,Dringend,Abgeschlossen,Opfer,2025-12-07,2,42815.8,3,4
AZ-2024-001578,Körperverletzung,2024-02-17,12:51,Sachsenhausen-Nord,50.166094,8.491468,Steuerstraße,Dringend,Ermittlung läuft,Notruf,,2,0.0,3,10
AZ-2025-001579,Hausfriedensbruch,2024-12-30,10:46,Schwanheim,50.088143,8.563113,Häringstr.,Dringend,Abgeschlossen,Patrouille,2025-09-22,3,17923.7,3,11
AZ-2024-001580,Raub,2023-07-24,05:16,Nieder-Erlenbach,50.01603,8.489155,Frieda-Langern-Gasse,Dringend,Abgeschlossen,Anonym,2023-12-18,2,0.0,0,11
AZ-2024-001581,Einbruchdiebstahl,2023-05-27,13:24,Praunheim,50.073517,8.522481,Axel-Eckbauer-Weg,Niedrig,Ermittlung läuft,Anonym,,4,246.91,1,6
AZ-2023-001582,Bedrohung,2025-04-12,17:27,Nied,50.154596,8.746371,Franz-Schuchhardt-Weg,Niedrig,Ermittlung läuft,Notruf,,1,20410.46,0,9
AZ-2025-001583,Raub,2024-07-02,04:58,Bahnhofsviertel,50.130738,8.49193,Rosa-Ruppersberger-Platz,Niedrig,Ermittlung läuft,Anonym,,2,0.0,4,8
AZ-2025-001584,Verkehrsdelikt,2023-05-22,06:17,Westend-Nord,50.120099,8.614109,Guido-Heser-Platz,Dringend,Abgeschlossen,Anonym,2023-06-04,4,0.0,2,10
AZ-2023-001585,Einbruchdiebstahl,2023-11-10,17:17,Nieder-Erlenbach,50.080264,8.671881,Scheuermannstr.,Hoch,Ermittlung läuft,Zeuge,,4,0.0,3,15
AZ-2024-001586,Beleidigung,2024-09-04,16:00,Nieder-Eschbach,50.13024,8.784696,Priska-Tschentscher-Allee,Niedrig,Abgeschlossen,Patrouille,2025-05-24,1,0.0,3,0
AZ-2023-001587,Körperverletzung,2023-12-12,22:39,Bahnhofsviertel,50.041485,8.757987,Casparplatz,Hoch,Ermittlung läuft,Anonym,,2,14018.33,0,14
AZ-2024-001588,Einbruchdiebstahl,2024-01-27,09:09,Sindlingen,50.032346,8.716065,auch Schlauchinstraße,Dringend,Ermittlung läuft,Notruf,,3,47783.38,0,9
AZ-2023-001589,Diebstahl,2023-05-17,16:57,Sachsenhausen-Süd,50.193817,8.697249,Geißlerplatz,Mittel,Abgeschlossen,Anonym,2023-10-07,3,25999.99,3,8
AZ-2023-001590,Bedrohung,2023-08-06,18:26,Unterliederbach,50.131407,8.544089,Schinkeplatz,Hoch,Ermittlung läuft,Anonym,,4,37837.2,1,14
AZ-2025-001591,Diebstahl,2025-05-10,15:18,Gallus,50.032758,8.794158,Emilia-Sorgatz-Weg,Dringend,Gerichtlich,Notruf,2025-09-01,2,10681.82,5,2
AZ-2023-001592,Hausfriedensbruch,2025-01-30,02:51,Ginnheim,50.099373,8.636214,Geiselweg,Dringend,Abgeschlossen,Patrouille,2025-03-24,3,20715.97,4,0
AZ-2023-001593,Verkehrsdelikt,2025-05-10,04:15,Nied,50.145488,8.544181,Metzstr.,Niedrig,Ermittlung läuft,Opfer,,2,0.0,5,1
AZ-2025-001594,Beleidigung,2023-03-15,22:52,Kalbach-Riedberg,50.071945,8.561456,Hermann Josef-Kostolzin-Straße,Dringend,Eingestellt,Zeuge,2023-10-27,3,49221.54,4,10
AZ-2025-001595,Körperverletzung,2024-06-15,02:40,Bergen-Enkheim,50.104352,8.574951,Elias-Bachmann-Platz,Niedrig,Eingestellt,Notruf,2025-01-23,2,3315.45,4,2
AZ-2025-001596,Beleidigung,2024-10-18,15:38,Seckbach,50.119586,8.593227,Fischerstr.,Dringend,Ermittlung läuft,Opfer,,4,10504.89,2,14
AZ-2024-001597,Körperverletzung,2025-04-21,06:33,Nied,50.043,8.477541,Hans Dieter-Mülichen-Weg,Mittel,Ermittlung läuft,Opfer,,4,9020.34,5,0
AZ-2025-001598,Beleidigung,2024-11-14,23:05,Kalbach-Riedberg,50.032958,8.776515,Pia-Ziegert-Weg,Dringend,Abgeschlossen,Zeuge,2025-08-27,2,1327.64,3,0
AZ-2025-001599,Betrug,2025-04-02,12:45,Sindlingen,50.021597,8.510842,Dogan-Nerger-Allee,Mittel,Eingestellt,Notruf,2026-02-08,2,7198.93,4,7
AZ-2025-001600,Hausfriedensbruch,2024-04-03,08:57,Dornbusch,50.182345,8.615224,Sabrina-Schleich-Weg,Dringend,Abgeschlossen,Zeuge,2025-03-15,2,2211.94,3,10
AZ-2024-001601,Raub,2025-07-31,16:39,Gallus,50.155929,8.75573,Rosita-Wohlgemut-Allee,Dringend,Abgeschlossen,Zeuge,2026-04-29,4,36986.75,1,6
AZ-2024-001602,Beleidigung,2023-07-25,10:21,Eschersheim,50.022687,8.748884,Preißstraße,Niedrig,Ermittlung läuft,Patrouille,,2,26239.88,4,7
AZ-2025-001603,Sachbeschädigung,2024-07-14,22:52,Sossenheim,50.023048,8.592587,Beyerweg,Niedrig,Ermittlung läuft,Zeuge,,3,0.0,3,1
AZ-2023-001604,Drogendelikt,2023-07-29,04:59,Westend-Süd,50.131672,8.577847,Heinallee,Dringend,Ermittlung läuft,Zeuge,,3,19677.2,4,2
AZ-2023-001605,Beleidigung,2023-03-18,18:40,Sachsenhausen-Nord,50.126224,8.648374,Zobelallee,Hoch,Abgeschlossen,Patrouille,2023-11-10,3,14596.13,3,15
AZ-2024-001606,Computerbetrug,2024-08-23,00:58,Unterliederbach,50.162492,8.610829,Killerstr.,Niedrig,Eingestellt,Zeuge,2024-12-26,4,0.0,1,10
AZ-2024-001607,Raub,2025-09-09,06:48,Bergen-Enkheim,50.052496,8.51104,Simon-Eimer-Ring,Dringend,Abgeschlossen,Opfer,2026-08-20,2,11676.07,4,12
AZ-2025-001608,Beleidigung,2024-03-02,22:02,Bonames,50.164376,8.580708,Wilmsplatz,Hoch,Ermittlung läuft,Opfer,,2,0.0,2,2
AZ-2023-001609,Erpressung,2025-02-08,23:23,Kalbach-Riedberg,50.077453,8.714348,Karlfried-Scheuermann-Weg,Dringend,Ermittlung läuft,Notruf,,1,45519.1,2,9
AZ-2025-001610,Raub,2025-02-26,15:45,Frankfurter Berg,50.046803,8.512125,Hertrampfplatz,Hoch,Ermittlung läuft,Zeuge,,4,0.0,4,3
AZ-2023-001611,Unterschlagung,2025-05-19,02:28,Sachsenhausen-Süd,50.017363,8.524992,Inga-Weimer-Gasse,Niedrig,Ermittlung läuft,Notruf,,1,47139.6,0,7
AZ-2025-001612,Sachbeschädigung,2024-09-06,08:42,Praunheim,50.175085,8.703317,Annamaria-Albers-Straße,Dringend,Abgeschlossen,Notruf,2025-09-05,3,0.0,1,4
AZ-2023-001613,Drogendelikt,2025-04-09,09:42,Innenstadt,50.189797,8.724773,Heiderose-Jopich-Straße,Hoch,Abgeschlossen,Zeuge,2025-08-17,4,9358.23,4,6
AZ-2024-001614,Körperverletzung,2025-05-01,12:28,Höchst,50.149326,8.796703,Döringplatz,Niedrig,Abgeschlossen,Opfer,2026-03-11,3,45763.53,2,5
AZ-2024-001615,Erpressung,2023-03-07,04:50,Rödelheim,50.039055,8.701255,Sieringstr.,Niedrig,Eingestellt,Zeuge,2023-05-18,2,48597.46,4,7
AZ-2023-001616,Raub,2025-05-12,15:22,Riederwald,50.031882,8.755472,Heßallee,Mittel,Abgeschlossen,Patrouille,2025-05-27,3,6014.88,2,0
AZ-2024-001617,Drogendelikt,2023-12-03,06:15,Fechenheim,50.02628,8.571727,Rosemannring,Hoch,Eingestellt,Opfer,2024-06-06,4,5502.18,3,7
AZ-2025-001618,Hausfriedensbruch,2025-09-29,04:24,Preungesheim,50.11717,8.728593,Stiffelstraße,Dringend,Ermittlung läuft,Anonym,,3,37896.68,5,5
AZ-2025-001619,Diebstahl,2025-09-22,21:28,Dornbusch,50.173544,8.738301,Sandro-Rohleder-Weg,Niedrig,Ermittlung läuft,Opfer,,3,0.0,1,10
AZ-2024-001620,Hausfriedensbruch,2024-12-04,02:46,Niederursel,50.164714,8.728429,Gießring,Hoch,Abgeschlossen,Anonym,2025-03-27,4,9028.4,4,7
AZ-2024-001621,Bedrohung,2023-01-02,09:30,Niederursel,50.026899,8.77545,Herrmannring,Niedrig,Eingestellt,Patrouille,2023-05-08,4,0.0,1,4
AZ-2024-001622,Erpressung,2025-01-02,02:07,Nieder-Erlenbach,50.1557,8.62222,Wohlgemutweg,Hoch,Ermittlung läuft,Opfer,,1,0.0,5,0
AZ-2024-001623,Körperverletzung,2024-08-15,00:37,Unterliederbach,50.058895,8.634539,Wähnerplatz,Mittel,Ermittlung läuft,Zeuge,,3,2988.73,5,15
AZ-2024-001624,Sachbeschädigung,2024-05-13,02:19,Westend-Nord,50.030175,8.502209,Karen-Hein-Straße,Dringend,Ermittlung läuft,Notruf,,4,0.0,0,0
AZ-2025-001625,Raub,2025-09-22,17:04,Frankfurter Berg,50.023161,8.692215,Eckhardt-Hamann-Weg,Dringend,Abgeschlossen,Patrouille,2025-11-17,2,22707.08,0,13
AZ-2024-001626,Einbruchdiebstahl,2023-01-05,04:55,Westend-Nord,50.133178,8.55216,Zimmerring,Mittel,Abgeschlossen,Opfer,2023-11-04,1,2639.69,1,1
AZ-2025-001627,Raub,2024-01-14,16:27,Innenstadt,50.139449,8.581925,Gordon-Krebs-Allee,Mittel,Eingestellt,Opfer,2024-12-17,3,4791.88,1,0
AZ-2025-001628,Betrug,2025-04-06,13:30,Bergen-Enkheim,50.071707,8.555999,Magdalena-Conradi-Platz,Niedrig,Ermittlung läuft,Zeuge,,4,12492.44,5,4
AZ-2025-001629,Betrug,2023-09-21,04:54,Rödelheim,50.021724,8.797118,Schinkestraße,Mittel,Ermittlung läuft,Opfer,,1,6991.91,0,3
AZ-2023-001630,Sachbeschädigung,2023-04-05,02:07,Nieder-Eschbach,50.111153,8.540577,Carlo-Hesse-Platz,Mittel,Eingestellt,Opfer,2023-08-21,3,0.0,3,3
AZ-2024-001631,Betrug,2024-03-15,05:15,Ginnheim,50.075396,8.754053,Budigstr.,Mittel,Abgeschlossen,Patrouille,2024-07-30,2,14920.05,2,14
AZ-2023-001632,Bedrohung,2025-05-26,00:11,Niederursel,50.10716,8.612843,Isabella-Kraus-Straße,Niedrig,Ermittlung läuft,Anonym,,3,0.0,3,15
AZ-2023-001633,Raub,2024-05-11,08:42,Nied,50.127516,8.53017,Trubstr.,Dringend,Abgeschlossen,Zeuge,2025-04-09,3,49863.94,3,11
AZ-2024-001634,Urkundenfälschung,2024-11-11,18:54,Sachsenhausen-Süd,50.102827,8.76629,Traudel-Wohlgemut-Platz,Mittel,Ermittlung läuft,Anonym,,1,20827.78,2,3
AZ-2023-001635,Einbruchdiebstahl,2024-06-29,15:50,Bonames,50.059858,8.750471,Mangoldgasse,Dringend,Gerichtlich,Patrouille,2024-10-26,4,15889.04,1,10
AZ-2025-001636,Unterschlagung,2024-03-02,17:37,Frankfurter Berg,50.181668,8.513748,Mirjam-Sontag-Weg,Hoch,Abgeschlossen,Opfer,2025-03-02,2,0.0,5,12
AZ-2025-001637,Bedrohung,2025-10-08,18:09,Sindlingen,50.075976,8.498829,Gudegasse,Dringend,Ermittlung läuft,Opfer,,2,10625.12,5,9
AZ-2023-001638,Drogendelikt,2025-04-21,17:21,Höchst,50.059343,8.661502,Elisabet-Geisler-Allee,Mittel,Abgeschlossen,Patrouille,2025-12-03,4,11818.21,4,2
AZ-2025-001639,Beleidigung,2025-04-30,03:22,Fechenheim,50.185341,8.499323,Oskar-Henck-Allee,Mittel,Eingestellt,Notruf,2026-04-16,1,0.0,0,15
AZ-2023-001640,Einbruchdiebstahl,2024-03-02,15:08,Altstadt,50.099875,8.526463,Zehra-Franke-Gasse,Dringend,Ermittlung läuft,Notruf,,1,6996.9,5,8
AZ-2024-001641,Drogendelikt,2024-03-01,03:08,Dornbusch,50.086682,8.536439,Zahnstraße,Mittel,Gerichtlich,Patrouille,2024-08-01,3,37433.26,5,5
AZ-2025-001642,Körperverletzung,2025-03-06,22:18,Gallus,50.087983,8.772829,Staudestraße,Dringend,Ermittlung läuft,Opfer,,3,0.0,3,8
AZ-2025-001643,Einbruchdiebstahl,2025-11-01,21:05,Berkersheim,50.047674,8.607665,Schaafplatz,Dringend,Gerichtlich,Zeuge,2026-01-03,4,33611.75,3,7
AZ-2024-001644,Urkundenfälschung,2024-03-23,10:14,Sachsenhausen-Süd,50.033878,8.599798,Jenny-Tlustek-Gasse,Niedrig,Abgeschlossen,Zeuge,2024-04-15,4,12344.93,4,8
AZ-2025-001645,Drogendelikt,2023-03-11,02:12,Nied,50.063992,8.561182,Betti-Hölzenbecher-Allee,Dringend,Ermittlung läuft,Opfer,,3,5019.54,0,8
AZ-2024-001646,Hausfriedensbruch,2023-07-01,23:03,Westend-Nord,50.103852,8.543015,Kensyallee,Niedrig,Gerichtlich,Zeuge,2024-02-15,4,0.0,2,2
AZ-2023-001647,Unterschlagung,2023-02-21,01:54,Bahnhofsviertel,50.176813,8.524988,Heckerstr.,Dringend,Ermittlung läuft,Notruf,,1,27214.56,0,2
AZ-2025-001648,Hausfriedensbruch,2023-03-23,07:18,Praunheim,50.186859,8.724464,Uli-Kusch-Weg,Hoch,Ermittlung läuft,Patrouille,,3,49820.66,1,10
AZ-2024-001649,Computerbetrug,2024-02-09,02:27,Nordend-Ost,50.10105,8.794873,Johannes-Gertz-Straße,Niedrig,Ermittlung läuft,Opfer,,4,0.0,2,15
AZ-2025-001650,Körperverletzung,2023-07-22,22:56,Bornheim,50.104192,8.538675,Britta-Briemer-Weg,Hoch,Ermittlung läuft,Zeuge,,2,23196.52,0,5
AZ-2024-001651,Raub,2023-06-30,09:05,Frankfurter Berg,50.166269,8.622676,Kargegasse,Mittel,Ermittlung läuft,Notruf,,1,30378.6,3,15
AZ-2023-001652,Unterschlagung,2025-11-10,11:31,Westend-Nord,50.169834,8.533507,Rennerallee,Niedrig,Ermittlung läuft,Zeuge,,4,48531.29,5,12
AZ-2023-001653,Körperverletzung,2023-09-08,18:18,Ginnheim,50.130455,8.511022,Täschestraße,Mittel,Ermittlung läuft,Zeuge,,3,0.0,0,13
AZ-2024-001654,Betrug,2025-06-06,21:11,Preungesheim,50.088174,8.555073,Rosestraße,Hoch,Ermittlung läuft,Opfer,,4,44671.06,0,4
AZ-2025-001655,Bedrohung,2025-01-14,09:31,Kalbach-Riedberg,50.183163,8.625027,Kati-Kambs-Straße,Hoch,Abgeschlossen,Anonym,2025-02-23,3,30225.45,4,7
AZ-2024-001656,Verkehrsdelikt,2023-04-30,00:23,Eckenheim,50.193274,8.701848,Schaafallee,Hoch,Ermittlung läuft,Notruf,,2,38914.85,2,4
AZ-2024-001657,Raub,2024-01-13,14:40,Bonames,50.043091,8.60458,Wolfram-Drub-Ring,Niedrig,Abgeschlossen,Patrouille,2024-09-09,4,23820.55,5,1
AZ-2025-001658,Beleidigung,2023-06-19,09:54,Berkersheim,50.035022,8.544974,Ralph-Schulz-Platz,Dringend,Gerichtlich,Opfer,2023-11-13,3,0.0,5,14
AZ-2023-001659,Verkehrsdelikt,2023-07-30,00:00,Niederursel,50.088652,8.668638,Luitgard-Jopich-Straße,Mittel,Gerichtlich,Anonym,2024-03-03,2,0.0,3,5
AZ-2023-001660,Sachbeschädigung,2024-01-29,16:46,Sachsenhausen-Süd,50.078211,8.73202,Plathstr.,Mittel,Ermittlung läuft,Anonym,,2,0.0,4,4
AZ-2024-001661,Erpressung,2024-08-04,00:34,Gallus,50.073814,8.523019,Hildegunde-Hesse-Platz,Hoch,Ermittlung läuft,Zeuge,,1,0.0,0,8
AZ-2023-001662,Raub,2025-07-15,19:51,Ostend,50.082145,8.728416,Davidsstraße,Niedrig,Ermittlung läuft,Patrouille,,2,38988.43,3,4
AZ-2025-001663,Bedrohung,2023-12-04,20:33,Ostend,50.157478,8.615231,Bruderstr.,Hoch,Abgeschlossen,Notruf,2023-12-14,1,23218.06,1,0
AZ-2025-001664,Raub,2023-09-19,17:01,Ginnheim,50.176092,8.505563,Willy-Johann-Ring,Mittel,Eingestellt,Patrouille,2023-10-08,1,43579.35,1,3
AZ-2025-001665,Diebstahl,2024-06-21,09:30,Bornheim,50.066811,8.761882,Rosel-Ruppersberger-Ring,Mittel,Abgeschlossen,Zeuge,2025-02-15,2,0.0,1,11
AZ-2025-001666,Urkundenfälschung,2025-10-16,17:41,Harheim,50.136264,8.546569,Trude-Weinhold-Allee,Niedrig,Abgeschlossen,Opfer,2025-11-04,1,0.0,5,14
AZ-2025-001667,Raub,2024-05-28,07:52,Eckenheim,50.118628,8.576611,Alexandra-Walter-Platz,Hoch,Abgeschlossen,Notruf,2025-04-05,3,15303.05,0,8
AZ-2023-001668,Bedrohung,2024-01-18,18:57,Frankfurter Berg,50.123494,8.613016,Jeannine-Hendriks-Ring,Hoch,Abgeschlossen,Patrouille,2024-08-26,2,40050.13,3,0
AZ-2024-001669,Urkundenfälschung,2025-02-11,02:46,Rödelheim,50.074681,8.622781,Hermann-Gutknecht-Platz,Hoch,Ermittlung läuft,Patrouille,,4,4149.72,2,4
AZ-2025-001670,Diebstahl,2025-06-28,13:05,Bergen-Enkheim,50.134499,8.494669,Försterallee,Mittel,Gerichtlich,Patrouille,2026-02-04,2,25601.41,1,15
AZ-2024-001671,Verkehrsdelikt,2025-03-27,19:39,Niederursel,50.125317,8.602468,Ernst-Dieter-Budig-Allee,Dringend,Ermittlung läuft,Opfer,,3,40579.6,4,9
AZ-2023-001672,Urkundenfälschung,2024-01-13,07:47,Sossenheim,50.060096,8.54173,Schmiedeckegasse,Niedrig,Ermittlung läuft,Patrouille,,1,6300.95,0,10
AZ-2024-001673,Einbruchdiebstahl,2024-12-01,07:55,Eschersheim,50.034442,8.647341,Minna-Nerger-Ring,Niedrig,Ermittlung läuft,Notruf,,2,28154.98,3,0
AZ-2023-001674,Beleidigung,2023-11-29,08:10,Griesheim,50.026058,8.798934,Nohlmansstr.,Mittel,Ermittlung läuft,Anonym,,3,14555.83,1,7
AZ-2023-001675,Hausfriedensbruch,2023-06-19,10:40,Niederursel,50.109565,8.546246,Noackplatz,Mittel,Abgeschlossen,Anonym,2023-09-05,4,45241.05,5,2
AZ-2024-001676,Körperverletzung,2025-06-25,05:06,Innenstadt,50.123043,8.743984,Kruschwitzplatz,Dringend,Abgeschlossen,Notruf,2025-09-20,2,17959.13,1,5
AZ-2023-001677,Betrug,2025-04-11,12:38,Fechenheim,50.169519,8.745622,Bernward-Putz-Straße,Hoch,Ermittlung läuft,Zeuge,,2,0.0,1,5
AZ-2023-001678,Beleidigung,2025-10-21,01:19,Höchst,50.016366,8.521601,Reutergasse,Niedrig,Abgeschlossen,Zeuge,2026-04-29,2,10582.32,4,7
AZ-2023-001679,Bedrohung,2025-09-29,19:31,Innenstadt,50.026123,8.491068,Kreuselallee,Hoch,Ermittlung läuft,Notruf,,1,9210.29,2,12
AZ-2024-001680,Diebstahl,2024-07-29,22:31,Seckbach,50.148193,8.588078,Utz-Dussen van-Allee,Dringend,Ermittlung läuft,Anonym,,2,0.0,2,11
AZ-2024-001681,Hausfriedensbruch,2024-03-20,04:47,Sindlingen,50.188227,8.685492,Jopichweg,Niedrig,Ermittlung läuft,Patrouille,,3,22054.61,2,7
AZ-2025-001682,Erpressung,2025-06-28,00:50,Gallus,50.068228,8.720275,Aleksander-Steuer-Platz,Niedrig,Abgeschlossen,Zeuge,2026-05-15,4,21395.41,3,13
AZ-2023-001683,Betrug,2024-11-27,01:22,Höchst,50.099768,8.765996,Salzgasse,Niedrig,Ermittlung läuft,Anonym,,2,41068.34,5,10
AZ-2023-001684,Sachbeschädigung,2025-09-03,17:03,Sachsenhausen-Nord,50.158488,8.676983,Klotzstr.,Niedrig,Abgeschlossen,Zeuge,2025-10-17,4,27354.72,3,0
AZ-2023-001685,Beleidigung,2025-03-02,20:52,Sachsenhausen-Nord,50.05181,8.552712,Gotthardstr.,Dringend,Abgeschlossen,Zeuge,2025-10-13,3,3580.62,1,12
AZ-2024-001686,Computerbetrug,2024-08-05,20:32,Nordend-West,50.054721,8.635338,Hellwigring,Mittel,Ermittlung läuft,Anonym,,3,0.0,0,0
AZ-2025-001687,Hausfriedensbruch,2024-05-16,14:53,Kalbach-Riedberg,50.178499,8.658894,Schmidtkering,Mittel,Ermittlung läuft,Opfer,,1,0.0,2,13
AZ-2025-001688,Bedrohung,2024-12-06,19:42,Nied,50.083398,8.540451,Gorlitzstraße,Hoch,Abgeschlossen,Zeuge,2025-06-25,4,10085.27,5,15
AZ-2023-001689,Diebstahl,2025-04-25,10:36,Nieder-Erlenbach,50.192378,8.76573,Häringstraße,Niedrig,Ermittlung läuft,Zeuge,,3,1516.69,3,11
AZ-2024-001690,Körperverletzung,2023-12-02,22:27,Rödelheim,50.048118,8.617998,Knappeallee,Mittel,Ermittlung läuft,Notruf,,2,15796.13,2,7
AZ-2025-001691,Verkehrsdelikt,2024-05-24,15:53,Berkersheim,50.085605,8.777156,Holtstraße,Dringend,Ermittlung läuft,Patrouille,,4,29434.03,1,5
AZ-2024-001692,Diebstahl,2024-07-24,18:18,Bornheim,50.018902,8.605429,Chantal-Eigenwillig-Weg,Dringend,Abgeschlossen,Anonym,2024-09-30,2,20940.33,3,10
AZ-2025-001693,Verkehrsdelikt,2023-08-13,04:52,Höchst,50.152865,8.718228,Margaretha-Ditschlerin-Allee,Mittel,Abgeschlossen,Anonym,2024-03-22,2,35107.67,4,14
AZ-2024-001694,Computerbetrug,2024-03-17,08:43,Dornbusch,50.028131,8.660773,Heinzstr.,Hoch,Eingestellt,Zeuge,2024-06-02,2,0.0,1,9
AZ-2024-001695,Hausfriedensbruch,2025-10-07,14:35,Altstadt,50.183285,8.701349,Kranzplatz,Hoch,Gerichtlich,Notruf,2026-10-02,4,6847.02,0,9
AZ-2024-001696,Verkehrsdelikt,2023-04-17,14:01,Nordend-West,50.131951,8.645742,Luitgard-Warmer-Platz,Mittel,Ermittlung läuft,Opfer,,2,36556.83,1,1
AZ-2023-001697,Drogendelikt,2024-07-06,10:04,Zeilsheim,50.102883,8.723227,Andersplatz,Mittel,Abgeschlossen,Notruf,2025-01-31,2,42435.12,4,13
AZ-2023-001698,Computerbetrug,2024-02-15,00:07,Sachsenhausen-Nord,50.039897,8.732358,Ortmannplatz,Niedrig,Ermittlung läuft,Anonym,,3,13421.09,3,8
AZ-2023-001699,Urkundenfälschung,2024-02-21,06:48,Berkersheim,50.167841,8.693628,Zimmerstraße,Mittel,Ermittlung läuft,Anonym,,4,37003.31,0,6
AZ-2024-001700,Hausfriedensbruch,2025-02-19,00:54,Ginnheim,50.136892,8.670961,Hermannstr.,Mittel,Ermittlung läuft,Zeuge,,3,13996.59,5,1
AZ-2023-001701,Raub,2023-08-21,06:09,Nieder-Eschbach,50.081526,8.75643,Rocco-Dippel-Allee,Niedrig,Ermittlung läuft,Zeuge,,1,0.0,2,9
AZ-2025-001702,Hausfriedensbruch,2025-03-12,03:30,Westend-Süd,50.176933,8.70665,Bruno-Hande-Ring,Niedrig,Ermittlung läuft,Opfer,,1,0.0,5,2
AZ-2024-001703,Körperverletzung,2023-05-06,09:03,Sossenheim,50.026497,8.605059,Schuchhardtgasse,Mittel,Ermittlung läuft,Patrouille,,2,32726.51,2,6
AZ-2025-001704,Diebstahl,2025-09-04,09:29,Riederwald,50.106023,8.536644,Weinhagering,Niedrig,Ermittlung läuft,Notruf,,3,22368.93,3,14
AZ-2024-001705,Hausfriedensbruch,2024-06-21,01:05,Nordend-Ost,50.021696,8.763453,Klingelhöferring,Mittel,Gerichtlich,Notruf,2025-05-05,1,5335.15,4,12
AZ-2024-001706,Raub,2025-05-18,16:27,Berkersheim,50.117375,8.626167,Kaulgasse,Mittel,Ermittlung läuft,Opfer,,2,23824.52,0,10
AZ-2023-001707,Erpressung,2023-02-27,10:34,Kalbach-Riedberg,50.049126,8.588944,Eberhardtring,Hoch,Ermittlung läuft,Notruf,,3,7497.56,2,7
AZ-2023-001708,Drogendelikt,2025-01-16,07:15,Ginnheim,50.153683,8.639011,Cilli-Ruppert-Allee,Dringend,Abgeschlossen,Opfer,2025-11-22,1,38838.84,3,10
AZ-2025-001709,Verkehrsdelikt,2023-03-30,02:43,Unterliederbach,50.161589,8.776722,Lidija-Hölzenbecher-Ring,Mittel,Ermittlung läuft,Zeuge,,2,0.0,4,10
AZ-2025-001710,Urkundenfälschung,2024-02-23,05:57,Bergen-Enkheim,50.101218,8.598034,Steinbergstr.,Mittel,Eingestellt,Patrouille,2024-05-31,3,0.0,2,1
AZ-2023-001711,Urkundenfälschung,2023-12-04,10:08,Hausen,50.18481,8.611882,Wohlgemutweg,Dringend,Eingestellt,Opfer,2024-06-17,1,28215.15,3,4
AZ-2024-001712,Urkundenfälschung,2023-01-17,20:29,Sachsenhausen-Süd,50.115003,8.706528,Budigstraße,Dringend,Eingestellt,Notruf,2023-05-18,4,47506.32,0,3
AZ-2024-001713,Sachbeschädigung,2025-10-23,09:08,Sossenheim,50.139793,8.62968,Mitschkeweg,Niedrig,Ermittlung läuft,Anonym,,1,0.0,0,4
AZ-2025-001714,Einbruchdiebstahl,2023-05-30,01:52,Ginnheim,50.169359,8.518186,Olav-Geisel-Allee,Dringend,Ermittlung läuft,Opfer,,1,32932.34,5,14
AZ-2025-001715,Verkehrsdelikt,2025-08-19,03:48,Bergen-Enkheim,50.183242,8.694337,Linkeweg,Niedrig,Abgeschlossen,Notruf,2026-04-01,3,21725.12,3,12
AZ-2023-001716,Sachbeschädigung,2025-07-21,13:18,Nieder-Erlenbach,50.124692,8.695454,Boucseingasse,Hoch,Ermittlung läuft,Patrouille,,1,0.0,5,11
AZ-2025-001717,Bedrohung,2023-11-08,05:59,Berkersheim,50.185096,8.795544,Mohammad-Heidrich-Ring,Hoch,Eingestellt,Opfer,2024-04-07,4,47859.4,1,4
AZ-2023-001718,Raub,2023-06-30,18:04,Sindlingen,50.192133,8.702722,Södingring,Hoch,Eingestellt,Notruf,2023-11-08,2,38113.15,2,15
AZ-2024-001719,Bedrohung,2023-08-23,02:58,Westend-Nord,50.14914,8.503548,Schleichweg,Mittel,Gerichtlich,Notruf,2023-09-18,1,0.0,0,4
AZ-2025-001720,Verkehrsdelikt,2025-04-01,11:35,Eckenheim,50.135496,8.74906,Hillerstraße,Mittel,Abgeschlossen,Opfer,2025-07-23,3,0.0,4,6
AZ-2024-001721,Erpressung,2025-01-03,15:57,Fechenheim,50.04864,8.56505,Weinholdstr.,Niedrig,Ermittlung läuft,Patrouille,,4,0.0,5,13
AZ-2025-001722,Betrug,2025-03-04,09:43,Schwanheim,50.01913,8.540115,Lehmannplatz,Dringend,Eingestellt,Notruf,2025-05-29,3,0.0,4,4
AZ-2025-001723,Verkehrsdelikt,2024-09-27,12:34,Sachsenhausen-Süd,50.169496,8.666256,Myriam-Barkholz-Platz,Mittel,Ermittlung läuft,Patrouille,,1,0.0,0,4
AZ-2024-001724,Körperverletzung,2023-02-12,17:25,Innenstadt,50.069755,8.716781,Gesine-Hermann-Allee,Niedrig,Abgeschlossen,Anonym,2023-04-04,3,0.0,1,15
AZ-2023-001725,Raub,2023-08-23,12:41,Gallus,50.025264,8.683548,Heiko-Geisel-Straße,Dringend,Ermittlung läuft,Opfer,,4,38131.36,1,0
AZ-2023-001726,Körperverletzung,2023-07-03,01:03,Bergen-Enkheim,50.024435,8.741208,Dragan-Bolnbach-Straße,Dringend,Abgeschlossen,Anonym,2024-05-06,1,40477.11,2,1
AZ-2024-001727,Unterschlagung,2023-12-22,16:41,Westend-Nord,50.075466,8.784203,Andres-Winkler-Straße,Mittel,Gerichtlich,Anonym,2024-04-25,1,11505.76,2,7
AZ-2025-001728,Diebstahl,2025-06-27,13:27,Kalbach-Riedberg,50.153657,8.601202,Edwin-Hesse-Weg,Niedrig,Ermittlung läuft,Opfer,,2,21454.47,0,11
AZ-2025-001729,Sachbeschädigung,2024-09-12,14:57,Preungesheim,50.153439,8.749752,Dennis-Sölzer-Straße,Niedrig,Abgeschlossen,Zeuge,2025-01-28,1,34044.03,1,7
AZ-2023-001730,Körperverletzung,2023-01-18,19:27,Ginnheim,50.123839,8.674945,Heinplatz,Niedrig,Abgeschlossen,Patrouille,2023-05-08,2,30320.21,3,13
AZ-2025-001731,Computerbetrug,2024-12-30,20:01,Nied,50.087996,8.63135,Margrafweg,Niedrig,Eingestellt,Anonym,2025-02-28,4,43486.65,1,6
AZ-2025-001732,Betrug,2025-04-17,07:27,Fechenheim,50.135018,8.480061,Francis-Putz-Platz,Dringend,Abgeschlossen,Notruf,2026-03-30,2,9203.77,3,13
AZ-2025-001733,Drogendelikt,2025-06-28,16:53,Zeilsheim,50.117578,8.697594,Aribert-Spieß-Ring,Niedrig,Abgeschlossen,Notruf,2025-07-10,3,0.0,4,0
AZ-2024-001734,Erpressung,2025-08-07,09:37,Eschersheim,50.116808,8.506825,Mülichenstraße,Dringend,Abgeschlossen,Notruf,2026-01-23,4,0.0,2,15
AZ-2023-001735,Raub,2025-02-17,09:01,Kalbach-Riedberg,50.179184,8.593149,Roggestraße,Niedrig,Abgeschlossen,Zeuge,2025-05-31,3,0.0,3,3
AZ-2025-001736,Computerbetrug,2025-03-04,10:30,Bornheim,50.117898,8.784714,Wera-Thanel-Weg,Hoch,Abgeschlossen,Notruf,2025-06-15,3,26719.16,3,2
AZ-2023-001737,Bedrohung,2023-08-22,09:33,Bahnhofsviertel,50.172147,8.590428,Danielle-Schenk-Straße,Mittel,Abgeschlossen,Patrouille,2023-09-26,3,31929.85,4,14
AZ-2025-001738,Sachbeschädigung,2025-10-03,11:40,Sachsenhausen-Nord,50.127763,8.68276,Pruschkeweg,Niedrig,Abgeschlossen,Zeuge,2025-11-04,1,7496.27,5,0
AZ-2025-001739,Urkundenfälschung,2023-05-11,20:32,Sachsenhausen-Süd,50.127602,8.633838,Kensystraße,Niedrig,Ermittlung läuft,Notruf,,3,0.0,1,5
AZ-2023-001740,Diebstahl,2024-04-10,06:26,Sachsenhausen-Süd,50.129118,8.477142,Magdalene-Cichorius-Straße,Dringend,Abgeschlossen,Opfer,2024-06-16,1,40619.31,1,12
AZ-2024-001741,Diebstahl,2025-05-17,04:16,Frankfurter Berg,50.096222,8.550464,Kobeltstraße,Hoch,Abgeschlossen,Notruf,2026-03-13,1,38132.01,2,12
AZ-2024-001742,Urkundenfälschung,2025-01-22,13:43,Kalbach-Riedberg,50.061028,8.708278,Försterring,Mittel,Eingestellt,Patrouille,2025-10-09,3,0.0,2,7
AZ-2025-001743,Beleidigung,2024-06-04,10:46,Harheim,50.083547,8.612757,Abbas-Preiß-Platz,Dringend,Ermittlung läuft,Patrouille,,2,43629.05,4,6
AZ-2024-001744,Beleidigung,2024-08-30,17:47,Harheim,50.18416,8.587841,Hörlestraße,Mittel,Eingestellt,Notruf,2025-08-10,4,0.0,3,9
AZ-2025-001745,Verkehrsdelikt,2024-10-03,07:09,Bonames,50.134339,8.623117,Heiderose-Noack-Straße,Niedrig,Ermittlung läuft,Anonym,,3,0.0,5,13
AZ-2025-001746,Bedrohung,2024-03-23,21:53,Unterliederbach,50.058894,8.79193,Andersallee,Hoch,Abgeschlossen,Anonym,2024-08-30,1,38157.95,2,10
AZ-2023-001747,Bedrohung,2023-05-03,11:46,Sindlingen,50.046476,8.560278,Hornichstr.,Niedrig,Ermittlung läuft,Zeuge,,4,0.0,1,6
AZ-2024-001748,Einbruchdiebstahl,2023-04-04,22:29,Bergen-Enkheim,50.178257,8.749008,Lucia-Albers-Weg,Hoch,Abgeschlossen,Zeuge,2023-12-17,2,1428.87,3,4
AZ-2023-001749,Einbruchdiebstahl,2024-11-17,17:22,Frankfurter Berg,50.021921,8.515511,Grafstraße,Hoch,Ermittlung läuft,Zeuge,,2,4710.66,1,10
AZ-2023-001750,Urkundenfälschung,2024-04-09,02:08,Rödelheim,50.062668,8.69628,Krokerplatz,Dringend,Gerichtlich,Anonym,2025-02-15,3,0.0,5,3
AZ-2024-001751,Raub,2023-08-17,04:15,Sachsenhausen-Süd,50.020255,8.797953,Insa-Walter-Allee,Mittel,Abgeschlossen,Notruf,2024-06-13,3,0.0,3,12
AZ-2025-001752,Sachbeschädigung,2024-01-11,21:22,Rödelheim,50.0242,8.591221,Kostolzinplatz,Hoch,Ermittlung läuft,Patrouille,,3,4012.35,5,13
AZ-2024-001753,Beleidigung,2023-03-25,19:52,Nordend-West,50.120228,8.578331,Budigstraße,Hoch,Gerichtlich,Patrouille,2023-05-12,3,34213.16,5,14
AZ-2023-001754,Verkehrsdelikt,2023-03-06,13:08,Gallus,50.167136,8.60836,Anna-Wieloch-Weg,Hoch,Abgeschlossen,Notruf,2023-12-16,1,7019.86,0,10
AZ-2023-001755,Urkundenfälschung,2025-09-01,11:27,Nordend-Ost,50.151989,8.556404,Hölzenbecherweg,Dringend,Abgeschlossen,Zeuge,2025-12-02,3,25558.2,5,14
AZ-2024-001756,Sachbeschädigung,2025-03-14,05:00,Seckbach,50.091301,8.548766,Lehmannplatz,Niedrig,Abgeschlossen,Opfer,2025-04-20,3,21791.33,3,1
AZ-2025-001757,Bedrohung,2024-09-28,10:02,Bornheim,50.162871,8.649072,Hans-Detlef-Ernst-Ring,Dringend,Abgeschlossen,Notruf,2025-08-16,2,4997.91,1,6
AZ-2024-001758,Computerbetrug,2024-07-28,07:52,Sossenheim,50.110507,8.484621,Fadime-Meyer-Weg,Niedrig,Eingestellt,Patrouille,2025-05-15,2,0.0,2,7
AZ-2023-001759,Sachbeschädigung,2025-03-31,09:23,Hausen,50.137314,8.653376,Heydrichweg,Hoch,Ermittlung läuft,Opfer,,4,18554.27,3,14
AZ-2025-001760,Einbruchdiebstahl,2024-01-14,19:39,Innenstadt,50.1443,8.56804,Grafring,Hoch,Ermittlung läuft,Opfer,,1,35362.4,5,9
AZ-2025-001761,Beleidigung,2024-05-24,13:56,Bahnhofsviertel,50.179763,8.499735,Gerfried-Binner-Weg,Mittel,Abgeschlossen,Anonym,2024-09-23,4,33910.18,0,10
AZ-2023-001762,Drogendelikt,2023-02-02,13:09,Seckbach,50.18577,8.77905,Hans-Gerd-Dobes-Ring,Hoch,Abgeschlossen,Zeuge,2023-04-08,4,0.0,1,3
AZ-2023-001763,Betrug,2025-05-25,04:43,Riederwald,50.146608,8.632448,Eberthweg,Niedrig,Abgeschlossen,Anonym,2025-06-28,2,44994.63,2,14
AZ-2025-001764,Unterschlagung,2024-03-22,21:29,Bornheim,50.035504,8.480825,Vogtgasse,Dringend,Abgeschlossen,Notruf,2024-12-01,1,14600.88,4,2
AZ-2023-001765,Betrug,2025-02-03,06:03,Bockenheim,50.072203,8.475396,Dimitri-Flantz-Gasse,Dringend,Ermittlung läuft,Anonym,,2,27747.58,0,6
AZ-2024-001766,Diebstahl,2024-09-26,20:22,Zeilsheim,50.122,8.636984,Harloffring,Mittel,Eingestellt,Zeuge,2024-12-29,3,0.0,5,6
AZ-2025-001767,Bedrohung,2024-07-13,13:43,Kalbach-Riedberg,50.077637,8.677142,Jockelallee,Mittel,Abgeschlossen,Opfer,2025-07-02,4,4812.91,0,7
AZ-2023-001768,Einbruchdiebstahl,2023-09-28,14:11,Hausen,50.171843,8.574852,Köhlerstraße,Dringend,Ermittlung läuft,Zeuge,,1,7984.15,0,3
AZ-2025-001769,Sachbeschädigung,2024-04-26,17:42,Harheim,50.158297,8.529011,Max-Butte-Platz,Niedrig,Abgeschlossen,Notruf,2024-11-04,1,31858.74,1,13
AZ-2023-001770,Bedrohung,2023-01-19,07:34,Nied,50.13744,8.684712,José-Wulf-Straße,Dringend,Abgeschlossen,Anonym,2024-01-02,1,25514.04,5,9
AZ-2024-001771,Bedrohung,2025-09-22,13:30,Nordend-West,50.022694,8.587977,Barbara-Möchlichen-Platz,Niedrig,Ermittlung läuft,Zeuge,,4,22837.6,3,7
AZ-2024-001772,Körperverletzung,2024-07-04,17:23,Seckbach,50.158002,8.692184,Rosi-Hermann-Straße,Mittel,Eingestellt,Opfer,2024-07-25,4,0.0,2,2
AZ-2024-001773,Hausfriedensbruch,2023-08-14,18:48,Bonames,50.06267,8.682767,Eugen-Wilmsen-Allee,Hoch,Ermittlung läuft,Notruf,,4,0.0,3,11
AZ-2023-001774,Verkehrsdelikt,2024-11-24,12:52,Nordend-West,50.048492,8.612314,Raymond-Winkler-Straße,Dringend,Ermittlung läuft,Zeuge,,4,42322.87,1,11
AZ-2023-001775,Raub,2025-03-31,03:08,Rödelheim,50.18126,8.616523,Jessica-Beer-Platz,Hoch,Abgeschlossen,Notruf,2025-10-19,2,9779.86,4,15
AZ-2025-001776,Drogendelikt,2024-08-09,01:10,Ginnheim,50.13873,8.776262,Wähnerallee,Niedrig,Abgeschlossen,Patrouille,2024-12-05,3,44287.32,1,15
AZ-2024-001777,Drogendelikt,2025-05-18,06:46,Westend-Nord,50.068434,8.695032,Anne-Katrin-Stadelmann-Platz,Niedrig,Ermittlung läuft,Patrouille,,2,5113.3,1,9
AZ-2024-001778,Verkehrsdelikt,2025-11-13,07:07,Höchst,50.147682,8.539965,Krebsweg,Niedrig,Abgeschlossen,Patrouille,2026-08-19,4,26932.39,4,12
AZ-2023-001779,Diebstahl,2025-11-11,15:59,Rödelheim,50.082933,8.655264,Junitzplatz,Hoch,Ermittlung läuft,Anonym,,2,30167.57,5,7
AZ-2025-001780,Betrug,2025-04-02,23:14,Bockenheim,50.152791,8.661142,Juliana-Rogner-Weg,Niedrig,Abgeschlossen,Opfer,2025-05-19,4,19165.09,4,7
AZ-2025-001781,Körperverletzung,2024-07-27,02:02,Sachsenhausen-Nord,50.082882,8.779218,Janus-Nerger-Allee,Niedrig,Gerichtlich,Anonym,2024-08-28,4,0.0,4,5
AZ-2024-001782,Beleidigung,2024-07-29,15:07,Bergen-Enkheim,50.030751,8.509462,Gumprichring,Niedrig,Abgeschlossen,Notruf,2024-08-15,3,26291.01,5,8
AZ-2023-001783,Verkehrsdelikt,2025-09-04,09:37,Bornheim,50.123048,8.575557,Nevenka-Stahr-Platz,Niedrig,Abgeschlossen,Zeuge,2026-07-27,3,20460.95,2,13
AZ-2024-001784,Körperverletzung,2024-12-29,16:47,Altstadt,50.126566,8.689434,Hubertus-Schulz-Straße,Dringend,Ermittlung läuft,Opfer,,3,12162.7,3,6
AZ-2025-001785,Computerbetrug,2023-07-12,05:38,Bockenheim,50.164905,8.619151,Austermühleplatz,Dringend,Abgeschlossen,Zeuge,2024-01-22,4,30440.12,1,15
AZ-2025-001786,Erpressung,2025-11-04,02:05,Bergen-Enkheim,50.1096,8.698235,Sauergasse,Niedrig,Abgeschlossen,Notruf,2026-02-27,2,5691.43,1,0
AZ-2023-001787,Drogendelikt,2025-10-20,02:27,Sachsenhausen-Süd,50.048935,8.696112,Zobelplatz,Mittel,Gerichtlich,Opfer,2026-04-23,4,40116.52,1,2
AZ-2024-001788,Bedrohung,2025-08-20,19:55,Bahnhofsviertel,50.119111,8.719415,Wenke-Berger-Weg,Niedrig,Abgeschlossen,Opfer,2026-01-11,4,30068.83,5,9
AZ-2025-001789,Erpressung,2025-01-30,16:49,Hausen,50.055483,8.699909,Strohstr.,Niedrig,Ermittlung läuft,Opfer,,4,49959.53,1,4
AZ-2025-001790,Bedrohung,2023-10-25,10:49,Westend-Nord,50.034051,8.737261,Pedro-Winkler-Gasse,Mittel,Gerichtlich,Patrouille,2024-04-24,1,42152.14,2,15
AZ-2023-001791,Bedrohung,2025-05-12,05:57,Bahnhofsviertel,50.1422,8.605108,Gilbert-Ortmann-Gasse,Dringend,Gerichtlich,Opfer,2025-08-20,3,4883.39,1,8
AZ-2023-001792,Hausfriedensbruch,2024-10-13,07:06,Hausen,50.054173,8.489293,Wernerweg,Dringend,Ermittlung läuft,Anonym,,4,36843.92,4,1
AZ-2023-001793,Beleidigung,2025-05-27,22:42,Sindlingen,50.173747,8.662009,Bruno-Klemm-Allee,Hoch,Ermittlung läuft,Zeuge,,2,23045.11,5,6
AZ-2023-001794,Erpressung,2024-11-04,20:48,Griesheim,50.087083,8.493114,Hilma-Reising-Gasse,Dringend,Gerichtlich,Opfer,2025-06-13,4,23910.95,1,3
AZ-2025-001795,Betrug,2025-09-07,21:14,Bornheim,50.142142,8.531125,Zoran-Heintze-Ring,Mittel,Abgeschlossen,Patrouille,2025-09-19,1,26260.53,5,7
AZ-2023-001796,Körperverletzung,2023-05-06,13:43,Dornbusch,50.147034,8.614312,Mangoldweg,Niedrig,Gerichtlich,Patrouille,2023-08-15,3,0.0,2,8
AZ-2023-001797,Bedrohung,2023-11-15,21:42,Bonames,50.139763,8.552245,Amir-Stroh-Straße,Hoch,Ermittlung läuft,Notruf,,4,44722.28,0,3
AZ-2024-001798,Körperverletzung,2025-05-22,21:04,Nieder-Eschbach,50.193145,8.474645,Ullrichplatz,Hoch,Gerichtlich,Notruf,2025-12-28,3,0.0,4,2
AZ-2023-001799,Beleidigung,2024-01-30,14:02,Eschersheim,50.164547,8.516029,Benthinstraße,Niedrig,Ermittlung läuft,Anonym,,2,3804.66,0,0
AZ-2023-001800,Diebstahl,2024-02-13,10:24,Bergen-Enkheim,50.06309,8.717786,Römerring,Mittel,Ermittlung läuft,Opfer,,4,19080.23,4,13
AZ-2024-001801,Körperverletzung,2023-12-21,05:36,Nieder-Eschbach,50.056708,8.597861,Grein Grothstr.,Niedrig,Ermittlung läuft,Anonym,,2,812.13,4,7
AZ-2025-001802,Bedrohung,2024-09-17,04:17,Bockenheim,50.06793,8.596163,Beata-Keudel-Ring,Mittel,Abgeschlossen,Patrouille,2024-12-09,4,0.0,2,7
AZ-2024-001803,Hausfriedensbruch,2024-05-02,08:13,Berkersheim,50.184033,8.713925,Höfigallee,Hoch,Abgeschlossen,Zeuge,2024-06-30,4,18098.57,2,5
AZ-2024-001804,Raub,2024-08-05,07:46,Harheim,50.18488,8.781866,Christian-Radisch-Platz,Niedrig,Abgeschlossen,Notruf,2025-02-24,3,0.0,0,11
AZ-2024-001805,Hausfriedensbruch,2023-12-01,17:40,Seckbach,50.160253,8.796292,Hübelallee,Dringend,Gerichtlich,Zeuge,2024-08-31,2,40333.43,4,13
AZ-2024-001806,Diebstahl,2024-08-03,10:13,Fechenheim,50.032303,8.754699,Riehlring,Hoch,Ermittlung läuft,Notruf,,1,26151.68,0,1
AZ-2025-001807,Bedrohung,2024-11-27,08:08,Ginnheim,50.053208,8.562125,Ackermannallee,Dringend,Abgeschlossen,Notruf,2025-07-25,4,29452.14,4,8
AZ-2024-001808,Erpressung,2025-07-24,00:26,Innenstadt,50.14105,8.752485,Wagnerplatz,Niedrig,Abgeschlossen,Zeuge,2026-03-22,3,45409.25,0,0
AZ-2024-001809,Drogendelikt,2024-03-16,16:16,Preungesheim,50.033473,8.600638,Elma-Knappe-Weg,Hoch,Eingestellt,Zeuge,2024-11-07,3,0.0,5,13
AZ-2023-001810,Einbruchdiebstahl,2023-02-10,21:06,Bockenheim,50.134194,8.557529,Marian-Ullmann-Gasse,Mittel,Ermittlung läuft,Patrouille,,4,16383.31,2,10
AZ-2024-001811,Raub,2023-02-04,20:21,Rödelheim,50.169237,8.661129,Grein Grothstr.,Hoch,Eingestellt,Zeuge,2023-09-08,2,37469.5,2,5
AZ-2023-001812,Einbruchdiebstahl,2025-06-09,02:30,Zeilsheim,50.120809,8.767039,Wilmsstr.,Niedrig,Eingestellt,Opfer,2026-03-17,3,0.0,5,7
AZ-2025-001813,Urkundenfälschung,2024-10-24,22:31,Dornbusch,50.151003,8.758851,Elfie-Holzapfel-Ring,Niedrig,Abgeschlossen,Notruf,2025-01-27,2,14376.11,1,13
AZ-2023-001814,Urkundenfälschung,2023-04-17,21:24,Nordend-West,50.107187,8.544401,Segebahnring,Niedrig,Ermittlung läuft,Opfer,,4,18868.63,2,2
AZ-2025-001815,Verkehrsdelikt,2024-03-02,00:48,Sachsenhausen-Nord,50.180719,8.753967,Dursun-Preiß-Allee,Dringend,Ermittlung läuft,Patrouille,,4,2438.63,1,12
AZ-2024-001816,Beleidigung,2024-11-01,13:09,Praunheim,50.049975,8.610568,Aziz-Ehlert-Platz,Hoch,Ermittlung läuft,Opfer,,3,39044.15,3,7
AZ-2024-001817,Beleidigung,2024-04-21,03:34,Bonames,50.188341,8.536346,Hansgeorg-Döring-Straße,Dringend,Ermittlung läuft,Zeuge,,4,37139.23,0,14
AZ-2023-001818,Beleidigung,2024-03-26,03:56,Unterliederbach,50.17095,8.623203,Eckart-Beckmann-Weg,Dringend,Abgeschlossen,Opfer,2024-08-23,4,0.0,3,14
AZ-2024-001819,Urkundenfälschung,2024-10-03,22:02,Schwanheim,50.179669,8.670589,Sontagstraße,Dringend,Abgeschlossen,Patrouille,2025-07-20,3,32503.16,2,10
AZ-2023-001820,Verkehrsdelikt,2023-10-11,18:22,Innenstadt,50.149983,8.730205,Binnerring,Dringend,Eingestellt,Notruf,2024-06-02,4,14069.63,2,4
AZ-2024-001821,Körperverletzung,2023-02-16,15:26,Gallus,50.070463,8.61801,Edeltraud-Trupp-Gasse,Niedrig,Abgeschlossen,Patrouille,2023-04-05,4,32587.03,1,1
AZ-2024-001822,Drogendelikt,2023-04-30,01:41,Höchst,50.168199,8.71422,Svea-Hänel-Allee,Hoch,Abgeschlossen,Anonym,2024-02-23,2,0.0,2,8
AZ-2024-001823,Betrug,2024-12-04,07:33,Hausen,50.132845,8.610635,Budigstraße,Mittel,Gerichtlich,Opfer,2025-05-30,4,1594.58,5,0
AZ-2023-001824,Bedrohung,2023-03-17,08:29,Westend-Nord,50.194917,8.713691,Oswin-Roht-Allee,Mittel,Ermittlung läuft,Patrouille,,3,3889.83,4,12
AZ-2024-001825,Drogendelikt,2024-10-05,02:05,Zeilsheim,50.174612,8.636781,Kochallee,Dringend,Abgeschlossen,Zeuge,2025-09-26,3,23519.19,3,2
AZ-2025-001826,Erpressung,2025-11-11,20:48,Sindlingen,50.102635,8.47202,Marie-Theres-Schmiedt-Ring,Dringend,Abgeschlossen,Notruf,2026-08-06,4,7363.06,4,0
AZ-2023-001827,Unterschlagung,2025-02-02,22:08,Bonames,50.076757,8.668931,Jasmina-Boucsein-Ring,Niedrig,Ermittlung läuft,Patrouille,,2,34582.77,0,5
AZ-2025-001828,Unterschlagung,2024-01-16,15:27,Hausen,50.071798,8.746922,Tina-Hande-Weg,Dringend,Gerichtlich,Opfer,2024-01-31,2,0.0,0,11
AZ-2024-001829,Verkehrsdelikt,2023-05-18,06:56,Schwanheim,50.084939,8.482572,Edelbert-van der Dussen-Platz,Mittel,Ermittlung läuft,Opfer,,1,0.0,5,10
AZ-2024-001830,Erpressung,2023-12-10,08:29,Gallus,50.06944,8.51405,Grein Grothplatz,Hoch,Ermittlung läuft,Patrouille,,1,0.0,5,5
AZ-2024-001831,Einbruchdiebstahl,2024-04-07,16:30,Höchst,50.19358,8.648225,Catrin-Schomber-Platz,Dringend,Abgeschlossen,Notruf,2024-10-13,3,0.0,0,6
AZ-2024-001832,Hausfriedensbruch,2025-01-20,02:32,Gallus,50.040444,8.64063,Weinholdgasse,Dringend,Abgeschlossen,Patrouille,2025-01-31,1,47543.31,4,11
AZ-2023-001833,Urkundenfälschung,2023-12-10,22:07,Riederwald,50.074016,8.759598,Steuerstraße,Hoch,Abgeschlossen,Zeuge,2024-10-20,2,27700.03,3,10
AZ-2023-001834,Sachbeschädigung,2025-01-09,16:53,Riederwald,50.082822,8.585213,Döhnplatz,Mittel,Eingestellt,Zeuge,2025-03-13,2,38110.23,4,2
AZ-2023-001835,Einbruchdiebstahl,2023-03-26,23:03,Berkersheim,50.026706,8.55669,Bettina-Kühnert-Weg,Mittel,Gerichtlich,Anonym,2023-12-30,2,7849.31,5,11
AZ-2025-001836,Hausfriedensbruch,2025-08-06,23:53,Bergen-Enkheim,50.152363,8.489063,Sontagplatz,Niedrig,Ermittlung läuft,Opfer,,1,7736.88,1,9
AZ-2024-001837,Sachbeschädigung,2023-07-05,02:18,Preungesheim,50.050396,8.499502,Kitzmannring,Niedrig,Abgeschlossen,Zeuge,2023-08-26,3,0.0,1,1
AZ-2025-001838,Hausfriedensbruch,2024-09-21,09:00,Westend-Süd,50.030831,8.705605,Köhlerstraße,Dringend,Abgeschlossen,Patrouille,2025-06-27,3,15643.1,3,13
AZ-2025-001839,Betrug,2025-06-04,07:47,Harheim,50.192832,8.571573,van der Dussenring,Niedrig,Eingestellt,Opfer,2025-11-24,4,42884.35,4,8
AZ-2023-001840,Drogendelikt,2024-11-29,04:03,Nordend-Ost,50.029766,8.674745,Carina-Ritter-Platz,Niedrig,Abgeschlossen,Notruf,2025-11-21,4,4664.17,0,4
AZ-2024-001841,Computerbetrug,2023-11-24,21:16,Sachsenhausen-Nord,50.14821,8.604675,Wilmsstr.,Mittel,Ermittlung läuft,Opfer,,1,24961.07,5,12
AZ-2023-001842,Unterschlagung,2023-12-16,20:50,Sachsenhausen-Nord,50.126291,8.727544,Klingelhöferstraße,Mittel,Ermittlung läuft,Patrouille,,4,46619.94,0,0
AZ-2024-001843,Verkehrsdelikt,2023-01-23,11:36,Frankfurter Berg,50.134169,8.68,Kruschwitzgasse,Mittel,Ermittlung läuft,Opfer,,4,0.0,1,5
AZ-2024-001844,Erpressung,2023-10-26,00:02,Harheim,50.098394,8.749254,Karsten-Schenk-Gasse,Dringend,Gerichtlich,Opfer,2024-10-05,3,27825.06,0,4
AZ-2025-001845,Unterschlagung,2024-12-17,02:18,Eckenheim,50.177174,8.73814,Romy-Jacobi Jäckel-Gasse,Niedrig,Ermittlung läuft,Opfer,,4,0.0,3,1
AZ-2024-001846,Urkundenfälschung,2024-08-12,17:01,Altstadt,50.183355,8.531673,Hartungplatz,Hoch,Ermittlung läuft,Patrouille,,4,0.0,3,10
AZ-2025-001847,Raub,2023-03-27,22:37,Bergen-Enkheim,50.171712,8.680137,Barkholzallee,Dringend,Ermittlung läuft,Notruf,,3,0.0,0,12
AZ-2024-001848,Unterschlagung,2024-11-05,20:53,Harheim,50.159947,8.544343,Röhrdanzstr.,Dringend,Ermittlung läuft,Notruf,,3,49126.81,4,7
AZ-2025-001849,Diebstahl,2023-06-01,06:24,Bornheim,50.090004,8.513976,Dominik-Bender-Straße,Niedrig,Abgeschlossen,Zeuge,2023-07-04,2,456.08,2,15
AZ-2025-001850,Diebstahl,2024-07-21,21:48,Griesheim,50.15066,8.673851,Försterplatz,Mittel,Abgeschlossen,Patrouille,2024-09-06,1,36513.81,4,10
AZ-2024-001851,Verkehrsdelikt,2024-05-18,17:10,Ostend,50.067173,8.496081,Kobeltstr.,Niedrig,Gerichtlich,Patrouille,2025-03-12,2,6407.29,1,11
AZ-2023-001852,Beleidigung,2023-07-10,23:26,Rödelheim,50.025133,8.657123,Holm-Hertrampf-Ring,Dringend,Abgeschlossen,Notruf,2024-06-08,1,12792.38,4,12
AZ-2025-001853,Betrug,2025-04-27,10:24,Kalbach-Riedberg,50.12174,8.52671,Cecilia-Kuhl-Weg,Mittel,Abgeschlossen,Anonym,2025-07-19,2,45053.51,0,6
AZ-2024-001854,Unterschlagung,2023-11-12,07:23,Eckenheim,50.093622,8.639265,Jasmina-Buchholz-Allee,Hoch,Ermittlung läuft,Notruf,,4,31956.93,4,0
AZ-2025-001855,Raub,2025-03-28,08:20,Niederursel,50.101333,8.560167,Zorbachstraße,Dringend,Eingestellt,Patrouille,2025-07-25,2,0.0,2,6
AZ-2023-001856,Hausfriedensbruch,2023-06-16,15:20,Frankfurter Berg,50.156712,8.580159,Zoran-Stumpf-Allee,Dringend,Eingestellt,Patrouille,2024-06-07,4,4349.28,5,2
AZ-2025-001857,Beleidigung,2024-08-19,16:24,Ostend,50.092138,8.57802,Dietlind-Segebahn-Ring,Niedrig,Abgeschlossen,Anonym,2024-11-14,4,16732.26,2,13
AZ-2024-001858,Verkehrsdelikt,2024-12-29,10:04,Riederwald,50.093449,8.762844,Janette-Rust-Straße,Dringend,Eingestellt,Opfer,2025-11-29,1,2491.02,1,11
AZ-2025-001859,Raub,2025-10-29,05:03,Nordend-West,50.156171,8.746577,Lidia-Blümel-Ring,Dringend,Eingestellt,Opfer,2026-05-26,2,7229.18,4,8
AZ-2025-001860,Beleidigung,2024-03-16,09:49,Westend-Süd,50.101328,8.606549,Lübsstraße,Hoch,Abgeschlossen,Notruf,2024-06-16,1,40223.22,4,1
AZ-2024-001861,Computerbetrug,2024-07-16,00:50,Westend-Nord,50.178798,8.653564,Olivia-Winkler-Platz,Mittel,Ermittlung läuft,Notruf,,2,44057.21,3,12
AZ-2024-001862,Sachbeschädigung,2025-09-22,03:59,Innenstadt,50.062019,8.60872,Eveline-Wulff-Allee,Mittel,Ermittlung läuft,Notruf,,1,21870.92,2,12
AZ-2025-001863,Erpressung,2023-10-10,15:08,Dornbusch,50.074896,8.539637,Blochring,Niedrig,Ermittlung läuft,Zeuge,,2,41050.58,2,13
AZ-2023-001864,Körperverletzung,2025-06-29,23:40,Bahnhofsviertel,50.159544,8.591533,Marco-Reuter-Weg,Hoch,Gerichtlich,Patrouille,2025-09-22,2,43044.77,5,15
AZ-2023-001865,Drogendelikt,2025-07-18,10:55,Berkersheim,50.039977,8.771853,Mato-Paffrath-Allee,Hoch,Ermittlung läuft,Opfer,,3,32067.39,2,9
AZ-2025-001866,Urkundenfälschung,2025-03-20,00:28,Nordend-West,50.164614,8.744285,Gerhardt-Binner-Allee,Niedrig,Abgeschlossen,Anonym,2025-04-07,1,18732.21,0,4
AZ-2024-001867,Hausfriedensbruch,2024-07-21,09:06,Nordend-Ost,50.155535,8.583209,Matthäiallee,Hoch,Eingestellt,Anonym,2025-06-02,2,33648.19,1,10
AZ-2024-001868,Diebstahl,2025-09-01,08:28,Bahnhofsviertel,50.083262,8.57671,Helfried-Löwer-Ring,Hoch,Abgeschlossen,Patrouille,2026-03-06,3,13166.2,5,6
AZ-2025-001869,Betrug,2024-09-18,07:49,Höchst,50.133304,8.505406,Finkeplatz,Mittel,Abgeschlossen,Zeuge,2025-05-24,3,42929.79,0,15
AZ-2024-001870,Verkehrsdelikt,2025-04-09,22:15,Bergen-Enkheim,50.03526,8.541047,Carstenstraße,Niedrig,Ermittlung läuft,Zeuge,,1,0.0,2,8
AZ-2025-001871,Körperverletzung,2025-08-04,14:54,Hausen,50.066793,8.787189,Berta-Kuhl-Ring,Hoch,Ermittlung läuft,Anonym,,4,0.0,2,11
AZ-2024-001872,Einbruchdiebstahl,2025-08-17,16:21,Frankfurter Berg,50.055185,8.560679,Rochus-Otto-Straße,Niedrig,Abgeschlossen,Notruf,2025-10-16,3,18704.63,1,10
AZ-2023-001873,Computerbetrug,2023-11-07,07:55,Harheim,50.081009,8.594304,Klaudia-Ernst-Straße,Hoch,Ermittlung läuft,Notruf,,3,18106.27,4,3
AZ-2025-001874,Beleidigung,2025-04-17,12:02,Praunheim,50.176627,8.646136,Zoran-Kroker-Allee,Niedrig,Ermittlung läuft,Opfer,,4,0.0,1,9
AZ-2024-001875,Beleidigung,2025-06-28,00:19,Bergen-Enkheim,50.033317,8.603347,Camilla-Schmiedt-Allee,Niedrig,Ermittlung läuft,Patrouille,,4,24456.99,5,7
AZ-2025-001876,Bedrohung,2024-08-18,03:35,Bahnhofsviertel,50.072482,8.583535,Imre-Boucsein-Ring,Mittel,Ermittlung läuft,Notruf,,3,38329.16,0,3
AZ-2025-001877,Beleidigung,2025-08-03,00:12,Preungesheim,50.033139,8.497529,Junitzweg,Niedrig,Abgeschlossen,Zeuge,2026-02-24,1,1763.29,3,14
AZ-2024-001878,Raub,2024-07-06,18:02,Nieder-Erlenbach,50.141131,8.530416,Enno-Steckel-Straße,Niedrig,Abgeschlossen,Notruf,2025-02-19,2,0.0,2,7
AZ-2023-001879,Raub,2025-05-18,14:25,Schwanheim,50.194679,8.731312,Kobeltring,Hoch,Abgeschlossen,Anonym,2025-11-21,4,0.0,0,14
AZ-2024-001880,Computerbetrug,2023-09-20,04:34,Rödelheim,50.155236,8.789189,Marian-Kaul-Weg,Niedrig,Abgeschlossen,Opfer,2024-02-12,1,0.0,1,1
AZ-2025-001881,Hausfriedensbruch,2025-08-16,09:10,Fechenheim,50.190605,8.546361,Kunigunda-Jäkel-Platz,Mittel,Abgeschlossen,Patrouille,2026-01-28,4,36359.0,3,14
AZ-2025-001882,Diebstahl,2023-05-09,22:17,Altstadt,50.050283,8.723787,Schmiedtallee,Dringend,Abgeschlossen,Opfer,2023-05-27,3,21847.65,2,4
AZ-2023-001883,Hausfriedensbruch,2025-03-09,00:32,Höchst,50.167964,8.531524,Scholzplatz,Dringend,Ermittlung läuft,Anonym,,3,39995.97,1,12
AZ-2023-001884,Körperverletzung,2025-05-28,18:06,Gallus,50.037726,8.514123,Beyerallee,Hoch,Ermittlung läuft,Opfer,,3,40255.2,0,3
AZ-2024-001885,Urkundenfälschung,2025-09-28,20:34,Dornbusch,50.166722,8.737684,Hans-Walter-Stolze-Ring,Hoch,Abgeschlossen,Notruf,2025-12-19,3,13642.42,2,6
AZ-2023-001886,Urkundenfälschung,2024-01-06,11:43,Nieder-Erlenbach,50.066554,8.497063,Kati-Vogt-Gasse,Hoch,Eingestellt,Zeuge,2024-06-04,2,22507.27,4,0
AZ-2025-001887,Erpressung,2024-11-23,04:03,Nordend-Ost,50.163595,8.683058,Joanna-Bloch-Platz,Mittel,Ermittlung läuft,Notruf,,4,39016.15,4,8
AZ-2024-001888,Beleidigung,2025-10-14,02:16,Westend-Nord,50.039224,8.481152,Olena-Hövel-Gasse,Mittel,Ermittlung läuft,Opfer,,2,48738.88,0,3
AZ-2024-001889,Hausfriedensbruch,2024-01-14,14:10,Nied,50.017055,8.472531,Täscheallee,Hoch,Abgeschlossen,Notruf,2024-08-07,4,0.0,4,0
AZ-2024-001890,Betrug,2025-05-13,21:42,Sindlingen,50.189838,8.549814,Leo-Mende-Straße,Hoch,Abgeschlossen,Zeuge,2025-07-14,4,24139.02,0,13
AZ-2024-001891,Unterschlagung,2024-01-15,03:31,Nieder-Erlenbach,50.065749,8.643725,Mehdi-Häring-Allee,Niedrig,Ermittlung läuft,Patrouille,,1,40696.12,1,1
AZ-2024-001892,Erpressung,2024-04-08,21:10,Fechenheim,50.068527,8.57975,Hanspeter-Ritter-Weg,Dringend,Ermittlung läuft,Notruf,,3,0.0,4,2
AZ-2024-001893,Urkundenfälschung,2025-04-01,01:20,Innenstadt,50.150492,8.671826,Roggestraße,Hoch,Abgeschlossen,Anonym,2026-03-24,1,35965.91,3,0
AZ-2024-001894,Beleidigung,2024-04-14,09:08,Seckbach,50.134161,8.509554,Henrike-Thanel-Allee,Niedrig,Ermittlung läuft,Zeuge,,1,18688.18,4,3
AZ-2024-001895,Betrug,2024-01-20,12:34,Sindlingen,50.085427,8.785071,Pierre-Säuberlich-Allee,Niedrig,Ermittlung läuft,Patrouille,,2,0.0,1,12
AZ-2025-001896,Hausfriedensbruch,2023-10-11,10:10,Nieder-Eschbach,50.040307,8.509091,Jens-Peter-Geißler-Gasse,Niedrig,Abgeschlossen,Anonym,2023-10-19,4,13817.22,0,4
AZ-2023-001897,Beleidigung,2024-04-19,06:49,Dornbusch,50.056542,8.637143,Guteallee,Niedrig,Gerichtlich,Zeuge,2025-01-30,4,11965.65,2,2
AZ-2023-001898,Diebstahl,2025-09-10,09:21,Preungesheim,50.118304,8.725048,Blochstraße,Mittel,Gerichtlich,Zeuge,2026-03-29,3,0.0,0,4
AZ-2025-001899,Erpressung,2024-05-15,06:05,Nied,50.107381,8.68021,Cemal-Kraushaar-Allee,Niedrig,Abgeschlossen,Opfer,2024-11-26,3,43116.14,3,3
AZ-2025-001900,Verkehrsdelikt,2025-10-06,15:05,Höchst,50.019829,8.482712,Spießallee,Niedrig,Eingestellt,Anonym,2026-10-06,3,0.0,2,12
AZ-2025-001901,Unterschlagung,2023-01-10,10:05,Frankfurter Berg,50.112357,8.54805,Dörrgasse,Hoch,Gerichtlich,Opfer,2023-05-26,2,27930.78,0,14
AZ-2023-001902,Einbruchdiebstahl,2025-04-06,14:29,Niederursel,50.169388,8.47508,Seipstraße,Hoch,Eingestellt,Anonym,2025-11-22,4,33414.82,1,2
AZ-2025-001903,Computerbetrug,2025-08-25,07:02,Höchst,50.046868,8.662287,Rainer-Pechel-Allee,Dringend,Ermittlung läuft,Patrouille,,4,13201.36,2,3
AZ-2025-001904,Computerbetrug,2023-01-01,09:34,Dornbusch,50.110999,8.486166,Sara-Jopich-Straße,Dringend,Ermittlung läuft,Opfer,,1,49541.36,3,0
AZ-2025-001905,Bedrohung,2024-11-29,09:10,Bonames,50.121983,8.750377,Hans-Gerhard-Gumprich-Weg,Hoch,Abgeschlossen,Notruf,2025-07-26,4,5259.31,0,15
AZ-2024-001906,Verkehrsdelikt,2025-08-26,12:19,Höchst,50.067187,8.715763,Rörrichtweg,Mittel,Eingestellt,Anonym,2026-03-06,4,0.0,3,6
AZ-2025-001907,Diebstahl,2024-08-29,16:21,Griesheim,50.193017,8.480111,Arnulf-Hentschel-Weg,Hoch,Ermittlung läuft,Notruf,,3,570.39,3,12
AZ-2025-001908,Verkehrsdelikt,2024-01-08,20:45,Höchst,50.054327,8.515367,Kadestraße,Niedrig,Eingestellt,Anonym,2024-02-18,4,44518.53,3,11
AZ-2024-001909,Sachbeschädigung,2025-08-17,01:48,Sachsenhausen-Nord,50.1167,8.742736,Weinhageplatz,Dringend,Abgeschlossen,Notruf,2026-06-11,2,40394.85,3,2
AZ-2023-001910,Betrug,2023-06-24,01:28,Höchst,50.037176,8.653679,Necati-Stolze-Ring,Niedrig,Eingestellt,Notruf,2023-12-31,2,0.0,1,7
AZ-2023-001911,Einbruchdiebstahl,2024-01-30,21:49,Bergen-Enkheim,50.156803,8.542741,Schomberring,Hoch,Ermittlung läuft,Notruf,,1,40719.77,0,12
AZ-2023-001912,Raub,2024-06-13,22:14,Bornheim,50.086789,8.584763,Alina-Hofmann-Gasse,Dringend,Abgeschlossen,Anonym,2024-06-21,4,7028.74,2,2
AZ-2024-001913,Einbruchdiebstahl,2023-10-07,16:21,Berkersheim,50.143772,8.487928,Kraushaarallee,Hoch,Ermittlung läuft,Patrouille,,4,17032.14,0,3
AZ-2023-001914,Raub,2023-01-21,08:10,Nieder-Erlenbach,50.188355,8.768681,Tilly-Röhricht-Ring,Mittel,Ermittlung läuft,Notruf,,4,15134.17,1,11
AZ-2025-001915,Drogendelikt,2024-11-13,00:30,Zeilsheim,50.114117,8.681114,Gereon-Karge-Straße,Niedrig,Abgeschlossen,Opfer,2025-06-25,1,0.0,4,4
AZ-2025-001916,Hausfriedensbruch,2023-12-12,03:15,Riederwald,50.021153,8.766981,Diethard-Vollbrecht-Straße,Hoch,Eingestellt,Anonym,2024-08-21,4,46125.18,4,4
AZ-2025-001917,Körperverletzung,2025-08-24,18:33,Gallus,50.180543,8.642361,Sergei-Hendriks-Weg,Hoch,Eingestellt,Opfer,2025-11-20,3,39860.18,1,3
AZ-2023-001918,Urkundenfälschung,2025-08-28,21:36,Hausen,50.069075,8.612092,Slawomir-Jockel-Weg,Mittel,Ermittlung läuft,Anonym,,1,969.31,0,1
AZ-2023-001919,Beleidigung,2024-01-02,16:31,Innenstadt,50.138259,8.521221,Meisterstr.,Mittel,Ermittlung läuft,Zeuge,,1,24454.92,2,11
AZ-2023-001920,Computerbetrug,2024-07-10,02:25,Westend-Nord,50.104692,8.517096,Harro-Söding-Platz,Hoch,Ermittlung läuft,Notruf,,4,0.0,3,10
AZ-2024-001921,Betrug,2023-02-06,03:22,Praunheim,50.13757,8.659338,Nelly-Etzler-Ring,Niedrig,Ermittlung läuft,Opfer,,4,0.0,4,10
AZ-2025-001922,Verkehrsdelikt,2024-08-21,23:34,Bonames,50.051299,8.6599,Stefano-Winkler-Platz,Mittel,Gerichtlich,Opfer,2024-12-02,2,35360.89,0,13
AZ-2023-001923,Drogendelikt,2023-04-11,02:55,Rödelheim,50.095178,8.666969,Manuel-Börner-Weg,Dringend,Ermittlung läuft,Zeuge,,3,26576.25,4,3
AZ-2025-001924,Computerbetrug,2025-07-31,00:06,Schwanheim,50.145026,8.657483,Hans-Erich-Junck-Platz,Dringend,Ermittlung läuft,Opfer,,1,17519.88,4,4
AZ-2023-001925,Bedrohung,2023-04-05,03:54,Hausen,50.145288,8.587729,Kreszentia-Juncken-Straße,Mittel,Abgeschlossen,Anonym,2024-01-18,4,41567.04,4,6
AZ-2024-001926,Hausfriedensbruch,2025-09-03,18:21,Frankfurter Berg,50.178708,8.584724,Jähnstraße,Hoch,Abgeschlossen,Zeuge,2026-07-10,1,10550.63,4,14
AZ-2024-001927,Einbruchdiebstahl,2023-06-20,09:38,Eckenheim,50.018492,8.730319,Flantzallee,Niedrig,Ermittlung läuft,Patrouille,,2,0.0,3,7
AZ-2023-001928,Bedrohung,2025-04-23,05:24,Kalbach-Riedberg,50.123232,8.641619,Eitel-Eigenwillig-Platz,Niedrig,Ermittlung läuft,Opfer,,3,47623.48,3,14
AZ-2024-001929,Sachbeschädigung,2024-04-27,20:27,Praunheim,50.101403,8.761253,Klothilde-Schmidtke-Weg,Hoch,Abgeschlossen,Opfer,2024-12-26,3,31131.8,3,15
AZ-2025-001930,Computerbetrug,2023-12-04,19:55,Fechenheim,50.10078,8.582719,auch Schlauchinstr.,Hoch,Ermittlung läuft,Opfer,,1,30669.17,4,1
AZ-2025-001931,Computerbetrug,2024-04-08,08:59,Nied,50.130327,8.513118,Dina-Heinrich-Platz,Dringend,Abgeschlossen,Zeuge,2024-04-24,1,28381.21,0,2
AZ-2024-001932,Drogendelikt,2025-05-08,22:22,Sachsenhausen-Süd,50.089736,8.566459,Oscar-Budig-Allee,Mittel,Abgeschlossen,Opfer,2026-01-14,3,0.0,1,1
AZ-2025-001933,Diebstahl,2024-03-28,13:50,Niederursel,50.122178,8.499725,Eimerstr.,Niedrig,Abgeschlossen,Patrouille,2024-05-01,2,5436.66,5,3
AZ-2024-001934,Drogendelikt,2025-07-31,05:52,Schwanheim,50.070933,8.493593,Trubweg,Niedrig,Ermittlung läuft,Zeuge,,1,6293.69,4,7
AZ-2025-001935,Unterschlagung,2024-03-21,10:39,Sachsenhausen-Süd,50.095708,8.572425,Gorlitzallee,Mittel,Abgeschlossen,Patrouille,2024-08-14,4,45579.69,3,15
AZ-2025-001936,Einbruchdiebstahl,2023-06-18,11:15,Sachsenhausen-Süd,50.157136,8.526502,Noackstraße,Dringend,Eingestellt,Opfer,2023-07-05,4,2135.3,1,4
AZ-2024-001937,Körperverletzung,2023-02-02,18:02,Sindlingen,50.025008,8.570601,Gottlob-Gröttner-Platz,Hoch,Abgeschlossen,Patrouille,2023-12-31,2,24444.53,5,10
AZ-2025-001938,Verkehrsdelikt,2024-10-13,08:42,Fechenheim,50.046686,8.553536,Rüdiger-Wieloch-Gasse,Mittel,Gerichtlich,Zeuge,2025-03-14,4,18184.24,2,7
AZ-2025-001939,Urkundenfälschung,2024-02-07,09:14,Griesheim,50.120747,8.562914,Lehmannplatz,Mittel,Abgeschlossen,Patrouille,2024-09-05,2,27896.8,1,10
AZ-2024-001940,Sachbeschädigung,2025-07-24,06:15,Innenstadt,50.032749,8.544591,Kati-Haase-Gasse,Hoch,Eingestellt,Patrouille,2026-04-18,2,41912.86,1,1
AZ-2024-001941,Diebstahl,2024-01-06,07:27,Nied,50.167124,8.522029,Susana-Mangold-Weg,Hoch,Ermittlung läuft,Opfer,,4,0.0,1,7
AZ-2024-001942,Körperverletzung,2024-12-11,01:20,Bornheim,50.023676,8.553521,Strohring,Niedrig,Gerichtlich,Notruf,2025-07-10,1,17824.74,4,15
AZ-2024-001943,Drogendelikt,2023-04-21,18:17,Dornbusch,50.024419,8.521818,Hentschelstraße,Hoch,Abgeschlossen,Zeuge,2024-04-19,1,7813.47,2,2
AZ-2025-001944,Körperverletzung,2023-09-27,10:14,Westend-Nord,50.184448,8.724788,Wulfgasse,Mittel,Abgeschlossen,Patrouille,2023-10-22,1,37146.13,5,9
AZ-2024-001945,Verkehrsdelikt,2024-06-04,02:39,Eschersheim,50.034814,8.698978,Tschentscherring,Niedrig,Abgeschlossen,Notruf,2025-02-06,4,8683.88,4,4
AZ-2023-001946,Computerbetrug,2024-07-22,13:15,Höchst,50.15609,8.511466,Schmidtkeweg,Niedrig,Ermittlung läuft,Anonym,,3,35805.95,1,10
AZ-2024-001947,Betrug,2023-09-27,00:55,Bahnhofsviertel,50.093447,8.495996,Anne-Kathrin-Dörr-Straße,Niedrig,Eingestellt,Patrouille,2024-05-25,4,17924.97,5,13
AZ-2023-001948,Hausfriedensbruch,2025-07-01,14:56,Unterliederbach,50.049173,8.542773,Bergerplatz,Niedrig,Ermittlung läuft,Anonym,,1,0.0,0,9
AZ-2025-001949,Unterschlagung,2025-05-05,23:06,Sossenheim,50.122981,8.631274,Wähnergasse,Niedrig,Eingestellt,Anonym,2025-08-30,2,0.0,3,3
AZ-2025-001950,Raub,2025-03-01,07:35,Kalbach-Riedberg,50.189039,8.627187,Plathallee,Niedrig,Abgeschlossen,Anonym,2025-10-02,3,46548.18,0,11
AZ-2023-001951,Drogendelikt,2023-03-14,21:37,Kalbach-Riedberg,50.193787,8.720868,Hans-Herbert-Hornich-Straße,Dringend,Ermittlung läuft,Opfer,,1,0.0,1,15
AZ-2024-001952,Betrug,2023-11-17,00:46,Ginnheim,50.035207,8.691355,Jähnallee,Mittel,Abgeschlossen,Notruf,2024-09-02,2,14135.89,3,7
AZ-2025-001953,Erpressung,2023-02-28,17:14,Nieder-Erlenbach,50.087062,8.61745,Misicherplatz,Hoch,Ermittlung läuft,Zeuge,,3,14202.78,4,6
AZ-2024-001954,Drogendelikt,2025-04-23,14:57,Bahnhofsviertel,50.084755,8.558407,Hornigstr.,Dringend,Ermittlung läuft,Notruf,,3,0.0,4,10
AZ-2024-001955,Computerbetrug,2025-10-03,03:05,Seckbach,50.092599,8.587159,Helena-Plath-Platz,Dringend,Abgeschlossen,Opfer,2026-04-09,3,0.0,0,1
AZ-2024-001956,Drogendelikt,2025-06-17,06:37,Nieder-Erlenbach,50.144557,8.516182,Seidelstraße,Hoch,Gerichtlich,Opfer,2025-07-02,2,35175.29,3,7
AZ-2025-001957,Urkundenfälschung,2023-02-07,21:12,Nordend-Ost,50.104123,8.654765,Irmtrud-Otto-Gasse,Mittel,Ermittlung läuft,Notruf,,1,27375.3,5,4
AZ-2024-001958,Raub,2023-01-26,03:09,Ginnheim,50.025364,8.784891,Leyla-Sauer-Allee,Niedrig,Ermittlung läuft,Zeuge,,3,0.0,0,1
AZ-2023-001959,Einbruchdiebstahl,2024-03-03,18:54,Nied,50.097485,8.642701,Reza-Lehmann-Ring,Dringend,Abgeschlossen,Zeuge,2025-01-27,4,0.0,1,9
AZ-2023-001960,Raub,2024-05-24,16:14,Ginnheim,50.019949,8.662326,Barthplatz,Mittel,Eingestellt,Anonym,2024-06-30,3,11301.27,0,15
AZ-2024-001961,Urkundenfälschung,2024-07-23,03:28,Niederursel,50.188119,8.607391,Schäferweg,Dringend,Gerichtlich,Opfer,2025-05-15,4,17961.31,4,12
AZ-2023-001962,Betrug,2023-11-18,04:21,Westend-Süd,50.155038,8.679242,Rebecca-Metz-Gasse,Mittel,Ermittlung läuft,Opfer,,1,0.0,2,1
AZ-2025-001963,Erpressung,2025-02-01,12:47,Bonames,50.048201,8.497851,Junitzweg,Niedrig,Abgeschlossen,Patrouille,2025-04-01,1,42542.03,1,0
AZ-2023-001964,Erpressung,2024-11-20,02:26,Bockenheim,50.142735,8.73474,Irmela-Wagner-Gasse,Mittel,Abgeschlossen,Notruf,2024-12-19,3,24295.71,4,1
AZ-2025-001965,Urkundenfälschung,2025-02-20,06:26,Eschersheim,50.040296,8.600218,Ercan-Trapp-Straße,Hoch,Ermittlung läuft,Patrouille,,3,0.0,1,5
AZ-2025-001966,Körperverletzung,2024-06-15,22:35,Gallus,50.111604,8.746337,Casparstr.,Mittel,Ermittlung läuft,Notruf,,2,15010.17,0,7
AZ-2025-001967,Urkundenfälschung,2023-05-31,03:58,Frankfurter Berg,50.04245,8.694725,Vogtallee,Niedrig,Abgeschlossen,Patrouille,2024-05-28,1,12426.82,4,13
AZ-2025-001968,Erpressung,2023-01-14,12:05,Nordend-West,50.096756,8.728664,Pius-Rogner-Straße,Niedrig,Ermittlung läuft,Zeuge,,2,42349.95,3,4
AZ-2023-001969,Sachbeschädigung,2024-09-14,23:31,Westend-Nord,50.135435,8.541345,Kristina-Geißler-Ring,Hoch,Abgeschlossen,Zeuge,2025-06-30,3,0.0,0,3
AZ-2025-001970,Bedrohung,2023-08-16,17:40,Nordend-West,50.016747,8.794514,Gotthilf-Fiebig-Platz,Mittel,Ermittlung läuft,Opfer,,3,22246.71,4,0
AZ-2023-001971,Urkundenfälschung,2024-09-26,09:28,Niederursel,50.080009,8.472447,Siegfried-Jäntsch-Ring,Dringend,Ermittlung läuft,Notruf,,1,0.0,4,14
AZ-2024-001972,Raub,2024-03-11,02:01,Berkersheim,50.062282,8.736775,Hövelweg,Dringend,Ermittlung läuft,Opfer,,2,33069.62,3,8
AZ-2024-001973,Einbruchdiebstahl,2023-04-22,14:46,Zeilsheim,50.055047,8.753375,Erik-Eigenwillig-Platz,Dringend,Ermittlung läuft,Zeuge,,2,0.0,0,7
AZ-2023-001974,Diebstahl,2025-03-16,23:39,Dornbusch,50.048448,8.678664,Elzbieta-Wieloch-Ring,Dringend,Ermittlung läuft,Zeuge,,2,0.0,3,11
AZ-2023-001975,Körperverletzung,2024-04-23,02:44,Fechenheim,50.077583,8.775551,Valentin-Oestrovsky-Straße,Niedrig,Abgeschlossen,Zeuge,2024-05-23,1,30128.04,5,10
AZ-2024-001976,Diebstahl,2024-08-27,13:50,Berkersheim,50.072981,8.601942,Editha-Nohlmans-Platz,Niedrig,Ermittlung läuft,Patrouille,,4,0.0,4,12
AZ-2025-001977,Einbruchdiebstahl,2025-08-08,19:19,Nieder-Erlenbach,50.154482,8.680657,Dajana-Sorgatz-Straße,Hoch,Eingestellt,Anonym,2026-02-24,1,44909.15,1,12
AZ-2024-001978,Verkehrsdelikt,2023-08-07,00:03,Westend-Nord,50.158628,8.473289,Langestraße,Mittel,Gerichtlich,Notruf,2024-04-03,3,15497.12,1,6
AZ-2025-001979,Bedrohung,2023-03-17,14:33,Nordend-Ost,50.182684,8.496234,Dorothe-Schinke-Gasse,Dringend,Ermittlung läuft,Zeuge,,1,0.0,0,5
AZ-2025-001980,Drogendelikt,2023-07-10,08:18,Eckenheim,50.185066,8.73773,Raphaela-Rogge-Ring,Dringend,Ermittlung läuft,Patrouille,,2,0.0,5,9
AZ-2024-001981,Urkundenfälschung,2025-04-13,22:59,Nordend-Ost,50.184222,8.54705,Benjamin-Gorlitz-Platz,Niedrig,Ermittlung läuft,Opfer,,2,45343.58,0,9
AZ-2025-001982,Erpressung,2024-01-04,12:40,Ostend,50.0536,8.598581,Genoveva-Keudel-Gasse,Dringend,Abgeschlossen,Notruf,2024-07-07,2,0.0,3,6
AZ-2023-001983,Urkundenfälschung,2024-09-13,13:44,Sachsenhausen-Nord,50.106182,8.707391,Monja-Beckmann-Allee,Hoch,Gerichtlich,Anonym,2025-02-06,4,48487.45,1,4
AZ-2023-001984,Einbruchdiebstahl,2025-09-08,21:51,Nordend-West,50.096582,8.502336,Kabusgasse,Mittel,Ermittlung läuft,Zeuge,,4,19525.85,0,13
AZ-2024-001985,Erpressung,2023-01-13,11:23,Eschersheim,50.100984,8.547111,Elmar-Lindau-Platz,Mittel,Abgeschlossen,Zeuge,2023-03-12,1,16950.06,3,6
AZ-2024-001986,Diebstahl,2025-01-29,08:25,Seckbach,50.052553,8.66635,Gudrun-Hölzenbecher-Weg,Niedrig,Ermittlung läuft,Patrouille,,3,245.13,1,7
AZ-2025-001987,Erpressung,2024-05-28,21:08,Fechenheim,50.145374,8.795265,Waltraud-Meyer-Allee,Mittel,Abgeschlossen,Patrouille,2024-07-24,3,0.0,5,1
AZ-2023-001988,Beleidigung,2024-11-05,00:39,Nordend-West,50.192284,8.474325,Beiergasse,Niedrig,Gerichtlich,Zeuge,2025-05-30,3,20763.91,4,14
AZ-2023-001989,Diebstahl,2024-01-30,17:16,Nordend-West,50.127824,8.498863,Junitzring,Niedrig,Eingestellt,Anonym,2024-12-21,2,9660.87,2,12
AZ-2025-001990,Hausfriedensbruch,2023-04-15,21:43,Gallus,50.168486,8.628807,Börnerallee,Mittel,Gerichtlich,Zeuge,2024-02-03,1,0.0,2,3
AZ-2024-001991,Raub,2025-10-08,21:56,Höchst,50.185764,8.552364,Rognergasse,Dringend,Gerichtlich,Zeuge,2026-06-10,2,0.0,0,4
AZ-2024-001992,Körperverletzung,2023-10-14,00:26,Fechenheim,50.02969,8.710533,Mudeplatz,Dringend,Ermittlung läuft,Notruf,,1,31368.92,5,7
AZ-2024-001993,Unterschlagung,2023-03-01,04:12,Hausen,50.13925,8.615127,Henriette-Höfig-Ring,Mittel,Abgeschlossen,Patrouille,2023-05-06,1,23122.07,2,0
AZ-2025-001994,Betrug,2024-05-14,04:14,Rödelheim,50.02719,8.659473,Pruschkeplatz,Hoch,Eingestellt,Opfer,2025-04-27,2,31753.23,3,14
AZ-2025-001995,Raub,2023-07-28,05:24,Riederwald,50.097997,8.557292,Eleonore-Bohlander-Gasse,Mittel,Eingestellt,Opfer,2023-12-05,3,0.0,4,13
AZ-2024-001996,Urkundenfälschung,2024-06-10,08:19,Frankfurter Berg,50.151822,8.553447,Yilmaz-Ullrich-Allee,Dringend,Abgeschlossen,Anonym,2024-11-06,1,44189.69,0,9
AZ-2025-001997,Verkehrsdelikt,2024-03-31,07:02,Eschersheim,50.1239,8.642474,Loosstr.,Dringend,Abgeschlossen,Zeuge,2024-04-19,3,17386.0,5,1
AZ-2023-001998,Betrug,2025-03-06,22:56,Riederwald,50.101667,8.629082,Heserstr.,Hoch,Ermittlung läuft,Anonym,,1,790.57,5,8
AZ-2024-001999,Bedrohung,2025-03-10,07:29,Fechenheim,50.089242,8.762714,Ehlertstr.,Niedrig,Ermittlung läuft,Opfer,,2,0.0,4,9
AZ-2025-002000,Erpressung,2023-05-29,17:50,Riederwald,50.127048,8.585062,Pölitzweg,Dringend,Ermittlung läuft,Notruf,,2,48508.57,4,6
AZ-2024-002001,Bedrohung,2025-01-05,15:54,Sachsenhausen-Nord,50.027141,8.787428,Nohlmansallee,Dringend,Abgeschlossen,Patrouille,2025-07-08,1,0.0,3,6
AZ-2024-002002,Beleidigung,2025-03-12,14:00,Preungesheim,50.109987,8.520681,Regina-Schmidt-Platz,Dringend,Ermittlung läuft,Notruf,,1,0.0,2,9
AZ-2023-002003,Diebstahl,2023-11-25,06:13,Fechenheim,50.017594,8.486091,Gudegasse,Mittel,Ermittlung läuft,Anonym,,2,49711.31,4,4
AZ-2025-002004,Bedrohung,2025-11-13,14:14,Nied,50.158887,8.484895,Andreas-Mohaupt-Allee,Mittel,Gerichtlich,Zeuge,2026-02-15,2,11476.39,3,11
AZ-2025-002005,Verkehrsdelikt,2024-08-18,17:22,Westend-Nord,50.01548,8.515865,Jessica-Hänel-Weg,Niedrig,Ermittlung läuft,Anonym,,3,0.0,3,8
AZ-2025-002006,Drogendelikt,2023-05-23,13:43,Griesheim,50.125353,8.613001,Lehmanngasse,Hoch,Abgeschlossen,Zeuge,2024-02-04,2,36533.11,2,10
AZ-2025-002007,Körperverletzung,2023-07-07,21:45,Bahnhofsviertel,50.187259,8.762281,Killerstr.,Hoch,Ermittlung läuft,Anonym,,3,6441.07,1,6
AZ-2023-002008,Bedrohung,2023-04-08,00:13,Bahnhofsviertel,50.039235,8.550926,Aleksandar-Schwital-Platz,Mittel,Abgeschlossen,Zeuge,2023-12-02,2,34140.14,5,8
AZ-2023-002009,Computerbetrug,2024-02-09,14:21,Nieder-Eschbach,50.035651,8.614594,Hermighausenallee,Niedrig,Eingestellt,Anonym,2024-12-06,1,35473.21,1,3
AZ-2023-002010,Sachbeschädigung,2025-05-14,13:39,Dornbusch,50.115467,8.710418,Leopold-Jacob-Weg,Mittel,Ermittlung läuft,Zeuge,,3,45494.08,0,0
AZ-2024-002011,Einbruchdiebstahl,2025-03-08,03:27,Kalbach-Riedberg,50.119451,8.473405,Wilmsgasse,Hoch,Ermittlung läuft,Anonym,,1,0.0,5,3
AZ-2025-002012,Diebstahl,2025-09-30,13:19,Sachsenhausen-Süd,50.185167,8.744284,Heide-Marie-Kade-Ring,Mittel,Ermittlung läuft,Patrouille,,1,0.0,0,10
AZ-2023-002013,Bedrohung,2023-02-07,20:39,Höchst,50.125749,8.792858,Ullrichstr.,Mittel,Gerichtlich,Zeuge,2023-09-10,3,35417.41,2,5
AZ-2024-002014,Unterschlagung,2024-05-15,22:10,Westend-Süd,50.157773,8.653277,Marlene-Gertz-Platz,Mittel,Ermittlung läuft,Notruf,,4,11750.58,2,1
AZ-2025-002015,Raub,2024-09-18,15:25,Gallus,50.076175,8.75748,Kambsweg,Niedrig,Ermittlung läuft,Zeuge,,1,0.0,2,5
AZ-2025-002016,Betrug,2024-10-26,10:32,Harheim,50.098341,8.702953,Mühleallee,Dringend,Abgeschlossen,Zeuge,2025-02-02,2,0.0,3,8
AZ-2025-002017,Diebstahl,2023-02-08,07:01,Kalbach-Riedberg,50.188491,8.735168,Freia-Ernst-Straße,Dringend,Ermittlung läuft,Zeuge,,4,0.0,2,4
AZ-2025-002018,Bedrohung,2023-12-31,19:57,Ginnheim,50.18731,8.57974,Erika-Mies-Weg,Hoch,Ermittlung läuft,Anonym,,2,0.0,5,11
AZ-2025-002019,Sachbeschädigung,2025-04-13,14:20,Nordend-Ost,50.124308,8.751649,Misicherallee,Dringend,Abgeschlossen,Anonym,2026-02-20,2,0.0,2,10
AZ-2023-002020,Drogendelikt,2025-08-15,13:09,Nordend-Ost,50.073525,8.756698,Weimergasse,Niedrig,Abgeschlossen,Anonym,2025-12-28,3,28522.01,0,3
AZ-2025-002021,Unterschlagung,2024-12-14,21:59,Berkersheim,50.035931,8.539275,Rosemannweg,Dringend,Gerichtlich,Zeuge,2025-03-23,1,9787.88,3,13
AZ-2023-002022,Beleidigung,2023-05-25,04:42,Rödelheim,50.174862,8.664441,Röhrichtstr.,Dringend,Abgeschlossen,Patrouille,2024-03-22,4,37023.68,5,7
AZ-2025-002023,Drogendelikt,2025-09-08,18:56,Eckenheim,50.037796,8.506483,Hartmuth-Rust-Allee,Niedrig,Eingestellt,Opfer,2026-07-16,2,24287.5,4,11
AZ-2025-002024,Körperverletzung,2023-10-26,16:23,Sossenheim,50.16994,8.639969,Klappgasse,Hoch,Abgeschlossen,Opfer,2024-08-15,4,12135.64,5,0
AZ-2024-002025,Raub,2023-01-09,15:15,Dornbusch,50.125786,8.793511,Karl-Jürgen-Becker-Ring,Dringend,Abgeschlossen,Patrouille,2023-06-10,3,0.0,0,14
AZ-2024-002026,Beleidigung,2025-04-05,18:57,Eckenheim,50.039379,8.682002,Schomberstr.,Mittel,Eingestellt,Patrouille,2025-11-16,4,49675.72,0,12
AZ-2025-002027,Unterschlagung,2023-03-05,23:16,Griesheim,50.119353,8.77363,Centa-auch Schlauchin-Straße,Hoch,Ermittlung läuft,Anonym,,1,30298.5,4,13
AZ-2024-002028,Drogendelikt,2025-01-15,16:54,Schwanheim,50.106329,8.545134,Diane-Drub-Ring,Niedrig,Ermittlung läuft,Notruf,,4,49799.87,1,9
AZ-2025-002029,Computerbetrug,2023-03-21,15:53,Nordend-Ost,50.025222,8.617257,Tröstgasse,Dringend,Gerichtlich,Notruf,2023-07-13,4,0.0,5,6
AZ-2025-002030,Betrug,2024-10-09,21:01,Berkersheim,50.103547,8.647349,Lehmanngasse,Mittel,Abgeschlossen,Opfer,2024-10-17,2,25052.47,2,0
AZ-2025-002031,Urkundenfälschung,2024-04-28,06:26,Eckenheim,50.076212,8.784891,Hellwigring,Niedrig,Abgeschlossen,Opfer,2025-03-10,2,0.0,1,12
AZ-2024-002032,Erpressung,2024-10-07,06:10,Ostend,50.139984,8.705187,Jacobi Jäckelplatz,Dringend,Abgeschlossen,Opfer,2025-03-23,3,2681.51,1,4
AZ-2025-002033,Sachbeschädigung,2024-05-18,08:30,Bahnhofsviertel,50.091299,8.672859,Gertzgasse,Hoch,Abgeschlossen,Patrouille,2024-10-21,3,22574.23,0,4
AZ-2024-002034,Hausfriedensbruch,2023-03-17,01:26,Dornbusch,50.060266,8.535816,Ziegertgasse,Hoch,Ermittlung läuft,Anonym,,3,39959.77,0,5
AZ-2023-002035,Verkehrsdelikt,2023-08-09,17:36,Frankfurter Berg,50.134281,8.502584,Sigrid-Davids-Straße,Niedrig,Ermittlung läuft,Notruf,,3,0.0,5,12
AZ-2023-002036,Raub,2023-07-31,04:10,Frankfurter Berg,50.131839,8.687239,Luisa-Nette-Weg,Dringend,Eingestellt,Patrouille,2024-05-10,3,34748.73,1,0
AZ-2023-002037,Drogendelikt,2024-06-09,11:23,Westend-Süd,50.184124,8.662447,Hans-Hermann-Karge-Straße,Mittel,Ermittlung läuft,Patrouille,,4,0.0,3,15
AZ-2025-002038,Erpressung,2024-09-30,06:14,Nieder-Eschbach,50.08879,8.795462,Wulfring,Niedrig,Abgeschlossen,Patrouille,2025-06-13,4,0.0,4,5
AZ-2024-002039,Hausfriedensbruch,2024-05-15,12:36,Sachsenhausen-Nord,50.133924,8.740834,Krystyna-Dippel-Weg,Niedrig,Ermittlung läuft,Opfer,,2,0.0,4,14
AZ-2024-002040,Beleidigung,2025-02-06,10:43,Bahnhofsviertel,50.033753,8.725629,Harm-Ullrich-Gasse,Dringend,Ermittlung läuft,Zeuge,,1,33910.76,1,1
AZ-2025-002041,Verkehrsdelikt,2023-04-25,06:37,Unterliederbach,50.070681,8.482878,Kraushaarweg,Mittel,Eingestellt,Zeuge,2023-09-08,4,0.0,0,6
AZ-2025-002042,Erpressung,2024-05-01,21:52,Westend-Nord,50.147245,8.752495,Adam-Jockel-Gasse,Mittel,Ermittlung läuft,Anonym,,4,30470.01,0,0
AZ-2025-002043,Betrug,2024-11-21,07:01,Westend-Süd,50.046201,8.609072,Meinhard-Mosemann-Gasse,Mittel,Abgeschlossen,Anonym,2025-02-17,2,22223.57,2,5
AZ-2025-002044,Hausfriedensbruch,2025-07-18,01:20,Kalbach-Riedberg,50.115739,8.633047,Anne-Kathrin-Wilms-Allee,Dringend,Ermittlung läuft,Opfer,,2,0.0,1,4
AZ-2023-002045,Drogendelikt,2023-11-22,22:42,Nordend-West,50.149512,8.48046,Barkholzstr.,Niedrig,Abgeschlossen,Patrouille,2024-11-18,3,20954.31,4,10
AZ-2025-002046,Computerbetrug,2023-10-09,23:56,Höchst,50.088503,8.749043,Schwitalplatz,Niedrig,Ermittlung läuft,Notruf,,3,34738.72,2,10
AZ-2024-002047,Unterschlagung,2023-12-29,11:29,Nied,50.11402,8.69992,Guteplatz,Hoch,Ermittlung läuft,Zeuge,,4,0.0,5,8
AZ-2025-002048,Unterschlagung,2025-05-03,10:30,Riederwald,50.193921,8.500343,Hofmannstr.,Dringend,Abgeschlossen,Opfer,2025-06-06,3,0.0,4,1
AZ-2024-002049,Körperverletzung,2023-10-07,16:50,Berkersheim,50.138663,8.495354,Wirthstraße,Dringend,Gerichtlich,Zeuge,2024-05-06,1,43284.34,0,13
AZ-2023-002050,Bedrohung,2023-03-10,10:24,Gallus,50.112695,8.475468,Jörn-Fischer-Platz,Dringend,Abgeschlossen,Notruf,2023-10-06,3,48470.71,4,11
AZ-2023-002051,Unterschlagung,2023-05-12,04:29,Praunheim,50.176562,8.760678,Drewesgasse,Hoch,Abgeschlossen,Opfer,2023-08-24,3,13502.85,3,0
AZ-2023-002052,Unterschlagung,2023-06-23,18:38,Harheim,50.126025,8.69534,Harro-Riehl-Ring,Dringend,Ermittlung läuft,Zeuge,,1,34606.96,5,12
AZ-2024-002053,Computerbetrug,2025-09-22,03:23,Westend-Süd,50.101317,8.684827,Hillerplatz,Hoch,Ermittlung läuft,Zeuge,,3,0.0,3,11
AZ-2025-002054,Diebstahl,2025-06-25,19:24,Nordend-West,50.131661,8.568324,Ruppersbergerplatz,Hoch,Abgeschlossen,Zeuge,2025-09-17,1,0.0,4,0
AZ-2023-002055,Bedrohung,2023-04-15,21:30,Bonames,50.034104,8.654128,Christos-Jockel-Weg,Mittel,Ermittlung läuft,Zeuge,,3,0.0,2,9
AZ-2023-002056,Körperverletzung,2025-08-27,05:43,Bockenheim,50.056336,8.695918,Reuterstraße,Niedrig,Eingestellt,Opfer,2026-07-20,4,31218.51,4,15
AZ-2023-002057,Computerbetrug,2024-07-04,20:29,Frankfurter Berg,50.13445,8.779359,Folkert-Baum-Straße,Dringend,Abgeschlossen,Patrouille,2025-06-10,4,12720.25,1,11
AZ-2023-002058,Einbruchdiebstahl,2023-11-06,12:42,Sachsenhausen-Süd,50.152439,8.556596,Ehrenfried-Kraus-Gasse,Niedrig,Abgeschlossen,Notruf,2024-09-23,3,0.0,5,6
AZ-2023-002059,Verkehrsdelikt,2025-06-21,09:02,Gallus,50.168142,8.502476,Slawomir-Krein-Platz,Mittel,Gerichtlich,Notruf,2026-06-11,4,19773.48,4,14
AZ-2024-002060,Raub,2025-02-15,17:07,Nieder-Erlenbach,50.153082,8.473574,Schmiedtring,Dringend,Abgeschlossen,Zeuge,2025-09-02,4,32864.96,2,9
AZ-2023-002061,Sachbeschädigung,2025-03-11,16:32,Sossenheim,50.064117,8.672826,Kadeallee,Hoch,Ermittlung läuft,Anonym,,4,0.0,5,1
AZ-2024-002062,Sachbeschädigung,2024-12-29,14:16,Harheim,50.019826,8.674442,Ingried-Werner-Allee,Mittel,Ermittlung läuft,Patrouille,,3,15866.9,3,3
AZ-2025-002063,Einbruchdiebstahl,2023-07-19,03:05,Westend-Nord,50.178988,8.64193,Yasmin-Wende-Straße,Dringend,Abgeschlossen,Notruf,2023-08-24,3,40925.32,0,7
AZ-2025-002064,Bedrohung,2025-01-01,18:26,Sindlingen,50.134882,8.489159,Dogan-Thanel-Straße,Mittel,Ermittlung läuft,Patrouille,,1,1994.16,1,4
AZ-2023-002065,Raub,2025-05-07,08:09,Bornheim,50.189205,8.634472,Ulrich-Jessel-Allee,Hoch,Ermittlung läuft,Patrouille,,2,25852.08,3,3
AZ-2025-002066,Unterschlagung,2023-10-16,02:54,Seckbach,50.099686,8.696053,Möchlichenplatz,Hoch,Eingestellt,Notruf,2024-03-15,3,14734.37,4,7
AZ-2023-002067,Einbruchdiebstahl,2025-07-22,03:30,Bockenheim,50.137795,8.795627,Friedrich-Schmiedt-Ring,Dringend,Abgeschlossen,Zeuge,2025-12-05,4,0.0,2,1
AZ-2024-002068,Erpressung,2024-07-09,11:51,Zeilsheim,50.164792,8.531345,Kreinplatz,Dringend,Ermittlung läuft,Anonym,,4,16532.14,2,10
AZ-2025-002069,Hausfriedensbruch,2024-06-12,14:48,Ostend,50.027469,8.563064,Zirmeallee,Mittel,Ermittlung läuft,Anonym,,2,44526.06,0,10
AZ-2023-002070,Einbruchdiebstahl,2025-06-09,05:44,Bergen-Enkheim,50.193388,8.796022,Metzstraße,Dringend,Abgeschlossen,Opfer,2026-05-21,1,0.0,2,9
AZ-2023-002071,Hausfriedensbruch,2024-08-26,15:38,Höchst,50.144378,8.691458,Carmelo-Mülichen-Gasse,Niedrig,Ermittlung läuft,Patrouille,,4,20103.14,5,4
AZ-2023-002072,Computerbetrug,2024-05-06,01:51,Nieder-Erlenbach,50.090399,8.673159,Naserstraße,Hoch,Abgeschlossen,Opfer,2025-04-14,1,6565.98,1,14
AZ-2025-002073,Bedrohung,2024-09-05,07:15,Bockenheim,50.165659,8.786953,Karl-Werner-Wilmsen-Ring,Dringend,Ermittlung läuft,Zeuge,,4,8097.55,2,14
AZ-2025-002074,Diebstahl,2024-12-22,13:12,Kalbach-Riedberg,50.038411,8.497091,Anastasia-Dobes-Straße,Dringend,Eingestellt,Anonym,2025-02-20,2,24413.5,0,12
AZ-2025-002075,Drogendelikt,2025-05-02,02:20,Eckenheim,50.077409,8.754659,Massimo-Röhricht-Allee,Dringend,Abgeschlossen,Opfer,2025-10-08,3,35432.54,2,2
AZ-2023-002076,Hausfriedensbruch,2023-02-28,05:40,Westend-Nord,50.109006,8.583057,Ljiljana-Jacobi Jäckel-Weg,Dringend,Eingestellt,Notruf,2024-02-18,1,15804.94,4,8
AZ-2023-002077,Bedrohung,2025-03-09,18:59,Sossenheim,50.152012,8.529598,Kühnertstr.,Hoch,Abgeschlossen,Notruf,2025-12-10,1,2222.8,0,7
AZ-2023-002078,Bedrohung,2023-12-10,19:34,Sachsenhausen-Süd,50.031411,8.712616,Henckstr.,Mittel,Abgeschlossen,Zeuge,2024-08-08,2,47232.26,4,13
AZ-2025-002079,Beleidigung,2024-08-23,04:50,Kalbach-Riedberg,50.113125,8.516668,Berta-Freudenberger-Straße,Hoch,Abgeschlossen,Opfer,2025-05-03,4,0.0,3,12
AZ-2025-002080,Sachbeschädigung,2023-03-01,23:15,Zeilsheim,50.106047,8.771388,Bolzmannring,Hoch,Ermittlung läuft,Notruf,,1,362.66,1,7
AZ-2024-002081,Betrug,2024-03-30,08:40,Eckenheim,50.141762,8.629551,Margarete-Täsche-Weg,Mittel,Abgeschlossen,Opfer,2025-02-25,4,35691.85,0,1
AZ-2023-002082,Betrug,2024-06-05,10:13,Griesheim,50.079162,8.663556,Ziegertstraße,Dringend,Ermittlung läuft,Opfer,,2,0.0,2,14
AZ-2024-002083,Raub,2023-02-16,09:45,Sachsenhausen-Nord,50.060823,8.722363,Ringweg,Hoch,Ermittlung läuft,Patrouille,,4,36322.26,5,7
AZ-2025-002084,Computerbetrug,2025-07-10,14:41,Harheim,50.033767,8.608307,Hajo-Spieß-Allee,Niedrig,Ermittlung läuft,Patrouille,,4,43211.34,3,14
AZ-2025-002085,Beleidigung,2024-04-21,16:25,Niederursel,50.08342,8.475332,Joanna-Trub-Weg,Hoch,Eingestellt,Notruf,2024-10-20,4,10361.45,5,5
AZ-2025-002086,Verkehrsdelikt,2023-05-25,22:10,Sindlingen,50.123412,8.587538,Drewesstr.,Niedrig,Ermittlung läuft,Zeuge,,4,11957.6,4,8
AZ-2024-002087,Drogendelikt,2024-10-02,18:53,Bahnhofsviertel,50.1876,8.610333,Junkstr.,Niedrig,Abgeschlossen,Anonym,2025-02-28,3,0.0,0,4
AZ-2025-002088,Unterschlagung,2023-04-07,07:55,Hausen,50.107097,8.699569,Marie-Martin-Platz,Dringend,Gerichtlich,Zeuge,2024-02-02,4,0.0,1,7
AZ-2023-002089,Unterschlagung,2024-12-29,13:35,Westend-Nord,50.175397,8.651782,Lachmanngasse,Niedrig,Abgeschlossen,Zeuge,2025-06-18,3,10335.3,2,6
AZ-2025-002090,Urkundenfälschung,2024-10-29,12:29,Sachsenhausen-Süd,50.12946,8.619551,Heide-Schenk-Straße,Dringend,Ermittlung läuft,Zeuge,,3,18290.72,3,11
AZ-2024-002091,Erpressung,2025-08-05,22:58,Nieder-Eschbach,50.078622,8.634241,Oderwaldweg,Hoch,Abgeschlossen,Patrouille,2026-01-10,1,16210.51,5,7
AZ-2024-002092,Hausfriedensbruch,2025-03-03,04:36,Bonames,50.09476,8.570519,Dimitrios-Harloff-Platz,Niedrig,Abgeschlossen,Anonym,2025-04-21,2,47102.99,5,10
AZ-2025-002093,Urkundenfälschung,2023-09-26,23:54,Sindlingen,50.040814,8.778033,Kathy-Finke-Allee,Mittel,Abgeschlossen,Zeuge,2024-04-07,4,4814.03,0,5
AZ-2023-002094,Urkundenfälschung,2023-07-09,09:53,Sachsenhausen-Nord,50.068171,8.569039,Torsten-Reichmann-Ring,Mittel,Gerichtlich,Zeuge,2024-03-23,2,19285.86,4,8
AZ-2025-002095,Raub,2025-08-06,06:01,Gallus,50.040469,8.783951,Schmiedtstr.,Mittel,Abgeschlossen,Opfer,2026-05-20,1,36891.33,2,9
AZ-2024-002096,Beleidigung,2023-01-20,23:44,Rödelheim,50.05105,8.725512,Gunpfplatz,Niedrig,Ermittlung läuft,Anonym,,3,0.0,5,2
AZ-2025-002097,Diebstahl,2023-03-21,11:45,Bergen-Enkheim,50.078645,8.659509,Jacobstr.,Niedrig,Eingestellt,Patrouille,2023-06-20,4,12644.03,1,7
AZ-2023-002098,Urkundenfälschung,2023-11-12,10:19,Ostend,50.114664,8.666945,Lübsweg,Hoch,Abgeschlossen,Opfer,2024-01-02,3,35502.62,3,2
AZ-2024-002099,Unterschlagung,2024-02-18,06:38,Sindlingen,50.092833,8.529695,Cichoriusstr.,Dringend,Eingestellt,Zeuge,2025-01-09,2,14517.71,1,3
AZ-2025-002100,Körperverletzung,2023-08-27,04:01,Griesheim,50.030536,8.700224,Eleonora-Pergande-Straße,Mittel,Eingestellt,Zeuge,2024-07-16,1,0.0,2,1
AZ-2025-002101,Drogendelikt,2023-11-30,19:33,Westend-Nord,50.11509,8.68347,Monica-Hornig-Gasse,Dringend,Gerichtlich,Patrouille,2024-01-01,3,0.0,0,3
AZ-2025-002102,Computerbetrug,2023-03-15,16:09,Harheim,50.054052,8.577266,Rognergasse,Mittel,Ermittlung läuft,Zeuge,,4,11675.23,3,12
AZ-2023-002103,Computerbetrug,2025-09-28,01:19,Nordend-West,50.193292,8.770901,Hulda-Römer-Ring,Mittel,Gerichtlich,Anonym,2026-09-26,1,44392.83,3,9
AZ-2023-002104,Urkundenfälschung,2023-03-15,10:52,Sachsenhausen-Süd,50.058052,8.53955,Natascha-Holzapfel-Gasse,Mittel,Eingestellt,Patrouille,2023-05-18,3,21492.87,3,2
AZ-2024-002105,Urkundenfälschung,2024-06-08,16:30,Sindlingen,50.025446,8.706703,Steve-Tintzmann-Weg,Mittel,Eingestellt,Patrouille,2024-12-08,4,0.0,0,12
AZ-2025-002106,Körperverletzung,2024-03-03,03:25,Sossenheim,50.050252,8.635168,Schomberring,Niedrig,Ermittlung läuft,Zeuge,,3,34501.33,3,0
AZ-2024-002107,Diebstahl,2024-01-20,18:39,Fechenheim,50.153868,8.49182,Lachmannstraße,Niedrig,Ermittlung läuft,Patrouille,,3,29859.8,3,12
AZ-2024-002108,Körperverletzung,2024-05-17,22:08,Innenstadt,50.054276,8.623278,Ritterplatz,Hoch,Gerichtlich,Anonym,2024-09-27,1,28999.89,0,8
AZ-2024-002109,Raub,2023-04-10,17:26,Innenstadt,50.047869,8.569824,William-Etzold-Platz,Dringend,Ermittlung läuft,Patrouille,,3,27085.57,4,6
AZ-2023-002110,Betrug,2023-12-17,07:29,Schwanheim,50.146798,8.747759,Klingelhöferallee,Hoch,Ermittlung läuft,Anonym,,2,27520.48,2,8
AZ-2024-002111,Urkundenfälschung,2024-12-30,10:55,Nieder-Eschbach,50.126637,8.5095,Fliegnerring,Niedrig,Ermittlung läuft,Opfer,,3,8254.66,1,13
AZ-2025-002112,Sachbeschädigung,2025-10-12,17:35,Nieder-Eschbach,50.142878,8.536108,Franz-Atzler-Gasse,Mittel,Gerichtlich,Opfer,2026-07-26,1,0.0,5,7
AZ-2025-002113,Drogendelikt,2025-04-22,08:28,Niederursel,50.071016,8.610118,Friedrich-Ullmann-Straße,Dringend,Ermittlung läuft,Patrouille,,1,24554.69,0,4
AZ-2024-002114,Verkehrsdelikt,2023-03-21,12:14,Nieder-Eschbach,50.074925,8.764006,Ernstgasse,Dringend,Ermittlung läuft,Zeuge,,1,0.0,4,9
AZ-2024-002115,Verkehrsdelikt,2023-01-10,16:06,Nordend-West,50.154726,8.555004,Franca-Liebelt-Straße,Mittel,Ermittlung läuft,Anonym,,1,35566.96,5,12
AZ-2023-002116,Hausfriedensbruch,2023-05-21,02:26,Innenstadt,50.033356,8.598841,Scholzplatz,Dringend,Abgeschlossen,Zeuge,2023-07-27,1,8319.3,5,0
AZ-2023-002117,Bedrohung,2024-11-12,10:21,Praunheim,50.083235,8.587008,Pechelstraße,Dringend,Abgeschlossen,Anonym,2025-04-06,2,37652.98,1,15
AZ-2025-002118,Beleidigung,2025-07-14,02:17,Niederursel,50.067212,8.734169,Krausring,Hoch,Eingestellt,Patrouille,2025-10-30,3,17708.62,3,13
AZ-2023-002119,Verkehrsdelikt,2023-02-28,00:14,Bornheim,50.031689,8.785332,Hans-Gerd-Löffler-Weg,Mittel,Gerichtlich,Opfer,2023-04-20,4,23578.83,2,4
AZ-2025-002120,Sachbeschädigung,2023-07-22,20:54,Berkersheim,50.148874,8.735358,Cindy-Ortmann-Allee,Hoch,Abgeschlossen,Zeuge,2024-03-12,3,31549.04,0,6
AZ-2023-002121,Unterschlagung,2024-06-13,00:49,Bonames,50.030306,8.696014,Ingetraut-Otto-Ring,Niedrig,Abgeschlossen,Zeuge,2025-04-09,2,34658.67,2,0
AZ-2024-002122,Diebstahl,2024-05-07,08:52,Nied,50.116155,8.533933,Ritterstr.,Niedrig,Abgeschlossen,Notruf,2024-09-19,2,46397.63,2,10
AZ-2025-002123,Drogendelikt,2023-09-12,09:51,Riederwald,50.186838,8.555667,Beergasse,Dringend,Ermittlung läuft,Anonym,,3,0.0,0,15
AZ-2024-002124,Hausfriedensbruch,2024-12-25,13:08,Ostend,50.105088,8.789251,Tlustekring,Niedrig,Abgeschlossen,Notruf,2025-03-28,2,0.0,3,9
AZ-2025-002125,Sachbeschädigung,2024-10-15,18:11,Griesheim,50.136348,8.739686,Cläre-Nerger-Allee,Mittel,Ermittlung läuft,Notruf,,3,25719.35,3,2
AZ-2025-002126,Bedrohung,2023-04-05,01:05,Bornheim,50.115113,8.782269,Frieder-Vollbrecht-Allee,Hoch,Abgeschlossen,Patrouille,2023-12-06,4,3744.61,5,7
AZ-2023-002127,Beleidigung,2023-03-25,08:55,Ginnheim,50.069312,8.564444,Mohauptstr.,Mittel,Gerichtlich,Patrouille,2024-01-15,3,39358.77,4,6
AZ-2025-002128,Unterschlagung,2024-03-12,15:10,Schwanheim,50.14333,8.753898,Annegret-Schmidt-Gasse,Niedrig,Abgeschlossen,Opfer,2024-11-15,1,20727.8,2,12
AZ-2025-002129,Betrug,2024-07-14,20:29,Nieder-Erlenbach,50.032254,8.499154,Wigbert-Schuchhardt-Allee,Niedrig,Gerichtlich,Anonym,2025-03-19,4,33756.79,4,8
AZ-2023-002130,Körperverletzung,2023-05-30,23:59,Höchst,50.14599,8.511629,Hedi-Schulz-Weg,Hoch,Ermittlung läuft,Notruf,,3,0.0,5,2
AZ-2023-002131,Bedrohung,2023-07-31,18:54,Dornbusch,50.151485,8.622052,Schmidtkegasse,Hoch,Abgeschlossen,Notruf,2023-09-06,2,40666.65,5,10
AZ-2024-002132,Diebstahl,2024-01-14,07:31,Schwanheim,50.101913,8.567905,Reinhardtallee,Niedrig,Gerichtlich,Notruf,2024-12-28,1,17031.85,1,10
AZ-2023-002133,Drogendelikt,2023-07-14,05:05,Sachsenhausen-Süd,50.164096,8.652597,Walfried-Metz-Weg,Dringend,Eingestellt,Anonym,2024-04-30,1,33292.21,3,0
AZ-2025-002134,Beleidigung,2023-10-31,17:27,Griesheim,50.144406,8.538672,Ruppersbergerweg,Hoch,Ermittlung läuft,Notruf,,1,20125.55,5,4
AZ-2025-002135,Erpressung,2023-08-11,22:00,Altstadt,50.137916,8.716368,Linkering,Niedrig,Eingestellt,Notruf,2023-11-22,1,24370.91,0,13
AZ-2025-002136,Hausfriedensbruch,2025-06-09,18:14,Bahnhofsviertel,50.104768,8.747734,Hoffmannplatz,Mittel,Ermittlung läuft,Patrouille,,3,33619.33,5,13
AZ-2024-002137,Diebstahl,2025-10-04,23:19,Höchst,50.183097,8.529729,Henrike-Schenk-Allee,Dringend,Abgeschlossen,Patrouille,2026-05-08,3,19748.38,3,4
AZ-2023-002138,Unterschlagung,2025-05-24,15:25,Sossenheim,50.064712,8.72568,Vogtallee,Niedrig,Ermittlung läuft,Notruf,,3,28869.74,0,1
AZ-2024-002139,Erpressung,2024-02-01,09:21,Bockenheim,50.025982,8.615488,Bolanderweg,Mittel,Eingestellt,Zeuge,2024-04-24,2,0.0,5,12
AZ-2025-002140,Hausfriedensbruch,2024-06-07,11:10,Altstadt,50.18644,8.545039,Sagerplatz,Niedrig,Gerichtlich,Notruf,2024-12-21,3,1961.12,3,7
AZ-2025-002141,Verkehrsdelikt,2024-11-17,02:27,Fechenheim,50.131513,8.561138,Gerlind-Hornich-Allee,Hoch,Abgeschlossen,Zeuge,2025-02-07,2,27899.0,3,0
AZ-2025-002142,Hausfriedensbruch,2023-05-07,23:51,Höchst,50.165891,8.540861,Kemal-Neureuther-Gasse,Mittel,Ermittlung läuft,Opfer,,2,11527.41,2,4
AZ-2024-002143,Betrug,2023-11-03,17:22,Rödelheim,50.1542,8.724815,Amalia-Buchholz-Ring,Mittel,Abgeschlossen,Notruf,2024-01-30,2,0.0,4,6
AZ-2023-002144,Unterschlagung,2023-07-28,01:14,Westend-Süd,50.163419,8.712538,Eigenwilligstr.,Hoch,Eingestellt,Opfer,2024-04-01,2,0.0,0,6
AZ-2025-002145,Beleidigung,2025-07-01,00:17,Ostend,50.05698,8.721826,Höfigallee,Mittel,Ermittlung läuft,Anonym,,3,31730.87,0,4
AZ-2024-002146,Körperverletzung,2025-01-07,20:31,Rödelheim,50.180946,8.560357,Austermühleweg,Hoch,Eingestellt,Zeuge,2025-11-30,4,28568.34,3,0
AZ-2023-002147,Raub,2025-03-01,09:23,Sachsenhausen-Nord,50.070289,8.710753,Dörte-Gertz-Weg,Dringend,Eingestellt,Anonym,2025-09-06,2,33435.86,3,9
AZ-2024-002148,Unterschlagung,2023-03-03,10:13,Seckbach,50.163303,8.537016,Gertraude-Matthäi-Ring,Hoch,Abgeschlossen,Anonym,2024-01-26,2,0.0,1,6
AZ-2023-002149,Beleidigung,2023-03-19,07:38,Nieder-Erlenbach,50.099375,8.772543,John-Zänker-Allee,Mittel,Abgeschlossen,Zeuge,2024-01-30,3,0.0,1,3
AZ-2023-002150,Beleidigung,2025-11-10,11:48,Bonames,50.090709,8.585306,Zdravko-Girschner-Weg,Niedrig,Abgeschlossen,Opfer,2026-10-28,3,0.0,3,13
AZ-2024-002151,Drogendelikt,2025-04-09,20:42,Dornbusch,50.131322,8.545195,Mohamed-Caspar-Platz,Dringend,Eingestellt,Zeuge,2025-11-08,3,28850.3,4,13
AZ-2025-002152,Raub,2024-05-20,04:35,Rödelheim,50.031025,8.711674,Maya-Oderwald-Straße,Mittel,Abgeschlossen,Patrouille,2025-04-07,2,19056.68,1,3
AZ-2025-002153,Beleidigung,2024-10-28,11:36,Griesheim,50.178358,8.616899,Hellwigweg,Dringend,Eingestellt,Opfer,2025-03-07,3,45847.69,2,0
AZ-2024-002154,Urkundenfälschung,2024-02-16,17:36,Bonames,50.156818,8.565807,van der Dussenweg,Hoch,Ermittlung läuft,Opfer,,1,25677.38,1,1
AZ-2023-002155,Drogendelikt,2023-04-20,04:47,Sindlingen,50.134194,8.713507,Heiko-Rust-Allee,Dringend,Eingestellt,Opfer,2023-05-05,2,19526.08,3,6
AZ-2023-002156,Erpressung,2024-01-16,05:46,Nieder-Eschbach,50.180262,8.620262,Blochweg,Niedrig,Ermittlung läuft,Notruf,,4,0.0,0,3
AZ-2025-002157,Verkehrsdelikt,2023-03-10,19:00,Innenstadt,50.108492,8.601996,Wendeallee,Mittel,Ermittlung läuft,Opfer,,4,46198.74,3,6
AZ-2023-002158,Urkundenfälschung,2025-08-18,16:22,Unterliederbach,50.1841,8.501968,Bernfried-Geisel-Straße,Niedrig,Abgeschlossen,Anonym,2026-07-13,2,45922.86,2,11
AZ-2024-002159,Drogendelikt,2023-08-09,00:18,Niederursel,50.103352,8.552991,Mülichenring,Hoch,Ermittlung läuft,Patrouille,,4,34433.31,1,14
AZ-2025-002160,Raub,2023-04-27,23:49,Innenstadt,50.038538,8.78143,Weinholdallee,Dringend,Eingestellt,Notruf,2023-10-17,3,4393.79,1,14
AZ-2023-002161,Verkehrsdelikt,2024-09-12,23:28,Sossenheim,50.11016,8.719198,Raik-Stoll-Allee,Hoch,Abgeschlossen,Opfer,2025-07-19,3,30311.51,3,10
AZ-2023-002162,Unterschlagung,2024-03-14,16:02,Hausen,50.149443,8.490945,Mühlering,Dringend,Ermittlung läuft,Patrouille,,4,47615.09,1,8
AZ-2023-002163,Körperverletzung,2024-03-31,09:49,Eckenheim,50.060204,8.60507,Annette-Lübs-Gasse,Mittel,Eingestellt,Zeuge,2024-10-07,3,41127.23,4,14
AZ-2024-002164,Drogendelikt,2023-05-11,00:33,Riederwald,50.074421,8.573792,Meisterstraße,Dringend,Abgeschlossen,Zeuge,2023-09-02,3,2929.91,3,12
AZ-2024-002165,Körperverletzung,2024-06-15,14:17,Nordend-West,50.037055,8.71527,Radischweg,Mittel,Abgeschlossen,Opfer,2025-04-16,1,2213.99,1,12
AZ-2025-002166,Hausfriedensbruch,2024-10-03,11:35,Frankfurter Berg,50.142972,8.702226,Eberhard-Reichmann-Allee,Niedrig,Eingestellt,Zeuge,2025-06-24,3,0.0,4,7
AZ-2023-002167,Körperverletzung,2024-03-16,06:23,Fechenheim,50.112885,8.706405,Löwerstr.,Mittel,Ermittlung läuft,Anonym,,3,16.19,0,5
AZ-2023-002168,Betrug,2024-11-24,15:12,Innenstadt,50.034067,8.759319,Kästerring,Hoch,Eingestellt,Patrouille,2024-12-06,4,0.0,4,2
AZ-2024-002169,Erpressung,2025-02-06,17:03,Seckbach,50.17958,8.737162,Dippelring,Niedrig,Ermittlung läuft,Opfer,,4,36201.17,0,11
AZ-2025-002170,Drogendelikt,2024-11-19,03:36,Rödelheim,50.161336,8.737863,Misicherallee,Dringend,Ermittlung läuft,Zeuge,,4,24622.76,3,0
AZ-2025-002171,Hausfriedensbruch,2023-01-24,20:19,Sachsenhausen-Süd,50.12254,8.538914,Jasmina-Steinberg-Weg,Hoch,Abgeschlossen,Zeuge,2023-04-16,4,35099.74,4,13
AZ-2024-002172,Erpressung,2023-06-21,04:37,Gallus,50.1613,8.496346,Annamaria-Kallert-Allee,Hoch,Ermittlung läuft,Opfer,,2,0.0,2,1
AZ-2025-002173,Unterschlagung,2023-04-17,06:30,Bonames,50.183414,8.626549,Luis-Rogge-Gasse,Hoch,Eingestellt,Notruf,2023-05-31,2,12744.33,0,12
AZ-2025-002174,Diebstahl,2025-03-29,03:04,Bornheim,50.177921,8.73079,Marlen-Börner-Gasse,Mittel,Abgeschlossen,Zeuge,2025-07-06,4,41508.36,0,13
AZ-2025-002175,Körperverletzung,2024-10-13,15:43,Westend-Süd,50.03483,8.653832,Dippelstr.,Niedrig,Ermittlung läuft,Zeuge,,2,35522.78,1,7
AZ-2025-002176,Bedrohung,2024-02-05,01:11,Schwanheim,50.120069,8.716537,Heide-Matthäi-Ring,Mittel,Ermittlung läuft,Zeuge,,4,11058.09,2,10
AZ-2023-002177,Hausfriedensbruch,2025-05-31,17:42,Nordend-Ost,50.123954,8.749586,Isolde-Hölzenbecher-Ring,Dringend,Abgeschlossen,Zeuge,2026-05-31,4,2420.11,2,11
AZ-2024-002178,Diebstahl,2023-03-05,11:10,Griesheim,50.040377,8.488057,Antonius-Barth-Weg,Niedrig,Ermittlung läuft,Notruf,,3,47071.24,4,0
AZ-2025-002179,Erpressung,2024-06-02,08:47,Westend-Nord,50.16617,8.759473,Björn-Scheibe-Allee,Dringend,Eingestellt,Zeuge,2025-01-03,3,0.0,4,7
AZ-2024-002180,Diebstahl,2024-07-13,13:36,Innenstadt,50.065488,8.759092,Undine-Scheuermann-Allee,Hoch,Ermittlung läuft,Anonym,,1,6585.15,3,8
AZ-2025-002181,Beleidigung,2024-11-28,12:27,Preungesheim,50.138166,8.681158,Ina-Dussen van-Gasse,Niedrig,Abgeschlossen,Notruf,2025-03-27,3,0.0,2,2
AZ-2024-002182,Betrug,2024-09-16,04:42,Zeilsheim,50.067264,8.58978,Philippe-Sontag-Allee,Hoch,Abgeschlossen,Opfer,2024-10-01,3,37637.46,4,2
AZ-2023-002183,Unterschlagung,2024-12-08,06:02,Schwanheim,50.183868,8.789239,Rosina-Dörschner-Allee,Dringend,Ermittlung läuft,Zeuge,,4,33614.8,3,10
AZ-2023-002184,Körperverletzung,2023-01-30,04:50,Berkersheim,50.038306,8.736577,Janus-Hornig-Straße,Dringend,Gerichtlich,Notruf,2023-08-23,2,27007.16,3,0
AZ-2025-002185,Hausfriedensbruch,2024-01-24,09:38,Harheim,50.160424,8.603207,Felicia-Metz-Ring,Dringend,Abgeschlossen,Notruf,2024-06-17,1,0.0,2,12
AZ-2024-002186,Betrug,2023-11-19,15:47,Bonames,50.068163,8.523869,Süßebierweg,Mittel,Abgeschlossen,Zeuge,2024-11-10,2,13675.82,1,10
AZ-2025-002187,Einbruchdiebstahl,2023-11-07,10:52,Nieder-Erlenbach,50.015124,8.577298,Hertrampfplatz,Dringend,Abgeschlossen,Zeuge,2023-12-01,4,0.0,2,1
AZ-2025-002188,Körperverletzung,2024-11-26,04:00,Gallus,50.074482,8.723754,Karl-Friedrich-Wulf-Gasse,Hoch,Abgeschlossen,Patrouille,2025-03-29,4,0.0,4,7
AZ-2023-002189,Erpressung,2024-08-13,21:09,Ostend,50.037838,8.707448,Kraushaarring,Niedrig,Ermittlung läuft,Opfer,,3,44455.29,1,3
AZ-2024-002190,Unterschlagung,2024-07-21,22:41,Kalbach-Riedberg,50.170182,8.736842,Jobst-Hettner-Platz,Mittel,Eingestellt,Patrouille,2024-12-18,2,31758.76,3,4
AZ-2023-002191,Sachbeschädigung,2024-09-14,01:48,Nieder-Erlenbach,50.182035,8.612084,Bohnbachstraße,Niedrig,Ermittlung läuft,Opfer,,4,28292.48,5,2
AZ-2023-002192,Computerbetrug,2025-10-25,03:41,Berkersheim,50.022674,8.69539,Elena-Kreusel-Platz,Hoch,Ermittlung läuft,Opfer,,4,23158.21,4,13
AZ-2023-002193,Drogendelikt,2024-03-20,21:21,Preungesheim,50.100225,8.790948,Dörrplatz,Mittel,Ermittlung läuft,Patrouille,,2,0.0,3,4
AZ-2023-002194,Hausfriedensbruch,2024-10-06,09:18,Ostend,50.130091,8.538453,Harloffstr.,Dringend,Abgeschlossen,Anonym,2024-12-17,2,16555.94,1,8
AZ-2023-002195,Einbruchdiebstahl,2024-11-19,11:14,Sachsenhausen-Süd,50.048604,8.787596,Siglinde-Margraf-Allee,Dringend,Abgeschlossen,Notruf,2025-08-22,4,45754.08,5,1
AZ-2024-002196,Körperverletzung,2023-09-21,17:34,Sossenheim,50.072772,8.700385,Dobesgasse,Mittel,Gerichtlich,Zeuge,2024-02-28,4,3612.76,1,12
AZ-2023-002197,Körperverletzung,2025-01-07,19:12,Fechenheim,50.154884,8.704666,Christopher-Rudolph-Allee,Niedrig,Ermittlung läuft,Notruf,,3,47028.39,2,8
AZ-2024-002198,Betrug,2024-03-26,00:40,Ginnheim,50.159948,8.498771,Wulfstraße,Dringend,Eingestellt,Patrouille,2024-04-09,3,15594.43,1,6
AZ-2023-002199,Sachbeschädigung,2023-05-22,19:50,Bonames,50.032403,8.512174,Rosita-Oestrovsky-Platz,Mittel,Abgeschlossen,Patrouille,2024-01-29,4,0.0,3,14
AZ-2024-002200,Erpressung,2023-02-28,02:01,Ginnheim,50.157528,8.571235,Sybilla-Bender-Allee,Dringend,Eingestellt,Patrouille,2023-06-20,3,35847.06,5,2
AZ-2023-002201,Raub,2025-11-03,02:53,Bornheim,50.087625,8.782954,Hethurplatz,Mittel,Gerichtlich,Notruf,2026-07-30,3,0.0,3,7
AZ-2023-002202,Körperverletzung,2023-09-19,15:57,Griesheim,50.171147,8.784446,Kreinstr.,Mittel,Ermittlung läuft,Opfer,,2,0.0,4,10
AZ-2024-002203,Bedrohung,2024-06-24,17:02,Ostend,50.01748,8.619754,Anke-Trommler-Straße,Mittel,Gerichtlich,Notruf,2025-02-10,4,23579.93,3,8
AZ-2024-002204,Diebstahl,2023-01-14,14:01,Preungesheim,50.084299,8.753958,Mälzerstraße,Niedrig,Ermittlung läuft,Notruf,,4,6962.49,4,4
AZ-2025-002205,Drogendelikt,2023-09-04,05:50,Griesheim,50.037871,8.662577,Aynur-Hecker-Gasse,Mittel,Abgeschlossen,Notruf,2024-06-12,3,6683.16,2,6
AZ-2024-002206,Erpressung,2024-02-26,06:54,Bergen-Enkheim,50.068886,8.727593,Strohallee,Mittel,Ermittlung läuft,Zeuge,,4,48331.12,0,8
AZ-2024-002207,Unterschlagung,2024-12-22,07:06,Griesheim,50.060427,8.77184,Eberhardtstr.,Hoch,Ermittlung läuft,Anonym,,1,0.0,4,9
AZ-2025-002208,Sachbeschädigung,2025-06-05,11:06,Berkersheim,50.06205,8.510819,Kadeweg,Dringend,Ermittlung läuft,Anonym,,1,35376.03,2,7
AZ-2025-002209,Raub,2025-02-09,08:40,Eckenheim,50.029969,8.606732,Kühnertgasse,Hoch,Gerichtlich,Anonym,2025-04-05,3,12900.45,0,7
AZ-2023-002210,Hausfriedensbruch,2025-10-20,18:48,Höchst,50.033792,8.722284,Paolo-Reinhardt-Ring,Dringend,Ermittlung läuft,Patrouille,,4,0.0,3,14
AZ-2024-002211,Körperverletzung,2025-05-25,16:31,Harheim,50.117232,8.590369,Melita-Mies-Ring,Mittel,Abgeschlossen,Patrouille,2025-12-05,1,49920.99,0,11
AZ-2024-002212,Computerbetrug,2024-03-26,17:01,Unterliederbach,50.112996,8.569672,Hans-Röhrdanz-Gasse,Mittel,Gerichtlich,Opfer,2025-03-02,2,649.3,3,12
AZ-2023-002213,Raub,2023-08-24,11:55,Riederwald,50.031916,8.498895,Speerplatz,Hoch,Ermittlung läuft,Anonym,,1,9171.43,1,13
AZ-2023-002214,Körperverletzung,2024-05-29,15:39,Seckbach,50.028425,8.797646,Textorstraße,Niedrig,Ermittlung läuft,Anonym,,4,0.0,3,8
AZ-2025-002215,Körperverletzung,2025-07-31,22:38,Seckbach,50.166064,8.793693,Eugenie-Stroh-Ring,Hoch,Ermittlung läuft,Notruf,,2,46106.88,3,14
AZ-2025-002216,Drogendelikt,2025-02-19,14:42,Bergen-Enkheim,50.096376,8.792721,Casparweg,Niedrig,Ermittlung läuft,Zeuge,,2,22903.46,3,9
AZ-2024-002217,Betrug,2024-04-03,21:11,Nieder-Eschbach,50.106605,8.598921,Wähnerplatz,Hoch,Ermittlung läuft,Patrouille,,4,0.0,5,11
AZ-2023-002218,Körperverletzung,2025-01-11,21:28,Altstadt,50.15328,8.632357,Armin-Gröttner-Gasse,Hoch,Abgeschlossen,Patrouille,2025-04-08,1,23327.24,3,6
AZ-2024-002219,Drogendelikt,2024-01-10,23:53,Sossenheim,50.162088,8.664286,Adelgunde-Krebs-Gasse,Dringend,Eingestellt,Zeuge,2024-01-19,1,26187.27,5,15
AZ-2024-002220,Computerbetrug,2024-02-15,11:32,Bergen-Enkheim,50.189281,8.754734,Ortmannstr.,Mittel,Ermittlung läuft,Opfer,,4,0.0,3,1
AZ-2024-002221,Erpressung,2023-12-11,12:12,Unterliederbach,50.08621,8.633637,Bachmanngasse,Dringend,Ermittlung läuft,Patrouille,,3,32791.13,3,12
AZ-2025-002222,Urkundenfälschung,2024-06-15,18:40,Preungesheim,50.094671,8.497685,Blümelring,Mittel,Ermittlung läuft,Patrouille,,4,43176.72,5,1
AZ-2025-002223,Bedrohung,2023-09-23,08:01,Altstadt,50.094683,8.527646,Ruben-Drubin-Platz,Hoch,Eingestellt,Anonym,2024-01-31,4,11349.53,4,8
AZ-2024-002224,Unterschlagung,2024-11-12,00:15,Bahnhofsviertel,50.065338,8.756343,Stiebitzallee,Niedrig,Abgeschlossen,Patrouille,2025-05-16,2,9936.08,4,11
AZ-2024-002225,Einbruchdiebstahl,2025-04-05,18:12,Seckbach,50.124289,8.553237,Jolanda-Sager-Platz,Niedrig,Ermittlung läuft,Patrouille,,1,22929.9,0,8
AZ-2023-002226,Raub,2023-06-28,11:00,Praunheim,50.054316,8.737942,Arndt-Wähner-Platz,Niedrig,Abgeschlossen,Zeuge,2024-01-18,2,25826.26,4,14
AZ-2025-002227,Urkundenfälschung,2025-06-03,06:12,Niederursel,50.09911,8.684452,Södinggasse,Dringend,Eingestellt,Notruf,2025-12-29,1,0.0,1,15
AZ-2025-002228,Urkundenfälschung,2024-02-07,18:39,Westend-Süd,50.075421,8.520097,Schönlandgasse,Hoch,Abgeschlossen,Zeuge,2024-04-11,1,1057.42,5,15
AZ-2024-002229,Einbruchdiebstahl,2025-06-12,01:30,Ostend,50.137771,8.667594,Hilma-Seip-Platz,Hoch,Eingestellt,Anonym,2025-08-14,4,31692.38,1,6
AZ-2025-002230,Raub,2024-04-28,00:27,Zeilsheim,50.06029,8.763738,H.-Dieter-Schüler-Gasse,Hoch,Ermittlung läuft,Notruf,,2,1146.34,2,5
AZ-2024-002231,Drogendelikt,2025-04-19,01:11,Nied,50.145716,8.754315,Dietzstraße,Dringend,Eingestellt,Zeuge,2025-05-10,4,0.0,5,3
AZ-2025-002232,Körperverletzung,2023-11-24,19:11,Griesheim,50.14438,8.77456,Martina-Schäfer-Gasse,Mittel,Ermittlung läuft,Opfer,,4,18195.78,5,9
AZ-2023-002233,Raub,2023-07-29,22:47,Zeilsheim,50.104681,8.778737,Ercan-Oestrovsky-Weg,Niedrig,Gerichtlich,Notruf,2023-12-10,1,31398.43,3,11
AZ-2023-002234,Urkundenfälschung,2023-09-01,00:52,Nieder-Erlenbach,50.104272,8.788723,Carl-Gutknecht-Straße,Hoch,Abgeschlossen,Notruf,2023-09-28,3,9813.88,0,7
AZ-2025-002235,Einbruchdiebstahl,2024-06-04,16:53,Eckenheim,50.053352,8.77694,Walterweg,Niedrig,Eingestellt,Patrouille,2025-02-02,3,23960.44,4,1
AZ-2024-002236,Sachbeschädigung,2023-01-21,06:07,Berkersheim,50.171444,8.637984,Junkgasse,Niedrig,Eingestellt,Notruf,2023-11-07,4,16281.1,4,8
AZ-2025-002237,Erpressung,2024-06-18,08:56,Eschersheim,50.116154,8.659792,Mario-Hamann-Gasse,Mittel,Ermittlung läuft,Zeuge,,2,48585.89,0,14
AZ-2023-002238,Bedrohung,2025-01-31,13:00,Westend-Süd,50.042813,8.675135,Micha-Bolnbach-Gasse,Hoch,Eingestellt,Opfer,2025-08-01,2,32448.68,1,12
AZ-2024-002239,Computerbetrug,2025-02-19,06:14,Hausen,50.123071,8.764423,Faustallee,Dringend,Ermittlung läuft,Patrouille,,3,48923.58,0,14
AZ-2023-002240,Diebstahl,2023-08-29,11:17,Griesheim,50.159776,8.695898,Geislerweg,Niedrig,Eingestellt,Opfer,2023-10-05,3,0.0,4,10
AZ-2025-002241,Diebstahl,2023-01-09,00:18,Bornheim,50.029109,8.782738,Röhrdanzplatz,Dringend,Ermittlung läuft,Anonym,,2,2773.33,4,3
AZ-2024-002242,Bedrohung,2023-03-08,18:15,Nieder-Erlenbach,50.178718,8.585682,Henkstr.,Dringend,Gerichtlich,Opfer,2023-04-12,3,41227.73,4,14
AZ-2025-002243,Raub,2024-02-23,18:51,Frankfurter Berg,50.063761,8.707074,Frank-Michael-Ditschlerin-Allee,Mittel,Abgeschlossen,Anonym,2024-05-16,1,4232.29,1,15
AZ-2025-002244,Raub,2023-10-25,21:12,Bornheim,50.093586,8.562032,Wulffplatz,Niedrig,Eingestellt,Anonym,2024-01-10,3,0.0,2,11
AZ-2025-002245,Diebstahl,2025-08-14,21:26,Eckenheim,50.134049,8.497999,Radmila-Neuschäfer-Gasse,Mittel,Eingestellt,Zeuge,2026-05-17,1,36396.54,4,10
AZ-2025-002246,Urkundenfälschung,2024-09-13,08:47,Altstadt,50.033597,8.73414,Ahmed-Gieß-Gasse,Hoch,Abgeschlossen,Anonym,2025-04-06,3,5756.43,5,10
AZ-2023-002247,Sachbeschädigung,2023-03-04,16:36,Ginnheim,50.060955,8.605569,Lindauweg,Hoch,Ermittlung läuft,Zeuge,,4,20648.67,2,11
AZ-2023-002248,Computerbetrug,2024-12-22,19:44,Sossenheim,50.081288,8.581106,Süßebierplatz,Niedrig,Eingestellt,Anonym,2025-04-15,2,22331.84,2,9
AZ-2024-002249,Einbruchdiebstahl,2025-07-04,14:40,Bockenheim,50.063872,8.660411,Friedo-Schwital-Ring,Niedrig,Abgeschlossen,Opfer,2026-03-20,2,7419.24,2,7
AZ-2024-002250,Erpressung,2025-09-15,19:30,Eckenheim,50.103823,8.705108,Langernplatz,Hoch,Abgeschlossen,Anonym,2025-09-30,3,36860.58,3,8
AZ-2025-002251,Computerbetrug,2023-08-05,13:27,Höchst,50.136994,8.583821,Eleni-Süßebier-Gasse,Dringend,Ermittlung läuft,Zeuge,,2,29306.17,2,0
AZ-2023-002252,Urkundenfälschung,2023-12-12,14:27,Dornbusch,50.147163,8.478829,Irina-Ortmann-Weg,Mittel,Abgeschlossen,Opfer,2024-11-02,4,0.0,3,12
AZ-2025-002253,Beleidigung,2025-01-08,06:51,Ostend,50.065945,8.592644,Erika-Zänker-Ring,Mittel,Ermittlung läuft,Patrouille,,1,46444.44,0,1
AZ-2025-002254,Raub,2024-11-25,09:23,Preungesheim,50.058319,8.567051,Lindnergasse,Hoch,Ermittlung läuft,Notruf,,2,21198.13,4,6
AZ-2024-002255,Unterschlagung,2024-02-21,11:50,Höchst,50.102058,8.790337,Hans-Jochen-Drubin-Weg,Niedrig,Gerichtlich,Anonym,2025-01-29,3,15076.11,5,2
AZ-2024-002256,Hausfriedensbruch,2023-03-03,16:26,Nordend-West,50.067867,8.498062,Ellinor-Klotz-Weg,Hoch,Eingestellt,Notruf,2023-04-05,3,4674.49,5,14
AZ-2023-002257,Beleidigung,2024-04-19,07:25,Hausen,50.155119,8.674069,Vitali-Winkler-Allee,Dringend,Abgeschlossen,Zeuge,2024-05-19,3,1222.19,0,1
AZ-2023-002258,Betrug,2025-01-24,11:50,Bonames,50.122499,8.50245,Karl-Ernst-Bloch-Platz,Niedrig,Eingestellt,Opfer,2025-05-11,4,0.0,0,6
AZ-2023-002259,Beleidigung,2024-05-01,22:13,Bockenheim,50.058739,8.664679,Lucia-Fischer-Allee,Mittel,Gerichtlich,Anonym,2024-12-15,4,47181.85,0,6
AZ-2025-002260,Hausfriedensbruch,2024-08-31,09:28,Hausen,50.154126,8.613787,Oestrovskyplatz,Hoch,Abgeschlossen,Opfer,2025-04-06,1,14948.88,5,2
AZ-2025-002261,Computerbetrug,2024-01-16,09:11,Sachsenhausen-Nord,50.093294,8.629681,Grete-Beyer-Gasse,Dringend,Abgeschlossen,Patrouille,2024-08-17,3,12882.86,5,6
AZ-2025-002262,Körperverletzung,2023-12-07,15:38,Eschersheim,50.058131,8.666794,Hölzenbecherplatz,Dringend,Eingestellt,Notruf,2024-07-09,3,0.0,4,5
AZ-2025-002263,Sachbeschädigung,2024-09-29,12:33,Berkersheim,50.070072,8.783558,Hermannring,Hoch,Abgeschlossen,Opfer,2024-11-20,1,16514.06,3,12
AZ-2024-002264,Urkundenfälschung,2024-09-28,20:09,Frankfurter Berg,50.065247,8.780828,Beyergasse,Niedrig,Ermittlung läuft,Anonym,,4,0.0,4,12
AZ-2023-002265,Computerbetrug,2025-03-10,13:42,Kalbach-Riedberg,50.026498,8.766339,Stella-Renner-Platz,Mittel,Gerichtlich,Anonym,2025-12-07,2,0.0,5,4
AZ-2023-002266,Verkehrsdelikt,2024-06-29,12:35,Griesheim,50.177597,8.546311,Liliane-Baum-Straße,Hoch,Abgeschlossen,Zeuge,2024-10-09,4,3216.09,4,13
AZ-2023-002267,Hausfriedensbruch,2025-10-04,09:45,Hausen,50.188459,8.634613,Christos-Heinz-Allee,Hoch,Eingestellt,Patrouille,2026-07-04,3,34324.3,2,14
AZ-2025-002268,Beleidigung,2025-03-28,20:52,Berkersheim,50.163621,8.623003,Scheelstr.,Niedrig,Abgeschlossen,Zeuge,2025-10-11,3,42486.48,1,12
AZ-2024-002269,Hausfriedensbruch,2025-09-07,20:27,Griesheim,50.060981,8.669343,Lindnerplatz,Mittel,Ermittlung läuft,Opfer,,4,0.0,3,3
AZ-2023-002270,Einbruchdiebstahl,2024-06-06,13:22,Bahnhofsviertel,50.060236,8.555048,Heinallee,Mittel,Ermittlung läuft,Zeuge,,4,22795.65,0,11
AZ-2024-002271,Beleidigung,2023-10-09,01:15,Nieder-Erlenbach,50.128683,8.502402,Massimo-Heidrich-Gasse,Niedrig,Ermittlung läuft,Patrouille,,4,5064.09,1,10
AZ-2023-002272,Bedrohung,2024-10-16,01:34,Bockenheim,50.06236,8.533512,Jessica-Lehmann-Platz,Dringend,Ermittlung läuft,Notruf,,4,10240.6,3,1
AZ-2025-002273,Körperverletzung,2024-07-25,04:13,Sossenheim,50.032242,8.603925,Hartmanngasse,Dringend,Ermittlung läuft,Zeuge,,1,6345.48,0,8
AZ-2025-002274,Erpressung,2024-12-16,14:57,Bonames,50.119468,8.723452,Sauerstraße,Niedrig,Eingestellt,Patrouille,2025-05-23,2,35164.52,2,13
AZ-2023-002275,Einbruchdiebstahl,2023-07-15,03:51,Gallus,50.071975,8.793477,Romy-Mälzer-Platz,Niedrig,Ermittlung läuft,Notruf,,4,37100.6,2,3
AZ-2023-002276,Drogendelikt,2024-03-28,01:27,Bornheim,50.122161,8.522231,Susanna-Schmidt-Straße,Dringend,Ermittlung läuft,Patrouille,,3,10058.31,3,3
AZ-2023-002277,Verkehrsdelikt,2024-08-01,14:15,Riederwald,50.022871,8.552632,Reimer-Köster-Platz,Hoch,Gerichtlich,Opfer,2024-10-26,1,0.0,3,13
AZ-2024-002278,Raub,2024-12-20,12:54,Höchst,50.054899,8.60376,Tschentscherplatz,Niedrig,Ermittlung läuft,Notruf,,2,0.0,2,10
AZ-2025-002279,Hausfriedensbruch,2024-11-23,04:26,Fechenheim,50.175965,8.69322,Hillerplatz,Dringend,Abgeschlossen,Zeuge,2025-02-09,2,15704.27,0,0
AZ-2024-002280,Erpressung,2024-12-30,23:54,Bahnhofsviertel,50.181195,8.652354,Eckbauergasse,Niedrig,Eingestellt,Patrouille,2025-12-22,4,38630.07,1,2
AZ-2024-002281,Urkundenfälschung,2023-07-07,12:29,Hausen,50.05147,8.531115,Karl-Jürgen-Ernst-Gasse,Mittel,Eingestellt,Anonym,2024-05-15,2,45952.17,0,11
AZ-2024-002282,Verkehrsdelikt,2024-07-12,16:18,Höchst,50.072541,8.498863,Mielcarekstraße,Niedrig,Abgeschlossen,Notruf,2025-07-12,3,0.0,0,7
AZ-2024-002283,Beleidigung,2023-03-07,04:17,Nieder-Erlenbach,50.138013,8.607223,Kirsten-Karz-Platz,Hoch,Ermittlung läuft,Zeuge,,1,0.0,0,9
AZ-2024-002284,Körperverletzung,2023-05-21,20:57,Bahnhofsviertel,50.142817,8.650554,Schleichplatz,Niedrig,Ermittlung läuft,Anonym,,2,0.0,3,11
AZ-2025-002285,Einbruchdiebstahl,2024-05-22,07:26,Bonames,50.057861,8.575553,Cindy-Röhrdanz-Platz,Mittel,Ermittlung läuft,Notruf,,1,0.0,4,9
AZ-2025-002286,Betrug,2023-09-02,12:49,Frankfurter Berg,50.096151,8.619263,Samir-Preiß-Straße,Niedrig,Gerichtlich,Notruf,2024-01-06,1,37334.55,3,1
AZ-2023-002287,Hausfriedensbruch,2023-08-16,05:21,Rödelheim,50.045531,8.766715,Danuta-Mühle-Straße,Dringend,Abgeschlossen,Zeuge,2024-07-06,4,42342.49,2,12
AZ-2025-002288,Sachbeschädigung,2023-08-11,14:24,Schwanheim,50.021626,8.670213,Austermühleweg,Mittel,Abgeschlossen,Zeuge,2024-02-25,1,34281.56,5,11
AZ-2025-002289,Sachbeschädigung,2023-06-21,12:38,Schwanheim,50.059523,8.685351,Wähnerallee,Dringend,Eingestellt,Patrouille,2023-10-02,4,0.0,4,8
AZ-2023-002290,Bedrohung,2024-09-06,01:24,Preungesheim,50.144128,8.67847,Ivo-Junken-Straße,Hoch,Ermittlung läuft,Anonym,,2,18430.42,0,15
AZ-2025-002291,Raub,2025-02-21,11:00,Kalbach-Riedberg,50.047387,8.476051,Rosalia-Schäfer-Platz,Dringend,Abgeschlossen,Opfer,2025-09-16,2,29048.34,1,13
AZ-2023-002292,Unterschlagung,2023-02-23,04:59,Westend-Nord,50.083944,8.714594,Sergej-Beyer-Gasse,Dringend,Eingestellt,Anonym,2024-02-01,1,1319.48,4,7
AZ-2023-002293,Beleidigung,2025-06-11,00:37,Harheim,50.065101,8.659541,Wagnerallee,Dringend,Abgeschlossen,Zeuge,2026-04-15,1,49733.18,3,12
AZ-2024-002294,Verkehrsdelikt,2023-12-11,16:01,Nieder-Erlenbach,50.166922,8.691211,Simon-Radisch-Straße,Dringend,Ermittlung läuft,Notruf,,1,0.0,5,14
AZ-2024-002295,Einbruchdiebstahl,2023-10-02,22:24,Seckbach,50.033933,8.582159,Textorallee,Dringend,Abgeschlossen,Zeuge,2023-11-29,4,31787.0,4,11
AZ-2023-002296,Raub,2025-03-10,22:51,Sachsenhausen-Nord,50.193288,8.740119,Torben-Oderwald-Platz,Niedrig,Abgeschlossen,Opfer,2025-05-13,3,42774.14,5,14
AZ-2024-002297,Körperverletzung,2024-08-01,23:33,Schwanheim,50.046447,8.486722,Britt-Weller-Gasse,Dringend,Eingestellt,Notruf,2025-06-16,3,36123.97,3,15
AZ-2024-002298,Unterschlagung,2024-01-23,11:34,Schwanheim,50.038529,8.509066,Harloffplatz,Dringend,Ermittlung läuft,Patrouille,,4,11937.9,4,10
AZ-2023-002299,Betrug,2024-09-20,06:34,Nied,50.084593,8.66181,Hübelplatz,Hoch,Ermittlung läuft,Opfer,,1,30581.7,0,12
AZ-2023-002300,Erpressung,2024-06-04,13:40,Nieder-Eschbach,50.083674,8.633016,Alexei-Naser-Allee,Dringend,Abgeschlossen,Anonym,2024-08-26,2,0.0,1,1
AZ-2024-002301,Beleidigung,2024-03-11,20:04,Bahnhofsviertel,50.11492,8.654634,Fritschweg,Dringend,Ermittlung läuft,Anonym,,2,36902.19,3,11
AZ-2025-002302,Beleidigung,2024-04-20,07:21,Bornheim,50.091235,8.528306,Rudolphweg,Hoch,Eingestellt,Anonym,2024-07-27,4,0.0,4,3
AZ-2024-002303,Bedrohung,2023-08-21,05:35,Gallus,50.12136,8.689941,Zenta-Metz-Straße,Hoch,Ermittlung läuft,Zeuge,,4,0.0,1,4
AZ-2023-002304,Urkundenfälschung,2023-10-09,18:14,Eckenheim,50.131062,8.639504,Patrizia-Tlustek-Straße,Mittel,Ermittlung läuft,Anonym,,3,40555.81,3,11
AZ-2023-002305,Verkehrsdelikt,2023-04-24,10:20,Nieder-Eschbach,50.13383,8.709725,Lisbeth-Koch II-Allee,Hoch,Gerichtlich,Opfer,2024-04-19,1,33465.87,1,9
AZ-2024-002306,Raub,2024-10-15,06:22,Eckenheim,50.181499,8.497089,Tlustekweg,Niedrig,Ermittlung läuft,Anonym,,2,22971.36,0,8
AZ-2025-002307,Raub,2023-03-12,23:50,Zeilsheim,50.121474,8.752323,Natalja-Schottin-Gasse,Dringend,Ermittlung läuft,Opfer,,3,0.0,4,3
AZ-2024-002308,Raub,2025-04-13,17:24,Kalbach-Riedberg,50.190767,8.73656,Stumpfring,Niedrig,Eingestellt,Notruf,2025-12-11,3,0.0,4,8
AZ-2025-002309,Erpressung,2024-06-28,03:03,Schwanheim,50.017815,8.519857,Konrad-Loos-Ring,Dringend,Eingestellt,Patrouille,2024-08-08,2,42074.68,1,3
AZ-2024-002310,Erpressung,2023-01-03,03:54,Riederwald,50.105887,8.759752,Lina-Stolze-Gasse,Niedrig,Abgeschlossen,Opfer,2023-02-15,2,43132.99,4,7
AZ-2023-002311,Körperverletzung,2025-01-27,14:20,Frankfurter Berg,50.070204,8.636917,Wähnergasse,Niedrig,Ermittlung läuft,Patrouille,,4,0.0,1,9
AZ-2024-002312,Computerbetrug,2025-07-27,11:25,Höchst,50.031652,8.792679,Birnbaumgasse,Mittel,Ermittlung läuft,Notruf,,2,47040.37,2,9
AZ-2024-002313,Erpressung,2025-05-02,05:00,Praunheim,50.164495,8.584072,Kobeltstraße,Mittel,Gerichtlich,Opfer,2025-07-11,2,198.3,0,14
AZ-2024-002314,Computerbetrug,2024-05-19,21:18,Riederwald,50.084286,8.771487,Paolo-Kobelt-Platz,Hoch,Ermittlung läuft,Notruf,,1,2531.82,0,7
AZ-2023-002315,Einbruchdiebstahl,2023-06-07,01:28,Bornheim,50.034504,8.534283,Bärbel-Tröst-Platz,Niedrig,Abgeschlossen,Opfer,2023-12-14,1,8272.89,5,3
AZ-2024-002316,Einbruchdiebstahl,2025-09-25,10:25,Eckenheim,50.107627,8.768986,Mesut-Henck-Weg,Niedrig,Ermittlung läuft,Anonym,,3,0.0,1,6
AZ-2025-002317,Urkundenfälschung,2024-02-08,13:25,Eckenheim,50.159651,8.518077,Friedl-Müller-Allee,Niedrig,Ermittlung läuft,Patrouille,,4,43963.42,4,3
AZ-2025-002318,Diebstahl,2025-06-18,20:39,Sachsenhausen-Süd,50.082178,8.62729,Katarzyna-Weinhage-Platz,Hoch,Ermittlung läuft,Opfer,,3,8509.2,4,3
AZ-2023-002319,Einbruchdiebstahl,2023-07-30,20:18,Sossenheim,50.119921,8.671294,Kitzmannring,Niedrig,Ermittlung läuft,Patrouille,,1,10819.96,4,11
AZ-2024-002320,Betrug,2025-03-23,18:37,Höchst,50.036779,8.752348,Hofmanngasse,Niedrig,Ermittlung läuft,Zeuge,,2,1526.44,3,9
AZ-2025-002321,Unterschlagung,2023-03-29,04:03,Unterliederbach,50.131388,8.702204,Petar-Kaul-Straße,Dringend,Abgeschlossen,Notruf,2023-12-20,3,27187.96,5,4
AZ-2025-002322,Körperverletzung,2025-08-06,05:51,Eschersheim,50.134173,8.621916,Ottostr.,Dringend,Abgeschlossen,Patrouille,2025-12-17,3,28835.71,2,6
AZ-2025-002323,Raub,2023-11-03,23:07,Westend-Süd,50.175637,8.504267,Walther-Tröst-Weg,Mittel,Abgeschlossen,Opfer,2023-11-23,1,41441.07,4,5
AZ-2024-002324,Betrug,2024-04-27,09:11,Praunheim,50.145908,8.520397,Mentzelstr.,Dringend,Abgeschlossen,Notruf,2024-05-10,1,49953.6,1,0
AZ-2023-002325,Computerbetrug,2023-10-13,10:15,Zeilsheim,50.043607,8.648102,Steinbergweg,Dringend,Gerichtlich,Notruf,2024-02-26,4,0.0,1,6
AZ-2023-002326,Unterschlagung,2025-10-07,20:45,Dornbusch,50.142499,8.770465,Hans-Heinrich-Mielcarek-Gasse,Dringend,Gerichtlich,Notruf,2026-05-20,2,0.0,3,10
AZ-2024-002327,Computerbetrug,2024-01-01,09:53,Bahnhofsviertel,50.058398,8.543721,Reinhold-Gieß-Ring,Niedrig,Abgeschlossen,Zeuge,2024-01-18,4,7232.04,3,4
AZ-2025-002328,Beleidigung,2024-12-06,08:11,Kalbach-Riedberg,50.174365,8.615293,Elmar-Gehringer-Ring,Mittel,Abgeschlossen,Anonym,2025-05-10,2,42200.16,5,7
AZ-2025-002329,Erpressung,2024-10-15,22:11,Sachsenhausen-Süd,50.133362,8.73602,Herta-Finke-Straße,Mittel,Ermittlung läuft,Notruf,,2,31327.92,3,13
AZ-2024-002330,Hausfriedensbruch,2023-02-13,15:56,Rödelheim,50.064355,8.685434,Paula-Haase-Weg,Dringend,Gerichtlich,Opfer,2023-03-12,1,30104.26,4,7
AZ-2024-002331,Sachbeschädigung,2023-05-25,02:46,Gallus,50.121771,8.693224,Klaus-Michael-Lindau-Allee,Hoch,Abgeschlossen,Notruf,2024-03-23,1,40754.79,5,0
AZ-2025-002332,Einbruchdiebstahl,2025-10-12,15:23,Dornbusch,50.115546,8.773375,Willfried-Kensy-Straße,Dringend,Ermittlung läuft,Opfer,,3,25228.44,5,13
AZ-2023-002333,Erpressung,2023-09-14,02:15,Preungesheim,50.161136,8.77112,Walterweg,Hoch,Abgeschlossen,Anonym,2023-09-26,3,13895.2,1,5
AZ-2025-002334,Diebstahl,2025-01-29,18:21,Gallus,50.050306,8.749523,Klaus-Dieter-Graf-Gasse,Hoch,Ermittlung läuft,Anonym,,1,4813.37,3,6
AZ-2024-002335,Körperverletzung,2024-12-26,03:58,Dornbusch,50.019664,8.606716,Oxana-Heinrich-Weg,Mittel,Abgeschlossen,Notruf,2025-02-21,2,17774.09,4,0
AZ-2023-002336,Sachbeschädigung,2024-11-17,23:01,Sachsenhausen-Nord,50.103423,8.634894,Langernstr.,Hoch,Ermittlung läuft,Opfer,,4,24343.22,4,14
AZ-2023-002337,Betrug,2023-03-22,22:12,Kalbach-Riedberg,50.046048,8.679723,Sölzerweg,Niedrig,Eingestellt,Notruf,2024-03-10,1,43660.17,4,7
AZ-2023-002338,Körperverletzung,2024-12-24,09:43,Bornheim,50.16829,8.577012,Neureutherstr.,Mittel,Abgeschlossen,Notruf,2025-12-15,3,21155.58,3,6
AZ-2025-002339,Unterschlagung,2023-05-25,02:19,Innenstadt,50.057949,8.796072,Mielcarekring,Dringend,Abgeschlossen,Opfer,2023-09-14,2,0.0,3,10
AZ-2025-002340,Urkundenfälschung,2024-06-15,21:53,Nordend-Ost,50.057278,8.776312,Roswita-Zobel-Ring,Niedrig,Ermittlung läuft,Opfer,,4,0.0,2,2
AZ-2023-002341,Unterschlagung,2023-03-18,01:08,Praunheim,50.042552,8.496863,Lisa-Heß-Platz,Niedrig,Ermittlung läuft,Notruf,,1,0.0,2,13
AZ-2023-002342,Urkundenfälschung,2023-05-09,13:40,Gallus,50.095211,8.731953,Köhlerring,Niedrig,Abgeschlossen,Patrouille,2024-02-12,4,42701.82,1,4
AZ-2024-002343,Einbruchdiebstahl,2023-02-12,08:12,Griesheim,50.104204,8.541879,Geert-Kitzmann-Ring,Mittel,Abgeschlossen,Zeuge,2024-01-25,1,3317.17,0,0
AZ-2023-002344,Raub,2024-08-25,12:00,Ostend,50.128221,8.508252,Geiselstr.,Hoch,Ermittlung läuft,Patrouille,,4,6657.9,5,15
AZ-2025-002345,Verkehrsdelikt,2023-10-28,21:43,Unterliederbach,50.056764,8.786912,Ingetraud-Reising-Ring,Mittel,Ermittlung läuft,Zeuge,,4,39055.19,5,15
AZ-2025-002346,Verkehrsdelikt,2025-07-18,15:27,Griesheim,50.180208,8.755644,Yasemin-Gertz-Allee,Dringend,Abgeschlossen,Zeuge,2026-03-06,2,30323.57,0,7
AZ-2024-002347,Raub,2025-07-23,20:40,Bahnhofsviertel,50.064992,8.628309,Gottfried-Hellwig-Gasse,Niedrig,Eingestellt,Anonym,2025-08-20,3,36963.19,3,2
AZ-2024-002348,Erpressung,2025-07-23,23:14,Innenstadt,50.111939,8.766816,Malte-Ruppert-Platz,Dringend,Ermittlung läuft,Patrouille,,1,0.0,5,3
AZ-2023-002349,Urkundenfälschung,2024-12-13,15:51,Nieder-Eschbach,50.074661,8.535207,Heßring,Hoch,Ermittlung läuft,Opfer,,4,1648.41,2,9
AZ-2023-002350,Drogendelikt,2024-01-27,07:37,Praunheim,50.029607,8.656841,Harm-Rörricht-Allee,Mittel,Ermittlung läuft,Anonym,,3,44820.27,0,4
AZ-2025-002351,Einbruchdiebstahl,2023-04-22,23:29,Harheim,50.153191,8.536688,Gislinde-Junck-Ring,Mittel,Gerichtlich,Zeuge,2023-06-06,3,32444.04,5,10
AZ-2025-002352,Bedrohung,2024-03-24,21:20,Zeilsheim,50.183655,8.75061,Petar-Meister-Weg,Dringend,Ermittlung läuft,Notruf,,4,25166.77,4,5
AZ-2024-002353,Diebstahl,2023-10-05,03:48,Altstadt,50.096996,8.517867,Antje-Jacobi Jäckel-Gasse,Hoch,Gerichtlich,Notruf,2023-10-31,1,39114.56,2,12
AZ-2023-002354,Hausfriedensbruch,2023-08-05,22:28,Niederursel,50.103521,8.699255,Rouven-Ortmann-Platz,Niedrig,Ermittlung läuft,Patrouille,,4,4090.94,3,8
AZ-2023-002355,Bedrohung,2024-07-13,04:27,Schwanheim,50.067622,8.742182,Junckenplatz,Hoch,Ermittlung läuft,Anonym,,4,5749.02,0,3
AZ-2025-002356,Einbruchdiebstahl,2025-10-25,14:29,Westend-Süd,50.058594,8.579026,Wibke-Warmer-Weg,Hoch,Eingestellt,Opfer,2026-02-27,1,6730.19,3,13
AZ-2025-002357,Urkundenfälschung,2025-09-15,21:57,Griesheim,50.161031,8.694816,Seifertweg,Niedrig,Ermittlung läuft,Patrouille,,2,5055.04,3,14
AZ-2024-002358,Diebstahl,2025-10-21,18:36,Ginnheim,50.08771,8.660144,Mühlering,Hoch,Ermittlung läuft,Anonym,,1,0.0,5,6
AZ-2024-002359,Bedrohung,2023-05-02,02:32,Praunheim,50.059111,8.553167,Luise-Rosemann-Allee,Dringend,Abgeschlossen,Patrouille,2023-10-03,1,6234.92,3,11
AZ-2024-002360,Sachbeschädigung,2023-06-15,15:03,Sindlingen,50.063821,8.768357,Kambsweg,Mittel,Ermittlung läuft,Patrouille,,4,23449.81,0,10
AZ-2023-002361,Körperverletzung,2024-03-06,12:08,Griesheim,50.172561,8.692335,Janina-Naser-Gasse,Hoch,Ermittlung läuft,Patrouille,,1,5677.13,0,4
AZ-2023-002362,Urkundenfälschung,2023-02-26,12:00,Griesheim,50.147661,8.685074,Halina-Rohleder-Gasse,Niedrig,Abgeschlossen,Patrouille,2023-07-09,2,0.0,5,9
AZ-2023-002363,Unterschlagung,2024-06-26,05:41,Bonames,50.132717,8.782364,Barthstraße,Hoch,Eingestellt,Opfer,2025-02-12,3,5995.96,3,3
AZ-2025-002364,Körperverletzung,2024-10-02,21:48,Höchst,50.070995,8.712935,Tilo-Klemm-Gasse,Hoch,Abgeschlossen,Patrouille,2025-08-17,3,0.0,2,4
AZ-2025-002365,Erpressung,2025-04-02,16:08,Niederursel,50.081374,8.647105,Blümelstr.,Hoch,Abgeschlossen,Zeuge,2026-02-22,2,6678.32,2,11
AZ-2024-002366,Hausfriedensbruch,2024-04-16,11:32,Frankfurter Berg,50.052126,8.691649,Cordula-Putz-Platz,Mittel,Ermittlung läuft,Anonym,,1,46302.87,3,10
AZ-2024-002367,Urkundenfälschung,2023-04-04,15:45,Frankfurter Berg,50.120464,8.761466,Gunpfgasse,Mittel,Abgeschlossen,Patrouille,2023-05-26,3,41122.21,1,11
AZ-2025-002368,Drogendelikt,2024-01-06,08:45,Niederursel,50.102958,8.555021,Astrid-Matthäi-Allee,Hoch,Abgeschlossen,Anonym,2024-09-21,2,0.0,3,9
AZ-2024-002369,Einbruchdiebstahl,2023-04-19,01:27,Bornheim,50.117294,8.758603,Zehra-Peukert-Straße,Dringend,Ermittlung läuft,Opfer,,4,18250.32,1,15
AZ-2025-002370,Urkundenfälschung,2025-08-05,18:14,Ginnheim,50.078295,8.685721,Adeline-Junck-Weg,Dringend,Eingestellt,Zeuge,2026-05-26,1,0.0,0,8
AZ-2025-002371,Drogendelikt,2023-02-19,14:10,Gallus,50.160769,8.588187,Sibel-Stahr-Ring,Niedrig,Eingestellt,Zeuge,2023-07-05,4,0.0,4,7
AZ-2023-002372,Raub,2023-10-17,20:47,Fechenheim,50.020595,8.656883,Finkeweg,Niedrig,Ermittlung läuft,Notruf,,3,0.0,5,12
AZ-2024-002373,Sachbeschädigung,2023-04-27,06:08,Bergen-Enkheim,50.131835,8.547814,Koch IIstraße,Hoch,Ermittlung läuft,Patrouille,,2,28660.36,1,7
AZ-2024-002374,Hausfriedensbruch,2025-05-25,02:50,Praunheim,50.178859,8.65893,Aumannring,Hoch,Eingestellt,Anonym,2026-03-30,3,17701.96,3,3
AZ-2025-002375,Bedrohung,2023-12-21,14:46,Ginnheim,50.034655,8.704759,Killerring,Mittel,Ermittlung läuft,Notruf,,1,6636.14,1,8
AZ-2024-002376,Drogendelikt,2023-02-18,05:13,Bornheim,50.085945,8.690337,Rörrichtgasse,Niedrig,Abgeschlossen,Notruf,2023-06-11,4,13531.19,0,8
AZ-2025-002377,Drogendelikt,2023-03-24,08:46,Sachsenhausen-Süd,50.13448,8.50457,Jacqueline-Martin-Allee,Mittel,Gerichtlich,Anonym,2023-09-19,1,48241.2,2,0
AZ-2025-002378,Einbruchdiebstahl,2023-10-06,22:55,Nied,50.144323,8.525115,Margrafring,Hoch,Eingestellt,Anonym,2024-07-11,3,0.0,4,4
AZ-2025-002379,Einbruchdiebstahl,2025-06-24,13:31,Eschersheim,50.047861,8.676984,Magrit-Vogt-Straße,Mittel,Abgeschlossen,Opfer,2025-11-17,4,0.0,1,14
AZ-2023-002380,Diebstahl,2024-03-18,19:26,Preungesheim,50.048679,8.742558,Etzoldallee,Niedrig,Eingestellt,Opfer,2025-01-15,4,0.0,3,5
AZ-2024-002381,Hausfriedensbruch,2023-05-19,08:12,Nieder-Erlenbach,50.060249,8.798908,Friedrich-Hänel-Ring,Dringend,Eingestellt,Patrouille,2024-04-10,2,3414.16,2,15
AZ-2023-002382,Unterschlagung,2024-05-24,03:01,Gallus,50.015774,8.658237,Pruschkering,Dringend,Ermittlung läuft,Opfer,,1,28417.23,2,1
AZ-2023-002383,Betrug,2025-09-02,19:13,Rödelheim,50.095873,8.744109,Sybille-Schäfer-Straße,Dringend,Eingestellt,Opfer,2026-05-06,3,37103.84,4,10
AZ-2025-002384,Diebstahl,2023-04-16,05:43,Frankfurter Berg,50.179241,8.594383,Ahmad-Lange-Allee,Mittel,Abgeschlossen,Notruf,2024-03-30,1,0.0,0,15
AZ-2025-002385,Erpressung,2023-11-05,05:01,Ostend,50.100966,8.757823,Liebeltplatz,Hoch,Abgeschlossen,Patrouille,2024-09-28,2,0.0,5,10
AZ-2025-002386,Unterschlagung,2025-04-26,01:08,Riederwald,50.02857,8.579536,Tröststr.,Dringend,Ermittlung läuft,Patrouille,,1,22273.99,4,0
AZ-2024-002387,Computerbetrug,2024-02-09,05:12,Westend-Süd,50.18347,8.644454,Hans-Walter-Gotthard-Straße,Niedrig,Ermittlung läuft,Anonym,,3,23242.85,0,5
AZ-2024-002388,Beleidigung,2024-07-26,03:14,Unterliederbach,50.094866,8.67709,Röhrdanzstraße,Hoch,Gerichtlich,Anonym,2024-08-26,4,34138.59,2,0
AZ-2023-002389,Hausfriedensbruch,2024-11-24,18:48,Zeilsheim,50.075346,8.56931,Marie-Luise-Jacobi Jäckel-Weg,Mittel,Ermittlung läuft,Notruf,,4,33857.73,1,14
AZ-2023-002390,Einbruchdiebstahl,2023-12-31,16:27,Bornheim,50.112232,8.512948,Nohlmansstr.,Mittel,Gerichtlich,Anonym,2024-02-29,3,16197.64,0,8
AZ-2025-002391,Computerbetrug,2025-04-01,04:06,Ginnheim,50.061942,8.535428,Hauffergasse,Mittel,Abgeschlossen,Anonym,2025-10-22,3,0.0,5,12
AZ-2025-002392,Unterschlagung,2025-07-08,08:02,Höchst,50.115754,8.75966,German-Hesse-Ring,Hoch,Abgeschlossen,Anonym,2026-06-27,3,31029.71,0,1
AZ-2023-002393,Unterschlagung,2025-03-20,20:51,Ginnheim,50.130399,8.792895,Ebertweg,Dringend,Gerichtlich,Anonym,2025-11-16,2,22500.83,4,10
AZ-2023-002394,Drogendelikt,2024-03-19,14:30,Griesheim,50.189063,8.563427,Lindauplatz,Hoch,Ermittlung läuft,Patrouille,,2,12934.01,1,14
AZ-2024-002395,Raub,2023-01-30,08:28,Gallus,50.02207,8.678071,Strohweg,Niedrig,Ermittlung läuft,Anonym,,4,39318.41,1,13
AZ-2024-002396,Sachbeschädigung,2023-10-13,01:53,Sachsenhausen-Süd,50.135281,8.783124,Andy-Dussen van-Ring,Hoch,Gerichtlich,Notruf,2024-02-09,1,0.0,3,15
AZ-2025-002397,Unterschlagung,2024-01-14,02:09,Sindlingen,50.019836,8.727981,Börnerstr.,Hoch,Eingestellt,Anonym,2024-01-23,1,7093.08,2,5
AZ-2024-002398,Hausfriedensbruch,2024-11-28,12:24,Altstadt,50.11946,8.72931,Salzstraße,Dringend,Ermittlung läuft,Anonym,,2,30287.45,5,6
AZ-2024-002399,Raub,2023-03-05,06:57,Frankfurter Berg,50.162808,8.791976,Heserweg,Mittel,Gerichtlich,Opfer,2023-04-18,3,46810.56,2,14
AZ-2024-002400,Körperverletzung,2025-06-22,00:47,Niederursel,50.091714,8.480165,Täscheallee,Hoch,Abgeschlossen,Opfer,2025-07-21,2,1569.34,0,8
AZ-2025-002401,Verkehrsdelikt,2023-06-12,23:55,Berkersheim,50.175513,8.565057,Peter-Peukert-Allee,Niedrig,Abgeschlossen,Notruf,2023-11-24,2,35126.71,3,5
AZ-2024-002402,Raub,2023-06-12,11:57,Eschersheim,50.158998,8.745043,Michelle-Heser-Platz,Dringend,Abgeschlossen,Notruf,2024-02-24,1,14523.5,4,15
AZ-2023-002403,Einbruchdiebstahl,2024-09-21,02:17,Frankfurter Berg,50.106063,8.76142,Gabor-Juncken-Straße,Niedrig,Ermittlung läuft,Anonym,,4,0.0,1,8
AZ-2025-002404,Hausfriedensbruch,2023-12-19,02:40,Bergen-Enkheim,50.051892,8.543767,Ole-Fröhlich-Gasse,Mittel,Ermittlung läuft,Zeuge,,3,1190.52,3,3
AZ-2024-002405,Drogendelikt,2024-03-09,04:42,Praunheim,50.144307,8.782969,Klingelhöferstraße,Dringend,Abgeschlossen,Notruf,2024-08-11,1,41381.42,2,3
AZ-2025-002406,Computerbetrug,2025-08-09,20:44,Harheim,50.016272,8.575533,Biggenring,Mittel,Ermittlung läuft,Anonym,,1,20093.47,5,9
AZ-2024-002407,Computerbetrug,2025-01-28,14:41,Fechenheim,50.1853,8.718602,Radischweg,Dringend,Abgeschlossen,Notruf,2026-01-11,4,12585.4,3,1
AZ-2024-002408,Raub,2024-12-23,04:00,Unterliederbach,50.167976,8.517814,Anita-Gude-Allee,Hoch,Abgeschlossen,Opfer,2025-06-23,1,3101.15,4,15
AZ-2023-002409,Betrug,2023-10-03,18:35,Niederursel,50.099244,8.5701,Kornelia-Dehmel-Weg,Niedrig,Abgeschlossen,Notruf,2023-12-22,1,27700.53,5,1
AZ-2024-002410,Urkundenfälschung,2025-04-28,19:10,Nieder-Erlenbach,50.099134,8.694856,Beata-Junitz-Ring,Hoch,Abgeschlossen,Zeuge,2026-02-03,1,23947.63,2,13
AZ-2023-002411,Diebstahl,2025-06-03,06:37,Praunheim,50.044201,8.756284,Hillerweg,Mittel,Ermittlung läuft,Zeuge,,2,41038.06,1,7
AZ-2024-002412,Unterschlagung,2023-02-10,02:06,Preungesheim,50.062312,8.479036,Dietzstr.,Hoch,Gerichtlich,Patrouille,2023-11-04,4,6671.49,2,11
AZ-2024-002413,Hausfriedensbruch,2023-11-11,18:25,Seckbach,50.028468,8.535257,Fechnergasse,Hoch,Ermittlung läuft,Patrouille,,4,26164.12,2,2
AZ-2025-002414,Sachbeschädigung,2025-07-16,18:56,Nordend-West,50.105301,8.705739,Anna-Maria-Holzapfel-Ring,Hoch,Abgeschlossen,Patrouille,2026-06-20,4,45693.37,3,7
AZ-2025-002415,Einbruchdiebstahl,2024-02-21,17:45,Unterliederbach,50.142906,8.716212,Langernring,Niedrig,Eingestellt,Notruf,2024-08-27,2,34125.84,0,3
AZ-2025-002416,Verkehrsdelikt,2023-08-16,23:27,Dornbusch,50.169928,8.778441,Edmund-Harloff-Platz,Dringend,Ermittlung läuft,Opfer,,2,44266.27,4,9
AZ-2024-002417,Verkehrsdelikt,2023-10-09,13:33,Gallus,50.102344,8.665472,Marlen-Graf-Weg,Niedrig,Eingestellt,Zeuge,2023-12-14,1,0.0,3,2
AZ-2023-002418,Sachbeschädigung,2023-04-30,21:50,Bornheim,50.169091,8.715116,Sergei-Mies-Gasse,Dringend,Gerichtlich,Opfer,2023-10-14,1,6210.0,2,2
AZ-2024-002419,Bedrohung,2023-03-26,20:17,Niederursel,50.045874,8.571957,Maria-Eigenwillig-Gasse,Mittel,Eingestellt,Opfer,2023-10-14,1,0.0,2,13
AZ-2025-002420,Betrug,2025-04-15,06:40,Bahnhofsviertel,50.053185,8.694421,Keudelring,Hoch,Eingestellt,Opfer,2026-02-24,2,16151.63,5,2
AZ-2025-002421,Computerbetrug,2024-07-20,00:15,Seckbach,50.104013,8.574785,Etzoldallee,Hoch,Ermittlung läuft,Zeuge,,3,3064.41,2,9
AZ-2023-002422,Bedrohung,2024-01-24,11:03,Seckbach,50.017607,8.785162,Schenkstr.,Mittel,Abgeschlossen,Opfer,2024-08-06,1,31982.55,4,14
AZ-2023-002423,Hausfriedensbruch,2023-02-20,04:16,Nordend-West,50.06941,8.730377,Gerlachweg,Niedrig,Ermittlung läuft,Notruf,,4,0.0,4,5
AZ-2024-002424,Beleidigung,2024-04-27,21:21,Schwanheim,50.183966,8.514384,Baumweg,Mittel,Abgeschlossen,Notruf,2024-09-04,4,12862.75,3,2
AZ-2025-002425,Hausfriedensbruch,2025-06-15,04:28,Dornbusch,50.185462,8.582717,Helge-Eckbauer-Allee,Niedrig,Ermittlung läuft,Patrouille,,4,8986.22,3,13
AZ-2025-002426,Computerbetrug,2025-05-26,03:21,Nieder-Eschbach,50.119418,8.733953,Heidi-Heidrich-Ring,Mittel,Eingestellt,Anonym,2025-10-06,3,0.0,5,1
AZ-2023-002427,Beleidigung,2023-10-12,02:22,Praunheim,50.1305,8.540124,Hassan-Ehlert-Gasse,Mittel,Ermittlung läuft,Anonym,,1,23627.49,5,10
AZ-2023-002428,Computerbetrug,2025-10-29,05:57,Nieder-Eschbach,50.095363,8.533974,Stumpfallee,Mittel,Ermittlung läuft,Anonym,,1,0.0,0,3
AZ-2025-002429,Hausfriedensbruch,2023-10-31,14:22,Sindlingen,50.140427,8.590943,Czeslaw-Bähr-Straße,Niedrig,Abgeschlossen,Patrouille,2024-08-23,2,0.0,5,2
AZ-2025-002430,Körperverletzung,2025-05-13,21:11,Eschersheim,50.164982,8.703633,Bergerplatz,Niedrig,Gerichtlich,Zeuge,2025-06-06,3,9479.49,2,6
AZ-2024-002431,Erpressung,2025-03-14,08:18,Nieder-Eschbach,50.163268,8.71759,Antonio-Sorgatz-Weg,Niedrig,Ermittlung läuft,Patrouille,,2,0.0,5,0
AZ-2025-002432,Unterschlagung,2023-04-26,14:40,Fechenheim,50.180573,8.786106,Walfried-Drubin-Ring,Mittel,Ermittlung läuft,Patrouille,,2,2347.87,5,14
AZ-2024-002433,Sachbeschädigung,2024-10-16,21:30,Kalbach-Riedberg,50.123285,8.543602,Celal-Jacobi Jäckel-Allee,Niedrig,Ermittlung läuft,Zeuge,,1,44975.62,5,13
AZ-2024-002434,Hausfriedensbruch,2024-03-09,20:08,Nied,50.146559,8.611114,Katharine-Dietz-Gasse,Hoch,Ermittlung läuft,Patrouille,,4,20659.39,3,5
AZ-2023-002435,Sachbeschädigung,2024-09-24,14:41,Frankfurter Berg,50.067073,8.735524,Cäcilie-Gute-Platz,Mittel,Ermittlung läuft,Patrouille,,4,39447.62,5,13
AZ-2024-002436,Raub,2024-08-06,02:21,Ostend,50.088947,8.537828,Baumgasse,Dringend,Ermittlung läuft,Opfer,,3,37814.88,4,11
AZ-2024-002437,Hausfriedensbruch,2023-08-10,23:53,Nieder-Eschbach,50.117399,8.598806,Milena-Weinhold-Ring,Dringend,Gerichtlich,Patrouille,2024-03-06,4,0.0,5,7
AZ-2025-002438,Einbruchdiebstahl,2024-03-24,14:47,Niederursel,50.047821,8.748506,Kitzmannplatz,Mittel,Ermittlung läuft,Zeuge,,1,9200.58,1,10
AZ-2025-002439,Sachbeschädigung,2023-07-09,23:16,Bonames,50.101392,8.664822,Alwine-Roskoth-Gasse,Dringend,Ermittlung läuft,Opfer,,2,20660.64,2,2
AZ-2023-002440,Unterschlagung,2024-08-06,04:59,Nied,50.025335,8.674975,Maria-Theresia-Sager-Gasse,Niedrig,Abgeschlossen,Opfer,2024-11-30,4,0.0,4,4
AZ-2025-002441,Betrug,2023-09-07,00:39,Gallus,50.129907,8.520742,Ira-Gröttner-Ring,Mittel,Eingestellt,Anonym,2024-03-17,3,0.0,5,9
AZ-2024-002442,Sachbeschädigung,2025-03-18,04:35,Bergen-Enkheim,50.097956,8.613866,Sabine-Wende-Weg,Niedrig,Ermittlung läuft,Anonym,,4,10620.88,5,9
AZ-2023-002443,Einbruchdiebstahl,2025-10-18,12:29,Sossenheim,50.024054,8.792453,Yasemin-van der Dussen-Gasse,Hoch,Abgeschlossen,Notruf,2025-11-06,4,18864.29,2,7
AZ-2025-002444,Drogendelikt,2025-06-02,21:52,Griesheim,50.189196,8.679881,Songül-Pärtzelt-Allee,Mittel,Ermittlung läuft,Patrouille,,1,16769.51,1,10
AZ-2023-002445,Urkundenfälschung,2025-05-24,05:36,Sachsenhausen-Nord,50.082861,8.657505,Kobeltweg,Mittel,Abgeschlossen,Patrouille,2025-09-02,4,7941.98,1,9
AZ-2024-002446,Betrug,2025-04-25,17:52,Niederursel,50.100244,8.489992,Theodor-Steinberg-Gasse,Mittel,Abgeschlossen,Opfer,2025-07-25,3,43761.93,3,13
AZ-2023-002447,Unterschlagung,2025-03-25,03:02,Berkersheim,50.183721,8.56983,Martha-Klapp-Straße,Niedrig,Ermittlung läuft,Notruf,,4,0.0,4,12
AZ-2023-002448,Urkundenfälschung,2025-08-22,19:10,Praunheim,50.060104,8.765276,Hamannstr.,Mittel,Ermittlung läuft,Anonym,,3,0.0,3,10
AZ-2023-002449,Bedrohung,2025-05-04,02:14,Kalbach-Riedberg,50.023469,8.656154,Rupert-Dowerg-Ring,Mittel,Abgeschlossen,Zeuge,2025-09-27,2,6065.26,4,6
AZ-2024-002450,Verkehrsdelikt,2024-07-02,15:26,Griesheim,50.131172,8.731115,Vladimir-Dörschner-Weg,Mittel,Abgeschlossen,Anonym,2024-09-16,1,0.0,5,5
AZ-2023-002451,Diebstahl,2023-11-24,00:04,Bockenheim,50.032244,8.722717,Agnieszka-Wiek-Ring,Mittel,Ermittlung läuft,Opfer,,1,10812.45,1,7
AZ-2025-002452,Betrug,2025-03-19,20:48,Bergen-Enkheim,50.026982,8.723912,Rohtweg,Niedrig,Abgeschlossen,Opfer,2026-03-08,4,0.0,1,3
AZ-2023-002453,Hausfriedensbruch,2025-05-23,15:11,Seckbach,50.035231,8.676155,Dariusz-Junken-Straße,Mittel,Ermittlung läuft,Zeuge,,4,16010.01,4,0
AZ-2024-002454,Drogendelikt,2023-01-16,22:00,Nordend-West,50.11973,8.799241,Raymond-Hölzenbecher-Straße,Hoch,Abgeschlossen,Opfer,2023-12-24,2,42496.8,4,7
AZ-2024-002455,Bedrohung,2024-06-10,06:50,Eschersheim,50.035472,8.771512,Striebitzallee,Dringend,Eingestellt,Patrouille,2025-02-18,4,5678.33,5,1
AZ-2023-002456,Diebstahl,2025-07-15,00:08,Praunheim,50.189125,8.769205,Heckerstr.,Mittel,Abgeschlossen,Anonym,2026-04-20,1,27265.8,5,6
AZ-2024-002457,Beleidigung,2024-08-02,20:45,Ostend,50.04717,8.539206,Hoffmannallee,Niedrig,Abgeschlossen,Zeuge,2024-10-06,3,43521.73,1,5
AZ-2025-002458,Verkehrsdelikt,2024-06-27,22:04,Bockenheim,50.137983,8.719355,Grafallee,Dringend,Abgeschlossen,Opfer,2024-09-13,3,0.0,0,5
AZ-2023-002459,Unterschlagung,2023-06-30,07:07,Ginnheim,50.099118,8.585594,Roselinde-Mülichen-Allee,Mittel,Ermittlung läuft,Opfer,,4,1328.62,5,2
AZ-2025-002460,Unterschlagung,2025-04-01,14:32,Sindlingen,50.159577,8.795807,Gießgasse,Dringend,Ermittlung läuft,Opfer,,1,0.0,0,10
AZ-2023-002461,Betrug,2024-01-22,16:25,Innenstadt,50.092816,8.548707,Steinberggasse,Niedrig,Eingestellt,Anonym,2024-04-24,3,0.0,5,10
AZ-2023-002462,Erpressung,2024-03-03,20:54,Gallus,50.185176,8.475912,Mangoldstr.,Hoch,Ermittlung läuft,Zeuge,,1,1373.43,2,10
AZ-2024-002463,Diebstahl,2023-01-06,16:16,Schwanheim,50.113595,8.607418,Ernst-August-Fechner-Straße,Mittel,Abgeschlossen,Notruf,2023-04-06,3,30498.58,0,0
AZ-2025-002464,Sachbeschädigung,2024-04-10,00:41,Eckenheim,50.133778,8.744495,Täschestr.,Hoch,Abgeschlossen,Patrouille,2024-09-03,1,0.0,1,14
AZ-2023-002465,Erpressung,2023-12-09,14:41,Harheim,50.058627,8.709828,Jolanta-Geisler-Gasse,Niedrig,Abgeschlossen,Zeuge,2024-07-29,2,0.0,2,3
AZ-2025-002466,Diebstahl,2023-07-04,05:04,Berkersheim,50.019984,8.765688,Gumprichring,Niedrig,Eingestellt,Anonym,2023-11-18,1,8938.51,0,12
AZ-2023-002467,Bedrohung,2024-10-06,02:04,Nied,50.143386,8.561598,Diane-Kusch-Gasse,Niedrig,Abgeschlossen,Notruf,2025-09-04,1,13575.83,2,14
AZ-2023-002468,Verkehrsdelikt,2025-06-11,16:35,Praunheim,50.128536,8.501377,Mechthild-Löffler-Allee,Niedrig,Abgeschlossen,Patrouille,2025-09-25,3,4012.5,1,3
AZ-2024-002469,Urkundenfälschung,2023-05-08,03:06,Höchst,50.16277,8.581968,Holstenallee,Dringend,Gerichtlich,Notruf,2023-10-02,4,3561.33,2,4
AZ-2024-002470,Drogendelikt,2024-07-02,18:25,Nordend-Ost,50.102109,8.658384,Werneckeallee,Hoch,Abgeschlossen,Patrouille,2024-08-27,1,24158.55,3,1
AZ-2023-002471,Einbruchdiebstahl,2023-09-22,04:42,Preungesheim,50.015755,8.702902,Klemmstraße,Dringend,Ermittlung läuft,Anonym,,2,32855.93,2,6
AZ-2024-002472,Unterschlagung,2023-11-01,01:39,Kalbach-Riedberg,50.12085,8.698228,Neureutherstr.,Dringend,Gerichtlich,Opfer,2024-09-28,3,24942.54,3,5
AZ-2023-002473,Bedrohung,2024-01-25,06:40,Innenstadt,50.100068,8.696503,Finkeallee,Hoch,Abgeschlossen,Zeuge,2025-01-24,2,20044.19,3,6
AZ-2025-002474,Sachbeschädigung,2024-09-23,12:18,Bergen-Enkheim,50.039357,8.621211,Dörrgasse,Hoch,Abgeschlossen,Notruf,2025-02-13,3,0.0,1,2
AZ-2023-002475,Computerbetrug,2025-05-02,21:29,Rödelheim,50.100198,8.581385,Niemeierstraße,Hoch,Abgeschlossen,Zeuge,2025-07-27,4,2826.05,0,13
AZ-2023-002476,Raub,2025-05-18,06:15,Bornheim,50.025638,8.557871,Ernestine-Eimer-Gasse,Dringend,Ermittlung läuft,Opfer,,3,49247.46,1,13
AZ-2023-002477,Raub,2024-03-09,12:10,Griesheim,50.115189,8.531679,Jessika-Bloch-Gasse,Dringend,Eingestellt,Zeuge,2024-12-11,3,0.0,2,11
AZ-2023-002478,Körperverletzung,2023-08-29,23:58,Sachsenhausen-Nord,50.051609,8.757774,Stiebitzgasse,Niedrig,Eingestellt,Notruf,2024-02-08,3,0.0,4,8
AZ-2025-002479,Unterschlagung,2024-08-23,18:21,Frankfurter Berg,50.045006,8.738648,Ralph-Schleich-Allee,Hoch,Abgeschlossen,Opfer,2025-01-24,3,25283.35,2,2
AZ-2025-002480,Erpressung,2023-11-27,19:07,Schwanheim,50.178773,8.56158,Fliegnerring,Mittel,Ermittlung läuft,Patrouille,,4,0.0,4,14
AZ-2025-002481,Hausfriedensbruch,2023-12-22,08:28,Riederwald,50.053593,8.769632,Kira-Buchholz-Allee,Dringend,Abgeschlossen,Patrouille,2024-06-11,1,42703.36,0,14
AZ-2023-002482,Computerbetrug,2024-10-09,03:16,Nieder-Erlenbach,50.184897,8.496697,Zorbachstraße,Hoch,Ermittlung läuft,Notruf,,2,44884.24,0,10
AZ-2025-002483,Unterschlagung,2025-08-11,17:10,Innenstadt,50.148227,8.799227,Klaus-Peter-Speer-Straße,Niedrig,Ermittlung läuft,Opfer,,3,14993.0,1,15
AZ-2024-002484,Beleidigung,2025-02-25,05:19,Westend-Nord,50.02354,8.740294,Pärtzeltring,Dringend,Ermittlung läuft,Zeuge,,4,37172.3,3,3
AZ-2025-002485,Körperverletzung,2023-02-24,12:51,Dornbusch,50.08938,8.717984,Reuterstr.,Mittel,Eingestellt,Zeuge,2024-01-17,4,35002.68,0,12
AZ-2025-002486,Diebstahl,2024-11-23,00:27,Preungesheim,50.154094,8.615589,Urte-Wieloch-Gasse,Niedrig,Ermittlung läuft,Zeuge,,2,6939.66,1,2
AZ-2025-002487,Hausfriedensbruch,2025-04-30,01:00,Sachsenhausen-Süd,50.048704,8.794373,Drubinstraße,Dringend,Gerichtlich,Anonym,2025-06-02,2,5641.0,1,1
AZ-2024-002488,Erpressung,2025-03-11,02:16,Bahnhofsviertel,50.113639,8.518251,Jopichallee,Dringend,Abgeschlossen,Notruf,2026-01-27,4,13063.43,0,1
AZ-2025-002489,Verkehrsdelikt,2023-05-19,09:05,Altstadt,50.063544,8.556423,Margrafstraße,Mittel,Ermittlung läuft,Notruf,,2,0.0,4,13
AZ-2025-002490,Erpressung,2023-05-19,22:22,Eschersheim,50.108387,8.775927,Antonio-Gierschner-Weg,Hoch,Abgeschlossen,Notruf,2023-08-20,3,34876.46,1,15
AZ-2024-002491,Beleidigung,2025-10-28,05:37,Nieder-Eschbach,50.076203,8.635643,Trappplatz,Mittel,Ermittlung läuft,Notruf,,4,23452.32,5,3
AZ-2024-002492,Diebstahl,2023-03-24,11:37,Nordend-Ost,50.064067,8.69263,Losekannplatz,Hoch,Ermittlung läuft,Opfer,,1,17050.01,3,0
AZ-2024-002493,Bedrohung,2023-10-01,16:22,Berkersheim,50.088767,8.679534,Trubinstraße,Niedrig,Eingestellt,Anonym,2024-08-26,4,0.0,2,14
AZ-2025-002494,Einbruchdiebstahl,2025-03-15,00:58,Nordend-West,50.158496,8.50056,Wielochgasse,Mittel,Abgeschlossen,Notruf,2025-05-02,2,18984.48,5,9
AZ-2023-002495,Unterschlagung,2023-08-01,16:01,Ginnheim,50.168829,8.585236,Sorgatzstr.,Hoch,Eingestellt,Anonym,2023-10-13,2,18675.05,2,5
AZ-2023-002496,Computerbetrug,2024-07-20,20:15,Eckenheim,50.152481,8.78203,Mülichenstr.,Dringend,Abgeschlossen,Notruf,2025-03-16,3,16137.19,1,15
AZ-2023-002497,Betrug,2024-05-31,17:51,Eckenheim,50.145936,8.717971,Amanda-Blümel-Straße,Mittel,Abgeschlossen,Patrouille,2024-12-04,3,39655.47,5,1
AZ-2025-002498,Hausfriedensbruch,2023-06-18,21:31,Bergen-Enkheim,50.168378,8.751429,Oderwaldstr.,Mittel,Eingestellt,Anonym,2023-09-19,3,38039.27,3,10
AZ-2025-002499,Diebstahl,2023-11-28,06:50,Nieder-Eschbach,50.060863,8.758483,Schmiedtweg,Mittel,Abgeschlossen,Zeuge,2024-08-15,2,16970.95,0,14
AZ-2023-002500,Einbruchdiebstahl,2023-01-02,01:35,Nordend-West,50.031142,8.659075,Wilmsring,Mittel,Ermittlung läuft,Notruf,,3,16008.18,5,10
AZ-2024-002501,Betrug,2023-05-22,22:12,Hausen,50.171734,8.595038,Bolandergasse,Hoch,Abgeschlossen,Notruf,2024-04-04,1,36150.81,5,5
AZ-2024-002502,Hausfriedensbruch,2023-02-14,08:03,Griesheim,50.019036,8.731318,Fernando-Kobelt-Ring,Dringend,Abgeschlossen,Zeuge,2023-05-04,1,24909.0,3,6
AZ-2023-002503,Beleidigung,2025-07-08,04:33,Seckbach,50.083832,8.58658,Kreszentia-Schomber-Ring,Mittel,Ermittlung läuft,Anonym,,1,0.0,5,2
AZ-2023-002504,Unterschlagung,2025-09-12,02:51,Rödelheim,50.023689,8.552429,Dietzstraße,Hoch,Eingestellt,Patrouille,2026-04-03,3,0.0,5,9
AZ-2025-002505,Erpressung,2024-05-26,13:41,Innenstadt,50.02476,8.531281,Klemmstraße,Mittel,Eingestellt,Zeuge,2025-01-08,2,27666.26,0,5
AZ-2024-002506,Verkehrsdelikt,2023-05-17,01:37,Höchst,50.089791,8.709756,Blümelweg,Dringend,Ermittlung läuft,Notruf,,2,17103.4,3,12
AZ-2025-002507,Körperverletzung,2024-09-29,11:22,Praunheim,50.126146,8.491081,Ivo-Heinz-Allee,Hoch,Ermittlung läuft,Patrouille,,2,36953.94,0,3
AZ-2025-002508,Erpressung,2023-04-14,04:24,Westend-Süd,50.071724,8.539379,Scheelgasse,Mittel,Abgeschlossen,Opfer,2024-02-08,2,0.0,0,6
AZ-2025-002509,Urkundenfälschung,2025-01-17,21:47,Eckenheim,50.190285,8.642567,Olena-Jäkel-Gasse,Niedrig,Gerichtlich,Notruf,2025-07-02,1,0.0,2,0
AZ-2024-002510,Beleidigung,2025-06-04,04:51,Nordend-Ost,50.084391,8.564313,Geislergasse,Niedrig,Eingestellt,Patrouille,2025-06-18,3,23875.6,1,3
AZ-2024-002511,Sachbeschädigung,2025-05-10,09:35,Bergen-Enkheim,50.133962,8.620638,Benderstraße,Niedrig,Gerichtlich,Opfer,2025-09-24,3,0.0,4,10
AZ-2025-002512,Erpressung,2025-09-05,05:22,Bonames,50.021044,8.547076,Rosenowstr.,Mittel,Ermittlung läuft,Notruf,,4,8040.4,4,5
AZ-2024-002513,Computerbetrug,2024-06-25,16:49,Bergen-Enkheim,50.121513,8.764031,Hethurgasse,Hoch,Abgeschlossen,Zeuge,2024-08-14,4,16690.67,4,2
AZ-2024-002514,Urkundenfälschung,2024-07-19,10:53,Unterliederbach,50.194959,8.799487,Schachtgasse,Hoch,Eingestellt,Opfer,2025-06-27,2,295.25,2,2
AZ-2024-002515,Verkehrsdelikt,2025-01-28,05:19,Eckenheim,50.082623,8.648577,Kostolzinstr.,Niedrig,Eingestellt,Zeuge,2025-10-31,4,29955.82,2,1
AZ-2025-002516,Urkundenfälschung,2023-09-13,21:19,Riederwald,50.183999,8.717544,Junitzstr.,Mittel,Ermittlung läuft,Notruf,,4,0.0,5,10
AZ-2025-002517,Körperverletzung,2023-04-02,23:08,Dornbusch,50.020015,8.733566,Manja-Niemeier-Gasse,Dringend,Gerichtlich,Notruf,2024-03-31,1,24764.35,2,13
AZ-2025-002518,Verkehrsdelikt,2023-03-29,21:15,Altstadt,50.032594,8.689668,Michael-Oestrovsky-Weg,Mittel,Ermittlung läuft,Zeuge,,4,17502.51,2,5
AZ-2023-002519,Urkundenfälschung,2025-09-26,11:18,Gallus,50.143093,8.690658,Geiselstr.,Dringend,Abgeschlossen,Notruf,2026-06-17,3,47973.6,5,1
AZ-2025-002520,Raub,2025-05-16,12:33,Ostend,50.077555,8.715611,Knappestraße,Hoch,Gerichtlich,Notruf,2025-06-27,4,0.0,3,13
AZ-2024-002521,Beleidigung,2024-09-09,01:36,Praunheim,50.18316,8.550387,Albina-Schuster-Gasse,Niedrig,Ermittlung läuft,Patrouille,,3,34780.12,0,2
AZ-2024-002522,Hausfriedensbruch,2024-03-24,06:37,Praunheim,50.192148,8.533456,Kenan-Hettner-Gasse,Niedrig,Ermittlung läuft,Anonym,,2,30349.57,0,4
AZ-2025-002523,Computerbetrug,2023-06-16,04:41,Dornbusch,50.096189,8.714417,Ruppersbergerstraße,Dringend,Abgeschlossen,Anonym,2024-04-08,4,26279.72,4,13
AZ-2023-002524,Einbruchdiebstahl,2024-02-10,02:36,Frankfurter Berg,50.025522,8.525148,Emma-Weimer-Gasse,Mittel,Abgeschlossen,Notruf,2024-06-10,2,0.0,2,2
AZ-2024-002525,Erpressung,2025-05-14,08:08,Ginnheim,50.184432,8.515999,Daria-Kallert-Ring,Niedrig,Ermittlung läuft,Zeuge,,4,48651.33,4,2
AZ-2025-002526,Raub,2025-10-25,13:15,Bonames,50.132285,8.746488,Carolina-Radisch-Straße,Mittel,Abgeschlossen,Notruf,2026-10-16,1,7495.3,1,0
AZ-2024-002527,Drogendelikt,2025-04-26,06:22,Sindlingen,50.130411,8.587714,Häringring,Hoch,Abgeschlossen,Opfer,2025-08-16,3,93.36,2,0
AZ-2024-002528,Urkundenfälschung,2023-03-14,06:54,Bornheim,50.051583,8.543505,Gabriella-Jacobi Jäckel-Weg,Mittel,Abgeschlossen,Notruf,2023-11-16,3,49347.92,1,10
AZ-2025-002529,Unterschlagung,2023-09-18,21:46,Ostend,50.076477,8.607516,Löwerweg,Mittel,Ermittlung läuft,Zeuge,,2,27002.14,5,13
AZ-2025-002530,Beleidigung,2024-11-05,16:42,Gallus,50.134037,8.656396,Gutestraße,Niedrig,Gerichtlich,Zeuge,2025-01-22,1,8178.96,0,14
AZ-2023-002531,Drogendelikt,2025-09-19,19:01,Fechenheim,50.129759,8.611039,Hermannstr.,Hoch,Eingestellt,Notruf,2026-01-11,2,32502.2,1,13
AZ-2025-002532,Diebstahl,2024-10-30,18:32,Schwanheim,50.016831,8.537945,Steckelallee,Mittel,Ermittlung läuft,Anonym,,3,1543.31,1,15
AZ-2023-002533,Bedrohung,2025-01-09,06:22,Gallus,50.134933,8.507311,Raissa-Bähr-Allee,Hoch,Abgeschlossen,Patrouille,2025-04-27,2,22410.69,5,10
AZ-2023-002534,Raub,2025-04-29,14:53,Hausen,50.128645,8.487559,Cilli-Ortmann-Platz,Dringend,Ermittlung läuft,Anonym,,4,22804.06,0,4
AZ-2025-002535,Körperverletzung,2025-03-26,10:09,Kalbach-Riedberg,50.168777,8.567812,Heuserweg,Hoch,Ermittlung läuft,Opfer,,2,44973.05,0,2
AZ-2023-002536,Drogendelikt,2024-11-02,03:17,Nordend-West,50.104397,8.559985,Rosemannweg,Niedrig,Abgeschlossen,Notruf,2025-06-23,3,41957.25,1,5
AZ-2025-002537,Hausfriedensbruch,2023-10-02,22:51,Niederursel,50.166143,8.687008,Anne-Rose-Gute-Ring,Niedrig,Eingestellt,Opfer,2023-12-03,3,13177.02,2,6
AZ-2024-002538,Körperverletzung,2024-06-08,23:54,Höchst,50.101446,8.737282,Finkeplatz,Mittel,Ermittlung läuft,Anonym,,4,16996.82,5,1
AZ-2023-002539,Erpressung,2023-07-05,22:23,Sachsenhausen-Nord,50.149067,8.641106,Justina-Stolze-Ring,Hoch,Abgeschlossen,Anonym,2024-02-01,2,763.25,0,9
AZ-2025-002540,Sachbeschädigung,2023-06-28,04:40,Eschersheim,50.083915,8.65631,Langernring,Dringend,Abgeschlossen,Zeuge,2024-02-02,4,49762.29,3,4
AZ-2025-002541,Sachbeschädigung,2023-01-02,21:08,Frankfurter Berg,50.169425,8.545306,Eveline-Haase-Straße,Niedrig,Ermittlung läuft,Zeuge,,2,0.0,4,13
AZ-2023-002542,Einbruchdiebstahl,2025-03-22,15:27,Zeilsheim,50.044501,8.477724,Hörleweg,Hoch,Gerichtlich,Anonym,2025-11-10,2,18766.76,3,15
AZ-2025-002543,Computerbetrug,2023-01-02,14:40,Fechenheim,50.128207,8.472823,Jerzy-Striebitz-Weg,Hoch,Ermittlung läuft,Notruf,,3,42325.68,4,13
AZ-2023-002544,Körperverletzung,2025-09-28,15:02,Seckbach,50.085397,8.619794,Rudi-Henck-Gasse,Dringend,Ermittlung läuft,Patrouille,,1,37134.77,2,8
AZ-2025-002545,Unterschlagung,2025-05-21,17:41,Preungesheim,50.144363,8.488426,Hans-Jochen-Baum-Platz,Dringend,Abgeschlossen,Anonym,2025-09-28,1,0.0,1,10
AZ-2024-002546,Einbruchdiebstahl,2024-03-10,03:08,Bornheim,50.091036,8.761361,Mitschkestraße,Dringend,Gerichtlich,Anonym,2024-06-15,1,28177.53,4,1
AZ-2025-002547,Urkundenfälschung,2024-09-18,00:54,Eschersheim,50.067899,8.512065,Löchelweg,Dringend,Ermittlung läuft,Zeuge,,1,0.0,4,1
AZ-2025-002548,Einbruchdiebstahl,2023-03-13,14:13,Rödelheim,50.061374,8.616657,Hansgeorg-Freudenberger-Ring,Dringend,Abgeschlossen,Patrouille,2023-08-30,2,37661.87,1,1
AZ-2024-002549,Körperverletzung,2024-07-19,03:13,Berkersheim,50.110603,8.782391,Angelo-Heser-Ring,Mittel,Ermittlung läuft,Opfer,,1,0.0,0,11
AZ-2024-002550,Beleidigung,2024-08-24,04:59,Bockenheim,50.060561,8.732088,Franziska-Berger-Allee,Niedrig,Abgeschlossen,Zeuge,2025-07-23,1,29146.23,0,6
AZ-2024-002551,Körperverletzung,2024-12-24,19:19,Nieder-Eschbach,50.119008,8.526465,Zänkergasse,Mittel,Eingestellt,Patrouille,2025-01-07,4,36916.53,4,1
AZ-2024-002552,Diebstahl,2024-04-12,04:15,Berkersheim,50.137289,8.79582,Natalie-Carsten-Ring,Dringend,Abgeschlossen,Opfer,2024-12-04,3,41876.52,1,9
AZ-2024-002553,Beleidigung,2023-02-04,20:13,Ginnheim,50.11402,8.647071,Bolnbachstraße,Mittel,Abgeschlossen,Zeuge,2023-10-09,1,20373.35,1,6
AZ-2023-002554,Verkehrsdelikt,2025-07-05,22:00,Sachsenhausen-Süd,50.15038,8.551493,Steckelweg,Niedrig,Ermittlung läuft,Patrouille,,3,27546.57,0,7
AZ-2024-002555,Computerbetrug,2024-04-02,03:04,Zeilsheim,50.089693,8.583887,Robert-Ullrich-Platz,Dringend,Eingestellt,Notruf,2024-12-25,1,49376.92,5,4
AZ-2024-002556,Einbruchdiebstahl,2023-03-10,07:03,Eschersheim,50.189622,8.797039,Engin-Rudolph-Allee,Niedrig,Gerichtlich,Patrouille,2023-12-13,2,0.0,0,6
AZ-2024-002557,Urkundenfälschung,2025-05-05,00:24,Sachsenhausen-Süd,50.101791,8.66704,Anne-Marie-Stadelmann-Weg,Dringend,Abgeschlossen,Opfer,2026-02-07,4,37532.46,3,2
AZ-2023-002558,Bedrohung,2024-01-23,12:18,Bonames,50.100792,8.556874,Oestrovskygasse,Hoch,Abgeschlossen,Patrouille,2024-08-29,2,38275.87,2,14
AZ-2023-002559,Bedrohung,2024-09-07,09:43,Eschersheim,50.110732,8.794456,Dorit-Eberhardt-Ring,Dringend,Eingestellt,Anonym,2025-06-06,1,40818.6,2,3
AZ-2024-002560,Körperverletzung,2023-07-30,03:20,Kalbach-Riedberg,50.175768,8.73025,Sauerweg,Hoch,Abgeschlossen,Notruf,2024-04-05,4,0.0,3,15
AZ-2023-002561,Erpressung,2023-03-17,20:23,Kalbach-Riedberg,50.089467,8.755936,Weißweg,Mittel,Ermittlung läuft,Anonym,,2,42974.05,1,8
AZ-2023-002562,Sachbeschädigung,2025-06-07,10:44,Unterliederbach,50.151692,8.576973,Sylvie-Löchel-Platz,Hoch,Ermittlung läuft,Patrouille,,4,0.0,1,6
AZ-2023-002563,Raub,2023-11-05,07:19,Zeilsheim,50.039913,8.724333,Eitel-Gertz-Platz,Niedrig,Abgeschlossen,Patrouille,2024-05-14,3,42661.5,5,4
AZ-2025-002564,Bedrohung,2025-04-04,06:34,Niederursel,50.051455,8.52651,Mansstraße,Mittel,Abgeschlossen,Notruf,2026-03-04,1,33254.63,5,12
AZ-2024-002565,Drogendelikt,2023-11-26,22:59,Praunheim,50.08301,8.778852,Schachtgasse,Mittel,Abgeschlossen,Opfer,2024-10-21,4,0.0,5,11
AZ-2023-002566,Hausfriedensbruch,2024-07-25,15:35,Nieder-Eschbach,50.048376,8.644728,Reinhardtring,Niedrig,Eingestellt,Anonym,2025-07-22,2,0.0,4,8
AZ-2024-002567,Betrug,2023-07-04,22:11,Altstadt,50.04011,8.719203,Malte-Ritter-Straße,Hoch,Gerichtlich,Opfer,2023-11-02,3,4739.66,4,11
AZ-2025-002568,Hausfriedensbruch,2024-07-16,10:23,Eschersheim,50.166796,8.673036,Stollplatz,Mittel,Ermittlung läuft,Zeuge,,3,2558.3,1,11
AZ-2024-002569,Sachbeschädigung,2025-04-03,07:01,Unterliederbach,50.179674,8.637668,Ziegertplatz,Hoch,Ermittlung läuft,Patrouille,,1,22338.86,4,12
AZ-2023-002570,Sachbeschädigung,2025-01-07,14:06,Bornheim,50.120158,8.615233,Mülichenweg,Mittel,Abgeschlossen,Patrouille,2025-09-28,1,8630.95,4,13
AZ-2025-002571,Betrug,2024-10-04,12:18,Nieder-Erlenbach,50.06865,8.598805,Jäntschgasse,Mittel,Gerichtlich,Zeuge,2025-01-26,2,27218.75,1,9
AZ-2023-002572,Diebstahl,2025-03-20,14:59,Gallus,50.085728,8.497595,Melitta-Warmer-Allee,Hoch,Eingestellt,Notruf,2025-07-14,1,0.0,1,12
AZ-2024-002573,Erpressung,2023-11-08,16:49,Fechenheim,50.185043,8.701928,Helene-Zirme-Allee,Niedrig,Ermittlung läuft,Anonym,,3,33374.52,2,2
AZ-2023-002574,Körperverletzung,2023-07-04,13:51,Bahnhofsviertel,50.168582,8.704016,Janus-Rohleder-Straße,Niedrig,Gerichtlich,Zeuge,2023-11-18,4,38430.17,3,5
AZ-2025-002575,Beleidigung,2023-10-22,16:17,Altstadt,50.072268,8.495738,Schwitalweg,Hoch,Ermittlung läuft,Notruf,,4,0.0,4,11
AZ-2024-002576,Bedrohung,2023-06-05,03:40,Bahnhofsviertel,50.071196,8.612053,Stolzegasse,Dringend,Ermittlung läuft,Zeuge,,1,0.0,3,0
AZ-2023-002577,Unterschlagung,2024-08-29,13:37,Eckenheim,50.033703,8.557886,Nadja-Margraf-Straße,Niedrig,Ermittlung läuft,Notruf,,2,13872.81,0,13
AZ-2023-002578,Hausfriedensbruch,2025-03-07,20:31,Rödelheim,50.072501,8.626369,Sibylla-Kreusel-Ring,Niedrig,Abgeschlossen,Notruf,2025-08-08,3,0.0,1,8
AZ-2024-002579,Körperverletzung,2023-11-10,06:49,Altstadt,50.077378,8.715552,Conradiallee,Niedrig,Abgeschlossen,Zeuge,2024-02-24,4,30827.25,2,0
AZ-2024-002580,Verkehrsdelikt,2023-12-12,07:42,Unterliederbach,50.129965,8.717682,Konstantinos-Häring-Platz,Niedrig,Abgeschlossen,Patrouille,2024-06-13,3,0.0,1,6
AZ-2024-002581,Bedrohung,2023-09-07,15:48,Preungesheim,50.096915,8.721397,Schülerring,Niedrig,Ermittlung läuft,Opfer,,2,0.0,4,5
AZ-2024-002582,Urkundenfälschung,2023-11-17,00:52,Westend-Nord,50.187477,8.767353,Zobelgasse,Mittel,Eingestellt,Zeuge,2024-08-09,3,0.0,3,12
AZ-2024-002583,Urkundenfälschung,2023-01-08,03:52,Bahnhofsviertel,50.12431,8.526528,Butteallee,Niedrig,Ermittlung läuft,Notruf,,2,6793.55,5,2
AZ-2024-002584,Diebstahl,2024-04-19,19:18,Sachsenhausen-Süd,50.059472,8.788262,Mudeweg,Mittel,Ermittlung läuft,Notruf,,3,40704.19,1,7
AZ-2024-002585,Beleidigung,2025-11-01,09:18,Rödelheim,50.179267,8.783209,Kadeweg,Dringend,Ermittlung läuft,Patrouille,,3,0.0,4,8
AZ-2025-002586,Drogendelikt,2023-11-13,23:35,Innenstadt,50.018448,8.545723,Ditschlerinallee,Hoch,Eingestellt,Zeuge,2024-08-14,3,32768.03,1,1
AZ-2025-002587,Körperverletzung,2024-10-15,00:21,Schwanheim,50.183724,8.63966,Hildburg-Heß-Weg,Hoch,Gerichtlich,Anonym,2025-03-10,1,5895.92,1,6
AZ-2024-002588,Verkehrsdelikt,2025-08-13,15:10,Ginnheim,50.125572,8.630523,Nikolai-Linke-Weg,Mittel,Ermittlung läuft,Anonym,,1,23583.28,3,8
AZ-2025-002589,Einbruchdiebstahl,2023-01-21,00:12,Sossenheim,50.086007,8.694909,Metzweg,Dringend,Abgeschlossen,Patrouille,2023-07-29,4,23943.14,2,12
AZ-2024-002590,Einbruchdiebstahl,2025-04-09,12:00,Ginnheim,50.085876,8.711312,Klaudia-Birnbaum-Allee,Niedrig,Abgeschlossen,Opfer,2025-08-06,1,27161.56,1,13
AZ-2025-002591,Erpressung,2024-03-07,16:40,Kalbach-Riedberg,50.166235,8.515545,Eugenia-Martin-Allee,Hoch,Ermittlung läuft,Zeuge,,3,0.0,1,11
AZ-2024-002592,Raub,2023-08-28,12:01,Nied,50.124386,8.704405,Ada-Kühnert-Platz,Mittel,Ermittlung läuft,Notruf,,4,47357.41,0,6
AZ-2025-002593,Unterschlagung,2023-07-22,13:12,Praunheim,50.02751,8.575352,Johannstr.,Niedrig,Abgeschlossen,Opfer,2024-04-21,3,0.0,3,8
AZ-2023-002594,Erpressung,2023-11-17,19:53,Altstadt,50.056407,8.673155,Emin-Franke-Platz,Hoch,Eingestellt,Opfer,2024-08-13,3,0.0,5,12
AZ-2024-002595,Hausfriedensbruch,2023-03-27,16:41,Harheim,50.048877,8.668829,Milka-Scheibe-Allee,Mittel,Abgeschlossen,Patrouille,2023-09-27,1,0.0,2,15
AZ-2024-002596,Diebstahl,2024-09-15,14:21,Zeilsheim,50.1031,8.692404,Zorbachring,Hoch,Ermittlung läuft,Anonym,,1,20850.55,4,2
AZ-2025-002597,Drogendelikt,2024-09-26,11:52,Rödelheim,50.118494,8.782225,Müllerallee,Niedrig,Eingestellt,Zeuge,2025-03-24,2,12540.9,2,15
AZ-2024-002598,Urkundenfälschung,2024-02-26,12:34,Innenstadt,50.032383,8.488787,Johann-Gerlach-Allee,Niedrig,Gerichtlich,Notruf,2024-12-26,3,31956.36,1,1
AZ-2024-002599,Beleidigung,2025-08-28,22:58,Sossenheim,50.033733,8.696583,Holzapfelplatz,Dringend,Ermittlung läuft,Zeuge,,4,28808.67,0,12
AZ-2023-002600,Diebstahl,2024-10-17,16:29,Westend-Nord,50.088832,8.573091,Sebastiano-Koch-Platz,Hoch,Ermittlung läuft,Anonym,,3,27796.59,5,13
AZ-2023-002601,Unterschlagung,2025-07-09,03:09,Harheim,50.160659,8.69971,Kostolzinallee,Mittel,Ermittlung läuft,Anonym,,1,0.0,3,11
AZ-2025-002602,Unterschlagung,2023-12-04,08:36,Innenstadt,50.026517,8.760373,Alwin-Barkholz-Weg,Hoch,Gerichtlich,Zeuge,2024-10-04,3,28012.97,2,11
AZ-2024-002603,Sachbeschädigung,2024-01-31,14:45,Sindlingen,50.142108,8.563217,Senta-Cichorius-Straße,Niedrig,Ermittlung läuft,Anonym,,3,20177.98,3,0
AZ-2024-002604,Bedrohung,2025-10-06,03:27,Nordend-Ost,50.060948,8.704876,Jonas-Tintzmann-Platz,Hoch,Eingestellt,Zeuge,2026-02-20,1,0.0,5,8
AZ-2023-002605,Bedrohung,2023-03-16,14:23,Ostend,50.05792,8.754556,Rolf-Dieter-Schönland-Straße,Dringend,Abgeschlossen,Patrouille,2023-06-07,1,49592.55,3,5
AZ-2025-002606,Urkundenfälschung,2025-04-21,16:47,Eckenheim,50.146936,8.637083,Fischergasse,Hoch,Ermittlung läuft,Opfer,,4,37132.03,2,15
AZ-2024-002607,Drogendelikt,2023-11-02,11:07,Gallus,50.180546,8.629585,Geißlerstr.,Hoch,Eingestellt,Patrouille,2024-10-02,4,18311.26,3,7
AZ-2025-002608,Bedrohung,2025-09-18,02:58,Bergen-Enkheim,50.141153,8.533505,Alex-Trupp-Weg,Mittel,Ermittlung läuft,Patrouille,,1,34660.1,3,14
AZ-2024-002609,Einbruchdiebstahl,2023-09-04,17:20,Nordend-Ost,50.087234,8.723855,Wirthstraße,Mittel,Ermittlung läuft,Zeuge,,3,0.0,1,11
AZ-2024-002610,Verkehrsdelikt,2025-02-11,01:02,Fechenheim,50.051176,8.50467,Drubinplatz,Hoch,Ermittlung läuft,Opfer,,4,29.89,0,4
AZ-2023-002611,Drogendelikt,2025-07-06,18:45,Eschersheim,50.033465,8.613032,Hans-Hinrich-Zänker-Ring,Hoch,Abgeschlossen,Opfer,2026-03-09,4,0.0,5,0
AZ-2024-002612,Betrug,2024-08-25,06:32,Sindlingen,50.102675,8.707927,Weinholdstraße,Mittel,Abgeschlossen,Notruf,2024-10-22,1,0.0,2,9
AZ-2024-002613,Einbruchdiebstahl,2024-05-19,02:25,Dornbusch,50.11842,8.57649,Ehlertstraße,Dringend,Abgeschlossen,Opfer,2024-09-21,3,41308.06,3,14
AZ-2024-002614,Bedrohung,2023-11-19,20:02,Nordend-Ost,50.126664,8.600176,Dorit-Hande-Ring,Hoch,Abgeschlossen,Zeuge,2024-07-06,2,3233.34,2,0
AZ-2024-002615,Verkehrsdelikt,2025-08-23,07:05,Unterliederbach,50.157733,8.692421,Sergio-Girschner-Straße,Dringend,Eingestellt,Notruf,2025-11-17,3,0.0,0,10
AZ-2025-002616,Computerbetrug,2024-04-24,23:40,Ostend,50.043219,8.790696,Andy-Hoffmann-Ring,Dringend,Ermittlung läuft,Anonym,,3,0.0,1,5
AZ-2023-002617,Sachbeschädigung,2025-10-22,23:27,Harheim,50.114027,8.475945,Ellen-Mende-Platz,Niedrig,Gerichtlich,Patrouille,2026-06-24,4,0.0,0,7
AZ-2024-002618,Betrug,2025-02-13,14:54,Eckenheim,50.115816,8.569289,Säuberlichweg,Dringend,Abgeschlossen,Zeuge,2026-01-20,3,0.0,3,0
AZ-2024-002619,Diebstahl,2024-12-13,21:23,Riederwald,50.080551,8.785876,Caspargasse,Dringend,Gerichtlich,Anonym,2024-12-24,4,13346.83,0,4
AZ-2025-002620,Drogendelikt,2024-01-27,10:59,Kalbach-Riedberg,50.165727,8.78928,Eimerallee,Mittel,Abgeschlossen,Patrouille,2024-11-27,4,43712.8,1,10
AZ-2024-002621,Körperverletzung,2025-06-01,00:02,Westend-Nord,50.048676,8.690288,Süßebierstraße,Dringend,Ermittlung läuft,Anonym,,4,18161.58,4,6
AZ-2023-002622,Einbruchdiebstahl,2025-08-30,16:16,Sindlingen,50.027045,8.793196,Ingried-Kraus-Allee,Hoch,Abgeschlossen,Patrouille,2025-12-26,1,31220.62,3,13
AZ-2023-002623,Raub,2023-11-23,03:12,Berkersheim,50.152393,8.602121,Wähnerstr.,Mittel,Gerichtlich,Notruf,2024-06-30,3,0.0,1,4
AZ-2024-002624,Unterschlagung,2024-06-19,14:02,Nordend-Ost,50.03206,8.796577,Briemergasse,Niedrig,Abgeschlossen,Opfer,2025-03-14,4,0.0,4,8
AZ-2025-002625,Beleidigung,2023-03-31,17:38,Dornbusch,50.060193,8.618759,Berndt-Kade-Platz,Niedrig,Eingestellt,Opfer,2024-03-09,4,24376.68,4,7
AZ-2025-002626,Computerbetrug,2023-01-17,23:00,Bergen-Enkheim,50.073253,8.649723,Klappstr.,Niedrig,Abgeschlossen,Patrouille,2023-02-02,1,13388.54,1,6
AZ-2025-002627,Bedrohung,2024-08-01,22:53,Ostend,50.193914,8.65334,Adem-Herrmann-Weg,Niedrig,Ermittlung läuft,Patrouille,,4,35510.19,2,13
AZ-2025-002628,Einbruchdiebstahl,2023-03-19,20:11,Höchst,50.194937,8.503886,Jacobi Jäckelstraße,Dringend,Gerichtlich,Zeuge,2023-07-24,2,3754.32,2,13
AZ-2025-002629,Unterschlagung,2025-07-06,13:49,Preungesheim,50.10603,8.520883,Eigenwilligstr.,Mittel,Ermittlung läuft,Notruf,,2,0.0,2,8
AZ-2023-002630,Sachbeschädigung,2024-10-19,19:04,Altstadt,50.01581,8.661822,Cläre-Gieß-Ring,Niedrig,Eingestellt,Patrouille,2025-05-13,4,48430.92,2,15
AZ-2023-002631,Sachbeschädigung,2023-09-03,13:25,Frankfurter Berg,50.168112,8.773438,Almuth-Nohlmans-Ring,Niedrig,Ermittlung läuft,Patrouille,,3,15160.32,4,12
AZ-2025-002632,Bedrohung,2024-08-18,20:06,Sachsenhausen-Nord,50.078308,8.645303,Eigenwilliggasse,Hoch,Ermittlung läuft,Opfer,,2,42350.99,0,15
AZ-2023-002633,Drogendelikt,2023-10-30,08:57,Nordend-Ost,50.180143,8.59846,Tröststr.,Niedrig,Abgeschlossen,Opfer,2024-08-14,3,46621.83,2,15
AZ-2025-002634,Sachbeschädigung,2024-05-29,10:34,Eschersheim,50.105717,8.476369,Faustring,Mittel,Ermittlung läuft,Patrouille,,1,18449.65,5,8
AZ-2023-002635,Erpressung,2023-10-16,21:40,Sossenheim,50.078517,8.650998,Luis-Beyer-Platz,Mittel,Abgeschlossen,Zeuge,2024-07-20,4,18644.49,4,6
AZ-2025-002636,Betrug,2023-12-31,11:42,Unterliederbach,50.160842,8.784214,Holtweg,Mittel,Gerichtlich,Opfer,2024-08-06,4,4145.38,1,15
AZ-2025-002637,Urkundenfälschung,2024-11-28,07:57,Seckbach,50.110836,8.673071,Losekannring,Hoch,Ermittlung läuft,Patrouille,,4,41059.55,0,5
AZ-2024-002638,Betrug,2023-10-02,16:01,Innenstadt,50.096783,8.498458,Schmidtkeallee,Hoch,Ermittlung läuft,Patrouille,,1,0.0,3,9
AZ-2025-002639,Sachbeschädigung,2024-07-01,14:14,Ginnheim,50.053438,8.503318,Plathring,Niedrig,Eingestellt,Zeuge,2025-06-14,2,0.0,1,3
AZ-2024-002640,Beleidigung,2025-06-02,21:47,Unterliederbach,50.169214,8.680985,Gehringerring,Dringend,Abgeschlossen,Patrouille,2026-02-03,4,31737.48,0,3
AZ-2023-002641,Bedrohung,2023-06-12,21:55,Praunheim,50.015277,8.547591,Wielochplatz,Dringend,Ermittlung läuft,Anonym,,2,39617.77,5,14
AZ-2023-002642,Betrug,2025-08-18,22:30,Ginnheim,50.130983,8.533792,Blochplatz,Hoch,Eingestellt,Opfer,2026-02-18,2,6483.59,2,4
AZ-2025-002643,Raub,2025-01-07,15:30,Zeilsheim,50.097078,8.554739,Bert-Hein-Platz,Niedrig,Abgeschlossen,Opfer,2025-04-16,1,26058.29,2,5
AZ-2025-002644,Drogendelikt,2023-07-10,03:59,Rödelheim,50.070622,8.798452,Wenzel-Heß-Platz,Mittel,Gerichtlich,Anonym,2024-04-11,2,19811.8,4,15
AZ-2024-002645,Raub,2025-11-01,09:11,Ginnheim,50.151462,8.733029,Mälzergasse,Mittel,Eingestellt,Patrouille,2025-11-16,3,23740.2,3,7
AZ-2024-002646,Drogendelikt,2023-12-30,16:21,Eschersheim,50.131139,8.489899,Benthinstraße,Niedrig,Ermittlung läuft,Notruf,,4,14490.56,5,14
AZ-2023-002647,Bedrohung,2025-07-15,16:42,Unterliederbach,50.19386,8.658798,Tröststr.,Dringend,Eingestellt,Zeuge,2026-04-14,2,16278.41,5,9
AZ-2023-002648,Sachbeschädigung,2024-11-02,18:08,Zeilsheim,50.035658,8.65577,Mielcarekstraße,Hoch,Abgeschlossen,Zeuge,2024-12-12,1,23031.31,3,15
AZ-2024-002649,Urkundenfälschung,2025-05-15,04:25,Preungesheim,50.179749,8.663359,Milena-Tschentscher-Platz,Dringend,Abgeschlossen,Notruf,2026-02-04,1,27697.76,5,4
AZ-2025-002650,Einbruchdiebstahl,2023-10-04,00:02,Nordend-Ost,50.037199,8.73079,Nicolaus-Davids-Platz,Mittel,Abgeschlossen,Anonym,2024-09-05,4,29807.53,3,5
AZ-2023-002651,Erpressung,2024-10-16,02:20,Bergen-Enkheim,50.076235,8.555101,Girschnerallee,Dringend,Abgeschlossen,Notruf,2025-08-19,1,39225.12,0,0
AZ-2024-002652,Betrug,2023-01-04,22:16,Bockenheim,50.107672,8.630669,Karola-Pechel-Ring,Mittel,Abgeschlossen,Notruf,2023-07-10,3,36034.82,4,12
AZ-2024-002653,Körperverletzung,2025-05-17,11:45,Bahnhofsviertel,50.068534,8.641338,Corina-Adolph-Weg,Dringend,Abgeschlossen,Zeuge,2026-04-06,4,0.0,2,2
AZ-2023-002654,Drogendelikt,2024-01-04,20:13,Eschersheim,50.052021,8.781306,Sepp-Buchholz-Platz,Dringend,Eingestellt,Patrouille,2024-05-21,4,24885.32,1,8
AZ-2023-002655,Beleidigung,2023-09-24,12:51,Westend-Süd,50.110766,8.630131,Steygasse,Niedrig,Eingestellt,Zeuge,2024-03-20,3,29514.45,4,2
AZ-2025-002656,Diebstahl,2024-06-09,00:30,Bockenheim,50.128319,8.696917,Bauerring,Dringend,Gerichtlich,Zeuge,2024-07-24,1,13210.02,3,12
AZ-2024-002657,Körperverletzung,2025-04-24,19:48,Nordend-West,50.064131,8.521712,Richard-Köster-Weg,Mittel,Abgeschlossen,Patrouille,2026-04-08,2,21159.77,5,7
AZ-2024-002658,Bedrohung,2023-04-14,06:09,Nieder-Eschbach,50.050501,8.777117,Mathilde-Junitz-Platz,Mittel,Ermittlung läuft,Patrouille,,3,36382.34,3,15
AZ-2025-002659,Verkehrsdelikt,2024-02-28,10:46,Westend-Süd,50.189525,8.721041,Danny-Mies-Allee,Mittel,Ermittlung läuft,Anonym,,2,14876.74,3,12
AZ-2025-002660,Bedrohung,2024-07-02,23:26,Praunheim,50.048015,8.596272,Metzweg,Mittel,Abgeschlossen,Notruf,2024-08-14,2,0.0,4,12
AZ-2025-002661,Raub,2023-12-27,14:21,Bahnhofsviertel,50.06866,8.545133,Scheibeweg,Niedrig,Ermittlung läuft,Anonym,,3,49606.32,1,0
AZ-2024-002662,Beleidigung,2023-05-07,20:25,Westend-Süd,50.041117,8.775591,Maurice-Beyer-Allee,Niedrig,Ermittlung läuft,Notruf,,3,0.0,4,14
AZ-2023-002663,Computerbetrug,2023-04-24,09:53,Bonames,50.031273,8.715014,Junkweg,Dringend,Gerichtlich,Opfer,2023-06-25,4,8004.58,5,5
AZ-2024-002664,Einbruchdiebstahl,2024-10-11,18:47,Eckenheim,50.097946,8.700607,Heimo-Biggen-Allee,Niedrig,Abgeschlossen,Notruf,2025-05-31,1,34669.75,4,12
AZ-2023-002665,Beleidigung,2023-07-16,10:18,Altstadt,50.190312,8.780576,Junitzallee,Mittel,Abgeschlossen,Anonym,2023-10-24,2,0.0,5,3
AZ-2023-002666,Körperverletzung,2024-03-10,04:25,Innenstadt,50.099774,8.557877,Judith-Boucsein-Weg,Mittel,Abgeschlossen,Notruf,2024-06-24,3,0.0,3,15
AZ-2025-002667,Raub,2023-06-21,22:08,Frankfurter Berg,50.109734,8.528672,Davidsstraße,Niedrig,Abgeschlossen,Anonym,2023-08-01,3,37644.41,3,13
AZ-2025-002668,Unterschlagung,2025-01-16,10:35,Bornheim,50.054621,8.592901,Gießplatz,Hoch,Abgeschlossen,Anonym,2025-04-12,4,43481.32,3,6
AZ-2023-002669,Urkundenfälschung,2023-01-12,21:09,Seckbach,50.155085,8.706027,Cichoriusgasse,Mittel,Eingestellt,Patrouille,2023-10-26,2,21941.39,4,15
AZ-2024-002670,Verkehrsdelikt,2023-08-01,11:46,Höchst,50.159509,8.66835,Gotthold-Kraushaar-Straße,Mittel,Eingestellt,Notruf,2024-02-03,3,24941.84,3,8
AZ-2023-002671,Unterschlagung,2025-01-07,10:02,Altstadt,50.176436,8.552488,Seifertallee,Hoch,Abgeschlossen,Zeuge,2025-04-01,1,24009.15,3,9
AZ-2023-002672,Körperverletzung,2024-12-19,00:47,Nieder-Erlenbach,50.035001,8.475929,Ernst-Otto-Huhn-Straße,Niedrig,Abgeschlossen,Anonym,2025-09-29,4,24591.12,2,8
AZ-2024-002673,Drogendelikt,2025-10-20,13:05,Harheim,50.11065,8.725199,Wähnerallee,Mittel,Abgeschlossen,Notruf,2026-06-12,3,16524.71,1,7
AZ-2024-002674,Erpressung,2024-09-07,14:28,Gallus,50.118334,8.791494,Stolzestr.,Mittel,Ermittlung läuft,Opfer,,4,8513.43,0,2
AZ-2024-002675,Sachbeschädigung,2024-12-07,00:11,Frankfurter Berg,50.067231,8.652208,Oscar-Stadelmann-Gasse,Hoch,Ermittlung läuft,Patrouille,,1,8229.47,4,9
AZ-2025-002676,Verkehrsdelikt,2023-01-18,10:58,Innenstadt,50.100183,8.718508,Peukertplatz,Dringend,Abgeschlossen,Opfer,2023-06-03,1,0.0,4,15
AZ-2025-002677,Körperverletzung,2025-07-12,07:26,Eschersheim,50.117985,8.718352,Matthäistraße,Niedrig,Ermittlung läuft,Notruf,,3,36034.81,3,13
AZ-2025-002678,Bedrohung,2025-01-17,06:39,Dornbusch,50.109888,8.643863,Heuserstr.,Hoch,Abgeschlossen,Patrouille,2025-10-21,4,0.0,0,8
AZ-2024-002679,Betrug,2024-06-21,08:50,Nieder-Eschbach,50.026614,8.614726,Conradiallee,Hoch,Abgeschlossen,Notruf,2025-01-13,3,24168.63,1,14
AZ-2024-002680,Hausfriedensbruch,2023-11-20,02:09,Bonames,50.06435,8.621274,Kochstr.,Niedrig,Ermittlung läuft,Anonym,,1,37797.69,4,15
AZ-2025-002681,Betrug,2024-11-11,11:31,Bornheim,50.111816,8.791278,Sylvester-Schuchhardt-Straße,Niedrig,Abgeschlossen,Zeuge,2025-10-26,1,614.76,2,11
AZ-2025-002682,Erpressung,2023-08-21,14:14,Eschersheim,50.114095,8.565277,Arthur-Peukert-Ring,Niedrig,Ermittlung läuft,Anonym,,2,0.0,1,9
AZ-2023-002683,Sachbeschädigung,2025-04-17,04:55,Riederwald,50.033567,8.516192,Steyplatz,Niedrig,Abgeschlossen,Notruf,2025-12-20,3,0.0,2,6
AZ-2023-002684,Erpressung,2025-01-24,19:30,Kalbach-Riedberg,50.178232,8.663985,Svenja-Oderwald-Weg,Dringend,Ermittlung läuft,Opfer,,2,6001.91,3,0
AZ-2023-002685,Urkundenfälschung,2025-09-30,17:31,Harheim,50.128921,8.637393,Klaus Peter-Mosemann-Straße,Dringend,Eingestellt,Opfer,2026-03-22,4,21246.17,0,15
AZ-2024-002686,Diebstahl,2025-07-22,07:37,Berkersheim,50.145452,8.756586,Senta-Müller-Ring,Dringend,Abgeschlossen,Anonym,2026-04-18,4,16295.16,2,0
AZ-2025-002687,Betrug,2023-04-24,21:41,Zeilsheim,50.194272,8.689057,Ferenc-Stolze-Ring,Dringend,Ermittlung läuft,Opfer,,1,860.89,3,7
AZ-2024-002688,Sachbeschädigung,2024-01-08,22:09,Ginnheim,50.095755,8.523935,Annegret-Loos-Ring,Niedrig,Abgeschlossen,Patrouille,2024-03-30,3,36891.8,3,15
AZ-2023-002689,Einbruchdiebstahl,2023-09-05,02:29,Zeilsheim,50.12013,8.747575,Bianca-Buchholz-Gasse,Hoch,Abgeschlossen,Anonym,2023-12-25,1,29515.52,4,14
AZ-2025-002690,Unterschlagung,2023-03-12,16:42,Gallus,50.104072,8.705484,Angela-Löffler-Straße,Niedrig,Abgeschlossen,Patrouille,2023-03-22,2,16936.58,5,15
AZ-2025-002691,Bedrohung,2023-10-18,13:33,Sindlingen,50.126458,8.593674,Vito-Speer-Allee,Niedrig,Ermittlung läuft,Patrouille,,1,42602.77,3,13
AZ-2025-002692,Verkehrsdelikt,2025-07-07,05:04,Hausen,50.034216,8.599306,Klappring,Niedrig,Eingestellt,Opfer,2026-04-13,4,26034.67,2,7
AZ-2023-002693,Einbruchdiebstahl,2025-07-10,18:56,Nieder-Eschbach,50.035095,8.792956,Kristine-Paffrath-Gasse,Niedrig,Eingestellt,Opfer,2025-10-04,4,0.0,1,0
AZ-2025-002694,Einbruchdiebstahl,2025-05-22,22:12,Höchst,50.081956,8.542766,Johanne-Speer-Straße,Mittel,Abgeschlossen,Notruf,2026-02-23,1,8094.16,4,12
AZ-2025-002695,Raub,2025-05-21,10:42,Preungesheim,50.100465,8.593817,Lilli-Gnatz-Straße,Dringend,Abgeschlossen,Opfer,2025-12-18,3,0.0,0,10
AZ-2024-002696,Bedrohung,2025-06-24,15:57,Bockenheim,50.1909,8.568322,David-Lindau-Allee,Niedrig,Abgeschlossen,Zeuge,2025-12-29,3,26429.93,1,6
AZ-2023-002697,Unterschlagung,2024-12-02,15:32,Sachsenhausen-Nord,50.079762,8.627023,Johannstr.,Niedrig,Ermittlung läuft,Opfer,,3,820.81,2,2
AZ-2023-002698,Unterschlagung,2025-01-27,01:50,Berkersheim,50.119374,8.510357,Werneckeweg,Niedrig,Abgeschlossen,Notruf,2025-07-08,1,0.0,5,11
AZ-2025-002699,Beleidigung,2025-02-22,13:05,Zeilsheim,50.066216,8.703118,Scholzallee,Hoch,Ermittlung läuft,Zeuge,,1,0.0,2,10
AZ-2025-002700,Erpressung,2024-09-08,01:41,Fechenheim,50.038422,8.628639,Kargeallee,Niedrig,Abgeschlossen,Notruf,2024-11-24,3,15387.53,1,10
AZ-2025-002701,Drogendelikt,2025-06-14,20:22,Rödelheim,50.163391,8.782102,Heimo-Gorlitz-Gasse,Mittel,Abgeschlossen,Anonym,2026-05-19,2,24361.93,1,9
AZ-2023-002702,Raub,2025-01-13,10:49,Rödelheim,50.102212,8.643865,Steinberggasse,Niedrig,Abgeschlossen,Patrouille,2025-03-10,2,0.0,5,13
AZ-2024-002703,Sachbeschädigung,2025-04-02,22:15,Praunheim,50.153675,8.711319,Reinhardtgasse,Niedrig,Abgeschlossen,Patrouille,2025-04-27,4,8285.84,2,3
AZ-2025-002704,Verkehrsdelikt,2024-09-09,00:43,Bergen-Enkheim,50.147973,8.488705,Rico-Drub-Gasse,Mittel,Abgeschlossen,Zeuge,2024-11-11,4,47620.42,4,3
AZ-2025-002705,Einbruchdiebstahl,2025-03-26,13:34,Frankfurter Berg,50.055118,8.477844,Gerhild-Müller-Straße,Dringend,Gerichtlich,Anonym,2025-05-24,1,27475.79,2,1
AZ-2024-002706,Verkehrsdelikt,2023-07-27,12:16,Sachsenhausen-Nord,50.181946,8.598298,Sontagweg,Mittel,Ermittlung läuft,Zeuge,,2,10951.8,0,4
AZ-2024-002707,Hausfriedensbruch,2025-06-22,12:37,Bergen-Enkheim,50.045999,8.756353,Jähnstr.,Dringend,Abgeschlossen,Anonym,2026-01-17,3,18193.0,4,1
AZ-2024-002708,Urkundenfälschung,2025-11-01,19:50,Nordend-West,50.177674,8.685866,Stumpfweg,Dringend,Abgeschlossen,Zeuge,2026-07-04,4,0.0,2,5
AZ-2023-002709,Computerbetrug,2025-02-22,02:16,Eckenheim,50.095604,8.766103,Jacobi Jäckelgasse,Hoch,Eingestellt,Patrouille,2025-07-08,1,21507.02,2,11
AZ-2024-002710,Bedrohung,2025-10-21,23:40,Seckbach,50.177527,8.607821,Franz Josef-Austermühle-Platz,Hoch,Ermittlung läuft,Patrouille,,1,41963.98,0,7
AZ-2023-002711,Erpressung,2025-08-06,17:02,Bornheim,50.106077,8.743745,Margita-Bachmann-Allee,Mittel,Ermittlung läuft,Anonym,,2,29711.47,2,5
AZ-2025-002712,Beleidigung,2024-10-01,05:52,Ginnheim,50.015438,8.73494,Natalia-Bauer-Platz,Niedrig,Abgeschlossen,Patrouille,2025-05-09,4,0.0,2,0
AZ-2024-002713,Raub,2023-12-15,13:44,Eschersheim,50.078415,8.564632,Seipplatz,Dringend,Ermittlung läuft,Zeuge,,2,0.0,3,4
AZ-2023-002714,Computerbetrug,2023-06-30,06:34,Preungesheim,50.037119,8.697641,Sören-Schomber-Weg,Niedrig,Ermittlung läuft,Anonym,,3,0.0,1,11
AZ-2023-002715,Unterschlagung,2023-10-17,15:21,Frankfurter Berg,50.087353,8.649503,Diedrich-Jacobi Jäckel-Straße,Hoch,Ermittlung läuft,Anonym,,2,21930.09,3,2
AZ-2023-002716,Verkehrsdelikt,2023-11-06,12:12,Riederwald,50.020871,8.689779,Willfried-Löchel-Gasse,Niedrig,Ermittlung läuft,Opfer,,2,7917.87,1,7
AZ-2024-002717,Hausfriedensbruch,2023-11-13,13:08,Riederwald,50.094014,8.614489,Guido-Fliegner-Allee,Niedrig,Abgeschlossen,Anonym,2024-06-26,3,26871.42,3,14
AZ-2023-002718,Urkundenfälschung,2024-08-25,18:43,Riederwald,50.118532,8.560064,Neureutherstraße,Niedrig,Ermittlung läuft,Opfer,,4,31860.31,3,5
AZ-2025-002719,Raub,2025-04-05,13:32,Altstadt,50.161697,8.788171,Natalie-Mende-Weg,Mittel,Ermittlung läuft,Notruf,,4,32308.35,1,5
AZ-2023-002720,Verkehrsdelikt,2023-03-07,06:04,Griesheim,50.177349,8.705287,Hans-Wolfgang-Hornig-Weg,Dringend,Ermittlung läuft,Anonym,,1,15120.35,1,7
AZ-2023-002721,Körperverletzung,2024-01-23,06:06,Sossenheim,50.184451,8.710813,Birnbaumring,Dringend,Abgeschlossen,Notruf,2025-01-04,3,566.57,1,13
AZ-2025-002722,Computerbetrug,2023-10-04,17:03,Riederwald,50.054975,8.64535,Eduard-Schuchhardt-Allee,Hoch,Eingestellt,Opfer,2024-08-11,1,0.0,2,7
AZ-2024-002723,Erpressung,2025-09-18,17:58,Nordend-West,50.102244,8.55731,Liebeltallee,Niedrig,Ermittlung läuft,Zeuge,,4,615.61,3,5
AZ-2024-002724,Hausfriedensbruch,2024-04-27,22:24,Sachsenhausen-Nord,50.067147,8.484422,Walterstr.,Mittel,Ermittlung läuft,Opfer,,3,24722.84,5,4
AZ-2025-002725,Körperverletzung,2023-10-24,10:06,Unterliederbach,50.193763,8.520025,Beierstraße,Mittel,Abgeschlossen,Patrouille,2024-08-07,1,6268.63,0,9
AZ-2024-002726,Betrug,2023-03-09,02:20,Innenstadt,50.175201,8.634826,Neureutherstr.,Niedrig,Eingestellt,Zeuge,2024-01-24,4,9196.77,3,12
AZ-2025-002727,Hausfriedensbruch,2025-05-06,11:03,Fechenheim,50.090375,8.502485,Heinrichweg,Mittel,Gerichtlich,Zeuge,2025-08-30,3,0.0,1,15
AZ-2025-002728,Diebstahl,2024-02-06,01:33,Gallus,50.029896,8.564028,Annelore-Bähr-Straße,Mittel,Abgeschlossen,Anonym,2024-10-02,1,47702.5,0,1
AZ-2025-002729,Betrug,2024-11-29,23:42,Altstadt,50.086605,8.484977,Röhrdanzgasse,Hoch,Ermittlung läuft,Notruf,,3,16318.31,5,14
AZ-2023-002730,Betrug,2023-12-18,02:14,Eckenheim,50.056114,8.510443,Seifertstraße,Mittel,Ermittlung läuft,Opfer,,2,33531.05,1,10
AZ-2025-002731,Computerbetrug,2024-06-08,01:07,Harheim,50.135738,8.693719,Drubstraße,Hoch,Ermittlung läuft,Notruf,,3,0.0,5,2
AZ-2023-002732,Verkehrsdelikt,2025-11-02,17:25,Westend-Süd,50.123028,8.621083,Meisterweg,Mittel,Eingestellt,Patrouille,2026-05-12,4,0.0,3,7
AZ-2025-002733,Sachbeschädigung,2025-09-06,11:23,Eckenheim,50.080791,8.477598,Bärerplatz,Dringend,Gerichtlich,Patrouille,2026-08-11,1,0.0,5,15
AZ-2025-002734,Hausfriedensbruch,2025-08-09,01:39,Nordend-Ost,50.035803,8.73097,van der Dussenplatz,Niedrig,Abgeschlossen,Opfer,2025-11-20,3,35330.67,0,9
AZ-2024-002735,Einbruchdiebstahl,2024-01-31,06:15,Bergen-Enkheim,50.151325,8.692852,Kaulstraße,Niedrig,Ermittlung läuft,Zeuge,,1,0.0,3,0
AZ-2023-002736,Computerbetrug,2023-07-05,19:43,Bockenheim,50.180831,8.540487,Ana-Hartmann-Weg,Dringend,Ermittlung läuft,Opfer,,2,19160.85,5,6
AZ-2023-002737,Körperverletzung,2023-06-08,12:47,Rödelheim,50.151896,8.602743,Schleichallee,Dringend,Ermittlung läuft,Zeuge,,3,0.0,4,4
AZ-2025-002738,Einbruchdiebstahl,2024-01-25,03:00,Seckbach,50.030429,8.619232,Eigenwilligring,Hoch,Ermittlung läuft,Notruf,,3,0.0,0,11
AZ-2024-002739,Urkundenfälschung,2023-03-01,17:04,Eckenheim,50.016022,8.744255,Lindauallee,Dringend,Abgeschlossen,Opfer,2023-03-13,3,0.0,3,7
AZ-2024-002740,Körperverletzung,2025-01-17,19:23,Bockenheim,50.158959,8.550271,Mudeallee,Mittel,Ermittlung läuft,Zeuge,,2,40314.3,4,12
AZ-2024-002741,Erpressung,2025-09-07,03:03,Sachsenhausen-Süd,50.073776,8.610885,Elvira-Hänel-Ring,Mittel,Ermittlung läuft,Opfer,,3,22015.02,2,2
AZ-2023-002742,Bedrohung,2024-09-08,18:02,Sachsenhausen-Nord,50.030381,8.582579,Giuseppina-Nette-Platz,Dringend,Ermittlung läuft,Anonym,,4,33884.48,2,5
AZ-2025-002743,Urkundenfälschung,2025-03-17,03:20,Nieder-Erlenbach,50.1274,8.770518,Hans-Walter-Franke-Weg,Niedrig,Abgeschlossen,Notruf,2025-12-16,2,0.0,0,10
AZ-2025-002744,Urkundenfälschung,2023-08-21,02:04,Ginnheim,50.145197,8.510051,Ditschlerinallee,Hoch,Ermittlung läuft,Patrouille,,3,21980.02,0,6
AZ-2025-002745,Drogendelikt,2025-06-27,02:59,Altstadt,50.031633,8.764365,Nohlmansring,Dringend,Abgeschlossen,Anonym,2025-11-16,3,47196.56,5,1
AZ-2024-002746,Drogendelikt,2024-12-21,15:47,Nordend-West,50.06075,8.764832,Hasan-Roht-Gasse,Niedrig,Eingestellt,Notruf,2025-04-05,1,10314.82,0,3
AZ-2025-002747,Computerbetrug,2023-08-01,21:08,Nieder-Erlenbach,50.054898,8.501676,Ortwin-Heß-Ring,Niedrig,Abgeschlossen,Notruf,2024-05-06,2,0.0,1,10
AZ-2023-002748,Erpressung,2025-08-20,18:24,Innenstadt,50.165945,8.557125,Hannes-Paffrath-Gasse,Niedrig,Ermittlung läuft,Patrouille,,3,39057.32,5,1
AZ-2023-002749,Einbruchdiebstahl,2025-06-15,17:52,Niederursel,50.028522,8.610136,Miguel-Losekann-Gasse,Mittel,Gerichtlich,Patrouille,2025-11-17,1,12673.94,3,10
AZ-2023-002750,Sachbeschädigung,2024-08-20,21:25,Sachsenhausen-Nord,50.064455,8.718949,Erol-Rörricht-Platz,Niedrig,Gerichtlich,Notruf,2024-11-08,3,0.0,0,2
AZ-2024-002751,Körperverletzung,2025-05-15,16:16,Seckbach,50.108333,8.783362,Heserring,Hoch,Abgeschlossen,Anonym,2025-09-13,2,0.0,5,13
AZ-2024-002752,Sachbeschädigung,2025-03-11,10:09,Praunheim,50.150642,8.566013,Wilmsengasse,Mittel,Ermittlung läuft,Zeuge,,4,13516.83,2,0
AZ-2024-002753,Hausfriedensbruch,2025-05-30,01:49,Griesheim,50.162875,8.505915,Flantzallee,Niedrig,Ermittlung läuft,Opfer,,3,37141.5,1,3
AZ-2025-002754,Computerbetrug,2023-01-25,15:34,Unterliederbach,50.023192,8.630598,Ilonka-Binner-Straße,Hoch,Abgeschlossen,Notruf,2024-01-17,4,0.0,4,7
AZ-2024-002755,Verkehrsdelikt,2023-01-29,08:06,Frankfurter Berg,50.12912,8.789146,Wendegasse,Hoch,Abgeschlossen,Notruf,2023-07-20,2,0.0,5,7
AZ-2024-002756,Diebstahl,2025-01-30,20:53,Seckbach,50.099384,8.613702,Liesa-Schmidt-Weg,Niedrig,Abgeschlossen,Notruf,2025-12-14,3,0.0,2,7
AZ-2023-002757,Urkundenfälschung,2023-06-06,21:51,Praunheim,50.158463,8.576885,Marie-Theres-Rörricht-Gasse,Mittel,Eingestellt,Notruf,2024-02-15,1,0.0,5,3
AZ-2024-002758,Betrug,2024-11-01,19:25,Riederwald,50.095584,8.683318,Gunar-Schuchhardt-Gasse,Niedrig,Abgeschlossen,Patrouille,2025-10-30,3,0.0,2,15
AZ-2023-002759,Drogendelikt,2023-11-10,16:04,Sossenheim,50.146386,8.600107,Sieglinde-Klotz-Platz,Mittel,Abgeschlossen,Anonym,2024-07-02,2,0.0,3,3
AZ-2024-002760,Betrug,2023-07-05,19:22,Frankfurter Berg,50.16125,8.708508,Trommlerstraße,Dringend,Eingestellt,Anonym,2023-07-30,1,26637.04,5,1
AZ-2024-002761,Hausfriedensbruch,2025-03-17,16:51,Ostend,50.152185,8.521231,Wagnerallee,Hoch,Ermittlung läuft,Anonym,,2,7426.0,1,6
AZ-2025-002762,Bedrohung,2024-05-09,02:11,Altstadt,50.102488,8.516937,German-Seifert-Ring,Mittel,Ermittlung läuft,Anonym,,3,44595.99,0,13
AZ-2024-002763,Beleidigung,2023-12-25,22:29,Bockenheim,50.031547,8.5636,Etzlergasse,Dringend,Abgeschlossen,Opfer,2024-05-13,2,0.0,5,15
AZ-2025-002764,Betrug,2024-04-21,22:31,Dornbusch,50.178476,8.505204,Theobald-Liebelt-Gasse,Niedrig,Eingestellt,Anonym,2024-07-29,3,0.0,3,7
AZ-2024-002765,Betrug,2025-09-12,08:07,Riederwald,50.106473,8.493486,Martha-Mühle-Ring,Hoch,Ermittlung läuft,Zeuge,,3,6797.08,2,7
AZ-2024-002766,Erpressung,2023-01-05,18:23,Schwanheim,50.16771,8.696311,Pärtzeltplatz,Mittel,Ermittlung läuft,Notruf,,3,9106.75,1,14
AZ-2023-002767,Erpressung,2024-12-14,14:09,Westend-Nord,50.144899,8.504651,Jost-Köhler-Allee,Mittel,Ermittlung läuft,Zeuge,,2,5098.87,5,2
AZ-2025-002768,Diebstahl,2024-05-05,20:13,Bonames,50.020289,8.579641,Klingelhöferweg,Mittel,Ermittlung läuft,Patrouille,,4,13945.97,4,9
AZ-2023-002769,Unterschlagung,2023-08-01,05:13,Sachsenhausen-Süd,50.146271,8.531486,Gereon-Weller-Weg,Dringend,Ermittlung läuft,Opfer,,3,43005.32,3,1
AZ-2024-002770,Unterschlagung,2024-09-15,06:37,Nieder-Erlenbach,50.059739,8.475915,Zirmeplatz,Dringend,Eingestellt,Anonym,2024-11-14,2,8472.8,1,3
AZ-2025-002771,Urkundenfälschung,2025-05-18,23:35,Altstadt,50.082641,8.48974,Lydia-Lorch-Straße,Mittel,Ermittlung läuft,Notruf,,1,31229.75,0,14
AZ-2023-002772,Sachbeschädigung,2024-09-09,08:45,Kalbach-Riedberg,50.156613,8.735739,Mielcarekallee,Dringend,Abgeschlossen,Patrouille,2025-06-29,4,40197.46,4,3
AZ-2024-002773,Betrug,2023-07-16,07:50,Niederursel,50.026016,8.554068,Beckerstraße,Hoch,Ermittlung läuft,Patrouille,,3,21981.06,3,0
AZ-2025-002774,Betrug,2023-02-01,10:58,Sossenheim,50.079094,8.685204,Kunigunde-Atzler-Allee,Mittel,Ermittlung läuft,Patrouille,,1,38952.73,0,5
AZ-2024-002775,Verkehrsdelikt,2024-04-20,16:20,Kalbach-Riedberg,50.182486,8.711164,Denny-Kambs-Ring,Dringend,Ermittlung läuft,Anonym,,2,25772.26,5,11
AZ-2023-002776,Bedrohung,2024-03-24,14:04,Hausen,50.153626,8.504903,Wirthplatz,Niedrig,Gerichtlich,Notruf,2024-11-04,1,20804.64,3,1
AZ-2025-002777,Drogendelikt,2025-04-02,06:48,Westend-Nord,50.032976,8.730716,Bolanderstraße,Niedrig,Gerichtlich,Zeuge,2025-05-25,3,11010.93,4,7
AZ-2024-002778,Verkehrsdelikt,2025-09-30,06:46,Rödelheim,50.049256,8.696739,Gertrude-Segebahn-Platz,Niedrig,Ermittlung läuft,Notruf,,1,10745.47,4,6
AZ-2024-002779,Hausfriedensbruch,2023-02-26,13:06,Altstadt,50.039683,8.488677,Zofia-Schüler-Allee,Hoch,Eingestellt,Anonym,2023-12-27,2,0.0,1,3
AZ-2024-002780,Unterschlagung,2025-03-12,05:53,Dornbusch,50.190279,8.569931,Lindnerstraße,Hoch,Ermittlung läuft,Notruf,,2,0.0,2,1
AZ-2024-002781,Urkundenfälschung,2025-05-19,10:53,Rödelheim,50.133903,8.479897,Ullmannweg,Dringend,Ermittlung läuft,Anonym,,1,0.0,3,5
AZ-2024-002782,Bedrohung,2023-03-12,19:22,Rödelheim,50.189545,8.479444,Kaulgasse,Hoch,Abgeschlossen,Zeuge,2024-02-20,1,37676.47,3,8
AZ-2023-002783,Computerbetrug,2024-07-22,10:27,Kalbach-Riedberg,50.141728,8.799638,Rädelstr.,Dringend,Ermittlung läuft,Patrouille,,3,1680.81,2,8
AZ-2024-002784,Urkundenfälschung,2023-04-24,20:23,Höchst,50.181183,8.690442,Hildegund-Kusch-Straße,Hoch,Gerichtlich,Zeuge,2023-11-06,2,0.0,5,12
AZ-2023-002785,Sachbeschädigung,2025-10-17,10:38,Innenstadt,50.058692,8.77532,Reni-Ring-Weg,Hoch,Abgeschlossen,Zeuge,2026-10-06,3,17455.73,5,1
AZ-2024-002786,Raub,2025-03-04,20:30,Niederursel,50.027989,8.555588,Thanelring,Hoch,Ermittlung läuft,Anonym,,3,0.0,0,0
AZ-2024-002787,Erpressung,2023-03-24,09:02,Preungesheim,50.143378,8.555597,Wulfplatz,Dringend,Ermittlung läuft,Notruf,,2,0.0,4,14
AZ-2023-002788,Computerbetrug,2024-12-19,05:23,Seckbach,50.193834,8.652924,Caspargasse,Hoch,Abgeschlossen,Notruf,2025-05-19,4,0.0,3,13
AZ-2023-002789,Unterschlagung,2023-05-04,02:12,Nordend-West,50.099692,8.5807,Krebsweg,Niedrig,Abgeschlossen,Opfer,2024-05-01,1,19202.85,1,11
AZ-2023-002790,Körperverletzung,2023-05-03,17:43,Dornbusch,50.116906,8.669345,Anne-Reuter-Ring,Hoch,Ermittlung läuft,Zeuge,,4,46483.97,0,15
AZ-2023-002791,Computerbetrug,2024-06-09,02:40,Berkersheim,50.101585,8.735697,Dogan-Pergande-Weg,Niedrig,Abgeschlossen,Zeuge,2024-11-03,2,7815.49,1,3
AZ-2024-002792,Unterschlagung,2025-07-28,12:30,Nordend-Ost,50.0802,8.787998,Pölitzring,Hoch,Ermittlung läuft,Patrouille,,3,20971.02,2,5
AZ-2023-002793,Computerbetrug,2024-05-29,21:19,Sossenheim,50.13457,8.546761,Anatolij-Baum-Weg,Niedrig,Ermittlung läuft,Opfer,,4,13592.81,5,8
AZ-2025-002794,Körperverletzung,2025-10-06,22:38,Eschersheim,50.155605,8.622079,Hendriksallee,Hoch,Eingestellt,Patrouille,2026-01-01,3,0.0,0,9
AZ-2023-002795,Beleidigung,2025-02-26,10:54,Bergen-Enkheim,50.060912,8.604898,van der Dussenstraße,Hoch,Eingestellt,Anonym,2025-12-08,4,32200.99,3,7
AZ-2024-002796,Hausfriedensbruch,2025-09-06,12:42,Nieder-Eschbach,50.090251,8.555523,Janine-Bonbach-Ring,Mittel,Abgeschlossen,Notruf,2026-05-15,1,13709.3,1,11
AZ-2025-002797,Verkehrsdelikt,2023-08-17,18:06,Kalbach-Riedberg,50.037071,8.513589,Schottinstr.,Hoch,Eingestellt,Notruf,2024-04-12,4,21626.53,5,12
AZ-2023-002798,Drogendelikt,2023-04-28,22:39,Bonames,50.036688,8.53423,Ebertgasse,Hoch,Ermittlung läuft,Opfer,,3,32432.16,1,3
AZ-2024-002799,Erpressung,2025-07-07,13:55,Zeilsheim,50.110571,8.588452,Tom-Huhn-Weg,Niedrig,Abgeschlossen,Zeuge,2025-07-21,3,21803.56,1,13
AZ-2023-002800,Einbruchdiebstahl,2025-09-20,01:42,Nied,50.064945,8.618069,Traugott-Kambs-Platz,Niedrig,Ermittlung läuft,Patrouille,,4,23403.52,0,4
AZ-2024-002801,Diebstahl,2025-01-17,23:01,Riederwald,50.081335,8.564528,Niklas-Jacob-Ring,Hoch,Abgeschlossen,Notruf,2025-07-27,3,0.0,3,6
AZ-2025-002802,Raub,2025-10-01,08:58,Eckenheim,50.149337,8.56026,Inken-Kostolzin-Weg,Dringend,Ermittlung läuft,Notruf,,4,0.0,2,8
AZ-2023-002803,Urkundenfälschung,2024-01-12,00:45,Eckenheim,50.019749,8.657416,Egon-Junken-Weg,Niedrig,Gerichtlich,Notruf,2024-07-07,2,36686.53,1,4
AZ-2025-002804,Unterschlagung,2025-08-30,12:36,Westend-Süd,50.106352,8.65447,Marie-Luise-Wulff-Ring,Hoch,Ermittlung läuft,Opfer,,4,1142.54,3,13
AZ-2023-002805,Beleidigung,2023-03-05,20:11,Kalbach-Riedberg,50.137642,8.572444,Dippelplatz,Hoch,Eingestellt,Opfer,2023-10-20,3,0.0,3,12
AZ-2024-002806,Betrug,2023-07-30,13:22,Nieder-Erlenbach,50.104231,8.728145,Langerngasse,Hoch,Ermittlung läuft,Notruf,,1,14396.33,0,3
AZ-2023-002807,Raub,2025-03-08,06:43,Nied,50.018907,8.746324,Burkhardt-Löffler-Platz,Mittel,Abgeschlossen,Patrouille,2025-09-01,1,0.0,4,2
AZ-2023-002808,Verkehrsdelikt,2024-12-15,13:39,Griesheim,50.101464,8.639157,Hamannstraße,Niedrig,Abgeschlossen,Zeuge,2025-01-22,1,0.0,5,9
AZ-2025-002809,Computerbetrug,2023-02-07,04:13,Unterliederbach,50.068937,8.530335,Paul-Heinz-Stey-Weg,Mittel,Gerichtlich,Patrouille,2023-10-17,3,0.0,0,2
AZ-2025-002810,Computerbetrug,2025-02-15,21:36,Bockenheim,50.125371,8.510699,Schachtstr.,Hoch,Abgeschlossen,Notruf,2025-12-31,3,0.0,0,3
AZ-2024-002811,Körperverletzung,2023-11-15,17:29,Bergen-Enkheim,50.06237,8.772068,Hettnerstr.,Niedrig,Gerichtlich,Opfer,2024-01-09,1,41319.98,4,1
AZ-2023-002812,Erpressung,2025-01-22,19:24,Sachsenhausen-Nord,50.092888,8.66213,Schusterstraße,Hoch,Gerichtlich,Opfer,2026-01-12,2,17862.34,5,9
AZ-2024-002813,Beleidigung,2023-11-22,16:32,Hausen,50.058621,8.707998,Strohstraße,Hoch,Ermittlung läuft,Zeuge,,2,0.0,5,5
AZ-2023-002814,Computerbetrug,2025-07-07,15:50,Nieder-Eschbach,50.15772,8.798505,Fröhlichplatz,Niedrig,Ermittlung läuft,Notruf,,2,47439.49,2,11
AZ-2024-002815,Beleidigung,2024-02-10,05:27,Frankfurter Berg,50.041224,8.754708,Zbigniew-Trub-Straße,Mittel,Abgeschlossen,Notruf,2024-12-23,2,27917.55,3,15
AZ-2023-002816,Urkundenfälschung,2024-05-07,23:32,Seckbach,50.117491,8.560036,Wencke-Tlustek-Weg,Mittel,Eingestellt,Anonym,2025-02-07,4,25321.27,3,8
AZ-2025-002817,Computerbetrug,2025-10-16,17:24,Berkersheim,50.024362,8.477908,Henriette-Hahn-Straße,Mittel,Gerichtlich,Anonym,2025-12-04,4,47859.89,3,10
AZ-2023-002818,Betrug,2024-01-10,23:18,Sossenheim,50.072014,8.544292,Beckmannweg,Niedrig,Ermittlung läuft,Patrouille,,1,0.0,5,0
AZ-2025-002819,Sachbeschädigung,2025-07-31,03:36,Hausen,50.122126,8.735867,Tilly-Römer-Ring,Dringend,Ermittlung läuft,Zeuge,,2,21890.14,0,9
AZ-2023-002820,Hausfriedensbruch,2025-03-21,07:51,Bonames,50.020394,8.66304,Dorothea-Lange-Gasse,Niedrig,Ermittlung läuft,Zeuge,,1,35963.8,4,9
AZ-2025-002821,Bedrohung,2025-01-26,12:28,Bahnhofsviertel,50.16127,8.628505,Paul-Heinz-Rudolph-Ring,Niedrig,Eingestellt,Notruf,2025-03-20,3,4613.78,3,11
AZ-2023-002822,Verkehrsdelikt,2025-04-29,00:51,Zeilsheim,50.016226,8.78154,Annedore-Fliegner-Gasse,Mittel,Abgeschlossen,Opfer,2025-09-02,4,32948.26,0,0
AZ-2025-002823,Computerbetrug,2023-07-20,21:56,Harheim,50.045925,8.523327,Jäkelring,Mittel,Gerichtlich,Opfer,2024-05-11,3,0.0,0,13
AZ-2024-002824,Diebstahl,2023-06-08,06:33,Unterliederbach,50.063586,8.699127,Hornigstraße,Mittel,Ermittlung läuft,Patrouille,,1,13542.27,2,1
AZ-2024-002825,Raub,2024-07-20,15:05,Bahnhofsviertel,50.11528,8.751921,Lissi-Fechner-Platz,Niedrig,Ermittlung läuft,Zeuge,,3,46136.2,5,3
AZ-2024-002826,Drogendelikt,2024-11-02,19:58,Sachsenhausen-Nord,50.08816,8.744413,Biggenring,Mittel,Eingestellt,Patrouille,2025-09-26,4,30347.58,3,1
AZ-2023-002827,Computerbetrug,2024-11-01,08:58,Preungesheim,50.082684,8.575918,Handeplatz,Hoch,Abgeschlossen,Opfer,2025-04-27,2,43245.71,0,12
AZ-2024-002828,Computerbetrug,2024-06-23,21:47,Schwanheim,50.151237,8.727958,Adlergasse,Hoch,Abgeschlossen,Zeuge,2025-01-28,2,24949.95,0,9
AZ-2024-002829,Beleidigung,2023-07-18,12:03,Nieder-Eschbach,50.115141,8.782698,Börnerallee,Hoch,Ermittlung läuft,Patrouille,,4,0.0,1,12
AZ-2024-002830,Bedrohung,2025-10-04,23:35,Praunheim,50.187345,8.763128,Sergej-Nerger-Weg,Hoch,Ermittlung läuft,Zeuge,,3,13949.66,1,8
AZ-2023-002831,Körperverletzung,2023-10-24,23:25,Preungesheim,50.018381,8.648732,Rosemannstraße,Hoch,Abgeschlossen,Zeuge,2024-09-17,2,25589.9,3,5
AZ-2024-002832,Bedrohung,2025-04-21,16:16,Westend-Nord,50.02274,8.518897,Zänkerstraße,Niedrig,Eingestellt,Patrouille,2025-12-11,2,46345.43,3,12
AZ-2023-002833,Drogendelikt,2023-06-10,14:41,Praunheim,50.092251,8.497521,Tschentscherallee,Hoch,Ermittlung läuft,Anonym,,4,0.0,1,14
AZ-2023-002834,Raub,2025-03-12,13:47,Sindlingen,50.023527,8.554517,Klaudia-Etzler-Weg,Niedrig,Ermittlung läuft,Zeuge,,4,4016.39,3,11
AZ-2025-002835,Einbruchdiebstahl,2023-08-16,22:47,Nied,50.01598,8.619199,Wesackstraße,Mittel,Abgeschlossen,Anonym,2023-08-26,3,18129.48,3,3
AZ-2025-002836,Bedrohung,2025-05-26,15:30,Nordend-West,50.092017,8.515042,Fischerallee,Mittel,Eingestellt,Opfer,2026-01-09,2,0.0,0,8
AZ-2025-002837,Raub,2024-02-25,00:40,Bockenheim,50.034934,8.523968,Cichoriusallee,Dringend,Abgeschlossen,Anonym,2024-05-19,2,0.0,3,8
AZ-2025-002838,Urkundenfälschung,2023-04-22,16:43,Bergen-Enkheim,50.138655,8.48674,Kraushaarplatz,Hoch,Abgeschlossen,Patrouille,2023-07-25,4,38662.64,4,0
AZ-2025-002839,Sachbeschädigung,2023-07-05,05:42,Westend-Süd,50.150962,8.733612,Kambsstr.,Dringend,Eingestellt,Zeuge,2024-01-03,1,26985.85,1,11
AZ-2025-002840,Beleidigung,2025-10-02,21:02,Westend-Süd,50.172499,8.527236,Verena-Steckel-Straße,Dringend,Eingestellt,Opfer,2026-05-03,4,0.0,2,10
AZ-2024-002841,Bedrohung,2024-12-21,19:06,Westend-Nord,50.085457,8.766876,Seidelgasse,Dringend,Ermittlung läuft,Opfer,,4,48413.69,4,12
AZ-2025-002842,Verkehrsdelikt,2024-01-30,12:54,Berkersheim,50.155499,8.551858,Imelda-Barth-Weg,Mittel,Gerichtlich,Opfer,2024-04-13,1,8889.45,2,11
AZ-2025-002843,Urkundenfälschung,2023-04-05,17:58,Zeilsheim,50.1256,8.478016,Rörrichtweg,Dringend,Ermittlung läuft,Opfer,,4,40861.19,4,6
AZ-2024-002844,Unterschlagung,2024-08-11,03:48,Berkersheim,50.024161,8.473465,Franka-Römer-Gasse,Hoch,Ermittlung läuft,Anonym,,3,48382.95,1,7
AZ-2023-002845,Bedrohung,2023-02-25,00:17,Höchst,50.141281,8.574723,Valeri-Schönland-Weg,Dringend,Abgeschlossen,Zeuge,2023-06-27,4,0.0,5,7
AZ-2025-002846,Computerbetrug,2025-08-21,11:39,Westend-Süd,50.065878,8.761814,Vanessa-Roskoth-Weg,Hoch,Eingestellt,Anonym,2026-01-20,2,0.0,3,0
AZ-2024-002847,Körperverletzung,2023-09-17,15:41,Praunheim,50.043765,8.621386,Karolina-Mülichen-Weg,Mittel,Abgeschlossen,Zeuge,2023-10-06,1,31528.86,0,3
AZ-2025-002848,Einbruchdiebstahl,2024-11-02,15:21,Altstadt,50.052755,8.649814,Ernst-Otto-Sorgatz-Weg,Mittel,Ermittlung läuft,Notruf,,3,0.0,1,5
AZ-2023-002849,Raub,2025-10-23,10:50,Bockenheim,50.044483,8.575233,Violetta-Bähr-Ring,Mittel,Ermittlung läuft,Anonym,,3,0.0,2,1
AZ-2025-002850,Unterschlagung,2023-08-28,06:21,Zeilsheim,50.099261,8.502134,Isidor-Trapp-Weg,Dringend,Ermittlung läuft,Patrouille,,1,6104.24,4,3
AZ-2023-002851,Diebstahl,2024-07-01,02:32,Nordend-Ost,50.149758,8.741524,Casparallee,Niedrig,Ermittlung läuft,Notruf,,3,2085.73,2,11
AZ-2024-002852,Bedrohung,2023-05-19,10:27,Nied,50.053929,8.725113,Kühnertstr.,Mittel,Abgeschlossen,Notruf,2023-09-11,3,25546.42,4,6
AZ-2023-002853,Drogendelikt,2023-03-28,18:59,Seckbach,50.081534,8.751053,Adolfine-Barkholz-Ring,Niedrig,Ermittlung läuft,Patrouille,,4,0.0,0,14
AZ-2025-002854,Körperverletzung,2023-06-15,04:19,Dornbusch,50.051645,8.5393,Girschnerstraße,Mittel,Eingestellt,Patrouille,2023-08-24,1,44679.33,3,9
AZ-2023-002855,Beleidigung,2024-01-24,13:19,Gallus,50.091954,8.69438,Natalie-Rädel-Ring,Hoch,Ermittlung läuft,Patrouille,,3,21035.65,0,11
AZ-2025-002856,Hausfriedensbruch,2023-03-06,17:37,Rödelheim,50.034595,8.568283,Hertrampfgasse,Niedrig,Ermittlung läuft,Anonym,,4,28946.9,3,7
AZ-2023-002857,Computerbetrug,2024-05-06,21:48,Griesheim,50.050726,8.564231,Eckehard-Riehl-Platz,Mittel,Ermittlung läuft,Anonym,,2,0.0,4,12
AZ-2023-002858,Einbruchdiebstahl,2023-01-09,04:20,Schwanheim,50.145731,8.68814,Fechnerplatz,Niedrig,Ermittlung läuft,Zeuge,,3,0.0,4,13
AZ-2024-002859,Diebstahl,2025-02-16,13:32,Sachsenhausen-Nord,50.022219,8.635883,Wilmsengasse,Mittel,Ermittlung läuft,Notruf,,3,25311.97,3,13
AZ-2025-002860,Diebstahl,2024-02-19,13:32,Gallus,50.051929,8.798545,Leonhard-Ladeck-Allee,Mittel,Ermittlung läuft,Opfer,,2,2158.09,3,0
AZ-2025-002861,Beleidigung,2023-07-11,19:51,Westend-Süd,50.045551,8.624238,Branko-Schmiedecke-Ring,Dringend,Gerichtlich,Patrouille,2024-04-20,1,46109.6,1,3
AZ-2024-002862,Verkehrsdelikt,2023-01-07,18:32,Gallus,50.164305,8.607802,Andrey-Trüb-Gasse,Mittel,Abgeschlossen,Anonym,2023-12-15,1,27222.15,4,12
AZ-2023-002863,Hausfriedensbruch,2023-01-24,00:24,Nieder-Erlenbach,50.168633,8.637377,Krebsgasse,Mittel,Eingestellt,Notruf,2023-08-23,1,43279.37,2,5
AZ-2025-002864,Betrug,2024-06-29,12:20,Zeilsheim,50.091012,8.726607,Fauststraße,Mittel,Abgeschlossen,Patrouille,2024-07-17,1,30482.2,3,14
AZ-2025-002865,Diebstahl,2023-01-18,06:07,Harheim,50.026212,8.541578,Heserstraße,Hoch,Ermittlung läuft,Patrouille,,3,49303.92,4,1
AZ-2024-002866,Hausfriedensbruch,2024-07-10,17:15,Kalbach-Riedberg,50.089966,8.73306,Berndt-Gutknecht-Platz,Dringend,Ermittlung läuft,Opfer,,4,0.0,0,6
AZ-2024-002867,Diebstahl,2023-05-24,21:32,Höchst,50.141582,8.717244,Aenne-Pechel-Weg,Hoch,Abgeschlossen,Anonym,2024-01-02,4,15184.64,5,0
AZ-2025-002868,Urkundenfälschung,2025-10-18,23:35,Bockenheim,50.141487,8.618003,Drewesring,Hoch,Ermittlung läuft,Opfer,,4,0.0,3,15
AZ-2025-002869,Körperverletzung,2023-02-17,09:57,Kalbach-Riedberg,50.156573,8.576971,Marc-Mitschke-Weg,Mittel,Ermittlung läuft,Notruf,,2,14185.27,1,3
AZ-2024-002870,Bedrohung,2025-09-05,21:21,Seckbach,50.039755,8.629595,Bolzmannstraße,Hoch,Ermittlung läuft,Opfer,,2,24839.03,4,5
AZ-2024-002871,Betrug,2025-07-09,07:46,Höchst,50.13187,8.674265,Rupert-Schulz-Platz,Niedrig,Eingestellt,Anonym,2026-01-12,3,46079.38,3,8
AZ-2024-002872,Drogendelikt,2025-04-01,08:57,Ginnheim,50.035687,8.617047,Julius-Röhrdanz-Weg,Mittel,Ermittlung läuft,Zeuge,,4,15830.57,3,10
AZ-2025-002873,Urkundenfälschung,2023-09-14,10:57,Eckenheim,50.168727,8.521098,Ismet-Wiek-Weg,Dringend,Ermittlung läuft,Notruf,,4,0.0,1,1
AZ-2025-002874,Diebstahl,2025-08-06,05:08,Unterliederbach,50.099992,8.560989,Leif-Rosenow-Straße,Niedrig,Gerichtlich,Patrouille,2026-03-16,3,0.0,4,5
AZ-2023-002875,Erpressung,2025-06-16,22:59,Griesheim,50.088288,8.648315,Carstenallee,Mittel,Gerichtlich,Opfer,2026-04-04,4,0.0,2,8
AZ-2023-002876,Sachbeschädigung,2025-05-16,20:32,Nordend-West,50.116339,8.765048,Liesel-Faust-Ring,Hoch,Abgeschlossen,Notruf,2025-08-26,3,32071.25,0,9
AZ-2023-002877,Verkehrsdelikt,2024-02-16,15:41,Höchst,50.164838,8.662116,Liesbeth-Henschel-Weg,Mittel,Gerichtlich,Patrouille,2024-07-28,1,1572.73,5,2
AZ-2023-002878,Einbruchdiebstahl,2023-11-01,13:26,Unterliederbach,50.129605,8.483931,Röhrichtstraße,Niedrig,Eingestellt,Anonym,2024-05-25,1,0.0,4,3
AZ-2025-002879,Sachbeschädigung,2025-05-30,12:22,Dornbusch,50.172141,8.573321,Abdullah-Mitschke-Weg,Niedrig,Eingestellt,Zeuge,2026-04-05,1,25946.37,2,12
AZ-2023-002880,Hausfriedensbruch,2023-09-24,20:47,Sachsenhausen-Süd,50.170195,8.685468,Södingplatz,Hoch,Eingestellt,Opfer,2024-03-01,2,33739.13,4,14
AZ-2024-002881,Computerbetrug,2024-02-09,01:31,Fechenheim,50.043412,8.607027,Burckhard-Nerger-Ring,Dringend,Eingestellt,Anonym,2024-05-27,1,0.0,3,1
AZ-2023-002882,Beleidigung,2025-04-07,02:55,Praunheim,50.104044,8.541995,Stiffelstraße,Mittel,Ermittlung läuft,Patrouille,,1,20357.28,1,4
AZ-2025-002883,Drogendelikt,2025-07-27,13:58,Dornbusch,50.07082,8.660701,Schülerplatz,Hoch,Eingestellt,Opfer,2025-12-06,4,45727.02,0,10
AZ-2023-002884,Betrug,2024-01-30,09:31,Höchst,50.167959,8.498086,Bienplatz,Hoch,Eingestellt,Anonym,2025-01-15,3,0.0,4,15
AZ-2023-002885,Einbruchdiebstahl,2024-12-04,11:38,Bockenheim,50.103838,8.575788,Kuno-Cichorius-Straße,Niedrig,Abgeschlossen,Patrouille,2025-09-24,3,0.0,4,5
AZ-2023-002886,Hausfriedensbruch,2024-04-12,01:51,Rödelheim,50.181254,8.5618,Maritta-Etzold-Allee,Mittel,Eingestellt,Opfer,2024-11-09,4,13962.54,5,9
AZ-2025-002887,Drogendelikt,2024-04-10,07:49,Sindlingen,50.121766,8.573379,Löwerplatz,Dringend,Abgeschlossen,Patrouille,2024-06-30,1,0.0,3,14
AZ-2023-002888,Urkundenfälschung,2023-09-23,08:40,Nied,50.144487,8.771632,Stollring,Mittel,Abgeschlossen,Patrouille,2024-04-18,1,508.63,3,2
AZ-2025-002889,Betrug,2023-02-14,01:38,Riederwald,50.067484,8.794848,Wellerweg,Mittel,Abgeschlossen,Zeuge,2023-12-04,4,6556.72,1,4
AZ-2023-002890,Einbruchdiebstahl,2025-05-17,11:32,Westend-Süd,50.1238,8.790032,Heydrichplatz,Niedrig,Ermittlung läuft,Zeuge,,3,23478.62,4,2
AZ-2024-002891,Körperverletzung,2025-01-10,16:47,Berkersheim,50.06261,8.796053,Kargeplatz,Mittel,Ermittlung läuft,Opfer,,3,0.0,2,8
AZ-2023-002892,Bedrohung,2023-04-25,22:55,Griesheim,50.10754,8.478595,Scheuermannring,Mittel,Abgeschlossen,Anonym,2023-05-15,3,14622.97,2,14
AZ-2023-002893,Unterschlagung,2024-07-05,10:39,Ostend,50.100065,8.798955,Sigrun-Süßebier-Platz,Mittel,Ermittlung läuft,Zeuge,,1,9124.41,2,4
AZ-2025-002894,Erpressung,2023-07-13,21:32,Harheim,50.061085,8.723959,Ehrentraud-Mülichen-Gasse,Mittel,Ermittlung läuft,Notruf,,4,0.0,0,11
AZ-2024-002895,Beleidigung,2023-02-27,14:01,Bornheim,50.144876,8.681415,Gudula-Gerlach-Straße,Mittel,Abgeschlossen,Opfer,2024-01-30,4,46583.75,5,6
AZ-2023-002896,Einbruchdiebstahl,2023-09-24,13:21,Nieder-Erlenbach,50.187401,8.634699,Wiekstraße,Dringend,Abgeschlossen,Zeuge,2023-10-02,4,49937.33,5,7
AZ-2025-002897,Erpressung,2025-06-22,19:59,Gallus,50.134441,8.525491,Lilo-Seip-Allee,Dringend,Abgeschlossen,Opfer,2026-03-09,4,5441.82,4,9
AZ-2025-002898,Hausfriedensbruch,2025-01-11,08:17,Rödelheim,50.137195,8.664283,Augusta-Becker-Allee,Hoch,Ermittlung läuft,Notruf,,2,19988.52,1,0
AZ-2023-002899,Verkehrsdelikt,2023-07-26,13:51,Eschersheim,50.071822,8.709308,Steinberggasse,Hoch,Gerichtlich,Notruf,2023-09-24,4,18055.86,2,7
AZ-2025-002900,Sachbeschädigung,2024-01-31,06:04,Westend-Nord,50.118344,8.725893,Kohlallee,Hoch,Gerichtlich,Notruf,2024-09-22,3,43992.94,4,13
AZ-2023-002901,Urkundenfälschung,2023-07-14,14:24,Innenstadt,50.024106,8.50892,Kraushaarplatz,Niedrig,Ermittlung läuft,Opfer,,4,15384.6,4,11
AZ-2023-002902,Unterschlagung,2025-08-08,01:49,Eschersheim,50.036712,8.513078,Faruk-Misicher-Ring,Niedrig,Ermittlung läuft,Notruf,,2,0.0,5,0
AZ-2024-002903,Beleidigung,2024-11-08,06:56,Harheim,50.19253,8.540288,Tillmann-Anders-Platz,Mittel,Abgeschlossen,Notruf,2025-05-30,3,39672.32,1,5
AZ-2023-002904,Beleidigung,2025-03-20,16:43,Preungesheim,50.049998,8.497161,Katrin-Holt-Allee,Hoch,Abgeschlossen,Opfer,2025-09-05,4,0.0,5,0
AZ-2025-002905,Erpressung,2025-06-29,10:28,Praunheim,50.070887,8.68553,Gröttnergasse,Hoch,Abgeschlossen,Zeuge,2025-08-24,4,15778.7,5,12
AZ-2024-002906,Verkehrsdelikt,2023-12-27,20:16,Sachsenhausen-Nord,50.065032,8.7888,Truppplatz,Niedrig,Abgeschlossen,Patrouille,2024-10-12,4,11425.92,5,13
AZ-2024-002907,Körperverletzung,2024-11-09,00:41,Sachsenhausen-Nord,50.136303,8.765789,Agata-Klotz-Gasse,Niedrig,Abgeschlossen,Zeuge,2025-04-29,2,0.0,4,13
AZ-2024-002908,Drogendelikt,2025-07-16,04:01,Bonames,50.033975,8.563126,Nohlmansweg,Niedrig,Abgeschlossen,Anonym,2026-05-15,4,36409.9,5,12
AZ-2023-002909,Diebstahl,2023-01-20,02:46,Altstadt,50.143948,8.548946,Ahmed-Gunpf-Allee,Mittel,Ermittlung läuft,Notruf,,3,18924.51,2,14
AZ-2025-002910,Betrug,2025-01-28,13:54,Gallus,50.080296,8.622218,Dörschnerallee,Dringend,Abgeschlossen,Notruf,2025-08-25,3,0.0,0,10
AZ-2023-002911,Sachbeschädigung,2023-01-06,13:33,Sachsenhausen-Nord,50.018782,8.718759,Roskothstr.,Niedrig,Ermittlung läuft,Anonym,,3,21311.26,5,5
AZ-2024-002912,Sachbeschädigung,2023-08-29,09:44,Berkersheim,50.170487,8.746817,Geißlerstr.,Dringend,Abgeschlossen,Opfer,2023-09-16,1,38801.47,2,5
AZ-2023-002913,Diebstahl,2023-01-01,15:45,Bergen-Enkheim,50.175373,8.609058,Gertrud-Warmer-Weg,Dringend,Abgeschlossen,Zeuge,2023-11-29,3,23950.14,0,13
AZ-2024-002914,Erpressung,2025-03-26,03:25,Westend-Süd,50.093024,8.757381,Carmelo-Schacht-Platz,Niedrig,Abgeschlossen,Patrouille,2025-07-23,1,0.0,5,15
AZ-2024-002915,Diebstahl,2025-06-26,19:27,Höchst,50.121996,8.793031,Ferdinand-Heser-Weg,Dringend,Abgeschlossen,Zeuge,2025-08-25,4,0.0,3,2
AZ-2025-002916,Unterschlagung,2023-11-01,04:38,Schwanheim,50.054418,8.640302,Raissa-Preiß-Allee,Hoch,Eingestellt,Notruf,2024-07-26,4,26957.93,4,4
AZ-2025-002917,Beleidigung,2024-06-08,06:29,Fechenheim,50.087588,8.646178,Gröttnerallee,Dringend,Ermittlung läuft,Opfer,,4,46029.84,1,7
AZ-2025-002918,Raub,2023-01-26,01:36,Eckenheim,50.176889,8.556409,Wibke-Süßebier-Allee,Niedrig,Abgeschlossen,Zeuge,2023-03-07,2,40093.1,1,12
AZ-2023-002919,Einbruchdiebstahl,2025-07-15,04:46,Nieder-Erlenbach,50.165352,8.597249,Stiffelstr.,Niedrig,Abgeschlossen,Anonym,2025-08-24,2,9125.54,2,12
AZ-2024-002920,Diebstahl,2024-09-23,19:41,Höchst,50.130328,8.619397,Adlerstraße,Hoch,Eingestellt,Opfer,2024-11-29,2,18685.01,4,13
AZ-2023-002921,Raub,2024-04-27,15:34,Riederwald,50.055088,8.761292,Monja-Junitz-Straße,Niedrig,Ermittlung läuft,Anonym,,1,19060.36,4,0
AZ-2025-002922,Einbruchdiebstahl,2023-02-23,08:57,Ginnheim,50.069695,8.71264,Höfiggasse,Niedrig,Abgeschlossen,Patrouille,2023-03-26,1,30242.4,1,8
AZ-2025-002923,Beleidigung,2023-11-15,15:35,Westend-Nord,50.194938,8.70269,Oderwaldring,Mittel,Abgeschlossen,Notruf,2024-01-08,1,0.0,4,13
AZ-2024-002924,Computerbetrug,2023-04-13,20:27,Ginnheim,50.028071,8.787325,Regine-Ullmann-Platz,Niedrig,Eingestellt,Notruf,2024-01-12,4,19436.96,0,15
AZ-2023-002925,Unterschlagung,2025-08-13,21:09,Nied,50.044375,8.472642,Karl-Hans-Linke-Weg,Niedrig,Eingestellt,Patrouille,2026-01-09,3,14006.53,5,0
AZ-2023-002926,Einbruchdiebstahl,2024-06-06,19:41,Nied,50.121094,8.702332,Jopichgasse,Niedrig,Abgeschlossen,Zeuge,2025-05-29,2,0.0,0,11
AZ-2025-002927,Drogendelikt,2023-05-13,23:50,Harheim,50.031626,8.585996,Gudering,Mittel,Abgeschlossen,Opfer,2023-12-17,3,31683.39,3,13
AZ-2023-002928,Betrug,2024-06-24,20:06,Sossenheim,50.188748,8.585565,Rahel-Rudolph-Gasse,Hoch,Abgeschlossen,Zeuge,2025-04-28,1,0.0,1,12
AZ-2025-002929,Urkundenfälschung,2024-04-20,06:16,Schwanheim,50.191996,8.617326,Helen-Löchel-Gasse,Dringend,Gerichtlich,Zeuge,2024-07-04,3,42516.7,1,13
AZ-2024-002930,Unterschlagung,2025-11-02,05:15,Niederursel,50.148451,8.558566,Hans-Rainer-Gehringer-Ring,Mittel,Abgeschlossen,Zeuge,2026-05-12,2,209.18,0,10
AZ-2023-002931,Erpressung,2024-11-25,15:25,Nordend-Ost,50.135996,8.593576,Bolnbachweg,Hoch,Abgeschlossen,Patrouille,2025-01-22,2,0.0,1,15
AZ-2023-002932,Computerbetrug,2025-01-10,00:32,Eschersheim,50.104095,8.510509,André-Naser-Straße,Hoch,Eingestellt,Opfer,2025-11-25,2,0.0,1,8
AZ-2024-002933,Raub,2023-10-24,03:47,Nieder-Eschbach,50.077898,8.71543,Deborah-Schomber-Ring,Dringend,Ermittlung läuft,Opfer,,1,44323.99,2,0
AZ-2023-002934,Hausfriedensbruch,2023-01-26,13:45,Nieder-Erlenbach,50.139341,8.724985,Hentschelgasse,Hoch,Ermittlung läuft,Anonym,,2,14630.3,3,5
AZ-2025-002935,Bedrohung,2025-02-15,05:23,Gallus,50.094323,8.530942,Henckring,Dringend,Abgeschlossen,Zeuge,2025-11-16,4,7861.34,5,11
AZ-2025-002936,Betrug,2025-11-03,14:46,Preungesheim,50.018504,8.49184,Marica-Kade-Weg,Mittel,Ermittlung läuft,Notruf,,2,46854.0,5,2
AZ-2025-002937,Verkehrsdelikt,2025-04-17,14:23,Bornheim,50.030184,8.536933,Theresia-Briemer-Weg,Niedrig,Eingestellt,Opfer,2025-05-26,3,41471.56,2,14
AZ-2023-002938,Bedrohung,2025-09-03,10:48,Höchst,50.140633,8.639058,Wielochgasse,Dringend,Ermittlung läuft,Zeuge,,2,49379.99,4,15
AZ-2023-002939,Unterschlagung,2023-01-17,16:01,Sossenheim,50.189797,8.581149,Sagergasse,Niedrig,Eingestellt,Opfer,2024-01-12,2,38830.42,5,12
AZ-2024-002940,Urkundenfälschung,2024-11-07,14:44,Berkersheim,50.151704,8.631644,Yvette-Bolander-Gasse,Hoch,Abgeschlossen,Patrouille,2025-02-21,1,0.0,2,12
AZ-2024-002941,Computerbetrug,2023-11-13,05:09,Niederursel,50.188647,8.687431,Johannallee,Hoch,Ermittlung läuft,Patrouille,,2,34360.91,3,3
AZ-2025-002942,Drogendelikt,2024-03-05,16:03,Bahnhofsviertel,50.137,8.781189,Lieschen-Eckbauer-Gasse,Mittel,Abgeschlossen,Anonym,2024-12-23,3,1846.93,3,6
AZ-2023-002943,Einbruchdiebstahl,2023-11-08,19:09,Berkersheim,50.041227,8.662966,Blümelring,Mittel,Ermittlung läuft,Notruf,,3,39749.63,0,1
AZ-2025-002944,Beleidigung,2024-05-17,13:41,Eckenheim,50.017244,8.595526,Bolzmanngasse,Dringend,Ermittlung läuft,Opfer,,3,34329.03,3,9
AZ-2025-002945,Urkundenfälschung,2023-05-31,04:13,Bergen-Enkheim,50.113481,8.651186,Brunhild-Birnbaum-Ring,Niedrig,Ermittlung läuft,Anonym,,4,26264.24,0,0
AZ-2023-002946,Sachbeschädigung,2025-07-31,03:18,Fechenheim,50.179536,8.539023,Kühnertgasse,Dringend,Abgeschlossen,Anonym,2025-11-04,1,16684.7,4,9
AZ-2023-002947,Drogendelikt,2024-06-18,08:13,Gallus,50.03918,8.509041,Heintzeallee,Dringend,Eingestellt,Notruf,2025-03-01,4,0.0,4,7
AZ-2023-002948,Unterschlagung,2023-05-29,22:37,Dornbusch,50.181002,8.489982,Traugott-Kraus-Straße,Hoch,Ermittlung läuft,Opfer,,1,49168.68,4,15
AZ-2023-002949,Körperverletzung,2024-11-05,12:32,Harheim,50.046784,8.654146,Schollstr.,Dringend,Abgeschlossen,Patrouille,2025-03-25,4,0.0,0,7
AZ-2023-002950,Sachbeschädigung,2023-08-03,03:10,Berkersheim,50.126441,8.616571,Milan-Siering-Allee,Niedrig,Gerichtlich,Opfer,2024-02-08,2,0.0,0,15
AZ-2024-002951,Computerbetrug,2023-08-21,14:50,Bornheim,50.046992,8.552195,Udo-Plath-Ring,Hoch,Eingestellt,Anonym,2024-02-01,1,26653.12,4,5
AZ-2024-002952,Betrug,2023-02-19,13:13,Bornheim,50.062108,8.596986,Ekrem-Dobes-Gasse,Dringend,Ermittlung läuft,Zeuge,,1,0.0,2,7
AZ-2024-002953,Körperverletzung,2023-07-18,01:01,Bockenheim,50.097743,8.68809,Delia-Zobel-Platz,Mittel,Gerichtlich,Notruf,2023-08-29,2,0.0,4,0
AZ-2023-002954,Computerbetrug,2023-06-03,06:42,Harheim,50.046793,8.750988,Fanny-Pechel-Ring,Hoch,Abgeschlossen,Zeuge,2023-06-26,1,37778.37,3,12
AZ-2023-002955,Diebstahl,2023-06-18,22:15,Schwanheim,50.183421,8.634469,Linkestraße,Hoch,Eingestellt,Patrouille,2023-07-13,1,28570.44,4,0
AZ-2023-002956,Sachbeschädigung,2025-06-07,23:53,Rödelheim,50.138335,8.762284,Gotthardplatz,Hoch,Eingestellt,Zeuge,2026-06-02,1,35512.85,3,4
AZ-2024-002957,Sachbeschädigung,2024-10-28,02:02,Ostend,50.165037,8.561251,Lucie-Beyer-Gasse,Niedrig,Ermittlung läuft,Patrouille,,1,47380.49,0,6
AZ-2023-002958,Einbruchdiebstahl,2024-03-29,21:08,Bergen-Enkheim,50.086245,8.538589,Ludger-Sauer-Straße,Niedrig,Ermittlung läuft,Notruf,,3,0.0,1,10
AZ-2023-002959,Beleidigung,2025-05-09,13:21,Berkersheim,50.116424,8.544913,Jockelstr.,Hoch,Ermittlung läuft,Notruf,,3,0.0,4,3
AZ-2023-002960,Beleidigung,2024-10-17,16:01,Fechenheim,50.158173,8.56989,Gaetano-Möchlichen-Ring,Dringend,Abgeschlossen,Notruf,2024-11-07,3,0.0,5,9
AZ-2023-002961,Erpressung,2025-05-31,16:15,Innenstadt,50.085439,8.473784,Hornichring,Hoch,Abgeschlossen,Patrouille,2025-10-22,3,33775.95,5,9
AZ-2023-002962,Betrug,2025-03-06,23:18,Seckbach,50.032582,8.506621,Anna-Luise-Schaaf-Allee,Mittel,Abgeschlossen,Opfer,2025-04-12,1,0.0,2,3
AZ-2023-002963,Verkehrsdelikt,2023-01-15,12:47,Preungesheim,50.12189,8.751339,Bodo-Hellwig-Weg,Hoch,Ermittlung läuft,Zeuge,,2,45180.33,3,11
AZ-2025-002964,Beleidigung,2023-02-12,08:25,Sachsenhausen-Nord,50.085461,8.524313,Sigfried-Kaul-Platz,Hoch,Ermittlung läuft,Opfer,,4,26896.56,5,15
AZ-2023-002965,Hausfriedensbruch,2023-12-04,00:09,Schwanheim,50.167157,8.78219,Filiz-Gutknecht-Gasse,Niedrig,Eingestellt,Opfer,2024-04-20,4,16967.97,2,15
AZ-2023-002966,Beleidigung,2025-02-10,09:05,Nied,50.156335,8.709007,Grafweg,Dringend,Ermittlung läuft,Patrouille,,3,0.0,2,11
AZ-2024-002967,Bedrohung,2025-01-24,11:00,Innenstadt,50.023953,8.678026,Täscheweg,Hoch,Gerichtlich,Patrouille,2025-02-26,4,0.0,2,13
AZ-2023-002968,Diebstahl,2024-06-04,04:51,Frankfurter Berg,50.121831,8.538626,Schinkeweg,Niedrig,Abgeschlossen,Anonym,2024-08-21,2,0.0,0,3
AZ-2023-002969,Verkehrsdelikt,2024-06-24,22:27,Höchst,50.022417,8.746221,Sagerstr.,Hoch,Abgeschlossen,Zeuge,2025-02-12,4,0.0,3,0
AZ-2023-002970,Einbruchdiebstahl,2023-12-09,05:23,Nordend-West,50.07314,8.772369,Schmiedtring,Niedrig,Ermittlung läuft,Notruf,,4,0.0,1,0
AZ-2024-002971,Sachbeschädigung,2024-12-10,09:59,Nordend-Ost,50.081596,8.694701,Jüttnerplatz,Dringend,Ermittlung läuft,Anonym,,1,27468.24,4,5
AZ-2025-002972,Beleidigung,2023-08-21,14:12,Fechenheim,50.150926,8.672402,Ulf-Zobel-Gasse,Niedrig,Abgeschlossen,Zeuge,2023-12-14,2,21164.24,5,11
AZ-2024-002973,Drogendelikt,2025-06-07,03:08,Höchst,50.066281,8.563111,Hartmanngasse,Hoch,Eingestellt,Notruf,2025-12-26,3,16544.69,0,8
AZ-2023-002974,Urkundenfälschung,2024-12-23,01:47,Dornbusch,50.171048,8.762509,Henni-Hein-Straße,Mittel,Abgeschlossen,Patrouille,2025-11-27,4,44031.5,4,5
AZ-2024-002975,Sachbeschädigung,2025-06-03,03:00,Nordend-Ost,50.076983,8.581863,Ignaz-Nerger-Allee,Mittel,Ermittlung läuft,Patrouille,,3,0.0,1,5
AZ-2025-002976,Diebstahl,2025-04-18,10:53,Nieder-Eschbach,50.15226,8.512077,Warmerstraße,Hoch,Abgeschlossen,Opfer,2026-01-24,2,38568.53,0,10
AZ-2023-002977,Unterschlagung,2024-02-03,00:27,Westend-Süd,50.147111,8.649536,Roland-Gorlitz-Gasse,Hoch,Abgeschlossen,Zeuge,2024-02-17,1,31867.33,3,12
AZ-2024-002978,Diebstahl,2023-10-19,22:44,Innenstadt,50.170712,8.51235,Atzlergasse,Dringend,Eingestellt,Zeuge,2024-08-18,4,0.0,2,15
AZ-2024-002979,Sachbeschädigung,2024-08-23,09:22,Ostend,50.01941,8.61517,Beckerstr.,Dringend,Gerichtlich,Notruf,2025-01-19,4,0.0,5,9
AZ-2024-002980,Drogendelikt,2024-05-18,03:49,Höchst,50.072137,8.734723,Friedhelm-Hoffmann-Straße,Hoch,Abgeschlossen,Anonym,2025-04-14,4,28159.81,1,13
AZ-2023-002981,Sachbeschädigung,2024-04-09,05:45,Schwanheim,50.188392,8.782869,Eva-Sauer-Ring,Niedrig,Abgeschlossen,Anonym,2024-07-10,1,20274.98,2,3
AZ-2025-002982,Beleidigung,2024-06-27,02:43,Fechenheim,50.049415,8.764833,Zdenka-Becker-Platz,Mittel,Ermittlung läuft,Opfer,,4,34758.49,0,13
AZ-2023-002983,Beleidigung,2023-03-10,11:51,Altstadt,50.119942,8.62642,Karlheinz-Gertz-Platz,Hoch,Abgeschlossen,Opfer,2023-04-30,2,12015.75,2,6
AZ-2023-002984,Einbruchdiebstahl,2025-08-05,07:34,Praunheim,50.054214,8.49668,Tschentscherplatz,Niedrig,Ermittlung läuft,Opfer,,3,24077.32,0,13
AZ-2023-002985,Diebstahl,2023-10-20,13:07,Berkersheim,50.14828,8.56612,Röhrdanzplatz,Dringend,Ermittlung läuft,Opfer,,3,24073.8,1,11
AZ-2024-002986,Verkehrsdelikt,2024-10-01,03:17,Höchst,50.182713,8.732269,Hans-Otto-Barkholz-Platz,Mittel,Eingestellt,Zeuge,2025-03-22,1,25592.79,2,5
AZ-2025-002987,Einbruchdiebstahl,2025-04-08,12:14,Nieder-Erlenbach,50.017483,8.756762,Ditschleringasse,Mittel,Abgeschlossen,Anonym,2025-04-24,2,0.0,2,11
AZ-2025-002988,Unterschlagung,2025-08-28,16:47,Altstadt,50.087828,8.767847,Rafael-Sölzer-Gasse,Niedrig,Gerichtlich,Patrouille,2025-10-27,1,31041.05,5,4
AZ-2023-002989,Verkehrsdelikt,2024-07-30,09:25,Unterliederbach,50.115034,8.728414,Häringring,Mittel,Eingestellt,Patrouille,2024-11-08,4,0.0,4,14
AZ-2025-002990,Körperverletzung,2024-03-21,13:53,Nordend-West,50.062143,8.536008,Henckring,Mittel,Ermittlung läuft,Notruf,,2,29473.62,1,0
AZ-2024-002991,Erpressung,2024-09-17,10:00,Rödelheim,50.154722,8.682638,Speerplatz,Niedrig,Abgeschlossen,Zeuge,2024-09-25,4,0.0,3,8
AZ-2023-002992,Hausfriedensbruch,2024-01-14,23:30,Nordend-Ost,50.139279,8.605536,Trubgasse,Mittel,Ermittlung läuft,Notruf,,2,8068.26,3,3
AZ-2025-002993,Sachbeschädigung,2023-06-03,11:22,Sossenheim,50.119335,8.591734,Friedrich-Karl-Ehlert-Platz,Niedrig,Eingestellt,Opfer,2024-05-12,1,0.0,3,2
AZ-2025-002994,Verkehrsdelikt,2025-04-15,01:41,Nied,50.105658,8.495836,Annita-Kostolzin-Allee,Dringend,Ermittlung läuft,Zeuge,,2,15488.56,0,15
AZ-2025-002995,Diebstahl,2023-11-24,13:58,Eckenheim,50.110536,8.495273,Junckstr.,Mittel,Abgeschlossen,Anonym,2024-04-07,1,26851.34,1,7
AZ-2025-002996,Sachbeschädigung,2025-06-28,19:40,Frankfurter Berg,50.131661,8.579891,Schusterplatz,Niedrig,Ermittlung läuft,Anonym,,2,39639.25,3,3
AZ-2025-002997,Unterschlagung,2024-07-14,13:36,Höchst,50.121842,8.552388,Kläre-Schmiedt-Weg,Mittel,Ermittlung läuft,Opfer,,2,0.0,1,9
AZ-2023-002998,Diebstahl,2025-11-13,13:06,Sachsenhausen-Süd,50.076319,8.734325,Myriam-Reising-Ring,Dringend,Eingestellt,Notruf,2026-01-02,1,0.0,4,8
AZ-2025-002999,Hausfriedensbruch,2025-02-28,15:02,Sachsenhausen-Nord,50.141676,8.497407,Matthias-Hentschel-Gasse,Niedrig,Gerichtlich,Patrouille,2025-07-26,3,49594.34,1,1
AZ-2023-003000,Sachbeschädigung,2024-02-17,13:08,Fechenheim,50.095358,8.637243,Eberthallee,Dringend,Ermittlung läuft,Anonym,,4,23982.36,1,4
AZ-2025-003001,Beleidigung,2025-07-14,14:26,Riederwald,50.089883,8.720649,Häringweg,Hoch,Ermittlung läuft,Zeuge,,2,28450.55,4,1
AZ-2025-003002,Sachbeschädigung,2025-05-23,11:49,Praunheim,50.140647,8.666722,Lilian-Möchlichen-Allee,Dringend,Abgeschlossen,Notruf,2025-07-07,2,23781.37,2,13
AZ-2025-003003,Raub,2023-06-25,16:17,Schwanheim,50.076678,8.620547,Gunar-Pechel-Straße,Mittel,Ermittlung läuft,Anonym,,3,25255.07,3,2
AZ-2025-003004,Hausfriedensbruch,2024-01-28,14:18,Gallus,50.172712,8.768503,Ortmannstr.,Dringend,Ermittlung läuft,Zeuge,,3,0.0,2,10
AZ-2024-003005,Urkundenfälschung,2023-01-09,05:22,Ostend,50.104376,8.492414,Gießring,Mittel,Eingestellt,Anonym,2023-08-03,3,29385.72,4,2
AZ-2023-003006,Erpressung,2025-03-26,03:46,Griesheim,50.057147,8.708412,Putzweg,Hoch,Ermittlung läuft,Zeuge,,2,25396.41,5,0
AZ-2023-003007,Unterschlagung,2024-09-14,06:31,Harheim,50.127525,8.61535,Trubinstraße,Dringend,Ermittlung läuft,Patrouille,,3,758.98,3,3
AZ-2023-003008,Betrug,2025-08-05,00:55,Nordend-West,50.052256,8.731351,Heuserstr.,Hoch,Abgeschlossen,Zeuge,2026-04-26,2,39717.07,4,9
AZ-2024-003009,Raub,2024-01-07,11:57,Zeilsheim,50.174723,8.604359,Schweitzerallee,Hoch,Ermittlung läuft,Notruf,,3,10609.42,1,2
AZ-2024-003010,Diebstahl,2023-01-23,21:58,Eckenheim,50.149679,8.473044,Harry-Hartmann-Platz,Hoch,Abgeschlossen,Patrouille,2024-01-07,4,0.0,5,9
AZ-2024-003011,Hausfriedensbruch,2023-08-26,01:36,Ostend,50.149346,8.776419,Heinzstraße,Niedrig,Abgeschlossen,Patrouille,2023-09-16,2,22025.26,3,0
AZ-2025-003012,Körperverletzung,2023-12-03,09:18,Nordend-West,50.123149,8.702381,Leonard-Löffler-Straße,Hoch,Abgeschlossen,Opfer,2024-06-19,2,44804.32,3,14
AZ-2025-003013,Sachbeschädigung,2024-11-03,14:21,Berkersheim,50.062314,8.729582,Sylvie-Köster-Ring,Hoch,Eingestellt,Opfer,2025-05-14,4,0.0,1,7
AZ-2025-003014,Diebstahl,2023-11-19,20:19,Berkersheim,50.186468,8.66499,Franz-Weitzel-Gasse,Niedrig,Abgeschlossen,Anonym,2024-09-22,4,25876.42,0,9
AZ-2025-003015,Verkehrsdelikt,2023-08-10,09:40,Dornbusch,50.090426,8.545163,Martinstr.,Hoch,Ermittlung läuft,Patrouille,,1,0.0,5,12
AZ-2023-003016,Beleidigung,2023-09-05,18:56,Sachsenhausen-Süd,50.096033,8.49054,Heinstr.,Mittel,Ermittlung läuft,Zeuge,,3,0.0,0,5
AZ-2025-003017,Diebstahl,2023-06-23,06:17,Riederwald,50.074465,8.616165,Vittorio-Peukert-Weg,Niedrig,Gerichtlich,Notruf,2023-12-12,2,19368.08,4,15
AZ-2025-003018,Sachbeschädigung,2023-09-26,07:03,Zeilsheim,50.052753,8.609464,Loosstraße,Dringend,Ermittlung läuft,Zeuge,,3,0.0,0,9
AZ-2024-003019,Urkundenfälschung,2023-07-22,07:25,Seckbach,50.186791,8.79894,Löwerstraße,Mittel,Abgeschlossen,Opfer,2024-04-01,2,0.0,4,12
AZ-2025-003020,Körperverletzung,2025-09-08,06:29,Zeilsheim,50.090902,8.574863,Oestrovskyring,Mittel,Ermittlung läuft,Zeuge,,3,33500.8,1,8
AZ-2024-003021,Erpressung,2024-09-02,06:35,Zeilsheim,50.039885,8.747669,Kranzgasse,Hoch,Gerichtlich,Zeuge,2025-06-06,2,19344.09,2,13
AZ-2025-003022,Drogendelikt,2025-11-02,19:37,Nied,50.17189,8.642351,Thomas-Heintze-Ring,Mittel,Ermittlung läuft,Anonym,,1,14850.9,4,7
AZ-2024-003023,Einbruchdiebstahl,2024-10-24,18:02,Ginnheim,50.066354,8.489364,Oscar-Carsten-Ring,Dringend,Abgeschlossen,Patrouille,2025-09-15,2,22636.57,2,9
AZ-2024-003024,Einbruchdiebstahl,2024-07-12,10:46,Seckbach,50.11593,8.492908,Lilija-Hofmann-Platz,Dringend,Ermittlung läuft,Opfer,,4,0.0,0,14
AZ-2023-003025,Verkehrsdelikt,2024-10-12,02:55,Altstadt,50.037303,8.554837,Ernest-Boucsein-Ring,Mittel,Abgeschlossen,Anonym,2025-08-27,1,0.0,3,3
AZ-2024-003026,Diebstahl,2023-02-08,17:41,Nied,50.104065,8.622569,Benita-Gute-Ring,Niedrig,Abgeschlossen,Opfer,2023-11-15,2,30031.52,1,10
AZ-2023-003027,Körperverletzung,2025-03-17,14:53,Fechenheim,50.13949,8.57187,Gunhild-Jüttner-Ring,Dringend,Abgeschlossen,Notruf,2025-11-23,1,9064.81,3,14
AZ-2023-003028,Sachbeschädigung,2025-04-22,02:25,Kalbach-Riedberg,50.152809,8.600684,Weinhageallee,Niedrig,Gerichtlich,Opfer,2025-08-22,2,20503.73,2,13
AZ-2025-003029,Verkehrsdelikt,2024-09-12,00:39,Niederursel,50.086371,8.737405,Grein Grothweg,Dringend,Ermittlung läuft,Zeuge,,3,0.0,2,8
AZ-2024-003030,Betrug,2024-05-23,08:36,Sindlingen,50.033573,8.507731,Nadeschda-Weller-Allee,Niedrig,Abgeschlossen,Anonym,2024-10-24,1,35031.55,4,7
AZ-2024-003031,Sachbeschädigung,2024-06-05,16:10,Innenstadt,50.157174,8.665265,Andersallee,Dringend,Abgeschlossen,Patrouille,2024-06-24,1,0.0,2,12
AZ-2023-003032,Körperverletzung,2025-05-23,19:26,Griesheim,50.18193,8.669164,Holzapfelallee,Hoch,Abgeschlossen,Opfer,2025-06-18,3,0.0,2,3
AZ-2024-003033,Drogendelikt,2024-10-03,20:29,Sachsenhausen-Nord,50.139112,8.700023,Zänkerstraße,Dringend,Ermittlung läuft,Zeuge,,2,40708.62,5,6
AZ-2023-003034,Körperverletzung,2024-05-09,07:15,Sachsenhausen-Nord,50.183956,8.673901,Sagerallee,Hoch,Eingestellt,Patrouille,2024-12-25,3,48157.79,0,13
AZ-2023-003035,Sachbeschädigung,2023-12-25,18:53,Westend-Nord,50.024549,8.607929,Wieslaw-Söding-Weg,Niedrig,Eingestellt,Anonym,2024-07-05,3,0.0,5,15
AZ-2024-003036,Raub,2024-05-18,21:11,Frankfurter Berg,50.163749,8.54152,Norma-Kruschwitz-Platz,Hoch,Abgeschlossen,Patrouille,2024-11-29,4,6373.72,5,1
AZ-2024-003037,Beleidigung,2024-03-27,17:17,Praunheim,50.096893,8.528916,Isabel-Weiß-Platz,Niedrig,Abgeschlossen,Zeuge,2024-10-30,2,25506.76,4,3
AZ-2023-003038,Raub,2024-09-06,21:13,Praunheim,50.076137,8.73942,Heintzestr.,Dringend,Eingestellt,Opfer,2024-12-30,4,32325.97,3,2
AZ-2025-003039,Urkundenfälschung,2024-05-23,16:18,Hausen,50.158116,8.749755,Ullmannallee,Hoch,Gerichtlich,Zeuge,2025-01-17,4,30921.89,4,10
AZ-2025-003040,Hausfriedensbruch,2023-02-07,11:44,Preungesheim,50.135578,8.488987,Kargeallee,Hoch,Eingestellt,Patrouille,2023-04-25,4,3903.99,0,12
AZ-2025-003041,Verkehrsdelikt,2023-02-17,21:40,Preungesheim,50.032228,8.782548,Luis-Graf-Straße,Mittel,Abgeschlossen,Notruf,2023-04-20,2,39533.68,1,3
AZ-2024-003042,Hausfriedensbruch,2024-10-08,17:17,Praunheim,50.056022,8.722534,Häringstraße,Mittel,Ermittlung läuft,Anonym,,1,12708.76,0,1
AZ-2024-003043,Unterschlagung,2023-12-04,23:48,Westend-Süd,50.118498,8.778381,Rohtgasse,Dringend,Ermittlung läuft,Opfer,,1,17113.49,1,0
AZ-2025-003044,Erpressung,2023-03-19,07:48,Bockenheim,50.146604,8.679444,Etzoldstr.,Mittel,Ermittlung läuft,Notruf,,2,0.0,2,11
AZ-2025-003045,Verkehrsdelikt,2025-01-23,22:22,Dornbusch,50.162412,8.763301,Leon-Walter-Gasse,Hoch,Gerichtlich,Notruf,2025-08-13,3,22128.6,5,7
AZ-2023-003046,Unterschlagung,2024-04-14,19:15,Preungesheim,50.052354,8.481671,Sorgatzallee,Hoch,Abgeschlossen,Notruf,2024-09-16,4,9340.34,4,0
AZ-2023-003047,Beleidigung,2024-11-27,15:11,Gallus,50.058605,8.618189,Kambsplatz,Niedrig,Abgeschlossen,Anonym,2025-08-21,4,31558.13,4,9
AZ-2023-003048,Beleidigung,2025-04-07,20:44,Höchst,50.150663,8.584003,Löfflerweg,Hoch,Abgeschlossen,Notruf,2025-11-30,4,0.0,1,5
AZ-2023-003049,Urkundenfälschung,2025-07-05,03:34,Eckenheim,50.095505,8.642694,Wiekallee,Niedrig,Eingestellt,Opfer,2026-03-28,1,44303.48,5,4
AZ-2023-003050,Erpressung,2023-04-04,08:25,Ginnheim,50.179018,8.762827,Junkstr.,Niedrig,Eingestellt,Notruf,2024-02-04,3,12569.79,3,6
AZ-2023-003051,Beleidigung,2023-12-10,01:09,Niederursel,50.157997,8.7425,Caterina-Zimmer-Gasse,Dringend,Ermittlung läuft,Opfer,,1,4035.33,4,0
AZ-2025-003052,Beleidigung,2023-09-05,02:11,Bockenheim,50.050255,8.602401,Gerhart-Kabus-Weg,Niedrig,Ermittlung läuft,Notruf,,3,44660.35,0,12
AZ-2023-003053,Raub,2025-04-30,21:26,Nieder-Eschbach,50.026931,8.481575,Kranzplatz,Mittel,Ermittlung läuft,Notruf,,3,6758.91,5,0
AZ-2023-003054,Beleidigung,2024-05-22,03:43,Berkersheim,50.017059,8.473694,Bolnbachstr.,Mittel,Gerichtlich,Opfer,2024-09-04,1,49458.51,0,1
AZ-2023-003055,Diebstahl,2025-10-05,09:04,Niederursel,50.17273,8.70532,Grafstraße,Dringend,Eingestellt,Zeuge,2026-04-26,3,0.0,5,7
AZ-2025-003056,Einbruchdiebstahl,2023-07-17,12:31,Berkersheim,50.038527,8.797134,Mattias-Roskoth-Straße,Hoch,Ermittlung läuft,Notruf,,1,0.0,0,12
AZ-2025-003057,Betrug,2023-05-06,13:29,Kalbach-Riedberg,50.10346,8.620626,Davidsplatz,Niedrig,Gerichtlich,Patrouille,2023-09-11,1,1967.75,3,5
AZ-2025-003058,Diebstahl,2023-02-22,16:42,Kalbach-Riedberg,50.126718,8.781639,Gunhild-Röhrdanz-Platz,Niedrig,Ermittlung läuft,Zeuge,,4,0.0,2,12
AZ-2024-003059,Urkundenfälschung,2024-07-09,14:40,Bonames,50.148236,8.648908,Marija-Stroh-Weg,Hoch,Eingestellt,Notruf,2025-02-20,1,40277.81,1,12
AZ-2023-003060,Computerbetrug,2025-08-02,23:20,Nordend-West,50.153278,8.777586,Bauerplatz,Mittel,Abgeschlossen,Notruf,2025-12-30,3,42655.26,2,5
AZ-2023-003061,Diebstahl,2024-03-20,01:34,Praunheim,50.071847,8.542194,Christof-Krause-Ring,Hoch,Ermittlung läuft,Anonym,,2,0.0,3,1
AZ-2024-003062,Raub,2023-01-05,00:09,Praunheim,50.153466,8.586641,Holm-Hornich-Allee,Mittel,Ermittlung läuft,Anonym,,4,39495.11,0,13
AZ-2025-003063,Sachbeschädigung,2024-03-07,16:08,Sachsenhausen-Nord,50.033737,8.752038,Uli-Bohlander-Ring,Niedrig,Ermittlung läuft,Opfer,,3,4486.57,1,12
AZ-2025-003064,Hausfriedensbruch,2024-04-06,21:15,Praunheim,50.153001,8.489361,Günther-Junken-Straße,Niedrig,Eingestellt,Anonym,2025-01-16,4,3953.72,1,11
AZ-2025-003065,Computerbetrug,2025-10-25,00:19,Eschersheim,50.173354,8.491705,Frankegasse,Dringend,Ermittlung läuft,Notruf,,2,0.0,1,14
AZ-2024-003066,Hausfriedensbruch,2023-08-08,22:25,Sindlingen,50.11664,8.767195,Apollonia-Lindner-Straße,Dringend,Abgeschlossen,Opfer,2023-08-15,3,0.0,2,4
AZ-2024-003067,Unterschlagung,2025-05-06,15:12,Altstadt,50.035618,8.476098,Reiner-Haering-Platz,Dringend,Eingestellt,Anonym,2025-12-30,4,0.0,5,9
AZ-2025-003068,Erpressung,2023-07-26,09:30,Unterliederbach,50.172476,8.74749,Lorenzo-Löwer-Allee,Hoch,Eingestellt,Opfer,2024-01-28,4,0.0,1,10
AZ-2025-003069,Verkehrsdelikt,2023-12-20,10:29,Frankfurter Berg,50.111906,8.745748,Freudenbergerstr.,Dringend,Abgeschlossen,Opfer,2024-07-08,3,0.0,5,12
AZ-2025-003070,Computerbetrug,2023-03-11,07:46,Nied,50.135253,8.553723,Schaafplatz,Niedrig,Ermittlung läuft,Zeuge,,3,848.42,4,11
AZ-2025-003071,Erpressung,2023-05-07,21:28,Nordend-Ost,50.078206,8.798554,Hofmannplatz,Dringend,Eingestellt,Opfer,2023-06-22,2,0.0,5,9
AZ-2024-003072,Beleidigung,2025-09-25,15:09,Nordend-West,50.121382,8.496699,Friedhold-Matthäi-Gasse,Hoch,Ermittlung läuft,Opfer,,2,25256.23,2,2
AZ-2024-003073,Betrug,2025-03-16,04:59,Innenstadt,50.161937,8.696183,Schleichallee,Niedrig,Eingestellt,Patrouille,2026-03-07,4,33081.97,1,0
AZ-2023-003074,Drogendelikt,2023-04-29,11:05,Nieder-Eschbach,50.062351,8.537611,Anneli-Jüttner-Weg,Mittel,Abgeschlossen,Patrouille,2023-08-24,4,34619.18,4,15
AZ-2023-003075,Bedrohung,2025-06-26,19:40,Praunheim,50.066187,8.519551,Miesstraße,Dringend,Gerichtlich,Notruf,2025-11-07,4,0.0,4,15
AZ-2023-003076,Betrug,2024-08-17,07:01,Frankfurter Berg,50.10496,8.514798,Jenny-Conradi-Ring,Dringend,Abgeschlossen,Anonym,2025-01-17,2,26124.59,0,5
AZ-2024-003077,Einbruchdiebstahl,2024-11-18,03:26,Dornbusch,50.14272,8.485289,Kensyweg,Mittel,Abgeschlossen,Notruf,2025-09-07,2,45288.95,1,3
AZ-2024-003078,Drogendelikt,2024-01-19,10:33,Harheim,50.135673,8.783926,Kreinstr.,Dringend,Ermittlung läuft,Opfer,,3,0.0,0,14
AZ-2024-003079,Drogendelikt,2024-05-31,08:58,Bornheim,50.076394,8.53173,Selim-Hering-Platz,Dringend,Gerichtlich,Anonym,2025-01-10,3,5741.2,4,5
AZ-2025-003080,Unterschlagung,2023-05-17,15:23,Sachsenhausen-Nord,50.033776,8.593874,Mielcarekstraße,Hoch,Ermittlung läuft,Patrouille,,3,1458.26,5,10
AZ-2025-003081,Unterschlagung,2023-01-15,20:01,Eckenheim,50.17423,8.55722,Hildburg-Roskoth-Gasse,Niedrig,Ermittlung läuft,Notruf,,4,26734.08,4,9
AZ-2025-003082,Urkundenfälschung,2023-08-24,07:34,Schwanheim,50.047184,8.614912,Thanelgasse,Mittel,Abgeschlossen,Opfer,2023-10-30,3,27032.91,5,4
AZ-2023-003083,Drogendelikt,2024-06-08,11:08,Kalbach-Riedberg,50.186625,8.720281,Reinhilde-Franke-Ring,Niedrig,Ermittlung läuft,Opfer,,3,15460.82,3,13
AZ-2025-003084,Körperverletzung,2024-12-23,09:26,Bergen-Enkheim,50.062169,8.50585,Stahrgasse,Niedrig,Ermittlung läuft,Zeuge,,3,23123.8,1,2
AZ-2024-003085,Unterschlagung,2023-12-13,18:32,Praunheim,50.184318,8.574789,Sibilla-Nohlmans-Straße,Niedrig,Eingestellt,Zeuge,2024-04-18,2,3674.3,3,15
AZ-2025-003086,Körperverletzung,2023-08-04,10:24,Altstadt,50.050034,8.745487,Paul-Gerhard-Buchholz-Gasse,Dringend,Abgeschlossen,Patrouille,2024-01-31,3,45502.68,2,0
AZ-2025-003087,Bedrohung,2023-01-05,21:12,Kalbach-Riedberg,50.159381,8.759968,Langestraße,Mittel,Ermittlung läuft,Opfer,,1,13071.24,0,12
AZ-2024-003088,Einbruchdiebstahl,2024-10-29,17:47,Sindlingen,50.04282,8.657335,Janos-Hänel-Weg,Hoch,Ermittlung läuft,Opfer,,4,27754.87,1,0
AZ-2023-003089,Unterschlagung,2023-12-12,07:35,Bahnhofsviertel,50.090561,8.796947,Vincent-Bauer-Gasse,Niedrig,Eingestellt,Patrouille,2024-05-30,1,6006.22,4,0
AZ-2023-003090,Unterschlagung,2023-01-15,22:15,Kalbach-Riedberg,50.074792,8.535998,Kranzring,Dringend,Ermittlung läuft,Anonym,,4,39298.83,5,4
AZ-2025-003091,Bedrohung,2023-04-15,06:00,Unterliederbach,50.192308,8.649905,Gudestraße,Mittel,Abgeschlossen,Opfer,2023-05-23,2,29515.87,3,12
AZ-2025-003092,Unterschlagung,2023-12-09,03:23,Westend-Nord,50.077711,8.792743,Albrecht-Hermann-Gasse,Niedrig,Ermittlung läuft,Notruf,,1,33948.24,1,14
AZ-2025-003093,Unterschlagung,2023-10-02,19:42,Sachsenhausen-Nord,50.16286,8.666948,Mato-Steckel-Allee,Dringend,Ermittlung läuft,Opfer,,3,42598.7,2,5
AZ-2025-003094,Raub,2025-03-10,06:35,Niederursel,50.162606,8.631843,Neureutherstraße,Hoch,Abgeschlossen,Anonym,2026-02-06,1,0.0,1,7
AZ-2025-003095,Beleidigung,2024-05-06,11:23,Sachsenhausen-Nord,50.077719,8.749236,Darko-Rogge-Allee,Mittel,Eingestellt,Patrouille,2025-01-26,4,32381.97,4,3
AZ-2024-003096,Sachbeschädigung,2025-06-09,02:42,Schwanheim,50.072812,8.770569,Inka-Mangold-Platz,Niedrig,Abgeschlossen,Opfer,2025-12-12,4,0.0,5,1
AZ-2023-003097,Verkehrsdelikt,2024-09-01,02:27,Bahnhofsviertel,50.127899,8.523439,Holstenallee,Niedrig,Abgeschlossen,Patrouille,2025-02-22,3,46106.89,0,2
AZ-2025-003098,Bedrohung,2023-09-05,15:40,Dornbusch,50.065321,8.72889,Götz-Bähr-Weg,Dringend,Ermittlung läuft,Patrouille,,3,0.0,0,5
AZ-2023-003099,Hausfriedensbruch,2025-05-11,05:35,Kalbach-Riedberg,50.189628,8.585683,Hans D.-Hornig-Gasse,Dringend,Gerichtlich,Opfer,2026-02-06,1,27872.38,5,0
AZ-2025-003100,Beleidigung,2024-12-29,14:51,Griesheim,50.117572,8.635258,Geislergasse,Hoch,Ermittlung läuft,Notruf,,3,32879.79,4,4
AZ-2025-003101,Bedrohung,2024-11-07,11:52,Innenstadt,50.172184,8.610307,Gülten-Heydrich-Platz,Hoch,Gerichtlich,Notruf,2025-05-24,1,0.0,2,3
AZ-2024-003102,Beleidigung,2023-09-19,06:24,Ginnheim,50.141669,8.568234,Klemtplatz,Niedrig,Eingestellt,Zeuge,2024-02-12,2,17247.69,4,1
AZ-2025-003103,Raub,2025-03-16,20:28,Westend-Süd,50.139994,8.728201,Inna-Beer-Allee,Dringend,Gerichtlich,Notruf,2025-08-27,2,26632.91,3,9
AZ-2024-003104,Betrug,2025-07-27,12:15,Eckenheim,50.184907,8.646308,Thoralf-Textor-Gasse,Niedrig,Gerichtlich,Anonym,2025-08-30,1,33716.08,0,13
AZ-2024-003105,Hausfriedensbruch,2024-05-26,08:41,Altstadt,50.153658,8.498405,Reinhart-Stumpf-Ring,Mittel,Abgeschlossen,Zeuge,2025-04-19,2,0.0,0,10
AZ-2025-003106,Urkundenfälschung,2025-09-03,11:29,Harheim,50.192136,8.742971,Birnbaumstr.,Mittel,Ermittlung läuft,Anonym,,4,47877.49,2,11
AZ-2024-003107,Diebstahl,2024-12-11,04:21,Kalbach-Riedberg,50.073279,8.598009,Benedikt-Wirth-Straße,Dringend,Abgeschlossen,Notruf,2025-09-29,3,25048.2,4,5
AZ-2023-003108,Raub,2025-03-31,09:55,Westend-Süd,50.035082,8.486748,Suse-Hering-Ring,Hoch,Gerichtlich,Patrouille,2025-12-05,4,17028.6,1,7
AZ-2024-003109,Einbruchdiebstahl,2024-08-08,14:39,Sossenheim,50.120294,8.680423,Hans-Werner-Conradi-Gasse,Dringend,Abgeschlossen,Zeuge,2024-10-23,3,34471.7,2,11
AZ-2025-003110,Hausfriedensbruch,2023-03-14,10:42,Unterliederbach,50.152727,8.630221,Baumgasse,Hoch,Abgeschlossen,Zeuge,2023-07-07,1,29526.9,5,3
AZ-2024-003111,Betrug,2024-02-10,17:41,Nieder-Eschbach,50.132892,8.586228,Gröttnerweg,Mittel,Abgeschlossen,Anonym,2024-08-21,1,12307.55,5,4
AZ-2023-003112,Unterschlagung,2024-08-14,02:39,Nordend-West,50.167486,8.764056,Heinz-Werner-Dietz-Allee,Niedrig,Abgeschlossen,Zeuge,2025-04-13,4,39188.71,2,6
AZ-2025-003113,Raub,2025-02-15,01:53,Bergen-Enkheim,50.12727,8.472828,Isabell-Geisel-Gasse,Mittel,Ermittlung läuft,Notruf,,1,11167.58,3,8
AZ-2025-003114,Unterschlagung,2025-08-21,08:38,Berkersheim,50.129456,8.72638,Peukertgasse,Mittel,Ermittlung läuft,Anonym,,4,0.0,5,2
AZ-2025-003115,Einbruchdiebstahl,2025-09-11,14:24,Westend-Süd,50.145891,8.64371,Junitzstr.,Mittel,Ermittlung läuft,Zeuge,,4,8128.2,0,14
AZ-2024-003116,Diebstahl,2023-03-16,20:50,Bornheim,50.072831,8.689547,Emma-Hänel-Weg,Hoch,Ermittlung läuft,Patrouille,,4,0.0,1,9
AZ-2023-003117,Beleidigung,2024-11-19,19:23,Nieder-Eschbach,50.091223,8.577287,Lorchgasse,Mittel,Abgeschlossen,Notruf,2025-07-10,1,0.0,3,7
AZ-2023-003118,Betrug,2025-07-12,06:06,Dornbusch,50.139162,8.586326,Heinrich-Döring-Ring,Mittel,Eingestellt,Patrouille,2026-07-09,3,8621.4,1,11
AZ-2024-003119,Betrug,2023-04-25,23:11,Nordend-Ost,50.072466,8.635981,Gerlachgasse,Dringend,Ermittlung läuft,Patrouille,,2,45520.04,2,4
AZ-2025-003120,Hausfriedensbruch,2025-04-23,06:08,Praunheim,50.042695,8.50468,Södingring,Niedrig,Abgeschlossen,Opfer,2025-05-28,1,0.0,3,0
AZ-2023-003121,Betrug,2025-09-19,12:14,Höchst,50.052411,8.563786,Reinhard-Hahn-Straße,Dringend,Eingestellt,Opfer,2026-02-13,2,19903.97,0,12
AZ-2023-003122,Raub,2024-01-03,18:51,Sachsenhausen-Nord,50.021791,8.528106,Celal-Sontag-Ring,Niedrig,Abgeschlossen,Patrouille,2024-09-19,2,42723.15,0,15
AZ-2025-003123,Raub,2023-09-25,20:12,Dornbusch,50.080854,8.558342,Beyergasse,Mittel,Abgeschlossen,Notruf,2024-06-17,1,37558.24,5,7
AZ-2023-003124,Diebstahl,2024-11-14,09:41,Bonames,50.061165,8.764439,Salvatore-Jacobi Jäckel-Weg,Dringend,Abgeschlossen,Zeuge,2025-02-15,1,30640.39,0,8
AZ-2023-003125,Einbruchdiebstahl,2025-01-18,20:33,Sachsenhausen-Süd,50.100189,8.749371,Dobesweg,Niedrig,Gerichtlich,Anonym,2025-04-04,4,0.0,2,13
AZ-2025-003126,Unterschlagung,2024-04-06,07:21,Bonames,50.079388,8.550675,Janko-Dehmel-Weg,Niedrig,Ermittlung läuft,Anonym,,2,44148.0,4,14
AZ-2025-003127,Raub,2024-08-31,16:50,Preungesheim,50.115898,8.486365,Schülerweg,Dringend,Ermittlung läuft,Opfer,,2,164.89,4,4
AZ-2024-003128,Hausfriedensbruch,2025-04-11,20:24,Praunheim,50.136283,8.475293,Stiebitzallee,Hoch,Ermittlung läuft,Zeuge,,1,15731.8,2,13
AZ-2025-003129,Drogendelikt,2025-03-13,11:50,Bahnhofsviertel,50.122146,8.672718,Mehmet-Gertz-Allee,Hoch,Ermittlung läuft,Anonym,,4,24841.85,5,4
AZ-2024-003130,Sachbeschädigung,2023-12-02,06:10,Westend-Süd,50.022584,8.550796,Stahrstraße,Niedrig,Ermittlung läuft,Anonym,,1,41330.8,4,15
AZ-2025-003131,Urkundenfälschung,2023-07-26,23:54,Nordend-West,50.151584,8.583481,Metin-Bähr-Weg,Niedrig,Ermittlung läuft,Patrouille,,2,48795.64,1,12
AZ-2024-003132,Diebstahl,2023-08-11,04:52,Ostend,50.043389,8.60686,Kranzstr.,Mittel,Ermittlung läuft,Patrouille,,3,0.0,1,8
AZ-2023-003133,Diebstahl,2023-11-16,05:18,Westend-Süd,50.041759,8.698762,Almuth-Schaaf-Allee,Niedrig,Ermittlung läuft,Opfer,,2,46912.26,1,5
AZ-2023-003134,Bedrohung,2024-06-26,21:15,Nieder-Eschbach,50.130325,8.746265,Holger-Bärer-Weg,Mittel,Ermittlung läuft,Patrouille,,2,30208.3,3,3
AZ-2024-003135,Einbruchdiebstahl,2025-09-19,13:11,Schwanheim,50.1085,8.605791,Linus-Hellwig-Allee,Niedrig,Abgeschlossen,Anonym,2026-09-17,4,46697.02,1,12
AZ-2024-003136,Sachbeschädigung,2023-05-22,08:00,Westend-Süd,50.130549,8.485036,Werneckeplatz,Mittel,Abgeschlossen,Notruf,2023-05-29,1,0.0,1,3
AZ-2024-003137,Betrug,2024-11-15,13:30,Gallus,50.090851,8.632682,Bruno-Etzler-Ring,Mittel,Eingestellt,Patrouille,2025-02-13,3,33425.54,4,15
AZ-2023-003138,Körperverletzung,2025-07-11,14:12,Sossenheim,50.139418,8.535712,Hübelplatz,Hoch,Abgeschlossen,Notruf,2025-10-19,2,8287.69,1,7
AZ-2025-003139,Betrug,2024-02-08,16:46,Bockenheim,50.105018,8.776319,Philippe-Haase-Allee,Mittel,Eingestellt,Patrouille,2024-05-25,1,24267.27,0,9
AZ-2024-003140,Hausfriedensbruch,2023-03-28,23:43,Dornbusch,50.065022,8.496407,Ibrahim-van der Dussen-Weg,Mittel,Ermittlung läuft,Opfer,,2,0.0,2,12
AZ-2025-003141,Beleidigung,2025-06-25,21:01,Rödelheim,50.117114,8.660693,Warmerring,Hoch,Abgeschlossen,Zeuge,2026-05-28,3,7813.41,4,6
AZ-2025-003142,Computerbetrug,2024-02-07,20:29,Eckenheim,50.078435,8.536534,Karl-Hans-Junck-Allee,Mittel,Ermittlung läuft,Opfer,,4,47163.68,2,2
AZ-2024-003143,Raub,2023-02-14,10:15,Harheim,50.130021,8.559893,Anne-Kathrin-Zorbach-Straße,Hoch,Eingestellt,Zeuge,2023-12-14,2,45456.37,1,7
AZ-2023-003144,Unterschlagung,2024-01-08,23:44,Höchst,50.016022,8.473469,Weitzelgasse,Dringend,Abgeschlossen,Anonym,2024-01-22,3,14898.85,5,14
AZ-2025-003145,Sachbeschädigung,2024-08-06,14:46,Niederursel,50.045274,8.675285,Milka-Wagner-Ring,Hoch,Abgeschlossen,Notruf,2025-02-08,3,0.0,5,12
AZ-2025-003146,Betrug,2023-10-07,21:53,Altstadt,50.167,8.755563,Henkplatz,Hoch,Ermittlung läuft,Opfer,,3,31757.0,5,8
AZ-2023-003147,Betrug,2023-07-31,03:47,Dornbusch,50.078916,8.606637,Semra-Stadelmann-Platz,Dringend,Abgeschlossen,Notruf,2024-02-11,4,32242.65,0,8
AZ-2024-003148,Betrug,2023-04-12,23:20,Unterliederbach,50.102097,8.55346,Editha-Kranz-Weg,Hoch,Abgeschlossen,Patrouille,2023-09-20,2,7794.14,3,10
AZ-2023-003149,Einbruchdiebstahl,2024-07-08,23:46,Ginnheim,50.191097,8.679926,Gnatzstraße,Niedrig,Ermittlung läuft,Opfer,,4,0.0,1,8
AZ-2023-003150,Beleidigung,2024-01-25,03:02,Kalbach-Riedberg,50.136648,8.778969,Carlos-Noack-Gasse,Niedrig,Abgeschlossen,Anonym,2024-07-21,3,0.0,0,5
AZ-2025-003151,Verkehrsdelikt,2023-12-01,11:10,Zeilsheim,50.064614,8.617703,Berndt-Schulz-Platz,Niedrig,Abgeschlossen,Notruf,2024-06-30,4,33399.22,2,9
AZ-2024-003152,Unterschlagung,2023-12-01,16:26,Innenstadt,50.021662,8.794314,Fedor-Conradi-Platz,Niedrig,Abgeschlossen,Zeuge,2024-04-05,1,5456.83,2,9
AZ-2024-003153,Einbruchdiebstahl,2023-01-19,11:25,Sossenheim,50.18464,8.50637,Hubertus-Patberg-Gasse,Niedrig,Abgeschlossen,Zeuge,2023-06-27,3,0.0,0,1
AZ-2025-003154,Betrug,2023-05-07,14:10,Ginnheim,50.02785,8.747505,van der Dussenstraße,Niedrig,Abgeschlossen,Patrouille,2024-04-30,2,0.0,3,9
AZ-2025-003155,Sachbeschädigung,2023-04-26,08:05,Niederursel,50.025619,8.485153,Gehringerweg,Niedrig,Ermittlung läuft,Zeuge,,3,466.64,0,11
AZ-2024-003156,Beleidigung,2025-07-22,17:20,Zeilsheim,50.089746,8.724811,Ioannis-Löffler-Platz,Niedrig,Ermittlung läuft,Patrouille,,1,0.0,1,11
AZ-2024-003157,Verkehrsdelikt,2023-05-28,10:25,Bornheim,50.078212,8.559194,Laszlo-Hörle-Weg,Niedrig,Ermittlung läuft,Opfer,,1,11516.7,3,3
AZ-2023-003158,Einbruchdiebstahl,2023-08-03,10:07,Nied,50.178299,8.614492,Schusterplatz,Mittel,Ermittlung läuft,Patrouille,,2,0.0,0,12
AZ-2023-003159,Raub,2023-08-04,20:54,Schwanheim,50.016875,8.55556,Zänkerstraße,Hoch,Abgeschlossen,Opfer,2024-01-24,1,1801.67,1,15
AZ-2025-003160,Einbruchdiebstahl,2023-06-02,05:09,Kalbach-Riedberg,50.041106,8.712641,Ursel-Klingelhöfer-Straße,Hoch,Ermittlung läuft,Opfer,,3,27439.68,3,1
AZ-2024-003161,Diebstahl,2025-05-27,21:37,Hausen,50.152835,8.547517,Geiselstraße,Niedrig,Ermittlung läuft,Zeuge,,2,41657.53,4,3
AZ-2024-003162,Bedrohung,2024-07-04,01:01,Riederwald,50.137941,8.509479,Löchelstr.,Niedrig,Eingestellt,Anonym,2025-05-19,2,42265.28,5,5
AZ-2025-003163,Betrug,2025-07-05,09:46,Praunheim,50.142796,8.755248,Wesackplatz,Hoch,Ermittlung läuft,Patrouille,,2,0.0,2,1
AZ-2025-003164,Erpressung,2023-11-01,12:27,Unterliederbach,50.046268,8.551654,Bärerallee,Dringend,Ermittlung läuft,Notruf,,3,43936.33,0,10
AZ-2023-003165,Diebstahl,2023-05-24,05:36,Niederursel,50.140791,8.625611,Loosallee,Dringend,Abgeschlossen,Notruf,2023-08-08,4,25832.74,5,12
AZ-2024-003166,Diebstahl,2025-07-21,14:32,Bornheim,50.10377,8.639503,Katy-Jacob-Weg,Mittel,Ermittlung läuft,Patrouille,,1,43061.9,1,6
AZ-2024-003167,Körperverletzung,2023-07-18,11:29,Unterliederbach,50.116147,8.692361,Birgitt-Vogt-Platz,Dringend,Abgeschlossen,Opfer,2023-08-22,1,0.0,1,10
AZ-2024-003168,Erpressung,2023-08-28,21:08,Harheim,50.166678,8.603584,Kramerstraße,Dringend,Ermittlung läuft,Zeuge,,1,995.05,2,0
AZ-2024-003169,Hausfriedensbruch,2024-05-05,19:01,Nied,50.133492,8.692288,Metzring,Dringend,Abgeschlossen,Opfer,2024-08-12,4,0.0,4,13
AZ-2024-003170,Bedrohung,2024-04-13,06:13,Fechenheim,50.131671,8.585631,Rörrichtstr.,Dringend,Eingestellt,Notruf,2025-02-18,4,0.0,5,10
AZ-2025-003171,Erpressung,2024-12-26,00:33,Westend-Süd,50.021645,8.744725,Boucseinring,Niedrig,Abgeschlossen,Anonym,2025-11-30,2,0.0,5,5
AZ-2024-003172,Hausfriedensbruch,2025-01-08,01:44,Bonames,50.164301,8.587287,Insa-Möchlichen-Platz,Hoch,Abgeschlossen,Patrouille,2025-09-30,1,37440.42,0,4
AZ-2025-003173,Beleidigung,2024-06-19,06:26,Bockenheim,50.023671,8.476215,Silvia-Grein Groth-Gasse,Niedrig,Ermittlung läuft,Notruf,,4,0.0,0,3
AZ-2023-003174,Betrug,2024-09-27,19:56,Altstadt,50.103797,8.558437,Nathalie-Otto-Allee,Niedrig,Abgeschlossen,Notruf,2025-05-03,4,0.0,5,2
AZ-2024-003175,Sachbeschädigung,2023-09-01,15:27,Bahnhofsviertel,50.019192,8.699337,Noackstraße,Dringend,Abgeschlossen,Patrouille,2024-03-16,2,5260.8,3,11
AZ-2024-003176,Diebstahl,2023-09-28,05:39,Harheim,50.143914,8.553275,Krokerweg,Mittel,Ermittlung läuft,Anonym,,1,0.0,3,9
AZ-2024-003177,Körperverletzung,2025-05-29,14:54,Griesheim,50.086214,8.784097,Krausstraße,Hoch,Ermittlung läuft,Opfer,,3,49048.96,3,9
AZ-2024-003178,Unterschlagung,2024-02-18,19:59,Westend-Süd,50.015187,8.506326,Segebahnstr.,Niedrig,Ermittlung läuft,Zeuge,,2,4449.88,0,3
AZ-2024-003179,Hausfriedensbruch,2023-01-07,07:40,Hausen,50.170779,8.636911,Saban-Bender-Gasse,Niedrig,Ermittlung läuft,Notruf,,1,30725.9,4,14
AZ-2025-003180,Diebstahl,2024-12-12,15:45,Nordend-West,50.035479,8.60338,Rosemannplatz,Dringend,Abgeschlossen,Notruf,2025-06-18,3,44789.78,0,8
AZ-2023-003181,Bedrohung,2024-04-02,18:18,Sachsenhausen-Nord,50.144154,8.614408,Kläre-Mälzer-Ring,Mittel,Abgeschlossen,Notruf,2024-10-30,4,0.0,0,0
AZ-2025-003182,Beleidigung,2024-11-28,08:49,Bockenheim,50.045487,8.597153,Pechelweg,Hoch,Abgeschlossen,Notruf,2024-12-24,3,29236.25,0,10
AZ-2023-003183,Beleidigung,2025-02-23,17:32,Griesheim,50.172238,8.676922,Schusterweg,Dringend,Eingestellt,Patrouille,2025-07-08,3,0.0,4,2
AZ-2024-003184,Einbruchdiebstahl,2023-03-29,05:14,Frankfurter Berg,50.094361,8.499637,Textorgasse,Hoch,Abgeschlossen,Opfer,2024-01-14,2,38412.56,1,12
AZ-2025-003185,Einbruchdiebstahl,2023-03-17,19:54,Sindlingen,50.074272,8.58334,Löfflerweg,Dringend,Ermittlung läuft,Notruf,,2,0.0,5,6
AZ-2025-003186,Verkehrsdelikt,2024-06-06,05:45,Sachsenhausen-Süd,50.043521,8.777855,Imre-Müller-Gasse,Hoch,Abgeschlossen,Opfer,2024-06-19,2,0.0,5,2
AZ-2024-003187,Bedrohung,2024-10-11,02:50,Schwanheim,50.035045,8.739076,Schülerweg,Niedrig,Gerichtlich,Anonym,2025-01-07,4,0.0,0,12
AZ-2023-003188,Bedrohung,2025-05-24,10:32,Dornbusch,50.105367,8.524501,Hertha-Stadelmann-Allee,Hoch,Eingestellt,Notruf,2026-01-14,3,37773.05,1,10
AZ-2024-003189,Diebstahl,2024-05-28,22:40,Frankfurter Berg,50.133625,8.708783,John-Schleich-Straße,Mittel,Gerichtlich,Anonym,2025-04-21,4,0.0,1,8
AZ-2025-003190,Drogendelikt,2025-02-11,12:38,Seckbach,50.036565,8.556457,Jaroslav-Hentschel-Weg,Niedrig,Eingestellt,Opfer,2025-11-12,4,49410.7,1,7
AZ-2023-003191,Erpressung,2023-06-07,11:42,Seckbach,50.101287,8.624945,Aleksandr-Drub-Gasse,Niedrig,Gerichtlich,Patrouille,2023-06-25,4,47190.65,0,11
AZ-2024-003192,Körperverletzung,2023-05-08,16:45,Niederursel,50.179165,8.550309,Kruschwitzweg,Mittel,Eingestellt,Anonym,2023-09-07,2,32279.7,2,11
AZ-2024-003193,Beleidigung,2024-07-13,02:32,Nordend-Ost,50.155173,8.655702,Anna-Maria-Graf-Straße,Dringend,Ermittlung läuft,Patrouille,,2,1181.76,2,7
AZ-2024-003194,Unterschlagung,2023-09-30,01:52,Westend-Süd,50.078998,8.692848,Marita-Loos-Ring,Dringend,Ermittlung läuft,Notruf,,4,16702.44,0,10
AZ-2025-003195,Sachbeschädigung,2024-01-25,23:20,Westend-Süd,50.128812,8.740442,Ottostr.,Dringend,Abgeschlossen,Notruf,2024-12-23,2,0.0,3,2
AZ-2024-003196,Bedrohung,2024-07-05,05:16,Nordend-West,50.194117,8.72275,Schaafring,Mittel,Abgeschlossen,Opfer,2024-08-24,3,35439.15,5,8
AZ-2024-003197,Körperverletzung,2025-11-07,22:10,Kalbach-Riedberg,50.132465,8.608637,Wellerweg,Dringend,Gerichtlich,Anonym,2026-03-29,2,34059.49,5,15
AZ-2023-003198,Verkehrsdelikt,2025-08-28,06:03,Innenstadt,50.061878,8.771271,Elmar-Schuster-Weg,Hoch,Eingestellt,Zeuge,2025-10-08,4,44907.71,0,1
AZ-2025-003199,Hausfriedensbruch,2023-11-14,10:26,Seckbach,50.177887,8.69401,Fechnerring,Dringend,Abgeschlossen,Opfer,2024-03-03,4,31293.56,4,15
AZ-2023-003200,Einbruchdiebstahl,2025-09-05,15:24,Nied,50.015027,8.545607,Suzanne-Weiß-Straße,Hoch,Ermittlung läuft,Zeuge,,2,32934.58,0,4
AZ-2023-003201,Erpressung,2023-12-01,13:52,Eckenheim,50.161348,8.725055,Albersplatz,Mittel,Ermittlung läuft,Notruf,,4,8937.27,2,8
AZ-2025-003202,Urkundenfälschung,2024-11-29,21:52,Frankfurter Berg,50.057186,8.572024,Ackermanngasse,Mittel,Ermittlung läuft,Anonym,,4,17901.54,1,12
AZ-2023-003203,Raub,2024-09-03,20:10,Zeilsheim,50.023837,8.661709,Laura-Textor-Straße,Hoch,Ermittlung läuft,Patrouille,,4,17902.55,5,6
AZ-2023-003204,Computerbetrug,2023-01-23,02:35,Seckbach,50.084316,8.698725,Sölzerring,Dringend,Abgeschlossen,Zeuge,2023-09-26,3,25572.13,2,4
AZ-2023-003205,Diebstahl,2025-07-12,02:54,Niederursel,50.108187,8.561026,Geißlerplatz,Mittel,Eingestellt,Anonym,2026-07-07,4,12003.09,2,9
AZ-2025-003206,Urkundenfälschung,2024-07-07,05:51,Praunheim,50.043051,8.766216,Gotthardweg,Niedrig,Ermittlung läuft,Patrouille,,4,19261.78,5,1
AZ-2024-003207,Verkehrsdelikt,2025-07-13,12:12,Sachsenhausen-Süd,50.183857,8.529104,Hans-Theo-Neuschäfer-Platz,Dringend,Eingestellt,Zeuge,2025-11-27,1,27493.54,1,15
AZ-2024-003208,Hausfriedensbruch,2023-06-24,10:56,Griesheim,50.043235,8.714902,Tomislav-Rosenow-Platz,Dringend,Abgeschlossen,Zeuge,2024-01-23,2,36124.79,1,2
AZ-2024-003209,Drogendelikt,2024-08-20,00:44,Ostend,50.178045,8.658686,Hans-Willi-Bonbach-Allee,Dringend,Abgeschlossen,Zeuge,2024-12-15,4,0.0,5,12
AZ-2023-003210,Einbruchdiebstahl,2025-06-02,15:56,Bornheim,50.183428,8.496927,Mara-Werner-Platz,Dringend,Gerichtlich,Anonym,2025-09-05,2,0.0,3,12
AZ-2025-003211,Einbruchdiebstahl,2025-05-17,14:02,Nordend-West,50.03345,8.74821,Langestraße,Hoch,Gerichtlich,Notruf,2026-01-12,2,26838.84,5,5
AZ-2023-003212,Einbruchdiebstahl,2024-01-29,10:09,Riederwald,50.191596,8.480493,Olav-Schuster-Platz,Niedrig,Abgeschlossen,Opfer,2024-03-04,4,0.0,2,8
AZ-2025-003213,Betrug,2023-09-21,09:30,Eschersheim,50.188533,8.585443,Klaus-Michael-Caspar-Straße,Mittel,Eingestellt,Zeuge,2023-11-16,1,16662.36,3,2
AZ-2023-003214,Computerbetrug,2023-01-04,14:52,Seckbach,50.097118,8.686236,Karl-Ernst-Bolnbach-Ring,Niedrig,Ermittlung läuft,Opfer,,1,19559.81,2,10
AZ-2023-003215,Computerbetrug,2024-05-14,17:12,Eschersheim,50.175148,8.524924,Cosima-Heinz-Straße,Mittel,Ermittlung läuft,Patrouille,,2,0.0,5,5
AZ-2024-003216,Urkundenfälschung,2023-07-01,01:06,Zeilsheim,50.18563,8.700979,Steinbergallee,Niedrig,Ermittlung läuft,Patrouille,,3,38148.19,3,15
AZ-2024-003217,Unterschlagung,2023-03-28,07:06,Bornheim,50.015335,8.612579,Alberto-Bolander-Ring,Mittel,Abgeschlossen,Opfer,2023-12-05,1,0.0,2,6
AZ-2024-003218,Erpressung,2024-11-06,09:23,Fechenheim,50.179599,8.535296,Gisela-Säuberlich-Gasse,Mittel,Ermittlung läuft,Notruf,,4,0.0,5,9
AZ-2023-003219,Urkundenfälschung,2024-09-30,23:19,Fechenheim,50.172744,8.481957,Heimo-Preiß-Gasse,Mittel,Eingestellt,Notruf,2025-06-23,4,28226.86,5,0
AZ-2023-003220,Erpressung,2025-02-11,22:50,Ginnheim,50.040309,8.797458,Schleichstr.,Mittel,Ermittlung läuft,Zeuge,,1,8745.99,3,8
AZ-2025-003221,Hausfriedensbruch,2024-03-11,20:48,Nied,50.024024,8.669473,Neureutherstraße,Mittel,Eingestellt,Zeuge,2024-09-08,2,6719.51,0,3
AZ-2023-003222,Körperverletzung,2023-10-11,00:13,Seckbach,50.125734,8.534966,Schleichstraße,Hoch,Abgeschlossen,Zeuge,2024-08-16,3,47011.65,3,13
AZ-2023-003223,Sachbeschädigung,2023-06-11,13:35,Sossenheim,50.14516,8.792474,Koch IIweg,Niedrig,Gerichtlich,Patrouille,2023-07-19,1,0.0,2,8
AZ-2023-003224,Hausfriedensbruch,2025-05-10,16:01,Niederursel,50.141133,8.537786,Jopichallee,Mittel,Ermittlung läuft,Notruf,,1,24680.02,1,5
AZ-2024-003225,Erpressung,2023-07-29,23:56,Nieder-Eschbach,50.178804,8.584843,Thekla-Klingelhöfer-Allee,Mittel,Ermittlung läuft,Anonym,,1,23698.81,5,3
AZ-2023-003226,Verkehrsdelikt,2025-02-15,19:51,Ginnheim,50.170571,8.549061,Kostolzinstr.,Dringend,Abgeschlossen,Patrouille,2025-12-27,2,0.0,2,9
AZ-2025-003227,Diebstahl,2024-02-22,12:01,Höchst,50.175174,8.795752,Zdenka-Klemm-Ring,Niedrig,Gerichtlich,Zeuge,2024-03-13,3,41209.2,1,13
AZ-2025-003228,Einbruchdiebstahl,2023-02-06,19:24,Gallus,50.124524,8.591365,Ada-Meyer-Allee,Dringend,Ermittlung läuft,Opfer,,2,0.0,4,13
AZ-2024-003229,Sachbeschädigung,2023-03-10,03:23,Innenstadt,50.051263,8.678872,van der Dussenallee,Mittel,Ermittlung läuft,Patrouille,,4,46353.32,5,0
AZ-2024-003230,Raub,2024-09-07,19:31,Eckenheim,50.089124,8.652849,Andrej-Schleich-Gasse,Niedrig,Ermittlung läuft,Notruf,,2,0.0,2,1
AZ-2025-003231,Erpressung,2024-11-12,20:57,Nordend-West,50.186614,8.56686,Thiesallee,Mittel,Abgeschlossen,Patrouille,2025-10-29,2,31338.35,1,2
AZ-2023-003232,Körperverletzung,2025-03-22,12:31,Bonames,50.127405,8.694419,Paul-Mentzel-Weg,Hoch,Abgeschlossen,Anonym,2025-04-11,4,35807.25,2,6
AZ-2025-003233,Betrug,2024-06-17,04:37,Nieder-Erlenbach,50.194391,8.640847,Pieperstraße,Hoch,Ermittlung läuft,Anonym,,3,39538.38,4,1
AZ-2023-003234,Raub,2024-01-28,15:01,Sachsenhausen-Nord,50.099869,8.7185,Ada-Schweitzer-Ring,Dringend,Ermittlung läuft,Anonym,,3,10262.61,0,14
AZ-2025-003235,Erpressung,2024-05-31,16:29,Innenstadt,50.159681,8.556081,Evelin-Klingelhöfer-Gasse,Hoch,Gerichtlich,Zeuge,2024-07-16,3,0.0,0,2
AZ-2023-003236,Einbruchdiebstahl,2023-07-26,07:45,Altstadt,50.028494,8.760194,Stiebitzstraße,Hoch,Eingestellt,Patrouille,2024-02-15,1,38547.98,5,4
AZ-2025-003237,Raub,2024-01-29,21:16,Ginnheim,50.016511,8.709844,Edeltrud-Neureuther-Straße,Mittel,Abgeschlossen,Patrouille,2024-03-29,3,34985.91,3,4
AZ-2025-003238,Verkehrsdelikt,2024-10-23,11:27,Nieder-Eschbach,50.063407,8.77926,Nicolai-Lorch-Straße,Niedrig,Ermittlung läuft,Zeuge,,1,33066.99,0,10
AZ-2024-003239,Unterschlagung,2023-10-26,18:16,Nordend-Ost,50.160136,8.507945,Jasmina-Krause-Ring,Mittel,Ermittlung läuft,Opfer,,3,1889.2,3,10
AZ-2025-003240,Erpressung,2023-10-05,21:26,Höchst,50.037221,8.74024,Ingetraut-Fechner-Weg,Hoch,Eingestellt,Anonym,2023-12-18,1,42265.89,0,0
AZ-2024-003241,Erpressung,2023-06-07,02:10,Höchst,50.190883,8.479521,Ferenc-Oestrovsky-Gasse,Dringend,Abgeschlossen,Patrouille,2023-10-04,3,19509.83,3,7
AZ-2023-003242,Einbruchdiebstahl,2024-01-18,07:35,Ginnheim,50.084882,8.572837,Steinbergstr.,Hoch,Abgeschlossen,Notruf,2024-05-02,2,0.0,4,0
AZ-2025-003243,Diebstahl,2025-09-23,08:42,Nieder-Eschbach,50.071481,8.537506,Geislerstraße,Hoch,Abgeschlossen,Anonym,2025-10-28,3,0.0,5,8
AZ-2024-003244,Verkehrsdelikt,2023-11-28,16:41,Eckenheim,50.112812,8.602299,Wolfram-Spieß-Weg,Mittel,Ermittlung läuft,Zeuge,,1,24523.06,3,9
AZ-2025-003245,Verkehrsdelikt,2023-09-08,01:53,Preungesheim,50.029322,8.786052,Ingmar-Hahn-Platz,Niedrig,Gerichtlich,Patrouille,2024-07-09,3,27590.48,4,11
AZ-2024-003246,Sachbeschädigung,2025-01-23,05:39,Nordend-Ost,50.127845,8.518104,Ehrenfried-Lübs-Allee,Mittel,Abgeschlossen,Anonym,2025-06-05,3,0.0,4,15
AZ-2023-003247,Beleidigung,2023-12-18,18:34,Riederwald,50.044179,8.764288,Goran-Junken-Straße,Dringend,Ermittlung läuft,Opfer,,4,5318.39,5,7
AZ-2023-003248,Körperverletzung,2024-06-22,04:02,Ostend,50.075409,8.63293,Hartmannweg,Hoch,Ermittlung läuft,Patrouille,,4,0.0,2,7
AZ-2023-003249,Körperverletzung,2023-05-05,06:03,Altstadt,50.167975,8.544031,Stadelmannstraße,Mittel,Eingestellt,Zeuge,2023-10-02,3,41641.9,1,2
AZ-2024-003250,Beleidigung,2024-07-31,07:29,Bonames,50.13702,8.694044,Gisela-Ernst-Weg,Mittel,Abgeschlossen,Opfer,2025-04-21,4,1176.86,5,4
AZ-2025-003251,Erpressung,2025-05-25,01:47,Nied,50.098948,8.676328,Conradiallee,Dringend,Ermittlung läuft,Opfer,,3,29582.52,5,9
AZ-2025-003252,Erpressung,2023-06-09,02:13,Ginnheim,50.168729,8.698646,Haufferstr.,Dringend,Ermittlung läuft,Notruf,,2,35327.34,1,6
AZ-2024-003253,Raub,2025-04-21,16:01,Ginnheim,50.035373,8.506755,Franka-Karz-Straße,Niedrig,Gerichtlich,Patrouille,2025-12-10,2,0.0,0,2
AZ-2025-003254,Bedrohung,2023-10-22,15:52,Bonames,50.1468,8.518704,Södingweg,Mittel,Eingestellt,Opfer,2023-11-02,2,0.0,4,2
AZ-2024-003255,Bedrohung,2024-09-15,07:13,Unterliederbach,50.176098,8.783598,Heintzeplatz,Dringend,Ermittlung läuft,Patrouille,,3,20665.88,3,1
AZ-2023-003256,Körperverletzung,2025-09-25,03:07,Westend-Nord,50.160276,8.662253,Drubring,Hoch,Abgeschlossen,Notruf,2026-06-28,4,0.0,4,1
AZ-2023-003257,Betrug,2024-02-08,15:07,Fechenheim,50.081411,8.77453,Engelbert-Cichorius-Ring,Dringend,Ermittlung läuft,Patrouille,,2,0.0,1,9
AZ-2024-003258,Körperverletzung,2024-11-25,16:34,Griesheim,50.143027,8.714972,Julia-Drub-Weg,Hoch,Abgeschlossen,Notruf,2025-04-27,4,1290.34,5,0
AZ-2025-003259,Einbruchdiebstahl,2025-01-01,20:44,Schwanheim,50.02715,8.791769,Eckbauerallee,Hoch,Abgeschlossen,Patrouille,2025-02-10,1,0.0,5,15
AZ-2025-003260,Computerbetrug,2024-06-17,16:38,Zeilsheim,50.064713,8.779398,Kramerstr.,Mittel,Ermittlung läuft,Notruf,,4,2608.01,2,12
AZ-2025-003261,Verkehrsdelikt,2025-07-28,03:07,Schwanheim,50.088281,8.644555,Louis-Bolander-Weg,Mittel,Abgeschlossen,Patrouille,2025-09-11,4,29406.04,3,9
AZ-2025-003262,Körperverletzung,2025-02-06,22:08,Frankfurter Berg,50.13949,8.551492,Milka-Kraushaar-Straße,Niedrig,Abgeschlossen,Patrouille,2025-06-13,4,42748.11,0,6
AZ-2024-003263,Beleidigung,2024-11-17,08:40,Seckbach,50.078342,8.689095,Winklerring,Niedrig,Eingestellt,Notruf,2025-10-14,1,22098.27,0,9
AZ-2024-003264,Körperverletzung,2025-02-03,10:13,Nordend-Ost,50.018547,8.631058,Annamaria-Spieß-Weg,Mittel,Ermittlung läuft,Notruf,,2,29387.53,0,5
AZ-2023-003265,Raub,2025-01-01,12:28,Frankfurter Berg,50.024408,8.592057,Eitel-Kroker-Gasse,Niedrig,Abgeschlossen,Notruf,2025-05-20,4,0.0,4,11
AZ-2023-003266,Verkehrsdelikt,2025-06-01,10:09,Niederursel,50.070446,8.523069,Jopichplatz,Hoch,Gerichtlich,Opfer,2025-12-31,2,1183.55,1,1
AZ-2024-003267,Betrug,2024-07-17,02:00,Berkersheim,50.088047,8.622096,Hartmannstraße,Niedrig,Abgeschlossen,Zeuge,2025-05-12,3,20968.66,4,13
AZ-2023-003268,Bedrohung,2025-07-13,07:28,Sachsenhausen-Süd,50.021039,8.660133,Finkestr.,Hoch,Ermittlung läuft,Notruf,,2,2960.45,5,0
AZ-2023-003269,Beleidigung,2025-05-15,23:22,Frankfurter Berg,50.175845,8.599352,Fiebigweg,Hoch,Ermittlung läuft,Anonym,,3,0.0,2,4
AZ-2023-003270,Urkundenfälschung,2024-03-21,12:16,Innenstadt,50.027994,8.768995,Dorina-Juncken-Ring,Mittel,Abgeschlossen,Zeuge,2024-08-10,4,37336.92,2,1
AZ-2024-003271,Körperverletzung,2025-04-23,04:15,Sindlingen,50.165571,8.511301,Kai-Uwe-Trapp-Weg,Dringend,Gerichtlich,Notruf,2025-06-18,2,20387.22,2,13
AZ-2023-003272,Diebstahl,2024-12-25,07:05,Bockenheim,50.158384,8.560718,Schülerallee,Dringend,Gerichtlich,Zeuge,2025-12-14,3,0.0,5,1
AZ-2024-003273,Hausfriedensbruch,2025-07-21,14:10,Seckbach,50.116044,8.555246,Agathe-Hornich-Allee,Mittel,Ermittlung läuft,Notruf,,4,8219.64,5,12
AZ-2024-003274,Sachbeschädigung,2023-03-09,02:31,Nieder-Erlenbach,50.130406,8.690999,Bonbachallee,Niedrig,Eingestellt,Zeuge,2024-03-03,1,0.0,1,1
AZ-2023-003275,Betrug,2024-12-17,05:43,Bonames,50.185096,8.645719,Fliegnerallee,Mittel,Gerichtlich,Notruf,2025-03-11,4,13487.97,4,0
AZ-2025-003276,Einbruchdiebstahl,2025-03-25,20:15,Fechenheim,50.065158,8.695455,Minna-Wagner-Platz,Dringend,Abgeschlossen,Zeuge,2025-08-14,3,46313.37,5,5
AZ-2025-003277,Sachbeschädigung,2025-05-06,03:25,Sindlingen,50.073479,8.574006,Stefani-Wulf-Platz,Mittel,Abgeschlossen,Anonym,2025-11-16,4,0.0,0,9
AZ-2024-003278,Beleidigung,2025-02-19,02:47,Dornbusch,50.164267,8.720583,Vogtstraße,Dringend,Ermittlung läuft,Zeuge,,1,0.0,4,13
AZ-2023-003279,Verkehrsdelikt,2025-01-21,08:18,Praunheim,50.149682,8.720487,Sorgatzallee,Dringend,Ermittlung läuft,Zeuge,,2,20721.83,0,10
AZ-2024-003280,Drogendelikt,2023-01-22,06:20,Bockenheim,50.057779,8.619962,Anastasios-Rogge-Straße,Hoch,Abgeschlossen,Patrouille,2023-04-25,4,0.0,4,11
AZ-2023-003281,Computerbetrug,2023-06-26,02:37,Hausen,50.072641,8.600877,Löchelweg,Mittel,Abgeschlossen,Notruf,2024-01-26,4,38025.61,0,15
AZ-2023-003282,Urkundenfälschung,2025-11-07,10:07,Sindlingen,50.123501,8.528208,Keudelallee,Niedrig,Ermittlung läuft,Notruf,,3,38138.0,1,4
AZ-2024-003283,Körperverletzung,2024-12-14,07:34,Nied,50.114353,8.580354,Kreingasse,Dringend,Ermittlung läuft,Notruf,,3,8089.82,5,8
AZ-2025-003284,Sachbeschädigung,2025-01-15,16:57,Bergen-Enkheim,50.09348,8.476612,Holzapfelweg,Mittel,Eingestellt,Patrouille,2025-05-22,1,36653.95,1,15
AZ-2024-003285,Drogendelikt,2025-11-13,06:25,Bockenheim,50.078303,8.680122,Hildegunde-Rogge-Straße,Dringend,Eingestellt,Notruf,2026-01-16,1,1106.51,4,11
AZ-2024-003286,Diebstahl,2025-05-04,10:15,Schwanheim,50.023903,8.738194,Francis-Junitz-Weg,Mittel,Ermittlung läuft,Notruf,,1,0.0,0,4
AZ-2023-003287,Urkundenfälschung,2023-03-15,07:57,Ostend,50.15931,8.558876,Mirja-Tröst-Ring,Dringend,Ermittlung läuft,Patrouille,,4,24941.06,4,7
AZ-2024-003288,Betrug,2023-12-26,20:09,Eschersheim,50.126978,8.758683,Sölzerplatz,Dringend,Abgeschlossen,Notruf,2024-09-15,2,36446.72,1,12
AZ-2023-003289,Urkundenfälschung,2025-11-12,06:09,Sossenheim,50.137228,8.529027,Thomas-Textor-Straße,Hoch,Eingestellt,Anonym,2025-12-04,1,33353.8,0,0
AZ-2024-003290,Bedrohung,2025-11-02,00:38,Rödelheim,50.062299,8.67699,Fiebigplatz,Mittel,Abgeschlossen,Notruf,2025-12-10,2,38885.48,2,4
AZ-2025-003291,Bedrohung,2024-01-16,15:23,Bornheim,50.085148,8.548283,Magdalena-Weiß-Platz,Dringend,Abgeschlossen,Opfer,2024-04-01,2,5095.43,2,11
AZ-2023-003292,Urkundenfälschung,2024-05-02,04:20,Bergen-Enkheim,50.03234,8.674868,Othmar-van der Dussen-Weg,Mittel,Ermittlung läuft,Anonym,,4,0.0,0,2
AZ-2024-003293,Computerbetrug,2025-03-19,10:52,Bockenheim,50.090975,8.6513,Hanife-Zimmer-Platz,Hoch,Abgeschlossen,Zeuge,2025-04-30,2,0.0,3,13
AZ-2024-003294,Bedrohung,2023-01-10,23:21,Fechenheim,50.16689,8.682382,Loosweg,Hoch,Eingestellt,Notruf,2023-07-01,1,4675.09,0,6
AZ-2025-003295,Einbruchdiebstahl,2023-10-03,21:00,Nordend-West,50.147627,8.510927,Stilla-Blümel-Gasse,Dringend,Abgeschlossen,Patrouille,2024-01-16,3,38763.98,1,13
AZ-2025-003296,Computerbetrug,2025-11-07,10:57,Höchst,50.097463,8.713872,Mühleplatz,Hoch,Eingestellt,Patrouille,2026-05-26,1,29847.28,3,14
AZ-2025-003297,Bedrohung,2025-04-11,01:47,Dornbusch,50.050516,8.562114,Erik-Pieper-Allee,Hoch,Ermittlung läuft,Zeuge,,3,0.0,5,0
AZ-2023-003298,Drogendelikt,2024-07-04,06:56,Höchst,50.068416,8.505977,Scheelstraße,Mittel,Abgeschlossen,Zeuge,2024-09-28,4,38197.51,5,8
AZ-2025-003299,Urkundenfälschung,2023-10-30,05:09,Nordend-Ost,50.048467,8.570898,Erika-Ullmann-Straße,Dringend,Ermittlung läuft,Opfer,,1,43693.77,5,0
AZ-2025-003300,Hausfriedensbruch,2024-04-21,08:28,Bockenheim,50.096666,8.505107,Antonius-Drubin-Platz,Hoch,Ermittlung läuft,Anonym,,2,16346.4,4,6
AZ-2023-003301,Sachbeschädigung,2024-04-26,05:30,Eschersheim,50.068716,8.539985,Niemeierring,Hoch,Ermittlung läuft,Notruf,,2,35448.33,1,2
AZ-2023-003302,Hausfriedensbruch,2025-06-19,02:38,Berkersheim,50.188927,8.765174,Galina-Weinhage-Straße,Mittel,Abgeschlossen,Patrouille,2026-05-15,3,4255.71,2,8
AZ-2023-003303,Verkehrsdelikt,2024-03-08,07:59,Dornbusch,50.185102,8.526571,Leonore-Mitschke-Allee,Dringend,Abgeschlossen,Anonym,2024-11-29,2,7355.8,3,4
AZ-2024-003304,Verkehrsdelikt,2024-06-05,10:49,Dornbusch,50.04627,8.640009,Höfigweg,Niedrig,Abgeschlossen,Anonym,2024-07-03,4,34334.56,0,2
AZ-2024-003305,Raub,2025-05-24,23:11,Nordend-Ost,50.067801,8.670455,Kochgasse,Mittel,Ermittlung läuft,Notruf,,3,0.0,1,13
AZ-2024-003306,Computerbetrug,2023-08-16,07:26,Nordend-Ost,50.167767,8.498809,Eric-Carsten-Gasse,Niedrig,Abgeschlossen,Patrouille,2024-01-18,3,0.0,3,0
AZ-2025-003307,Einbruchdiebstahl,2025-09-18,21:50,Schwanheim,50.08386,8.497659,Segebahnweg,Dringend,Abgeschlossen,Zeuge,2026-01-24,4,45720.79,2,7
AZ-2025-003308,Beleidigung,2023-06-09,05:06,Altstadt,50.161754,8.667099,Anatolij-Schaaf-Weg,Dringend,Abgeschlossen,Anonym,2024-03-12,4,0.0,4,13
AZ-2023-003309,Körperverletzung,2025-07-03,04:54,Riederwald,50.031033,8.613051,Höfigweg,Niedrig,Ermittlung läuft,Notruf,,4,44266.54,3,10
AZ-2025-003310,Computerbetrug,2025-02-27,22:16,Ostend,50.017569,8.727556,Lore-Scheel-Platz,Mittel,Abgeschlossen,Patrouille,2025-07-16,3,0.0,0,14
AZ-2024-003311,Bedrohung,2024-11-16,10:51,Ostend,50.085397,8.505721,Netteweg,Mittel,Ermittlung läuft,Anonym,,3,0.0,4,14
AZ-2025-003312,Diebstahl,2023-09-15,12:30,Bergen-Enkheim,50.077225,8.609158,Huhnstr.,Hoch,Ermittlung läuft,Zeuge,,3,0.0,5,1
AZ-2023-003313,Unterschlagung,2024-12-23,12:12,Eschersheim,50.054252,8.580269,Eckehard-Junk-Gasse,Mittel,Abgeschlossen,Opfer,2025-01-27,1,7428.45,4,13
AZ-2025-003314,Erpressung,2025-09-22,16:13,Bonames,50.051481,8.58973,Ruben-Thies-Gasse,Niedrig,Eingestellt,Anonym,2026-03-06,4,23306.87,1,11
AZ-2023-003315,Verkehrsdelikt,2025-03-13,22:51,Niederursel,50.040517,8.705741,Röhrichtallee,Dringend,Abgeschlossen,Opfer,2025-06-03,4,25129.5,0,2
AZ-2024-003316,Sachbeschädigung,2025-08-03,03:51,Eckenheim,50.188737,8.584338,Bolnbachstr.,Hoch,Abgeschlossen,Patrouille,2025-11-26,1,28406.01,4,10
AZ-2025-003317,Erpressung,2025-10-26,21:08,Westend-Süd,50.089341,8.728429,Katerina-Weller-Platz,Dringend,Abgeschlossen,Opfer,2026-08-04,3,31393.61,0,14
AZ-2025-003318,Körperverletzung,2024-02-23,22:53,Nieder-Eschbach,50.179227,8.499929,Hans-Albert-Scheuermann-Allee,Hoch,Eingestellt,Opfer,2024-08-01,1,15501.09,0,12
AZ-2024-003319,Einbruchdiebstahl,2025-08-05,12:09,Bonames,50.040669,8.784902,Adem-Röhricht-Straße,Niedrig,Ermittlung läuft,Patrouille,,1,18502.79,5,15
AZ-2023-003320,Verkehrsdelikt,2025-08-10,00:12,Rödelheim,50.180763,8.61337,Eberhardtgasse,Dringend,Ermittlung läuft,Anonym,,4,33355.08,0,0
AZ-2024-003321,Diebstahl,2025-03-20,22:41,Riederwald,50.162058,8.770531,Christin-Haering-Allee,Dringend,Ermittlung läuft,Opfer,,2,0.0,3,3
AZ-2025-003322,Betrug,2025-01-12,23:02,Westend-Süd,50.143186,8.492515,Diethard-Rörricht-Ring,Mittel,Ermittlung läuft,Opfer,,1,41146.27,0,6
AZ-2024-003323,Verkehrsdelikt,2023-02-28,00:11,Nordend-West,50.023057,8.72884,Denny-Ebert-Weg,Hoch,Abgeschlossen,Notruf,2023-09-05,2,2740.7,2,11
AZ-2024-003324,Raub,2024-10-21,04:15,Riederwald,50.13996,8.481156,Knappestr.,Dringend,Abgeschlossen,Patrouille,2025-02-01,3,27209.28,2,4
AZ-2025-003325,Unterschlagung,2025-02-21,07:12,Frankfurter Berg,50.184833,8.726804,Sigmar-Sontag-Gasse,Hoch,Ermittlung läuft,Notruf,,3,0.0,0,6
AZ-2023-003326,Drogendelikt,2024-08-18,17:12,Bahnhofsviertel,50.039818,8.501256,Kuno-Bien-Weg,Niedrig,Eingestellt,Notruf,2025-06-07,3,36966.53,4,1
AZ-2024-003327,Beleidigung,2024-02-17,11:40,Ostend,50.172397,8.567336,Sorgatzstr.,Dringend,Abgeschlossen,Opfer,2024-06-27,2,0.0,5,7
AZ-2023-003328,Beleidigung,2023-03-28,22:53,Sachsenhausen-Nord,50.034986,8.708065,Etzoldstr.,Mittel,Gerichtlich,Zeuge,2023-11-22,4,44228.46,5,6
AZ-2023-003329,Beleidigung,2023-12-04,07:04,Nieder-Erlenbach,50.098035,8.680203,Täschering,Niedrig,Abgeschlossen,Zeuge,2024-06-20,1,0.0,1,7
AZ-2024-003330,Erpressung,2025-03-28,18:43,Preungesheim,50.153664,8.518063,auch Schlauchinstr.,Hoch,Abgeschlossen,Opfer,2025-04-07,3,13521.59,0,2
AZ-2025-003331,Erpressung,2024-01-23,11:18,Hausen,50.139914,8.643665,Heiderose-Dippel-Allee,Dringend,Gerichtlich,Opfer,2024-09-17,3,33178.11,1,8
AZ-2024-003332,Diebstahl,2023-10-22,01:14,Praunheim,50.129062,8.676357,Hüseyin-Beier-Platz,Niedrig,Ermittlung läuft,Anonym,,1,31104.98,2,15
AZ-2025-003333,Urkundenfälschung,2023-10-11,16:57,Nieder-Eschbach,50.058475,8.583517,Krzysztof-Hande-Platz,Niedrig,Ermittlung läuft,Zeuge,,4,24041.49,1,6
AZ-2025-003334,Beleidigung,2024-01-13,14:24,Ginnheim,50.162607,8.782956,Danuta-Klemt-Ring,Niedrig,Gerichtlich,Opfer,2024-07-01,3,19560.51,4,5
AZ-2025-003335,Hausfriedensbruch,2024-04-27,17:23,Altstadt,50.148034,8.480928,Jane-Scholtz-Straße,Niedrig,Abgeschlossen,Patrouille,2024-10-20,3,15408.72,2,15
AZ-2024-003336,Diebstahl,2023-10-17,00:28,Harheim,50.080959,8.73392,Bettina-Hermighausen-Ring,Mittel,Ermittlung läuft,Opfer,,2,0.0,5,14
AZ-2025-003337,Unterschlagung,2025-07-23,10:39,Frankfurter Berg,50.076991,8.554374,Seipplatz,Mittel,Abgeschlossen,Anonym,2025-10-06,1,0.0,1,5
AZ-2025-003338,Urkundenfälschung,2023-01-13,22:17,Bornheim,50.024403,8.681889,Meyergasse,Niedrig,Ermittlung läuft,Zeuge,,2,44066.85,3,5
AZ-2025-003339,Diebstahl,2024-11-30,14:20,Westend-Süd,50.043037,8.542391,Steystraße,Dringend,Gerichtlich,Anonym,2025-02-03,4,46594.44,5,6
AZ-2024-003340,Computerbetrug,2024-03-01,22:01,Unterliederbach,50.077811,8.625163,Antonina-Haase-Gasse,Mittel,Eingestellt,Zeuge,2024-05-28,2,20894.66,0,6
AZ-2024-003341,Hausfriedensbruch,2024-03-14,09:23,Bonames,50.116109,8.681588,Schulzweg,Hoch,Abgeschlossen,Notruf,2024-09-14,2,0.0,1,10
AZ-2024-003342,Raub,2023-03-09,18:57,Dornbusch,50.172466,8.496628,Inna-Köhler-Weg,Mittel,Abgeschlossen,Notruf,2023-08-18,4,37764.34,4,5
AZ-2024-003343,Drogendelikt,2024-12-15,13:59,Dornbusch,50.106449,8.650234,Siegfried-Fliegner-Ring,Dringend,Ermittlung läuft,Anonym,,3,16162.91,3,15
AZ-2025-003344,Bedrohung,2023-01-10,10:07,Sindlingen,50.184391,8.48914,Kramergasse,Dringend,Abgeschlossen,Patrouille,2023-07-23,3,0.0,2,0
AZ-2023-003345,Drogendelikt,2024-10-03,19:08,Dornbusch,50.089309,8.621689,Curt-Hiller-Gasse,Hoch,Eingestellt,Notruf,2025-03-28,4,2319.32,5,1
AZ-2025-003346,Bedrohung,2024-09-05,22:25,Rödelheim,50.139672,8.678007,Hedi-Rogge-Straße,Mittel,Abgeschlossen,Anonym,2024-09-15,3,0.0,2,3
AZ-2023-003347,Beleidigung,2025-05-05,04:48,Sachsenhausen-Süd,50.169606,8.678523,Maurice-Schwital-Gasse,Mittel,Abgeschlossen,Opfer,2025-05-12,3,0.0,1,7
AZ-2024-003348,Drogendelikt,2023-01-26,05:37,Bornheim,50.062782,8.740996,Kadeallee,Mittel,Eingestellt,Patrouille,2023-06-26,1,14682.22,3,8
AZ-2024-003349,Raub,2025-08-23,20:05,Eckenheim,50.032558,8.69272,Fiebigallee,Mittel,Ermittlung läuft,Anonym,,3,0.0,5,7
AZ-2023-003350,Drogendelikt,2024-11-09,16:55,Riederwald,50.124639,8.746203,Kai-Uwe-Atzler-Gasse,Hoch,Abgeschlossen,Opfer,2025-09-04,3,32256.43,4,10
AZ-2025-003351,Bedrohung,2023-10-21,04:35,Altstadt,50.137319,8.497967,Hartungstraße,Niedrig,Abgeschlossen,Zeuge,2024-09-25,1,15096.42,4,14
AZ-2024-003352,Computerbetrug,2024-05-25,02:07,Griesheim,50.175863,8.610833,Liesel-Ebert-Platz,Niedrig,Ermittlung läuft,Anonym,,1,2689.93,5,0
AZ-2025-003353,Beleidigung,2024-07-31,21:48,Nordend-Ost,50.150345,8.680316,Schachtallee,Dringend,Ermittlung läuft,Patrouille,,1,0.0,5,11
AZ-2025-003354,Bedrohung,2025-10-02,11:49,Preungesheim,50.178994,8.797399,Dehmelstr.,Hoch,Abgeschlossen,Opfer,2026-02-20,1,0.0,2,5
AZ-2024-003355,Raub,2023-02-04,21:32,Frankfurter Berg,50.172755,8.533325,Thiesstr.,Hoch,Gerichtlich,Anonym,2023-03-28,1,27359.49,1,10
AZ-2025-003356,Diebstahl,2024-11-04,01:45,Ostend,50.036498,8.797587,Rohlederring,Mittel,Ermittlung läuft,Notruf,,3,37956.52,0,14
AZ-2025-003357,Einbruchdiebstahl,2025-02-15,21:57,Unterliederbach,50.169371,8.603831,Rosita-Biggen-Platz,Niedrig,Ermittlung läuft,Opfer,,3,8591.78,4,8
AZ-2024-003358,Verkehrsdelikt,2024-02-24,12:54,Sachsenhausen-Süd,50.120834,8.591553,Weitzelstraße,Niedrig,Abgeschlossen,Notruf,2024-09-02,2,20792.89,5,3
AZ-2025-003359,Beleidigung,2025-02-06,12:36,Innenstadt,50.122646,8.614668,Muharrem-Weihmann-Allee,Mittel,Abgeschlossen,Notruf,2025-06-21,4,0.0,0,5
AZ-2024-003360,Erpressung,2024-04-06,11:52,Praunheim,50.039751,8.774709,Müllerstr.,Dringend,Ermittlung läuft,Anonym,,1,39055.82,1,8
AZ-2024-003361,Raub,2024-06-19,06:35,Griesheim,50.129259,8.610784,Jochen-Anders-Allee,Hoch,Ermittlung läuft,Anonym,,1,0.0,4,15
AZ-2023-003362,Bedrohung,2025-10-16,00:07,Nordend-West,50.128379,8.689239,Gerta-Eberth-Platz,Mittel,Abgeschlossen,Opfer,2025-12-07,4,43870.63,1,6
AZ-2023-003363,Beleidigung,2024-02-18,03:17,Zeilsheim,50.064587,8.678476,Rosenowweg,Dringend,Ermittlung läuft,Zeuge,,2,24258.01,4,13
AZ-2023-003364,Beleidigung,2024-05-06,07:47,Westend-Nord,50.131259,8.748071,Blochweg,Mittel,Abgeschlossen,Opfer,2025-03-24,1,46911.73,1,1
AZ-2023-003365,Erpressung,2024-09-17,09:33,Eschersheim,50.161542,8.550465,Trommlerallee,Dringend,Ermittlung läuft,Anonym,,1,12770.56,2,15
AZ-2025-003366,Diebstahl,2023-08-17,01:51,Riederwald,50.040422,8.757481,Halina-Schlosser-Straße,Niedrig,Ermittlung läuft,Opfer,,3,0.0,2,3
AZ-2025-003367,Urkundenfälschung,2025-10-18,01:45,Rödelheim,50.159129,8.686341,Gnatzstraße,Niedrig,Ermittlung läuft,Opfer,,4,13788.52,2,1
AZ-2025-003368,Urkundenfälschung,2024-04-04,01:53,Eckenheim,50.135162,8.660263,Mosemannstr.,Niedrig,Ermittlung läuft,Notruf,,2,0.0,2,3
AZ-2023-003369,Erpressung,2024-04-21,13:32,Eckenheim,50.044206,8.498797,Hofmannstraße,Dringend,Ermittlung läuft,Anonym,,4,49964.46,3,5
AZ-2025-003370,Betrug,2023-06-16,02:24,Bahnhofsviertel,50.129097,8.608796,Leon-Schuster-Gasse,Niedrig,Gerichtlich,Opfer,2023-06-27,3,0.0,5,12
AZ-2025-003371,Betrug,2025-06-05,09:46,Sachsenhausen-Nord,50.135207,8.541892,Ladeckallee,Niedrig,Abgeschlossen,Opfer,2025-12-01,3,0.0,0,3
AZ-2024-003372,Diebstahl,2024-05-06,08:16,Bergen-Enkheim,50.112518,8.69789,Conradiweg,Mittel,Gerichtlich,Anonym,2024-11-22,1,26332.06,4,8
AZ-2024-003373,Einbruchdiebstahl,2024-12-30,08:42,Sachsenhausen-Nord,50.065041,8.666766,Cosimo-Vollbrecht-Platz,Dringend,Gerichtlich,Opfer,2025-10-31,1,0.0,2,9
AZ-2023-003374,Einbruchdiebstahl,2023-09-15,21:06,Bergen-Enkheim,50.089147,8.658634,Guenter-Ruppert-Gasse,Dringend,Abgeschlossen,Patrouille,2024-03-24,1,15052.83,2,13
AZ-2025-003375,Hausfriedensbruch,2025-01-13,15:19,Bornheim,50.148064,8.524497,Josephine-Hörle-Weg,Dringend,Abgeschlossen,Patrouille,2025-06-18,4,858.72,4,7
AZ-2023-003376,Erpressung,2023-02-20,08:15,Westend-Nord,50.182118,8.568349,Atzlerstraße,Niedrig,Gerichtlich,Opfer,2023-10-28,4,30872.71,3,10
AZ-2025-003377,Urkundenfälschung,2024-06-17,16:14,Bornheim,50.102281,8.76571,Wolf-Dieter-Oestrovsky-Weg,Dringend,Abgeschlossen,Zeuge,2025-02-28,3,0.0,1,5
AZ-2024-003378,Urkundenfälschung,2024-06-11,03:10,Griesheim,50.143984,8.751394,Ruben-Austermühle-Weg,Niedrig,Gerichtlich,Opfer,2024-06-18,3,9021.38,3,4
AZ-2023-003379,Beleidigung,2023-03-31,14:19,Nied,50.101943,8.543023,Sieglinde-Weinhage-Gasse,Niedrig,Gerichtlich,Notruf,2024-02-07,2,0.0,4,15
AZ-2025-003380,Sachbeschädigung,2025-07-22,06:14,Eckenheim,50.032455,8.472211,Tintzmannstr.,Dringend,Gerichtlich,Patrouille,2025-10-18,3,27303.64,1,13
AZ-2023-003381,Bedrohung,2024-04-08,05:05,Bonames,50.159018,8.724865,Henschelweg,Niedrig,Abgeschlossen,Anonym,2024-09-05,3,28196.08,5,2
AZ-2025-003382,Unterschlagung,2023-09-08,03:51,Schwanheim,50.063648,8.656127,Edit-Meister-Platz,Mittel,Gerichtlich,Patrouille,2024-07-28,2,103.49,2,6
AZ-2024-003383,Sachbeschädigung,2024-02-15,21:58,Gallus,50.175773,8.576684,Hanni-Bruder-Ring,Mittel,Abgeschlossen,Patrouille,2025-01-22,4,38432.67,3,4
AZ-2023-003384,Einbruchdiebstahl,2023-01-26,08:03,Ginnheim,50.136496,8.542753,Anita-Kitzmann-Gasse,Mittel,Eingestellt,Zeuge,2023-11-18,1,4052.4,5,14
AZ-2025-003385,Unterschlagung,2024-04-05,03:24,Altstadt,50.03908,8.684525,Oderwaldstraße,Dringend,Ermittlung läuft,Opfer,,3,0.0,4,7
AZ-2025-003386,Urkundenfälschung,2023-02-28,15:07,Schwanheim,50.178929,8.526781,Peter-Dowerg-Ring,Dringend,Eingestellt,Anonym,2023-04-18,1,0.0,2,3
AZ-2024-003387,Betrug,2025-10-27,21:11,Riederwald,50.194351,8.567408,Marlen-Reuter-Gasse,Niedrig,Abgeschlossen,Notruf,2026-01-25,4,31425.46,0,11
AZ-2025-003388,Erpressung,2023-10-21,17:13,Schwanheim,50.183118,8.657476,Jacobstraße,Hoch,Ermittlung läuft,Zeuge,,4,42723.51,0,3
AZ-2024-003389,Drogendelikt,2023-04-09,01:23,Sindlingen,50.190227,8.718468,Hettnerplatz,Niedrig,Ermittlung läuft,Zeuge,,2,0.0,3,4
AZ-2024-003390,Urkundenfälschung,2024-11-26,15:23,Berkersheim,50.191925,8.478346,Jessika-Schüler-Weg,Hoch,Ermittlung läuft,Notruf,,3,0.0,3,7
AZ-2025-003391,Körperverletzung,2024-07-07,14:40,Bonames,50.149116,8.651345,Harloffring,Dringend,Eingestellt,Opfer,2024-08-29,1,5357.75,4,2
AZ-2023-003392,Körperverletzung,2023-11-22,06:26,Eckenheim,50.168589,8.790858,Sylvie-Mitschke-Weg,Mittel,Ermittlung läuft,Anonym,,1,10278.96,5,2
AZ-2024-003393,Beleidigung,2023-04-18,04:24,Berkersheim,50.094319,8.591041,Bohlanderring,Hoch,Ermittlung läuft,Anonym,,2,8003.45,1,5
AZ-2024-003394,Drogendelikt,2024-10-29,09:54,Niederursel,50.0756,8.739927,Elisabeth-Mies-Ring,Mittel,Eingestellt,Zeuge,2025-05-25,4,14844.74,2,1
AZ-2023-003395,Computerbetrug,2024-02-27,12:21,Ginnheim,50.194827,8.775538,Klappgasse,Mittel,Ermittlung läuft,Notruf,,2,12781.88,3,14
AZ-2023-003396,Verkehrsdelikt,2025-02-25,23:54,Berkersheim,50.088682,8.70093,Niels-Ullmann-Platz,Hoch,Ermittlung läuft,Notruf,,1,0.0,2,10
AZ-2024-003397,Betrug,2023-12-07,04:18,Unterliederbach,50.139575,8.590087,Klappgasse,Hoch,Abgeschlossen,Patrouille,2024-03-10,4,18772.06,1,15
AZ-2024-003398,Computerbetrug,2023-06-20,19:53,Gallus,50.181851,8.485121,Stephan-Noack-Platz,Dringend,Gerichtlich,Opfer,2024-05-27,1,0.0,0,3
AZ-2023-003399,Hausfriedensbruch,2024-12-13,12:54,Bonames,50.174837,8.657698,Annemie-Pieper-Platz,Niedrig,Ermittlung läuft,Zeuge,,3,0.0,1,8
AZ-2024-003400,Erpressung,2023-01-10,02:22,Frankfurter Berg,50.148439,8.542086,Ebertstraße,Niedrig,Ermittlung läuft,Anonym,,4,1337.51,4,7
AZ-2024-003401,Einbruchdiebstahl,2024-11-24,16:45,Rödelheim,50.192487,8.683525,Gerold-Wilmsen-Allee,Hoch,Abgeschlossen,Patrouille,2025-05-30,4,30646.47,4,15
AZ-2025-003402,Urkundenfälschung,2024-06-16,04:22,Westend-Süd,50.128768,8.684536,Heckerstraße,Hoch,Abgeschlossen,Opfer,2024-09-13,4,39863.13,2,12
AZ-2025-003403,Computerbetrug,2024-06-07,18:31,Zeilsheim,50.074005,8.73663,Kösterring,Dringend,Eingestellt,Notruf,2025-03-11,2,11628.45,4,3
AZ-2024-003404,Raub,2024-11-14,16:00,Seckbach,50.188415,8.64336,Lorchplatz,Niedrig,Abgeschlossen,Zeuge,2025-06-15,2,42817.01,2,13
AZ-2023-003405,Sachbeschädigung,2025-09-14,02:41,Eckenheim,50.126044,8.522611,Dörrstraße,Dringend,Abgeschlossen,Zeuge,2026-07-06,1,36192.85,5,11
AZ-2024-003406,Diebstahl,2025-02-28,06:20,Preungesheim,50.152947,8.749901,Fritschplatz,Hoch,Ermittlung läuft,Opfer,,2,0.0,5,7
AZ-2024-003407,Urkundenfälschung,2025-02-09,02:14,Höchst,50.026718,8.574259,Weinholdstraße,Niedrig,Abgeschlossen,Anonym,2025-02-26,4,0.0,4,9
AZ-2024-003408,Erpressung,2023-05-26,21:03,Altstadt,50.103752,8.646032,Oscar-Tröst-Platz,Mittel,Ermittlung läuft,Opfer,,3,0.0,0,14
AZ-2025-003409,Verkehrsdelikt,2023-06-08,06:56,Innenstadt,50.059717,8.703864,Hans-Herbert-Hölzenbecher-Gasse,Niedrig,Ermittlung läuft,Anonym,,3,22943.53,0,14
AZ-2023-003410,Verkehrsdelikt,2025-09-02,22:14,Nieder-Eschbach,50.034004,8.608497,Rico-Linke-Allee,Hoch,Abgeschlossen,Anonym,2026-08-01,2,20689.0,0,2
AZ-2023-003411,Erpressung,2023-03-30,00:25,Westend-Süd,50.161681,8.626373,Beckmannplatz,Dringend,Abgeschlossen,Zeuge,2024-03-04,1,6613.26,5,12
AZ-2024-003412,Urkundenfälschung,2025-02-19,23:55,Nieder-Erlenbach,50.016563,8.50275,Tülay-Naser-Allee,Mittel,Ermittlung läuft,Notruf,,1,0.0,0,0
AZ-2025-003413,Drogendelikt,2023-07-25,00:58,Sachsenhausen-Süd,50.040284,8.709768,Drubinstraße,Mittel,Ermittlung läuft,Anonym,,1,42243.42,0,3
AZ-2025-003414,Erpressung,2023-06-06,17:58,Niederursel,50.083185,8.536266,Rognerstraße,Niedrig,Ermittlung läuft,Zeuge,,4,21818.51,4,15
AZ-2023-003415,Computerbetrug,2023-05-13,01:53,Unterliederbach,50.125498,8.498029,Martin-Weitzel-Straße,Mittel,Gerichtlich,Anonym,2023-10-11,2,18140.08,4,12
AZ-2023-003416,Drogendelikt,2024-06-10,04:58,Berkersheim,50.183641,8.638253,Eigenwilliggasse,Dringend,Gerichtlich,Opfer,2025-04-15,1,0.0,3,0
AZ-2025-003417,Einbruchdiebstahl,2023-11-16,10:16,Sachsenhausen-Süd,50.085286,8.579203,Ljubica-Bärer-Platz,Mittel,Eingestellt,Zeuge,2024-09-22,2,41691.54,2,1
AZ-2024-003418,Betrug,2024-11-09,22:29,Sachsenhausen-Süd,50.165683,8.579809,Mohammed-Otto-Gasse,Hoch,Gerichtlich,Opfer,2025-09-28,4,0.0,2,5
AZ-2025-003419,Sachbeschädigung,2024-04-10,03:42,Ostend,50.066747,8.617183,Berndt-Stiebitz-Ring,Mittel,Abgeschlossen,Zeuge,2024-09-28,2,0.0,0,6
AZ-2024-003420,Einbruchdiebstahl,2023-09-24,00:15,Sindlingen,50.109322,8.619473,Schenkweg,Mittel,Ermittlung läuft,Opfer,,4,24949.9,1,1
AZ-2024-003421,Computerbetrug,2023-03-31,09:39,Höchst,50.140634,8.771957,Sylvester-Naser-Ring,Dringend,Abgeschlossen,Notruf,2023-04-23,2,1582.32,1,13
AZ-2023-003422,Drogendelikt,2024-09-30,19:38,Schwanheim,50.191534,8.485633,Neureuthergasse,Hoch,Ermittlung läuft,Anonym,,3,49371.39,2,8
AZ-2024-003423,Körperverletzung,2024-09-15,13:22,Frankfurter Berg,50.059121,8.739393,Hentschelstr.,Hoch,Abgeschlossen,Opfer,2024-11-21,3,0.0,4,6
AZ-2024-003424,Urkundenfälschung,2023-12-24,16:58,Bockenheim,50.041284,8.728821,Jane-Pergande-Platz,Dringend,Eingestellt,Notruf,2024-04-19,3,0.0,5,9
AZ-2025-003425,Einbruchdiebstahl,2023-09-20,15:55,Unterliederbach,50.121928,8.734071,Karl-Ludwig-Wilms-Gasse,Hoch,Ermittlung läuft,Patrouille,,1,0.0,5,0
AZ-2025-003426,Einbruchdiebstahl,2023-02-27,04:41,Eschersheim,50.069045,8.598197,Thiesplatz,Hoch,Ermittlung läuft,Opfer,,2,10753.94,1,9
AZ-2023-003427,Urkundenfälschung,2024-11-12,23:15,Sachsenhausen-Süd,50.084768,8.64082,Gumprichstraße,Dringend,Ermittlung läuft,Patrouille,,4,15163.3,5,4
AZ-2024-003428,Beleidigung,2023-01-11,07:53,Frankfurter Berg,50.01513,8.538202,Hildegunde-Vollbrecht-Weg,Dringend,Abgeschlossen,Zeuge,2023-10-25,1,33599.53,3,0
AZ-2023-003429,Beleidigung,2023-07-23,09:56,Nieder-Erlenbach,50.181565,8.588812,Hans-Helmut-Schäfer-Allee,Dringend,Ermittlung läuft,Opfer,,2,0.0,1,8
AZ-2024-003430,Diebstahl,2023-11-25,17:04,Fechenheim,50.113164,8.7591,Hermann-Dussen van-Platz,Niedrig,Ermittlung läuft,Notruf,,2,22424.43,5,11
AZ-2024-003431,Körperverletzung,2023-02-16,11:56,Ostend,50.150577,8.721187,Benderring,Niedrig,Abgeschlossen,Anonym,2023-12-30,1,0.0,5,8
AZ-2025-003432,Drogendelikt,2024-08-26,07:00,Altstadt,50.097697,8.545894,Suse-Fiebig-Straße,Hoch,Ermittlung läuft,Notruf,,3,0.0,5,13
AZ-2024-003433,Urkundenfälschung,2024-01-22,17:00,Sachsenhausen-Süd,50.046164,8.75523,Elizabeth-Gute-Gasse,Dringend,Eingestellt,Notruf,2024-10-24,2,5022.89,2,7
AZ-2023-003434,Einbruchdiebstahl,2023-06-12,23:03,Nied,50.169718,8.636964,Raimund-Ladeck-Weg,Niedrig,Abgeschlossen,Patrouille,2023-10-14,2,44758.53,1,7
AZ-2023-003435,Unterschlagung,2023-03-04,12:42,Ginnheim,50.146497,8.763464,Thiesweg,Mittel,Gerichtlich,Anonym,2023-07-20,1,15023.19,5,4
AZ-2023-003436,Unterschlagung,2024-10-02,09:55,Praunheim,50.110814,8.687378,Helfried-Kallert-Straße,Hoch,Ermittlung läuft,Notruf,,3,0.0,4,15
AZ-2025-003437,Unterschlagung,2023-11-28,20:19,Harheim,50.124282,8.771298,Bolanderstr.,Mittel,Ermittlung läuft,Opfer,,3,34596.72,0,8
AZ-2023-003438,Körperverletzung,2023-11-07,03:01,Fechenheim,50.069037,8.666029,Seifertgasse,Dringend,Ermittlung läuft,Notruf,,3,18588.24,4,1
AZ-2025-003439,Betrug,2024-12-10,14:45,Unterliederbach,50.084181,8.514001,Dörschnerring,Mittel,Abgeschlossen,Opfer,2025-06-29,3,46319.43,5,0
AZ-2025-003440,Raub,2023-03-08,23:42,Gallus,50.132784,8.71414,Holtring,Mittel,Abgeschlossen,Patrouille,2023-05-19,4,22721.52,3,6
AZ-2023-003441,Körperverletzung,2023-08-05,05:52,Schwanheim,50.071062,8.646114,Hentschelring,Mittel,Ermittlung läuft,Zeuge,,1,0.0,2,3
AZ-2025-003442,Beleidigung,2025-10-01,07:42,Ginnheim,50.115293,8.606892,Hans-Christian-Benthin-Gasse,Mittel,Ermittlung läuft,Zeuge,,3,0.0,3,9
AZ-2023-003443,Raub,2024-09-29,07:35,Westend-Nord,50.100607,8.622096,Gertrude-Weinhage-Ring,Mittel,Abgeschlossen,Patrouille,2025-07-13,1,45699.12,2,5
AZ-2023-003444,Beleidigung,2024-11-08,13:10,Niederursel,50.053326,8.611246,Kaspar-Mude-Ring,Mittel,Abgeschlossen,Zeuge,2025-07-20,4,0.0,1,0
AZ-2023-003445,Beleidigung,2023-10-17,17:26,Ginnheim,50.145023,8.628012,Stephan-Gorlitz-Ring,Dringend,Abgeschlossen,Notruf,2024-09-26,3,0.0,1,12
AZ-2023-003446,Computerbetrug,2025-06-19,04:03,Preungesheim,50.170038,8.717551,Knappering,Dringend,Abgeschlossen,Notruf,2026-02-06,1,32082.51,5,10
AZ-2023-003447,Sachbeschädigung,2025-03-21,16:21,Nieder-Eschbach,50.067436,8.609882,Dowerggasse,Niedrig,Abgeschlossen,Zeuge,2025-08-15,1,37839.19,5,10
AZ-2024-003448,Bedrohung,2024-10-01,00:10,Bahnhofsviertel,50.166746,8.504598,Hatice-Rohleder-Platz,Niedrig,Ermittlung läuft,Opfer,,4,0.0,1,11
AZ-2024-003449,Körperverletzung,2023-09-08,17:20,Preungesheim,50.122045,8.501181,Klingelhöferweg,Mittel,Eingestellt,Zeuge,2023-11-28,4,12022.57,4,14
AZ-2024-003450,Hausfriedensbruch,2023-06-10,20:42,Niederursel,50.067043,8.577391,Weimerallee,Mittel,Ermittlung läuft,Zeuge,,1,14612.56,2,14
AZ-2025-003451,Computerbetrug,2025-09-27,15:58,Höchst,50.131685,8.568269,Hellwigweg,Hoch,Ermittlung läuft,Zeuge,,2,0.0,1,6
AZ-2024-003452,Bedrohung,2023-12-25,11:14,Eckenheim,50.142042,8.536568,Häringstr.,Hoch,Eingestellt,Notruf,2024-05-04,4,2788.73,0,5
AZ-2025-003453,Beleidigung,2024-11-20,00:29,Berkersheim,50.091983,8.486632,Christophgasse,Hoch,Abgeschlossen,Zeuge,2025-06-10,3,21326.86,0,13
AZ-2024-003454,Einbruchdiebstahl,2025-04-19,11:22,Praunheim,50.03947,8.722344,Etta-Weimer-Weg,Niedrig,Eingestellt,Patrouille,2025-08-11,1,0.0,2,0
AZ-2024-003455,Diebstahl,2024-06-16,06:36,Bergen-Enkheim,50.107664,8.540995,Athanasios-Schaaf-Allee,Niedrig,Abgeschlossen,Zeuge,2024-11-15,1,34319.92,0,15
AZ-2025-003456,Beleidigung,2023-08-05,12:40,Griesheim,50.17473,8.511935,Hans-Jörg-Tlustek-Straße,Mittel,Ermittlung läuft,Notruf,,1,25297.67,4,7
AZ-2023-003457,Computerbetrug,2023-08-05,19:34,Altstadt,50.038144,8.607567,Conrad-Ritter-Weg,Niedrig,Abgeschlossen,Notruf,2024-06-16,3,37223.37,0,1
AZ-2024-003458,Erpressung,2025-06-01,22:28,Bornheim,50.149892,8.513374,Jacobi Jäckelweg,Niedrig,Abgeschlossen,Patrouille,2025-11-18,2,30733.65,1,3
AZ-2023-003459,Körperverletzung,2025-04-06,13:21,Westend-Nord,50.102749,8.632469,Wesackplatz,Dringend,Eingestellt,Patrouille,2025-05-24,2,0.0,2,4
AZ-2024-003460,Beleidigung,2025-09-28,21:27,Schwanheim,50.076684,8.553028,Aziz-Eckbauer-Platz,Hoch,Eingestellt,Zeuge,2026-03-30,1,43907.35,2,13
AZ-2023-003461,Verkehrsdelikt,2025-05-18,20:49,Sindlingen,50.084007,8.667533,Rognerweg,Niedrig,Ermittlung läuft,Patrouille,,3,9714.64,1,2
AZ-2024-003462,Diebstahl,2024-02-04,09:07,Ginnheim,50.075075,8.533608,Wernerallee,Dringend,Ermittlung läuft,Patrouille,,4,48060.19,3,10
AZ-2025-003463,Betrug,2025-07-02,09:41,Praunheim,50.140972,8.571898,Kobeltstraße,Niedrig,Abgeschlossen,Anonym,2026-02-13,4,0.0,4,5
AZ-2024-003464,Einbruchdiebstahl,2023-08-05,04:57,Schwanheim,50.073677,8.650203,Sieglinde-Mälzer-Gasse,Niedrig,Ermittlung läuft,Patrouille,,1,0.0,0,10
AZ-2024-003465,Bedrohung,2023-05-16,06:19,Höchst,50.082215,8.650911,Lindnerstr.,Dringend,Eingestellt,Anonym,2023-12-03,4,10957.14,3,8
AZ-2025-003466,Urkundenfälschung,2024-08-23,15:56,Hausen,50.070426,8.526232,Guiseppe-Scheuermann-Ring,Mittel,Abgeschlossen,Patrouille,2024-12-24,1,0.0,2,14
AZ-2024-003467,Drogendelikt,2023-10-05,19:46,Berkersheim,50.184975,8.610279,Klaus-Bien-Weg,Mittel,Abgeschlossen,Zeuge,2024-08-24,4,31588.66,1,7
AZ-2023-003468,Computerbetrug,2024-03-14,12:28,Nordend-Ost,50.096746,8.574137,Lore-Täsche-Platz,Hoch,Eingestellt,Opfer,2024-11-25,4,37467.35,0,5
AZ-2025-003469,Urkundenfälschung,2023-04-23,00:13,Eckenheim,50.021331,8.713322,Oderwaldweg,Mittel,Abgeschlossen,Notruf,2023-09-17,1,24281.42,5,4
AZ-2025-003470,Raub,2023-04-19,06:05,Unterliederbach,50.086529,8.564312,Guenter-Mangold-Weg,Niedrig,Abgeschlossen,Anonym,2023-12-05,3,39534.06,3,14
AZ-2025-003471,Erpressung,2024-09-15,11:54,Sindlingen,50.126459,8.760437,Rörrichtallee,Dringend,Abgeschlossen,Zeuge,2025-05-31,1,0.0,4,2
AZ-2024-003472,Erpressung,2025-07-27,19:53,Westend-Süd,50.027067,8.756549,Kühnertstr.,Mittel,Ermittlung läuft,Opfer,,3,0.0,4,6
AZ-2025-003473,Erpressung,2023-09-30,15:42,Kalbach-Riedberg,50.085647,8.752979,Haeringplatz,Hoch,Abgeschlossen,Opfer,2024-04-27,1,0.0,1,12
AZ-2024-003474,Körperverletzung,2024-11-08,01:41,Bornheim,50.023946,8.575928,Giuseppe-Rudolph-Platz,Niedrig,Ermittlung läuft,Patrouille,,2,0.0,3,13
AZ-2025-003475,Raub,2025-02-04,03:51,Ginnheim,50.075716,8.747243,Rabea-Zobel-Weg,Dringend,Ermittlung läuft,Notruf,,1,0.0,5,13
AZ-2023-003476,Urkundenfälschung,2023-05-25,00:34,Nieder-Eschbach,50.190428,8.679497,Paffrathweg,Dringend,Ermittlung läuft,Zeuge,,3,10300.39,3,14
AZ-2023-003477,Beleidigung,2025-03-26,02:09,Sachsenhausen-Nord,50.095756,8.63302,Jähnallee,Mittel,Abgeschlossen,Patrouille,2026-01-17,3,20201.33,0,8
AZ-2025-003478,Computerbetrug,2024-04-09,03:22,Dornbusch,50.179904,8.677633,Knut-Trommler-Ring,Hoch,Abgeschlossen,Opfer,2025-03-22,1,0.0,0,1
AZ-2024-003479,Körperverletzung,2024-11-10,18:59,Bockenheim,50.023592,8.727417,Günter-Hauffer-Gasse,Dringend,Ermittlung läuft,Zeuge,,2,12576.42,1,15
AZ-2024-003480,Hausfriedensbruch,2024-05-23,06:04,Westend-Nord,50.162105,8.520906,Klaus-Dieter-Benthin-Allee,Dringend,Ermittlung läuft,Zeuge,,4,19676.42,0,15
AZ-2023-003481,Körperverletzung,2025-08-18,19:54,Riederwald,50.145964,8.787477,Theres-Holsten-Platz,Niedrig,Gerichtlich,Zeuge,2026-01-22,4,0.0,2,4
AZ-2025-003482,Erpressung,2023-06-15,22:21,Schwanheim,50.152993,8.794936,Zobelgasse,Dringend,Eingestellt,Opfer,2024-02-22,1,0.0,2,1
AZ-2024-003483,Körperverletzung,2024-07-16,18:24,Frankfurter Berg,50.17706,8.701303,Marie-Theres-Häring-Weg,Dringend,Eingestellt,Notruf,2025-06-06,2,13817.59,3,1
AZ-2023-003484,Verkehrsdelikt,2025-05-18,10:59,Sachsenhausen-Süd,50.093028,8.638441,Abdullah-Seip-Ring,Hoch,Abgeschlossen,Notruf,2026-05-12,4,0.0,3,3
AZ-2023-003485,Verkehrsdelikt,2023-12-31,02:36,Seckbach,50.168769,8.68708,Junkgasse,Dringend,Abgeschlossen,Notruf,2024-04-15,1,37605.43,3,0
AZ-2024-003486,Raub,2023-01-03,04:10,Niederursel,50.170125,8.726157,Ullmannplatz,Mittel,Abgeschlossen,Notruf,2023-11-01,3,3.9,0,7
AZ-2024-003487,Computerbetrug,2025-10-14,16:40,Unterliederbach,50.192769,8.789193,Schmidtkering,Hoch,Eingestellt,Anonym,2026-05-24,1,42767.4,3,9
AZ-2023-003488,Bedrohung,2025-11-12,15:44,Altstadt,50.142857,8.701199,Bohlanderweg,Mittel,Ermittlung läuft,Opfer,,4,46573.91,4,15
AZ-2025-003489,Raub,2023-02-22,20:43,Schwanheim,50.081069,8.790195,Marie-Therese-Klemm-Platz,Hoch,Ermittlung läuft,Patrouille,,4,44850.76,2,6
AZ-2025-003490,Körperverletzung,2023-01-09,18:09,Innenstadt,50.186597,8.566421,Gierschnerring,Mittel,Ermittlung läuft,Opfer,,2,0.0,3,11
AZ-2025-003491,Urkundenfälschung,2023-02-09,08:04,Hausen,50.090881,8.572338,Arzu-Sontag-Weg,Hoch,Ermittlung läuft,Zeuge,,3,15760.01,5,14
AZ-2023-003492,Urkundenfälschung,2024-04-20,03:18,Bockenheim,50.133709,8.611055,Irmtrud-Weinhage-Allee,Hoch,Eingestellt,Notruf,2024-07-13,4,10071.74,4,4
AZ-2025-003493,Unterschlagung,2025-10-25,01:30,Nieder-Erlenbach,50.023812,8.555662,Södingring,Dringend,Gerichtlich,Patrouille,2025-12-02,1,32762.13,1,12
AZ-2023-003494,Unterschlagung,2025-09-06,19:15,Gallus,50.055292,8.732907,Margitta-Margraf-Platz,Mittel,Abgeschlossen,Opfer,2026-08-06,4,27695.78,1,12
AZ-2025-003495,Körperverletzung,2023-11-03,11:32,Unterliederbach,50.095534,8.65479,Heuserplatz,Dringend,Ermittlung läuft,Patrouille,,2,12473.73,0,15
AZ-2025-003496,Erpressung,2024-04-27,15:34,Ostend,50.146896,8.59005,Försterstraße,Niedrig,Gerichtlich,Notruf,2024-08-31,3,29841.43,0,6
AZ-2024-003497,Betrug,2024-03-03,09:11,Fechenheim,50.145446,8.490864,Janet-van der Dussen-Straße,Mittel,Abgeschlossen,Notruf,2025-01-19,4,0.0,0,1
AZ-2024-003498,Beleidigung,2025-07-09,12:28,Höchst,50.160177,8.648561,Finkestraße,Mittel,Abgeschlossen,Anonym,2026-02-28,4,0.0,0,1
AZ-2023-003499,Sachbeschädigung,2025-01-04,20:36,Nieder-Eschbach,50.105248,8.730242,Agnieszka-Girschner-Straße,Niedrig,Abgeschlossen,Patrouille,2025-08-19,2,14031.5,5,13
AZ-2024-003500,Unterschlagung,2023-11-20,08:08,Sachsenhausen-Nord,50.02496,8.549206,Margit-Gierschner-Platz,Dringend,Ermittlung läuft,Notruf,,2,5433.83,4,8
AZ-2023-003501,Drogendelikt,2023-08-16,19:34,Dornbusch,50.029591,8.518324,Vollbrechtplatz,Mittel,Eingestellt,Patrouille,2024-03-11,4,0.0,3,12
AZ-2024-003502,Diebstahl,2024-02-22,19:35,Nieder-Erlenbach,50.152786,8.737024,Bärerring,Niedrig,Ermittlung läuft,Notruf,,2,33844.86,2,7
AZ-2025-003503,Erpressung,2025-11-06,20:45,Innenstadt,50.15446,8.731802,Reinhild-Gierschner-Straße,Dringend,Abgeschlossen,Notruf,2026-08-08,2,48796.05,5,10
AZ-2025-003504,Sachbeschädigung,2023-02-03,10:04,Sindlingen,50.020167,8.637056,Christof-Fechner-Gasse,Hoch,Eingestellt,Anonym,2023-12-22,4,11284.01,2,10
AZ-2024-003505,Verkehrsdelikt,2024-04-25,12:53,Westend-Süd,50.11676,8.504908,Henschelstraße,Dringend,Ermittlung läuft,Notruf,,2,0.0,1,13
AZ-2023-003506,Betrug,2024-09-21,12:46,Bahnhofsviertel,50.183178,8.549717,Ditschlerinweg,Dringend,Abgeschlossen,Zeuge,2025-03-12,2,18165.95,0,15
AZ-2025-003507,Diebstahl,2025-05-09,19:30,Kalbach-Riedberg,50.093641,8.656665,Ivonne-Weitzel-Gasse,Hoch,Eingestellt,Zeuge,2026-05-05,3,43541.97,3,0
AZ-2024-003508,Raub,2023-08-28,13:33,Bahnhofsviertel,50.04289,8.785757,Piotr-Kraus-Gasse,Niedrig,Eingestellt,Zeuge,2023-10-10,1,42933.59,4,2
AZ-2025-003509,Betrug,2024-12-13,11:33,Bergen-Enkheim,50.18203,8.543846,Marija-Aumann-Allee,Mittel,Eingestellt,Patrouille,2025-06-15,3,47192.79,2,5
AZ-2024-003510,Einbruchdiebstahl,2024-03-10,05:08,Riederwald,50.148752,8.647835,Franco-Hering-Gasse,Niedrig,Ermittlung läuft,Opfer,,3,45496.84,3,6
AZ-2024-003511,Diebstahl,2024-03-03,01:15,Bahnhofsviertel,50.093111,8.579304,Fechnerweg,Hoch,Abgeschlossen,Notruf,2024-08-19,3,650.95,3,6
AZ-2025-003512,Urkundenfälschung,2025-04-22,03:41,Bahnhofsviertel,50.108401,8.630976,Ljiljana-Anders-Gasse,Niedrig,Eingestellt,Zeuge,2025-07-09,4,49075.11,5,12
AZ-2025-003513,Erpressung,2024-04-14,16:09,Nieder-Erlenbach,50.071515,8.650834,Trommlergasse,Dringend,Ermittlung läuft,Opfer,,2,0.0,5,5
AZ-2023-003514,Unterschlagung,2024-08-10,01:23,Berkersheim,50.105443,8.487526,Fredo-Naser-Weg,Mittel,Ermittlung läuft,Zeuge,,1,0.0,3,1
AZ-2025-003515,Körperverletzung,2024-06-21,22:46,Riederwald,50.117106,8.578911,Fröhlichring,Hoch,Abgeschlossen,Patrouille,2025-03-25,1,12090.61,3,11
AZ-2025-003516,Raub,2024-09-22,14:04,Westend-Süd,50.177805,8.682401,Naserplatz,Hoch,Abgeschlossen,Anonym,2025-01-02,4,23596.25,2,12
AZ-2024-003517,Diebstahl,2025-02-18,04:14,Bonames,50.156456,8.710377,Bertram-Ring-Allee,Hoch,Ermittlung läuft,Patrouille,,4,18035.57,0,4
AZ-2024-003518,Diebstahl,2024-03-28,10:03,Westend-Süd,50.082495,8.595377,Schottinstr.,Hoch,Abgeschlossen,Anonym,2025-02-19,1,42628.56,5,11
AZ-2025-003519,Sachbeschädigung,2025-07-26,13:21,Nieder-Eschbach,50.053297,8.735852,Amir-Beyer-Gasse,Niedrig,Abgeschlossen,Anonym,2026-05-23,3,11287.59,1,1
AZ-2025-003520,Hausfriedensbruch,2024-01-26,10:55,Nieder-Eschbach,50.139903,8.723569,Dobesstr.,Dringend,Ermittlung läuft,Zeuge,,1,0.0,3,13
AZ-2023-003521,Körperverletzung,2024-07-11,15:04,Rödelheim,50.048713,8.693589,Faustgasse,Niedrig,Gerichtlich,Zeuge,2024-12-22,1,0.0,5,13
AZ-2023-003522,Diebstahl,2023-10-01,07:31,Rödelheim,50.182725,8.507774,Andreas-Heidrich-Straße,Mittel,Abgeschlossen,Zeuge,2024-08-26,3,8124.03,3,0
AZ-2024-003523,Einbruchdiebstahl,2024-02-29,09:24,Sossenheim,50.050296,8.761315,Finkering,Mittel,Ermittlung läuft,Patrouille,,4,48220.47,4,12
AZ-2025-003524,Raub,2025-04-27,17:02,Westend-Süd,50.180629,8.485361,Heckerweg,Hoch,Abgeschlossen,Opfer,2025-10-21,1,41608.66,0,2
AZ-2025-003525,Körperverletzung,2024-10-05,08:14,Sindlingen,50.14934,8.790835,Striebitzweg,Niedrig,Abgeschlossen,Notruf,2025-09-29,4,45541.27,2,3
AZ-2023-003526,Einbruchdiebstahl,2024-07-31,16:33,Frankfurter Berg,50.07756,8.720523,Adriana-Geisler-Gasse,Hoch,Eingestellt,Notruf,2024-10-04,4,0.0,4,10
AZ-2024-003527,Computerbetrug,2024-06-01,03:29,Bonames,50.015671,8.746065,Edgar-Holzapfel-Ring,Mittel,Ermittlung läuft,Notruf,,4,27664.24,2,10
AZ-2024-003528,Drogendelikt,2024-11-12,07:49,Schwanheim,50.086828,8.635221,Elisabeth-Kade-Gasse,Hoch,Eingestellt,Anonym,2025-11-04,3,2277.5,5,7
AZ-2024-003529,Betrug,2024-07-18,09:59,Nordend-Ost,50.056939,8.735092,Caspargasse,Mittel,Eingestellt,Notruf,2024-09-30,4,25518.61,2,3
AZ-2023-003530,Bedrohung,2025-03-13,03:19,Fechenheim,50.043831,8.641486,Hans Georg-Lorch-Weg,Hoch,Ermittlung läuft,Anonym,,1,37593.34,1,2
AZ-2023-003531,Computerbetrug,2025-01-08,02:40,Unterliederbach,50.13696,8.536608,Schinkeplatz,Niedrig,Ermittlung läuft,Notruf,,1,0.0,4,9
AZ-2024-003532,Betrug,2025-08-30,06:19,Gallus,50.191045,8.661465,Fischerweg,Mittel,Ermittlung läuft,Opfer,,1,19013.19,4,13
AZ-2025-003533,Sachbeschädigung,2023-11-25,05:22,Niederursel,50.13493,8.643435,Scholzallee,Niedrig,Abgeschlossen,Opfer,2024-05-24,3,34040.24,2,0
AZ-2023-003534,Erpressung,2025-07-05,09:28,Nied,50.170746,8.53606,Keudelgasse,Dringend,Ermittlung läuft,Zeuge,,4,17077.45,3,1
AZ-2025-003535,Diebstahl,2025-02-27,03:32,Nordend-West,50.062258,8.579847,Ortmannweg,Hoch,Eingestellt,Patrouille,2025-08-01,3,29251.39,5,4
AZ-2024-003536,Diebstahl,2024-08-15,03:23,Harheim,50.187474,8.549701,Hettnerallee,Niedrig,Gerichtlich,Notruf,2025-05-12,1,2397.73,5,12
AZ-2024-003537,Bedrohung,2024-05-30,19:58,Hausen,50.070069,8.541649,Lioba-Adler-Platz,Hoch,Ermittlung läuft,Opfer,,1,0.0,2,12
AZ-2024-003538,Hausfriedensbruch,2023-07-15,08:27,Westend-Nord,50.083328,8.781993,Marek-Finke-Straße,Dringend,Gerichtlich,Opfer,2023-09-15,2,44778.5,4,8
AZ-2023-003539,Diebstahl,2023-01-15,23:39,Sossenheim,50.063083,8.678407,Ullmannallee,Niedrig,Ermittlung läuft,Notruf,,1,24096.12,0,9
AZ-2024-003540,Unterschlagung,2024-12-07,03:19,Preungesheim,50.065359,8.753146,Börnergasse,Mittel,Abgeschlossen,Anonym,2025-02-02,4,19183.02,0,14
AZ-2024-003541,Sachbeschädigung,2023-12-25,19:25,Kalbach-Riedberg,50.167083,8.641727,Vogtring,Niedrig,Abgeschlossen,Notruf,2024-02-09,3,42879.77,5,5
AZ-2024-003542,Bedrohung,2024-02-05,20:56,Innenstadt,50.122013,8.482318,Dimitrios-Junitz-Platz,Dringend,Ermittlung läuft,Patrouille,,3,11805.13,5,0
AZ-2025-003543,Diebstahl,2025-02-12,21:00,Riederwald,50.143377,8.512796,Kristiane-Krause-Ring,Niedrig,Ermittlung läuft,Anonym,,4,0.0,0,0
AZ-2023-003544,Betrug,2023-12-30,15:40,Sindlingen,50.143609,8.517497,Oderwaldstraße,Mittel,Eingestellt,Notruf,2024-05-07,2,30655.42,2,1
AZ-2024-003545,Verkehrsdelikt,2024-06-20,06:09,Westend-Süd,50.175309,8.58088,Täschestraße,Mittel,Gerichtlich,Patrouille,2025-01-10,2,7042.3,3,11
AZ-2025-003546,Verkehrsdelikt,2024-06-16,18:13,Griesheim,50.157885,8.721758,Etzlerallee,Mittel,Ermittlung läuft,Patrouille,,3,0.0,5,11
AZ-2025-003547,Unterschlagung,2025-06-08,09:09,Innenstadt,50.083372,8.492314,Ramazan-Lindner-Weg,Dringend,Abgeschlossen,Opfer,2026-05-05,4,0.0,0,10
AZ-2023-003548,Erpressung,2023-07-03,08:41,Nordend-West,50.180035,8.598855,Rennerstr.,Niedrig,Abgeschlossen,Opfer,2023-09-06,4,15523.53,0,5
AZ-2025-003549,Erpressung,2025-01-08,09:56,Kalbach-Riedberg,50.02233,8.607379,Reichmannstr.,Mittel,Eingestellt,Opfer,2025-08-22,2,10182.28,3,6
AZ-2024-003550,Körperverletzung,2024-10-15,18:19,Sachsenhausen-Nord,50.177845,8.657396,Raphael-Carsten-Weg,Dringend,Ermittlung läuft,Patrouille,,4,29824.34,4,14
AZ-2025-003551,Hausfriedensbruch,2025-07-27,11:25,Sossenheim,50.033384,8.640892,Putzstr.,Hoch,Ermittlung läuft,Notruf,,2,21407.89,3,13
AZ-2025-003552,Körperverletzung,2024-12-11,14:03,Bornheim,50.147335,8.497675,Hubertine-Christoph-Platz,Mittel,Ermittlung läuft,Opfer,,4,10510.84,5,8
AZ-2024-003553,Beleidigung,2024-01-01,02:19,Eckenheim,50.107039,8.742445,Adlerplatz,Hoch,Ermittlung läuft,Notruf,,3,26318.88,5,7
AZ-2023-003554,Diebstahl,2025-05-20,16:12,Ginnheim,50.080163,8.593901,Otmar-Roht-Straße,Mittel,Abgeschlossen,Patrouille,2025-07-31,2,16981.15,0,11
AZ-2024-003555,Unterschlagung,2023-05-10,15:12,Innenstadt,50.157156,8.609752,Sonia-Dörschner-Gasse,Mittel,Abgeschlossen,Patrouille,2023-10-10,4,0.0,2,15
AZ-2023-003556,Urkundenfälschung,2024-10-19,13:57,Westend-Nord,50.113198,8.689944,Klingelhöferallee,Mittel,Ermittlung läuft,Zeuge,,2,0.0,0,4
AZ-2025-003557,Unterschlagung,2024-03-05,18:21,Höchst,50.047196,8.754134,Klaus-Werner-Mies-Platz,Mittel,Gerichtlich,Opfer,2024-05-05,2,0.0,2,8
AZ-2025-003558,Bedrohung,2023-07-22,08:08,Höchst,50.162391,8.677954,Henkplatz,Mittel,Gerichtlich,Zeuge,2024-02-23,3,0.0,1,15
AZ-2024-003559,Unterschlagung,2023-08-06,10:41,Fechenheim,50.072933,8.745794,Bertram-Weinhold-Platz,Dringend,Ermittlung läuft,Notruf,,1,48000.41,5,3
AZ-2023-003560,Bedrohung,2024-12-23,19:06,Gallus,50.091089,8.569912,Violetta-Textor-Allee,Dringend,Ermittlung läuft,Opfer,,3,13435.88,4,1
AZ-2023-003561,Hausfriedensbruch,2024-03-01,06:45,Nordend-West,50.147498,8.703469,Piotr-Wagner-Gasse,Hoch,Ermittlung läuft,Notruf,,1,12367.08,1,3
AZ-2025-003562,Verkehrsdelikt,2024-12-26,09:21,Harheim,50.096733,8.796065,Köhlergasse,Dringend,Ermittlung läuft,Opfer,,4,0.0,1,6
AZ-2025-003563,Urkundenfälschung,2024-11-06,13:18,Riederwald,50.136663,8.548333,Giesela-Salz-Gasse,Dringend,Ermittlung läuft,Anonym,,1,18653.86,3,13
AZ-2025-003564,Beleidigung,2025-10-11,18:25,Nordend-Ost,50.116918,8.691065,Scheibeallee,Niedrig,Abgeschlossen,Anonym,2026-08-24,3,40902.93,5,14
AZ-2023-003565,Betrug,2024-07-12,12:07,Altstadt,50.188379,8.499379,Ansgar-Finke-Ring,Hoch,Ermittlung läuft,Zeuge,,3,24722.0,2,12
AZ-2023-003566,Unterschlagung,2024-03-21,14:13,Bahnhofsviertel,50.051486,8.760491,Damian-Henschel-Gasse,Dringend,Ermittlung läuft,Notruf,,4,40464.36,4,11
AZ-2024-003567,Computerbetrug,2024-07-04,06:04,Fechenheim,50.044082,8.493985,Cathleen-Lindau-Platz,Niedrig,Ermittlung läuft,Patrouille,,3,10337.26,4,12
AZ-2024-003568,Verkehrsdelikt,2025-01-14,21:50,Preungesheim,50.051171,8.477971,Walther-Weimer-Platz,Niedrig,Ermittlung läuft,Zeuge,,2,49914.37,1,14
AZ-2024-003569,Unterschlagung,2024-11-07,18:26,Bergen-Enkheim,50.18072,8.65102,Möchlichenstraße,Dringend,Ermittlung läuft,Anonym,,4,49432.87,4,9
AZ-2023-003570,Bedrohung,2024-02-22,08:57,Eckenheim,50.032969,8.658098,Martinallee,Niedrig,Ermittlung läuft,Opfer,,3,48263.23,4,13
AZ-2025-003571,Diebstahl,2023-04-03,13:08,Nordend-Ost,50.151187,8.765685,Kemal-Dörschner-Platz,Hoch,Abgeschlossen,Zeuge,2023-04-12,1,39908.93,2,3
AZ-2025-003572,Einbruchdiebstahl,2024-08-20,00:22,Hausen,50.077758,8.690197,Raissa-Segebahn-Gasse,Dringend,Eingestellt,Patrouille,2025-06-08,2,34402.44,1,13
AZ-2024-003573,Bedrohung,2024-06-05,02:56,Bornheim,50.159674,8.571452,Almut-Fritsch-Gasse,Hoch,Ermittlung läuft,Opfer,,2,0.0,1,12
AZ-2025-003574,Beleidigung,2023-01-27,09:08,Ginnheim,50.111636,8.499439,Löchelweg,Hoch,Ermittlung läuft,Opfer,,3,46454.97,5,12
AZ-2023-003575,Unterschlagung,2024-11-22,20:11,Nieder-Eschbach,50.105561,8.530032,Röhrdanzweg,Niedrig,Abgeschlossen,Opfer,2025-07-08,2,48972.55,3,12
AZ-2023-003576,Betrug,2023-09-09,08:56,Schwanheim,50.153065,8.484833,Rudolphstr.,Niedrig,Ermittlung läuft,Anonym,,4,765.35,3,7
AZ-2025-003577,Sachbeschädigung,2025-01-03,03:53,Eckenheim,50.127095,8.496535,Tröstplatz,Mittel,Eingestellt,Zeuge,2025-06-21,4,0.0,5,11
AZ-2024-003578,Urkundenfälschung,2024-02-22,07:31,Hausen,50.110649,8.48887,Frankering,Dringend,Abgeschlossen,Patrouille,2024-02-29,4,0.0,2,6
AZ-2023-003579,Diebstahl,2025-08-14,02:31,Hausen,50.138237,8.578052,Anne-Marie-Kostolzin-Platz,Niedrig,Ermittlung läuft,Opfer,,2,19139.96,3,8
AZ-2024-003580,Körperverletzung,2025-06-30,08:58,Nordend-Ost,50.181313,8.549372,Rolf-Schönland-Gasse,Dringend,Gerichtlich,Anonym,2025-10-12,2,49346.17,5,9
AZ-2023-003581,Erpressung,2023-11-20,04:26,Griesheim,50.030644,8.571264,Rene-Gorlitz-Allee,Niedrig,Abgeschlossen,Opfer,2024-03-07,3,5874.93,0,11
AZ-2023-003582,Sachbeschädigung,2025-02-19,20:21,Schwanheim,50.162568,8.596366,Margitta-Süßebier-Straße,Dringend,Ermittlung läuft,Patrouille,,4,35292.3,2,2
AZ-2024-003583,Beleidigung,2024-09-09,10:10,Bornheim,50.150876,8.516501,Johannweg,Mittel,Ermittlung läuft,Patrouille,,3,41193.46,4,14
AZ-2025-003584,Sachbeschädigung,2024-03-09,22:16,Eschersheim,50.078952,8.615705,Kramerplatz,Mittel,Abgeschlossen,Patrouille,2024-10-10,2,0.0,4,15
AZ-2023-003585,Hausfriedensbruch,2023-01-01,21:24,Sachsenhausen-Nord,50.186828,8.566603,Magarete-Köhler-Allee,Niedrig,Ermittlung läuft,Patrouille,,3,0.0,2,8
AZ-2023-003586,Drogendelikt,2025-07-31,16:13,Altstadt,50.185378,8.763912,Gudering,Mittel,Ermittlung läuft,Opfer,,4,47931.62,5,8
AZ-2025-003587,Drogendelikt,2023-08-24,08:06,Seckbach,50.077325,8.596777,Egbert-Buchholz-Ring,Mittel,Eingestellt,Notruf,2024-08-10,3,0.0,1,2
AZ-2025-003588,Urkundenfälschung,2024-01-19,12:16,Sossenheim,50.051486,8.631555,Baumplatz,Dringend,Abgeschlossen,Anonym,2024-06-19,4,15288.89,3,5
AZ-2023-003589,Sachbeschädigung,2025-03-02,19:32,Rödelheim,50.015858,8.730446,Fröhlichstr.,Mittel,Abgeschlossen,Notruf,2025-06-16,2,41493.08,0,5
AZ-2024-003590,Erpressung,2025-05-04,21:55,Seckbach,50.117001,8.495128,Carmelo-Hahn-Weg,Niedrig,Abgeschlossen,Anonym,2026-03-15,3,0.0,5,14
AZ-2024-003591,Bedrohung,2024-12-27,13:07,Bergen-Enkheim,50.158319,8.650669,Kathrin-Jessel-Platz,Mittel,Gerichtlich,Notruf,2025-01-24,1,25771.75,1,5
AZ-2023-003592,Erpressung,2025-10-24,14:36,Nordend-West,50.087715,8.572646,Fatma-Beckmann-Platz,Dringend,Ermittlung läuft,Notruf,,1,18430.5,1,6
AZ-2025-003593,Raub,2023-11-20,23:21,Harheim,50.110009,8.487079,Casparstr.,Niedrig,Gerichtlich,Notruf,2024-07-15,1,0.0,5,7
AZ-2023-003594,Diebstahl,2024-08-07,23:47,Nied,50.029103,8.488159,Carla-Zobel-Straße,Mittel,Gerichtlich,Opfer,2024-09-19,3,41619.9,5,3
AZ-2023-003595,Diebstahl,2023-10-13,18:40,Sachsenhausen-Nord,50.186439,8.624421,Ben-Jopich-Gasse,Mittel,Ermittlung läuft,Opfer,,3,7504.85,1,11
AZ-2025-003596,Verkehrsdelikt,2023-05-19,03:44,Riederwald,50.058397,8.722769,Andersring,Dringend,Ermittlung läuft,Opfer,,4,21950.22,3,12
AZ-2023-003597,Betrug,2025-06-15,17:52,Ginnheim,50.08547,8.68022,Kruschwitzstr.,Dringend,Ermittlung läuft,Notruf,,3,0.0,2,8
AZ-2024-003598,Unterschlagung,2025-11-08,12:21,Innenstadt,50.019255,8.604162,Magnus-Weitzel-Straße,Niedrig,Abgeschlossen,Patrouille,2026-02-24,3,30720.24,0,14
AZ-2025-003599,Einbruchdiebstahl,2023-10-17,01:11,Altstadt,50.029244,8.540383,Ehlertweg,Mittel,Eingestellt,Opfer,2024-07-13,1,44921.43,4,3
AZ-2024-003600,Diebstahl,2023-06-04,22:40,Frankfurter Berg,50.059853,8.535966,Maximilian-Ladeck-Allee,Dringend,Abgeschlossen,Patrouille,2024-01-07,3,0.0,2,9
AZ-2025-003601,Diebstahl,2024-05-04,05:28,Harheim,50.166288,8.526478,Alla-Wohlgemut-Platz,Mittel,Ermittlung läuft,Anonym,,3,32493.02,0,13
AZ-2023-003602,Unterschlagung,2023-06-27,21:24,Niederursel,50.188081,8.737323,Cäcilia-Kranz-Straße,Hoch,Abgeschlossen,Zeuge,2024-06-18,4,0.0,1,3
AZ-2023-003603,Sachbeschädigung,2024-02-06,15:00,Westend-Nord,50.1019,8.690032,Klaus Dieter-Fritsch-Platz,Dringend,Gerichtlich,Notruf,2024-07-25,2,0.0,5,10
AZ-2023-003604,Unterschlagung,2024-07-02,03:45,Kalbach-Riedberg,50.079822,8.759658,Budigweg,Hoch,Ermittlung läuft,Zeuge,,4,0.0,3,2
AZ-2024-003605,Urkundenfälschung,2023-08-31,13:18,Sossenheim,50.143621,8.606658,Uschi-Trupp-Platz,Dringend,Eingestellt,Zeuge,2024-01-27,2,0.0,4,1
AZ-2025-003606,Urkundenfälschung,2023-07-25,01:56,Eckenheim,50.123709,8.505128,Malgorzata-Stiffel-Allee,Hoch,Ermittlung läuft,Zeuge,,1,26282.58,0,1
AZ-2024-003607,Beleidigung,2023-07-12,09:24,Hausen,50.049438,8.716538,Kristine-Trupp-Platz,Dringend,Ermittlung läuft,Anonym,,2,737.3,2,1
AZ-2024-003608,Computerbetrug,2023-08-21,04:44,Fechenheim,50.092184,8.738376,Meisterallee,Dringend,Ermittlung läuft,Notruf,,1,0.0,0,12
AZ-2025-003609,Urkundenfälschung,2024-01-04,14:33,Sossenheim,50.115079,8.75763,Mikhail-Hoffmann-Ring,Dringend,Eingestellt,Zeuge,2024-10-21,1,9937.89,4,7
AZ-2024-003610,Sachbeschädigung,2024-09-21,15:42,Praunheim,50.077655,8.5011,Benthinweg,Niedrig,Eingestellt,Anonym,2024-10-21,1,0.0,4,5
AZ-2025-003611,Hausfriedensbruch,2023-07-13,06:07,Dornbusch,50.068652,8.639665,Henckplatz,Niedrig,Abgeschlossen,Patrouille,2024-07-10,2,0.0,2,9
AZ-2024-003612,Sachbeschädigung,2025-02-20,18:29,Nieder-Eschbach,50.068401,8.733222,Verena-Fliegner-Weg,Hoch,Abgeschlossen,Anonym,2025-12-25,1,46489.38,4,14
AZ-2024-003613,Körperverletzung,2025-05-09,16:46,Westend-Süd,50.059414,8.589982,Dietzallee,Hoch,Abgeschlossen,Zeuge,2025-09-08,1,0.0,0,6
AZ-2025-003614,Hausfriedensbruch,2023-02-23,14:49,Berkersheim,50.085235,8.62836,Friedhold-Wilms-Ring,Niedrig,Ermittlung läuft,Notruf,,4,13381.65,3,9
AZ-2023-003615,Unterschlagung,2023-10-05,20:01,Nieder-Erlenbach,50.102975,8.646145,Alexandra-Dehmel-Straße,Niedrig,Gerichtlich,Anonym,2024-07-05,4,30218.38,1,8
AZ-2024-003616,Urkundenfälschung,2024-06-05,08:03,Dornbusch,50.094188,8.75101,Geislerring,Dringend,Ermittlung läuft,Opfer,,1,39026.15,3,6
AZ-2025-003617,Beleidigung,2025-04-06,04:01,Niederursel,50.028389,8.474496,Cetin-Holt-Weg,Hoch,Abgeschlossen,Zeuge,2026-02-05,4,7878.52,1,2
AZ-2024-003618,Sachbeschädigung,2023-02-28,02:28,Nieder-Erlenbach,50.159336,8.610901,Kitzmanngasse,Dringend,Ermittlung läuft,Opfer,,1,39688.44,4,6
AZ-2023-003619,Urkundenfälschung,2024-12-09,16:16,Nied,50.02418,8.735771,Hans Jörg-Tröst-Straße,Hoch,Abgeschlossen,Notruf,2025-11-16,1,40201.45,3,10
AZ-2024-003620,Drogendelikt,2025-03-06,11:24,Eschersheim,50.065087,8.695233,Mühlering,Dringend,Eingestellt,Notruf,2026-03-02,1,38652.96,0,2
AZ-2025-003621,Raub,2023-09-01,04:02,Innenstadt,50.033822,8.697915,Seipplatz,Mittel,Gerichtlich,Patrouille,2023-09-17,4,29484.2,1,13
AZ-2023-003622,Bedrohung,2024-01-09,11:46,Preungesheim,50.077135,8.610098,Wilma-Roskoth-Straße,Mittel,Eingestellt,Opfer,2024-03-26,3,30369.96,5,8
AZ-2025-003623,Bedrohung,2023-04-07,16:26,Frankfurter Berg,50.092601,8.72128,Ottmar-Hörle-Straße,Mittel,Ermittlung läuft,Zeuge,,3,0.0,1,5
AZ-2023-003624,Bedrohung,2025-10-12,17:23,Altstadt,50.163713,8.51263,Schollweg,Mittel,Ermittlung läuft,Opfer,,2,0.0,0,8
AZ-2025-003625,Computerbetrug,2023-01-16,01:15,Nieder-Eschbach,50.077045,8.573443,Thies-Kobelt-Weg,Niedrig,Abgeschlossen,Zeuge,2023-08-26,3,0.0,2,13
AZ-2025-003626,Bedrohung,2024-11-12,23:00,Bahnhofsviertel,50.07835,8.651832,Köstergasse,Niedrig,Ermittlung läuft,Anonym,,3,7151.02,3,0
AZ-2023-003627,Unterschlagung,2024-07-09,12:12,Nieder-Eschbach,50.169574,8.727099,Patbergstraße,Mittel,Ermittlung läuft,Anonym,,4,26531.54,4,6
AZ-2024-003628,Beleidigung,2025-02-18,04:26,Berkersheim,50.029314,8.701755,Stollgasse,Dringend,Abgeschlossen,Zeuge,2025-09-25,4,22884.7,1,13
AZ-2025-003629,Unterschlagung,2024-09-04,21:50,Niederursel,50.084251,8.50456,Jolanda-Zobel-Platz,Dringend,Ermittlung läuft,Anonym,,1,13239.1,5,4
AZ-2024-003630,Diebstahl,2024-06-12,10:53,Bahnhofsviertel,50.095038,8.741805,Gernot-Döhn-Ring,Dringend,Ermittlung läuft,Patrouille,,3,0.0,3,5
AZ-2025-003631,Beleidigung,2024-06-27,09:53,Kalbach-Riedberg,50.112825,8.78441,Freudenbergerstr.,Dringend,Eingestellt,Notruf,2024-08-14,3,5071.12,4,3
AZ-2024-003632,Hausfriedensbruch,2024-02-16,16:29,Nordend-West,50.180773,8.746836,Briemerplatz,Mittel,Ermittlung läuft,Zeuge,,1,0.0,4,9
AZ-2023-003633,Einbruchdiebstahl,2024-03-09,17:56,Dornbusch,50.134475,8.776651,Misicherweg,Dringend,Abgeschlossen,Opfer,2024-12-20,3,21873.25,5,6
AZ-2023-003634,Diebstahl,2025-01-02,14:59,Rödelheim,50.088899,8.525319,Nicolas-Mohaupt-Straße,Niedrig,Eingestellt,Opfer,2025-04-29,3,14835.81,3,9
AZ-2024-003635,Einbruchdiebstahl,2024-05-24,05:53,Seckbach,50.149525,8.795089,Dörrgasse,Dringend,Ermittlung läuft,Anonym,,4,0.0,3,6
AZ-2025-003636,Beleidigung,2023-04-28,15:36,Nieder-Eschbach,50.12667,8.699987,Janina-Dörr-Straße,Hoch,Gerichtlich,Notruf,2024-02-22,4,23268.58,4,11
AZ-2024-003637,Verkehrsdelikt,2023-08-30,02:48,Sachsenhausen-Süd,50.143655,8.58716,Gutestraße,Dringend,Ermittlung läuft,Opfer,,1,0.0,5,1
AZ-2024-003638,Diebstahl,2023-10-19,16:01,Eckenheim,50.151459,8.754344,Bolzmannring,Niedrig,Ermittlung läuft,Zeuge,,3,0.0,0,11
AZ-2023-003639,Verkehrsdelikt,2025-05-23,12:43,Zeilsheim,50.18512,8.594794,Schleichstraße,Hoch,Ermittlung läuft,Notruf,,2,45256.18,1,0
AZ-2023-003640,Erpressung,2023-12-02,03:28,Harheim,50.117284,8.74174,Hiltrud-Weihmann-Straße,Niedrig,Ermittlung läuft,Patrouille,,2,5876.43,1,15
AZ-2025-003641,Computerbetrug,2025-03-14,22:47,Altstadt,50.184679,8.621698,Karl-Heinrich-Metz-Gasse,Mittel,Ermittlung läuft,Opfer,,3,30391.91,1,7
AZ-2024-003642,Drogendelikt,2025-08-11,15:58,Niederursel,50.103476,8.672518,Tülay-Möchlichen-Platz,Hoch,Ermittlung läuft,Opfer,,2,0.0,2,9
AZ-2024-003643,Verkehrsdelikt,2023-11-16,13:41,Bahnhofsviertel,50.106492,8.652503,Marek-Rosenow-Gasse,Hoch,Gerichtlich,Notruf,2024-09-27,3,17225.77,2,14
AZ-2024-003644,Betrug,2025-01-31,12:52,Bockenheim,50.030797,8.700134,Bolanderallee,Dringend,Ermittlung läuft,Anonym,,2,0.0,4,4
AZ-2024-003645,Körperverletzung,2025-01-13,02:25,Griesheim,50.048046,8.64301,Zobelstraße,Niedrig,Ermittlung läuft,Anonym,,4,19665.29,2,2
AZ-2023-003646,Erpressung,2024-07-14,09:35,Höchst,50.10234,8.570589,Hamanngasse,Dringend,Gerichtlich,Zeuge,2025-06-26,1,0.0,4,14
AZ-2025-003647,Urkundenfälschung,2024-01-02,15:31,Kalbach-Riedberg,50.189354,8.758962,Oda-Barkholz-Allee,Dringend,Eingestellt,Notruf,2024-08-10,3,8735.85,0,10
AZ-2023-003648,Computerbetrug,2023-03-04,21:52,Bockenheim,50.111298,8.569097,Hillerring,Niedrig,Eingestellt,Notruf,2023-11-06,2,0.0,3,10
AZ-2023-003649,Körperverletzung,2023-07-09,17:46,Nordend-West,50.153942,8.585533,Denis-Faust-Gasse,Hoch,Abgeschlossen,Zeuge,2023-12-25,2,6267.84,4,15
AZ-2025-003650,Einbruchdiebstahl,2023-04-07,17:47,Nordend-Ost,50.133968,8.612125,Lachmanngasse,Dringend,Eingestellt,Notruf,2023-11-20,1,5124.23,0,11
AZ-2024-003651,Bedrohung,2024-04-30,19:26,Eckenheim,50.194234,8.739265,Trubstraße,Mittel,Abgeschlossen,Opfer,2024-06-30,4,36898.27,2,12
AZ-2023-003652,Hausfriedensbruch,2025-02-05,10:09,Zeilsheim,50.080033,8.631512,Pruschkeplatz,Hoch,Abgeschlossen,Zeuge,2025-12-16,4,6978.69,1,5
AZ-2023-003653,Körperverletzung,2025-08-06,22:07,Westend-Süd,50.132452,8.63616,Gorlitzallee,Hoch,Ermittlung läuft,Anonym,,1,0.0,4,8
AZ-2024-003654,Beleidigung,2025-06-25,21:20,Hausen,50.079784,8.696496,Dittmar-Lorch-Ring,Mittel,Eingestellt,Opfer,2025-12-19,2,0.0,4,2
AZ-2024-003655,Drogendelikt,2024-01-21,04:42,Hausen,50.113963,8.742045,Gehringerplatz,Hoch,Abgeschlossen,Anonym,2024-03-01,2,25648.25,0,8
AZ-2024-003656,Unterschlagung,2025-03-09,19:33,Sindlingen,50.052137,8.661462,Lindnerstraße,Hoch,Eingestellt,Patrouille,2025-11-25,4,0.0,0,6
AZ-2025-003657,Einbruchdiebstahl,2025-08-12,01:40,Riederwald,50.179658,8.600698,Reisingweg,Hoch,Ermittlung läuft,Anonym,,1,18980.1,0,9
AZ-2024-003658,Bedrohung,2025-08-15,16:12,Ginnheim,50.041468,8.749019,Wally-Textor-Straße,Hoch,Gerichtlich,Anonym,2026-03-23,4,0.0,2,8
AZ-2023-003659,Beleidigung,2024-09-07,12:58,Niederursel,50.029779,8.710742,Süßebierstr.,Niedrig,Gerichtlich,Anonym,2025-01-16,2,29295.48,5,1
AZ-2024-003660,Beleidigung,2023-07-08,21:05,Westend-Nord,50.021851,8.786081,Atzlerstr.,Niedrig,Ermittlung läuft,Opfer,,3,0.0,3,8
AZ-2024-003661,Diebstahl,2023-03-07,10:18,Rödelheim,50.135459,8.526176,Czeslaw-Ullrich-Allee,Niedrig,Eingestellt,Anonym,2023-09-28,4,18589.45,4,1
AZ-2024-003662,Urkundenfälschung,2023-04-05,06:11,Hausen,50.145567,8.48072,Markus-Stadelmann-Allee,Dringend,Ermittlung läuft,Anonym,,3,0.0,3,14
AZ-2023-003663,Sachbeschädigung,2024-06-09,17:19,Griesheim,50.054463,8.726674,Austermühleplatz,Mittel,Abgeschlossen,Anonym,2025-05-07,3,12135.31,5,13
AZ-2024-003664,Hausfriedensbruch,2025-09-12,07:03,Riederwald,50.076714,8.529079,Finkestraße,Hoch,Abgeschlossen,Patrouille,2026-06-26,4,6929.81,1,2
AZ-2025-003665,Erpressung,2023-10-06,21:42,Sossenheim,50.079028,8.793585,Drewesallee,Mittel,Eingestellt,Anonym,2023-12-28,2,1048.02,4,3
AZ-2023-003666,Verkehrsdelikt,2024-07-01,03:08,Zeilsheim,50.099126,8.689458,Hessestr.,Dringend,Gerichtlich,Anonym,2024-12-23,2,15006.48,5,10
AZ-2023-003667,Sachbeschädigung,2024-09-07,23:52,Westend-Nord,50.132736,8.788116,Tomislav-Eberth-Allee,Niedrig,Gerichtlich,Patrouille,2025-02-27,4,41691.21,1,3
AZ-2023-003668,Erpressung,2023-03-26,04:19,Unterliederbach,50.159779,8.576072,Schwitalstr.,Hoch,Ermittlung läuft,Notruf,,3,10686.28,0,0
AZ-2023-003669,Drogendelikt,2023-01-30,06:54,Nied,50.137274,8.637123,Arnd-Harloff-Allee,Mittel,Ermittlung läuft,Opfer,,4,41922.11,3,2
AZ-2024-003670,Computerbetrug,2023-11-13,12:19,Harheim,50.149262,8.528742,Sieghard-Textor-Weg,Mittel,Ermittlung läuft,Anonym,,1,21734.95,3,9
AZ-2023-003671,Erpressung,2025-10-07,01:24,Frankfurter Berg,50.119186,8.675524,Dorota-Kostolzin-Platz,Dringend,Abgeschlossen,Patrouille,2026-03-23,2,49751.53,1,11
AZ-2025-003672,Verkehrsdelikt,2025-04-27,04:12,Ostend,50.045989,8.763824,Häringplatz,Niedrig,Abgeschlossen,Zeuge,2025-05-17,1,0.0,1,5
AZ-2023-003673,Erpressung,2023-09-19,01:22,Bergen-Enkheim,50.149964,8.485945,Pavel-Knappe-Gasse,Hoch,Ermittlung läuft,Notruf,,1,26416.94,2,13
AZ-2023-003674,Einbruchdiebstahl,2025-02-23,02:54,Kalbach-Riedberg,50.170608,8.565811,Jäntschstr.,Dringend,Abgeschlossen,Patrouille,2025-03-09,1,45228.06,1,1
AZ-2024-003675,Verkehrsdelikt,2025-03-14,13:20,Sossenheim,50.08752,8.64612,Hildegard-Ortmann-Allee,Dringend,Ermittlung läuft,Zeuge,,2,45984.91,0,13
AZ-2023-003676,Drogendelikt,2023-02-10,07:53,Eckenheim,50.042671,8.572162,Lehmannstraße,Mittel,Gerichtlich,Opfer,2023-03-16,4,47560.84,5,11
AZ-2025-003677,Bedrohung,2023-11-13,08:58,Praunheim,50.1897,8.612209,Kitzmannallee,Hoch,Ermittlung läuft,Notruf,,3,20784.16,3,12
AZ-2023-003678,Diebstahl,2024-06-04,13:39,Dornbusch,50.06505,8.706285,Preißallee,Niedrig,Eingestellt,Zeuge,2024-08-11,1,0.0,3,8
AZ-2023-003679,Unterschlagung,2024-01-27,14:32,Nied,50.146699,8.477655,Drewesplatz,Mittel,Ermittlung läuft,Opfer,,2,0.0,5,7
AZ-2025-003680,Sachbeschädigung,2024-04-02,15:27,Griesheim,50.130596,8.518342,Lorchring,Hoch,Eingestellt,Patrouille,2024-07-02,1,0.0,2,3
AZ-2023-003681,Diebstahl,2025-08-22,15:25,Unterliederbach,50.11202,8.610265,Birgitt-Scheibe-Platz,Niedrig,Ermittlung läuft,Zeuge,,1,29922.82,0,12
AZ-2025-003682,Sachbeschädigung,2023-11-30,20:46,Griesheim,50.12451,8.550305,Kranzring,Hoch,Ermittlung läuft,Anonym,,1,0.0,1,12
AZ-2023-003683,Beleidigung,2025-03-07,07:05,Nieder-Erlenbach,50.077576,8.587122,Schulzring,Niedrig,Gerichtlich,Anonym,2026-03-07,4,38616.19,3,10
AZ-2023-003684,Sachbeschädigung,2023-07-21,22:13,Harheim,50.182216,8.545266,Diethard-Döhn-Gasse,Dringend,Ermittlung läuft,Zeuge,,3,0.0,3,10
AZ-2025-003685,Hausfriedensbruch,2023-02-03,03:42,Bonames,50.112501,8.552213,Elizabeth-Langern-Gasse,Hoch,Ermittlung läuft,Zeuge,,3,0.0,1,5
AZ-2023-003686,Sachbeschädigung,2025-04-05,23:17,Zeilsheim,50.023268,8.626139,Weißallee,Dringend,Gerichtlich,Zeuge,2025-11-30,1,0.0,2,6
AZ-2023-003687,Verkehrsdelikt,2025-04-02,01:22,Nordend-West,50.14537,8.657311,Evelin-Martin-Weg,Mittel,Ermittlung läuft,Zeuge,,1,43920.39,1,15
AZ-2024-003688,Bedrohung,2025-08-16,10:26,Altstadt,50.123985,8.673441,Gloria-Hoffmann-Straße,Niedrig,Eingestellt,Patrouille,2026-06-25,1,30811.93,3,0
AZ-2023-003689,Unterschlagung,2025-01-06,12:25,Harheim,50.03029,8.713743,Hellmut-Wulf-Straße,Mittel,Eingestellt,Zeuge,2025-03-05,1,15660.61,3,9
AZ-2025-003690,Drogendelikt,2024-03-25,11:35,Gallus,50.120329,8.577542,Drewesplatz,Mittel,Eingestellt,Zeuge,2024-04-12,3,49096.72,1,13
AZ-2024-003691,Sachbeschädigung,2023-07-13,16:43,Kalbach-Riedberg,50.100476,8.684146,Ebertring,Hoch,Abgeschlossen,Patrouille,2024-06-21,3,47969.59,2,5
AZ-2024-003692,Urkundenfälschung,2023-12-20,00:26,Sachsenhausen-Nord,50.175355,8.66007,Lehmannallee,Hoch,Eingestellt,Anonym,2024-10-12,2,0.0,1,11
AZ-2024-003693,Bedrohung,2023-05-01,21:44,Hausen,50.081283,8.677457,Albersring,Hoch,Abgeschlossen,Anonym,2023-12-29,1,43113.73,4,11
AZ-2024-003694,Bedrohung,2024-04-21,09:35,Bockenheim,50.180834,8.765119,Ana-Hölzenbecher-Ring,Mittel,Gerichtlich,Notruf,2024-08-28,4,10485.39,0,15
AZ-2023-003695,Hausfriedensbruch,2024-01-20,04:32,Nied,50.115245,8.598645,Jäntschallee,Dringend,Ermittlung läuft,Notruf,,1,0.0,1,9
AZ-2024-003696,Raub,2023-03-31,05:03,Schwanheim,50.17191,8.615255,Steinbergplatz,Dringend,Gerichtlich,Patrouille,2023-12-14,1,30667.15,4,8
AZ-2023-003697,Sachbeschädigung,2023-01-12,00:50,Nordend-West,50.1503,8.759484,Ruth-Liebelt-Gasse,Niedrig,Ermittlung läuft,Opfer,,1,0.0,4,0
AZ-2023-003698,Körperverletzung,2024-06-06,00:05,Nieder-Eschbach,50.162772,8.553093,Andres-Fliegner-Ring,Hoch,Ermittlung läuft,Anonym,,1,23303.55,3,4
AZ-2025-003699,Bedrohung,2024-06-29,09:15,Westend-Nord,50.186103,8.577716,Kästerplatz,Hoch,Abgeschlossen,Notruf,2025-02-06,1,34414.04,4,6
AZ-2025-003700,Körperverletzung,2024-02-27,12:21,Frankfurter Berg,50.070722,8.761939,Hendriksstr.,Hoch,Abgeschlossen,Anonym,2024-10-17,4,34381.41,4,5
AZ-2024-003701,Drogendelikt,2023-01-31,16:50,Berkersheim,50.18476,8.763265,Gröttnerstr.,Niedrig,Ermittlung läuft,Anonym,,4,40164.17,4,12
AZ-2025-003702,Computerbetrug,2023-05-25,04:24,Nieder-Eschbach,50.126055,8.510763,Birnbaumallee,Mittel,Abgeschlossen,Notruf,2024-05-15,4,33753.56,4,13
AZ-2025-003703,Verkehrsdelikt,2025-02-10,11:29,Bonames,50.181738,8.712534,Eckbauerweg,Dringend,Gerichtlich,Patrouille,2025-07-18,4,24119.96,5,0
AZ-2025-003704,Bedrohung,2023-03-22,14:20,Gallus,50.161693,8.644029,Vogtplatz,Mittel,Ermittlung läuft,Notruf,,2,11198.84,1,8
AZ-2025-003705,Unterschlagung,2025-08-15,09:44,Schwanheim,50.134572,8.529634,Junckstr.,Dringend,Ermittlung läuft,Patrouille,,4,0.0,1,11
AZ-2023-003706,Körperverletzung,2024-06-19,12:00,Griesheim,50.042974,8.791161,Tadeusz-Heinrich-Gasse,Mittel,Abgeschlossen,Opfer,2024-12-27,1,25697.78,3,5
AZ-2025-003707,Beleidigung,2025-11-06,16:56,Sachsenhausen-Süd,50.04459,8.706275,Aloisia-Drubin-Allee,Hoch,Ermittlung läuft,Patrouille,,4,37829.92,0,6
AZ-2025-003708,Diebstahl,2025-10-17,21:02,Seckbach,50.145611,8.745072,Wiekweg,Dringend,Abgeschlossen,Opfer,2026-08-18,2,32461.42,2,9
AZ-2023-003709,Beleidigung,2024-04-05,09:18,Sindlingen,50.163794,8.573772,Röhrdanzplatz,Hoch,Abgeschlossen,Anonym,2025-01-25,4,5590.12,3,5
AZ-2024-003710,Computerbetrug,2024-08-23,19:33,Unterliederbach,50.082884,8.556001,Haasegasse,Niedrig,Abgeschlossen,Anonym,2025-06-25,3,0.0,1,12
AZ-2023-003711,Körperverletzung,2025-07-21,05:17,Schwanheim,50.124234,8.525777,Andrej-Mälzer-Gasse,Mittel,Ermittlung läuft,Opfer,,1,42651.96,3,14
AZ-2023-003712,Einbruchdiebstahl,2023-05-07,02:43,Ostend,50.106946,8.510956,Andrzej-Schönland-Allee,Hoch,Eingestellt,Anonym,2023-06-22,2,2253.6,0,0
AZ-2023-003713,Raub,2023-11-03,05:05,Fechenheim,50.193628,8.6631,Charlotte-Kranz-Gasse,Niedrig,Ermittlung läuft,Opfer,,3,43402.2,5,2
AZ-2023-003714,Einbruchdiebstahl,2025-08-28,07:18,Praunheim,50.190776,8.766914,Udo-Schulz-Allee,Dringend,Ermittlung läuft,Patrouille,,3,4294.55,1,7
AZ-2023-003715,Raub,2024-02-27,10:23,Riederwald,50.157886,8.719655,Gotthardplatz,Dringend,Abgeschlossen,Notruf,2024-10-03,2,0.0,1,12
AZ-2024-003716,Hausfriedensbruch,2024-02-14,07:32,Westend-Süd,50.106615,8.58115,Konstantin-Gude-Weg,Hoch,Abgeschlossen,Patrouille,2024-07-27,2,44965.22,2,0
AZ-2025-003717,Drogendelikt,2023-05-12,18:05,Fechenheim,50.086571,8.623218,Ivanka-Zahn-Straße,Dringend,Abgeschlossen,Notruf,2023-09-14,4,4954.22,1,8
AZ-2024-003718,Einbruchdiebstahl,2023-05-13,09:50,Harheim,50.064327,8.752865,Sorgatzgasse,Niedrig,Ermittlung läuft,Patrouille,,2,1225.3,0,8
AZ-2023-003719,Erpressung,2024-02-07,11:47,Berkersheim,50.064912,8.782786,Carstenplatz,Mittel,Eingestellt,Anonym,2024-11-06,3,20201.41,0,6
AZ-2023-003720,Drogendelikt,2023-10-24,14:05,Nordend-Ost,50.068861,8.687,Fatma-Sager-Gasse,Hoch,Ermittlung läuft,Opfer,,3,35566.28,5,3
AZ-2023-003721,Sachbeschädigung,2023-11-21,20:01,Berkersheim,50.182367,8.503181,Valerij-Schenk-Gasse,Mittel,Ermittlung läuft,Opfer,,4,0.0,4,7
AZ-2023-003722,Bedrohung,2023-10-02,17:27,Seckbach,50.149422,8.511269,Frieder-Holzapfel-Ring,Hoch,Ermittlung läuft,Anonym,,1,0.0,5,6
AZ-2023-003723,Hausfriedensbruch,2023-01-06,00:27,Sossenheim,50.058018,8.646498,Dogan-Buchholz-Straße,Mittel,Ermittlung läuft,Patrouille,,3,0.0,3,2
AZ-2025-003724,Urkundenfälschung,2025-10-07,14:25,Schwanheim,50.143754,8.615242,Hänelstraße,Niedrig,Ermittlung läuft,Zeuge,,4,0.0,1,7
AZ-2024-003725,Sachbeschädigung,2024-04-12,22:20,Nordend-West,50.146698,8.590531,Adina-Barkholz-Straße,Hoch,Abgeschlossen,Notruf,2024-08-24,2,27170.52,3,4
AZ-2025-003726,Einbruchdiebstahl,2024-09-29,11:44,Innenstadt,50.153856,8.707748,Zenon-Schomber-Gasse,Niedrig,Eingestellt,Patrouille,2024-10-17,4,4502.88,3,5
AZ-2024-003727,Sachbeschädigung,2023-12-21,02:34,Nordend-Ost,50.066378,8.651547,Heidemarie-Lindner-Straße,Dringend,Abgeschlossen,Opfer,2024-05-24,4,0.0,4,13
AZ-2023-003728,Bedrohung,2024-08-06,20:55,Rödelheim,50.130022,8.616061,Schulzstraße,Mittel,Abgeschlossen,Opfer,2025-07-16,2,12610.03,3,6
AZ-2024-003729,Körperverletzung,2025-07-16,17:46,Eckenheim,50.10724,8.49778,Hans Peter-Huhn-Gasse,Hoch,Ermittlung läuft,Patrouille,,2,38892.75,4,8
AZ-2024-003730,Drogendelikt,2025-09-03,11:39,Nordend-West,50.06147,8.564835,Gertraut-Rosenow-Allee,Hoch,Ermittlung läuft,Opfer,,3,0.0,0,11
AZ-2023-003731,Betrug,2025-07-27,18:19,Preungesheim,50.084608,8.577531,Erik-Karz-Ring,Mittel,Abgeschlossen,Opfer,2025-08-20,3,0.0,2,7
AZ-2025-003732,Beleidigung,2024-07-22,23:23,Altstadt,50.186098,8.593047,Schmiedeckestr.,Dringend,Ermittlung läuft,Notruf,,3,13191.85,1,3
AZ-2023-003733,Bedrohung,2024-10-21,21:28,Altstadt,50.092028,8.53036,Giorgio-Preiß-Allee,Dringend,Ermittlung läuft,Opfer,,2,0.0,1,14
AZ-2025-003734,Einbruchdiebstahl,2025-06-27,03:16,Ginnheim,50.11363,8.628103,Eberhardtplatz,Mittel,Abgeschlossen,Notruf,2025-11-27,1,46282.43,5,7
AZ-2023-003735,Unterschlagung,2023-01-12,10:48,Harheim,50.146065,8.7541,Antonina-Barkholz-Weg,Mittel,Abgeschlossen,Zeuge,2023-03-28,4,42684.76,4,5
AZ-2024-003736,Urkundenfälschung,2023-12-17,01:37,Bergen-Enkheim,50.046848,8.509726,Heinz-Gerd-Knappe-Gasse,Mittel,Eingestellt,Opfer,2024-06-23,3,24555.71,0,6
AZ-2023-003737,Betrug,2023-04-12,23:10,Bergen-Enkheim,50.038527,8.749446,Anselm-Junken-Platz,Hoch,Abgeschlossen,Zeuge,2024-02-10,1,0.0,5,5
AZ-2025-003738,Computerbetrug,2023-12-13,15:38,Nieder-Eschbach,50.166909,8.746708,David-Vogt-Allee,Mittel,Abgeschlossen,Patrouille,2024-02-27,3,8441.9,0,7
AZ-2025-003739,Diebstahl,2023-12-31,05:19,Nied,50.015799,8.684806,Juan-Höfig-Straße,Niedrig,Ermittlung läuft,Opfer,,4,5205.77,0,11
AZ-2025-003740,Urkundenfälschung,2023-04-11,12:34,Sossenheim,50.067864,8.476429,Uta-Davids-Ring,Hoch,Ermittlung läuft,Anonym,,2,2499.24,2,3
AZ-2023-003741,Diebstahl,2025-01-03,02:49,Berkersheim,50.131301,8.639354,Mosemannweg,Dringend,Ermittlung läuft,Patrouille,,3,5140.03,3,3
AZ-2025-003742,Verkehrsdelikt,2025-02-03,18:57,Sossenheim,50.088036,8.745166,Mälzerstr.,Mittel,Ermittlung läuft,Notruf,,2,30683.4,5,0
AZ-2024-003743,Urkundenfälschung,2023-08-05,04:20,Griesheim,50.106105,8.642933,Gröttnerring,Mittel,Abgeschlossen,Opfer,2024-03-17,4,33018.19,5,15
AZ-2025-003744,Urkundenfälschung,2023-06-02,10:19,Nieder-Eschbach,50.16987,8.737501,Hans-Theo-Striebitz-Allee,Hoch,Gerichtlich,Anonym,2024-05-10,3,4086.06,4,9
AZ-2023-003745,Bedrohung,2025-06-18,21:55,Seckbach,50.023004,8.795042,Kreuselgasse,Niedrig,Abgeschlossen,Opfer,2025-07-21,3,0.0,3,7
AZ-2023-003746,Raub,2024-12-16,19:09,Niederursel,50.18302,8.530889,Gehringerallee,Niedrig,Ermittlung läuft,Patrouille,,3,36080.33,4,13
AZ-2024-003747,Diebstahl,2025-05-11,07:52,Kalbach-Riedberg,50.131831,8.69068,Ute-Ullmann-Straße,Dringend,Gerichtlich,Zeuge,2026-04-20,1,7288.8,0,3
AZ-2025-003748,Betrug,2025-10-21,19:51,Ostend,50.061222,8.704706,Matthäistraße,Dringend,Ermittlung läuft,Patrouille,,3,0.0,1,7
AZ-2024-003749,Hausfriedensbruch,2025-03-17,20:24,Griesheim,50.036597,8.545153,Junckenstr.,Hoch,Abgeschlossen,Zeuge,2025-12-29,1,28341.09,0,3
AZ-2023-003750,Betrug,2023-08-09,00:57,Niederursel,50.044633,8.561775,Edit-Kraus-Straße,Dringend,Abgeschlossen,Patrouille,2024-05-26,3,28427.89,5,10
AZ-2025-003751,Beleidigung,2023-06-14,21:32,Schwanheim,50.105197,8.682488,Caroline-Kitzmann-Ring,Hoch,Abgeschlossen,Patrouille,2024-05-22,1,29905.72,2,9
AZ-2024-003752,Erpressung,2024-05-03,12:37,Niederursel,50.175651,8.766619,Tomas-Geisel-Gasse,Hoch,Abgeschlossen,Anonym,2024-05-30,2,0.0,2,8
AZ-2024-003753,Drogendelikt,2023-04-12,16:02,Bergen-Enkheim,50.021023,8.473883,Schaafstraße,Niedrig,Abgeschlossen,Anonym,2023-05-24,2,0.0,1,2
AZ-2025-003754,Sachbeschädigung,2025-03-25,15:37,Innenstadt,50.085084,8.598215,Schleichallee,Niedrig,Gerichtlich,Notruf,2025-06-26,3,0.0,4,0
AZ-2023-003755,Verkehrsdelikt,2025-05-31,08:01,Nieder-Eschbach,50.082592,8.508165,Kruschwitzgasse,Dringend,Abgeschlossen,Patrouille,2025-07-07,1,0.0,2,5
AZ-2024-003756,Bedrohung,2023-02-22,17:24,Niederursel,50.145378,8.566891,Hans Peter-Junitz-Straße,Hoch,Ermittlung läuft,Anonym,,2,4254.71,2,13
AZ-2024-003757,Unterschlagung,2025-02-27,23:45,Praunheim,50.17419,8.788379,Oliver-Henschel-Gasse,Niedrig,Ermittlung läuft,Opfer,,4,25698.42,0,0
AZ-2025-003758,Sachbeschädigung,2025-08-18,20:59,Frankfurter Berg,50.172173,8.797788,Gerlinde-Köhler-Ring,Mittel,Eingestellt,Zeuge,2026-06-06,1,1990.83,1,0
AZ-2024-003759,Raub,2025-10-01,20:49,Bockenheim,50.147945,8.514174,Liane-Johann-Gasse,Niedrig,Abgeschlossen,Zeuge,2026-06-02,1,0.0,3,14
AZ-2024-003760,Einbruchdiebstahl,2025-05-07,03:56,Sossenheim,50.032167,8.481667,Marcel-Stroh-Gasse,Mittel,Ermittlung läuft,Patrouille,,4,39159.49,0,1
AZ-2024-003761,Körperverletzung,2024-06-04,21:08,Eschersheim,50.124488,8.761196,Hamannstraße,Mittel,Eingestellt,Patrouille,2024-12-04,3,0.0,2,9
AZ-2025-003762,Computerbetrug,2025-06-21,18:42,Praunheim,50.03079,8.60023,Heintzestr.,Niedrig,Gerichtlich,Zeuge,2025-12-25,3,0.0,4,0
AZ-2023-003763,Computerbetrug,2024-11-16,09:59,Bonames,50.169081,8.610671,Raymund-Hölzenbecher-Weg,Niedrig,Abgeschlossen,Notruf,2025-05-01,3,0.0,4,14
AZ-2025-003764,Drogendelikt,2024-03-20,18:56,Berkersheim,50.023668,8.767423,Anneliese-Harloff-Gasse,Dringend,Eingestellt,Patrouille,2025-03-06,2,32213.21,1,0
AZ-2024-003765,Hausfriedensbruch,2024-05-07,03:53,Altstadt,50.101547,8.666742,Trubinstr.,Hoch,Gerichtlich,Anonym,2024-10-25,1,0.0,1,8
AZ-2025-003766,Urkundenfälschung,2025-01-25,01:50,Bahnhofsviertel,50.057081,8.545386,Christiana-Seidel-Straße,Dringend,Abgeschlossen,Anonym,2025-11-09,1,28441.01,1,14
AZ-2024-003767,Betrug,2023-09-03,13:26,Rödelheim,50.169178,8.671178,Junckallee,Dringend,Ermittlung läuft,Zeuge,,1,31461.88,3,5
AZ-2023-003768,Raub,2025-05-03,10:21,Nordend-Ost,50.037891,8.790116,Gumprichplatz,Hoch,Abgeschlossen,Opfer,2025-08-22,4,44110.99,0,4
AZ-2023-003769,Raub,2024-03-13,06:41,Westend-Süd,50.130856,8.76953,Madeleine-Nohlmans-Straße,Mittel,Eingestellt,Zeuge,2024-05-26,3,43467.08,3,15
AZ-2023-003770,Sachbeschädigung,2024-09-24,00:49,Bonames,50.181337,8.79643,Karl-Linke-Gasse,Niedrig,Abgeschlossen,Zeuge,2025-07-06,3,34853.6,1,10
AZ-2025-003771,Einbruchdiebstahl,2025-04-29,05:53,Nordend-Ost,50.173723,8.583351,Torsten-Geißler-Weg,Mittel,Gerichtlich,Opfer,2026-02-14,4,0.0,1,3
AZ-2024-003772,Urkundenfälschung,2024-12-06,04:52,Nieder-Erlenbach,50.089692,8.591341,Schäferstraße,Niedrig,Abgeschlossen,Notruf,2025-10-09,4,0.0,4,6
AZ-2023-003773,Verkehrsdelikt,2023-04-07,06:08,Sossenheim,50.093128,8.794144,Christl-Bärer-Ring,Niedrig,Ermittlung läuft,Zeuge,,2,4184.02,5,10
AZ-2023-003774,Betrug,2024-11-19,15:16,Bonames,50.03077,8.515901,Franka-Ziegert-Weg,Niedrig,Gerichtlich,Anonym,2025-11-05,2,34620.08,2,0
AZ-2025-003775,Raub,2023-06-09,15:36,Eckenheim,50.177277,8.559298,Siegried-Misicher-Ring,Dringend,Abgeschlossen,Notruf,2024-04-14,4,37760.4,3,4
AZ-2023-003776,Sachbeschädigung,2024-12-05,06:26,Bornheim,50.033435,8.512292,Melitta-Kusch-Gasse,Hoch,Abgeschlossen,Patrouille,2025-02-02,4,6107.06,3,10
AZ-2023-003777,Einbruchdiebstahl,2025-02-18,11:55,Bornheim,50.052474,8.473907,Michel-Seidel-Gasse,Mittel,Eingestellt,Opfer,2025-05-24,2,22505.17,3,12
AZ-2023-003778,Urkundenfälschung,2024-09-29,07:13,Preungesheim,50.147473,8.751629,Walther-Dehmel-Straße,Dringend,Abgeschlossen,Opfer,2025-01-12,1,0.0,2,4
AZ-2024-003779,Urkundenfälschung,2023-11-28,14:48,Westend-Süd,50.182607,8.661719,Höfigring,Dringend,Eingestellt,Notruf,2024-10-15,3,0.0,5,3
AZ-2023-003780,Diebstahl,2023-07-11,15:58,Bahnhofsviertel,50.170356,8.552553,Kuhlgasse,Niedrig,Eingestellt,Zeuge,2024-07-07,3,2402.53,2,5
AZ-2025-003781,Raub,2023-04-06,09:37,Fechenheim,50.084672,8.608973,Nohlmansstr.,Niedrig,Ermittlung läuft,Zeuge,,2,29858.51,1,15
AZ-2025-003782,Erpressung,2024-01-07,04:29,Bockenheim,50.056417,8.660173,Reza-Huhn-Allee,Niedrig,Eingestellt,Opfer,2024-10-11,3,9069.21,2,0
AZ-2024-003783,Einbruchdiebstahl,2025-10-04,13:38,Fechenheim,50.079242,8.627182,Nohlmansallee,Mittel,Eingestellt,Anonym,2026-05-22,3,47748.53,4,3
AZ-2025-003784,Sachbeschädigung,2024-06-08,13:15,Eckenheim,50.172238,8.724956,Meryem-Köster-Weg,Hoch,Eingestellt,Notruf,2024-09-08,3,34021.34,0,2
AZ-2025-003785,Betrug,2025-04-11,01:46,Ostend,50.160151,8.650475,Angelo-Hauffer-Gasse,Mittel,Abgeschlossen,Opfer,2026-03-31,2,13328.41,2,9
AZ-2025-003786,Urkundenfälschung,2024-07-24,14:50,Fechenheim,50.111456,8.644284,Fredi-Döhn-Ring,Hoch,Eingestellt,Patrouille,2025-01-01,3,0.0,2,5
AZ-2024-003787,Bedrohung,2023-08-30,20:23,Bornheim,50.148729,8.502521,Heckerplatz,Niedrig,Abgeschlossen,Notruf,2024-07-19,1,0.0,4,2
AZ-2023-003788,Urkundenfälschung,2024-07-06,07:57,Fechenheim,50.08758,8.564373,Hans-J.-Ullrich-Ring,Mittel,Abgeschlossen,Opfer,2025-02-23,3,18345.94,5,4
AZ-2024-003789,Urkundenfälschung,2024-11-17,23:36,Altstadt,50.094468,8.747148,Sylvana-Stroh-Gasse,Dringend,Eingestellt,Notruf,2025-03-10,2,0.0,4,14
AZ-2023-003790,Bedrohung,2023-02-24,07:54,Sachsenhausen-Süd,50.060959,8.655453,Ziegertgasse,Dringend,Abgeschlossen,Patrouille,2023-06-20,2,40836.68,0,6
AZ-2023-003791,Verkehrsdelikt,2023-11-20,16:59,Eschersheim,50.106815,8.708564,Ben-Jähn-Gasse,Mittel,Abgeschlossen,Anonym,2024-01-08,3,46966.9,2,0
AZ-2023-003792,Verkehrsdelikt,2025-01-13,01:25,Höchst,50.031906,8.50042,Jüttnerweg,Hoch,Abgeschlossen,Notruf,2025-07-16,4,0.0,3,12
AZ-2024-003793,Einbruchdiebstahl,2023-11-28,21:29,Ostend,50.070757,8.740311,Hillerweg,Hoch,Eingestellt,Notruf,2024-03-04,3,0.0,2,14
AZ-2023-003794,Unterschlagung,2024-12-03,06:41,Griesheim,50.06829,8.598256,Stella-Etzler-Weg,Hoch,Ermittlung läuft,Patrouille,,3,0.0,0,2
AZ-2025-003795,Unterschlagung,2023-09-14,20:09,Nieder-Erlenbach,50.178355,8.791509,Dussen vanplatz,Hoch,Ermittlung läuft,Anonym,,1,0.0,1,1
AZ-2023-003796,Erpressung,2025-01-02,19:15,Rödelheim,50.118307,8.674584,Finkeallee,Mittel,Ermittlung läuft,Opfer,,2,8246.04,2,2
AZ-2025-003797,Sachbeschädigung,2025-10-20,13:26,Fechenheim,50.09396,8.740996,Schweitzerstraße,Mittel,Gerichtlich,Anonym,2026-08-26,2,20438.05,2,1
AZ-2025-003798,Beleidigung,2023-02-07,21:00,Ginnheim,50.101554,8.544614,Anne-Marie-Rädel-Platz,Dringend,Abgeschlossen,Opfer,2024-01-19,3,29884.55,4,0
AZ-2023-003799,Raub,2023-08-25,04:05,Ostend,50.074835,8.53396,Speerstraße,Mittel,Ermittlung läuft,Patrouille,,2,12922.62,3,7
AZ-2023-003800,Beleidigung,2025-08-10,01:27,Innenstadt,50.179828,8.569889,Jungferallee,Niedrig,Abgeschlossen,Patrouille,2026-02-01,2,0.0,0,8
AZ-2023-003801,Betrug,2024-11-07,22:31,Eschersheim,50.175153,8.585817,Heckergasse,Niedrig,Ermittlung läuft,Notruf,,3,17589.59,0,4
AZ-2025-003802,Drogendelikt,2025-03-04,19:18,Griesheim,50.078475,8.643497,Wilmsring,Niedrig,Eingestellt,Notruf,2025-03-18,2,0.0,4,9
AZ-2024-003803,Unterschlagung,2024-02-13,18:09,Höchst,50.129168,8.655368,Nikolaos-Roht-Platz,Niedrig,Eingestellt,Zeuge,2024-11-18,1,33920.35,5,5
AZ-2023-003804,Einbruchdiebstahl,2024-12-06,09:19,Unterliederbach,50.071522,8.688559,Henrike-Buchholz-Gasse,Niedrig,Abgeschlossen,Notruf,2024-12-29,2,893.07,5,5
AZ-2024-003805,Diebstahl,2025-10-14,08:45,Frankfurter Berg,50.020268,8.758984,Bonbachplatz,Mittel,Ermittlung läuft,Anonym,,3,232.97,3,7
AZ-2025-003806,Körperverletzung,2025-06-25,15:46,Bonames,50.023487,8.558128,Gretel-Hande-Straße,Hoch,Abgeschlossen,Anonym,2025-08-13,1,43214.06,1,9
AZ-2024-003807,Diebstahl,2025-07-04,16:18,Nordend-Ost,50.033855,8.572794,Grafstraße,Dringend,Abgeschlossen,Notruf,2025-12-15,3,3876.24,5,12
AZ-2023-003808,Beleidigung,2023-11-25,04:37,Bergen-Enkheim,50.131244,8.621602,Miodrag-Hänel-Weg,Niedrig,Ermittlung läuft,Notruf,,3,15407.63,3,12
AZ-2025-003809,Erpressung,2024-04-27,07:00,Nied,50.190994,8.662827,Wesackring,Niedrig,Eingestellt,Patrouille,2025-04-23,1,32723.57,4,5
AZ-2023-003810,Drogendelikt,2025-10-23,09:08,Niederursel,50.10326,8.748089,Sölzerplatz,Hoch,Abgeschlossen,Opfer,2026-05-12,4,0.0,3,12
AZ-2023-003811,Drogendelikt,2025-06-21,17:21,Ginnheim,50.138096,8.505236,Silja-Ehlert-Platz,Niedrig,Eingestellt,Zeuge,2025-10-11,1,40255.93,2,11
AZ-2025-003812,Betrug,2023-10-11,09:04,Schwanheim,50.09245,8.634008,Krausestraße,Hoch,Gerichtlich,Notruf,2023-12-17,2,0.0,5,6
AZ-2025-003813,Sachbeschädigung,2023-12-21,10:05,Harheim,50.168367,8.480879,Lidia-Kuhl-Platz,Niedrig,Ermittlung läuft,Patrouille,,1,0.0,0,2
AZ-2024-003814,Einbruchdiebstahl,2023-07-03,23:08,Dornbusch,50.0297,8.620702,Karl-Hans-Löchel-Platz,Niedrig,Ermittlung läuft,Patrouille,,4,4823.72,4,8
AZ-2025-003815,Unterschlagung,2023-09-23,06:49,Eschersheim,50.148007,8.528683,Rustweg,Mittel,Abgeschlossen,Patrouille,2024-01-03,4,25446.22,0,15
AZ-2024-003816,Bedrohung,2023-03-30,18:11,Gallus,50.156565,8.619146,Gaetano-Misicher-Gasse,Hoch,Abgeschlossen,Opfer,2024-02-29,3,0.0,5,9
AZ-2024-003817,Drogendelikt,2025-08-03,01:11,Ginnheim,50.173029,8.678407,Ilias-Bachmann-Straße,Dringend,Ermittlung läuft,Anonym,,2,75.08,5,5
AZ-2025-003818,Verkehrsdelikt,2025-07-29,04:08,Nieder-Erlenbach,50.141142,8.708215,Jovan-Baum-Straße,Niedrig,Eingestellt,Anonym,2025-12-03,4,12041.51,2,8
AZ-2025-003819,Hausfriedensbruch,2024-12-18,07:37,Bockenheim,50.172344,8.48735,Kitzmannring,Niedrig,Abgeschlossen,Opfer,2025-06-27,3,42850.44,4,1
AZ-2023-003820,Drogendelikt,2023-10-11,17:19,Nieder-Erlenbach,50.183006,8.522392,Susana-Rogner-Gasse,Mittel,Ermittlung läuft,Notruf,,3,14803.9,5,9
AZ-2024-003821,Beleidigung,2025-07-26,19:03,Hausen,50.097025,8.498878,Losekannplatz,Mittel,Ermittlung läuft,Notruf,,1,21564.54,4,4
AZ-2023-003822,Erpressung,2024-05-25,21:33,Frankfurter Berg,50.187441,8.47734,Robert-Paffrath-Straße,Dringend,Ermittlung läuft,Anonym,,1,24086.12,4,4
AZ-2023-003823,Körperverletzung,2024-07-03,13:20,Bockenheim,50.015858,8.520362,Blochstraße,Mittel,Abgeschlossen,Anonym,2024-10-21,1,1043.93,2,6
AZ-2024-003824,Betrug,2023-12-24,22:57,Dornbusch,50.044955,8.519113,Koch IIgasse,Hoch,Ermittlung läuft,Zeuge,,4,25787.54,4,2
AZ-2023-003825,Beleidigung,2024-06-04,17:37,Sachsenhausen-Süd,50.11255,8.691552,Friedhilde-Kranz-Allee,Mittel,Abgeschlossen,Opfer,2024-10-27,2,36364.35,3,12
AZ-2024-003826,Sachbeschädigung,2023-09-02,19:37,Sossenheim,50.023172,8.703965,Gudering,Mittel,Abgeschlossen,Zeuge,2023-10-20,2,22304.65,5,10
AZ-2024-003827,Betrug,2024-01-01,02:49,Praunheim,50.134162,8.742734,Romuald-Gierschner-Weg,Mittel,Ermittlung läuft,Notruf,,1,43664.6,4,15
AZ-2023-003828,Diebstahl,2024-06-23,08:10,Zeilsheim,50.076783,8.695992,Radischstr.,Mittel,Gerichtlich,Notruf,2025-06-01,3,40291.45,5,1
AZ-2024-003829,Beleidigung,2024-03-10,14:53,Westend-Süd,50.055017,8.712824,Pohlstraße,Niedrig,Ermittlung läuft,Anonym,,2,0.0,3,15
AZ-2025-003830,Unterschlagung,2024-05-13,13:47,Preungesheim,50.151882,8.78501,Hannelore-Binner-Allee,Dringend,Abgeschlossen,Notruf,2025-01-22,1,45585.34,2,14
AZ-2023-003831,Betrug,2024-04-24,07:14,Bergen-Enkheim,50.055029,8.541494,Veronica-Dörschner-Platz,Mittel,Ermittlung läuft,Anonym,,3,2800.93,3,9
AZ-2023-003832,Betrug,2025-07-28,12:48,Nieder-Erlenbach,50.125146,8.623974,Bernhard-Beier-Weg,Niedrig,Ermittlung läuft,Notruf,,4,0.0,4,1
AZ-2023-003833,Computerbetrug,2024-12-24,05:10,Unterliederbach,50.03891,8.621092,Henckgasse,Dringend,Ermittlung läuft,Opfer,,4,0.0,0,15
AZ-2024-003834,Computerbetrug,2023-02-16,02:07,Sindlingen,50.07442,8.69948,Karl-August-Hecker-Weg,Hoch,Abgeschlossen,Notruf,2024-01-15,2,2156.79,3,14
AZ-2025-003835,Verkehrsdelikt,2024-09-13,09:16,Bahnhofsviertel,50.157234,8.656879,Kreinstraße,Niedrig,Abgeschlossen,Notruf,2025-07-27,4,25968.31,5,1
AZ-2023-003836,Beleidigung,2024-04-26,00:51,Bornheim,50.066546,8.718411,Heinz-Walter-Wagner-Allee,Niedrig,Ermittlung läuft,Zeuge,,2,0.0,0,15
AZ-2025-003837,Beleidigung,2023-09-04,10:45,Gallus,50.138233,8.797569,Oderwaldplatz,Mittel,Ermittlung läuft,Zeuge,,2,42802.31,0,6
AZ-2023-003838,Betrug,2025-01-26,08:13,Rödelheim,50.180886,8.616655,Lilija-Haase-Ring,Hoch,Ermittlung läuft,Zeuge,,3,25743.0,5,3
AZ-2025-003839,Erpressung,2025-10-18,22:23,Bockenheim,50.098244,8.517306,Trappstr.,Mittel,Abgeschlossen,Notruf,2026-08-10,1,7162.51,4,7
AZ-2024-003840,Computerbetrug,2025-03-22,06:55,Niederursel,50.022019,8.530554,Wagnergasse,Dringend,Abgeschlossen,Anonym,2026-02-14,4,45389.89,1,2
AZ-2025-003841,Drogendelikt,2025-03-04,18:04,Sindlingen,50.113159,8.629334,Hans-Georg-Paffrath-Allee,Dringend,Gerichtlich,Patrouille,2025-07-20,3,29330.24,0,11
AZ-2024-003842,Raub,2023-06-17,01:06,Bockenheim,50.135402,8.616435,Warmerring,Dringend,Ermittlung läuft,Opfer,,1,49594.52,5,1
AZ-2025-003843,Bedrohung,2025-10-09,04:21,Sachsenhausen-Süd,50.16877,8.477412,Gustav-Jopich-Allee,Dringend,Abgeschlossen,Opfer,2026-01-13,4,41569.91,1,3
AZ-2025-003844,Einbruchdiebstahl,2024-12-05,05:31,Ostend,50.041494,8.494645,Guiseppe-Gotthard-Ring,Mittel,Eingestellt,Patrouille,2025-11-18,1,19185.38,1,5
AZ-2023-003845,Beleidigung,2025-05-05,14:28,Sindlingen,50.094051,8.624561,Faustgasse,Hoch,Eingestellt,Notruf,2026-03-06,1,35122.77,2,12
AZ-2024-003846,Bedrohung,2024-11-09,20:58,Rödelheim,50.125476,8.731905,Lorchring,Dringend,Abgeschlossen,Anonym,2024-12-17,4,0.0,5,9
AZ-2024-003847,Urkundenfälschung,2025-03-31,05:39,Gallus,50.031805,8.635181,Hans Dieter-Hettner-Gasse,Niedrig,Ermittlung läuft,Patrouille,,2,29851.69,4,2
AZ-2023-003848,Computerbetrug,2023-06-24,00:01,Hausen,50.167936,8.626452,Hannah-Wesack-Gasse,Mittel,Ermittlung läuft,Notruf,,2,12507.13,4,15
AZ-2025-003849,Sachbeschädigung,2023-04-08,06:58,Nordend-West,50.072189,8.712467,Mühlestr.,Mittel,Ermittlung läuft,Anonym,,2,0.0,2,9
AZ-2024-003850,Unterschlagung,2025-01-26,08:42,Sachsenhausen-Süd,50.15337,8.771196,Adele-Hentschel-Straße,Dringend,Abgeschlossen,Anonym,2025-06-27,2,0.0,3,14
AZ-2025-003851,Urkundenfälschung,2023-06-05,14:19,Zeilsheim,50.181573,8.655042,Baptist-Bachmann-Weg,Hoch,Ermittlung läuft,Opfer,,1,18796.02,1,15
AZ-2023-003852,Raub,2025-05-28,19:34,Harheim,50.096476,8.500012,Heidrichstr.,Mittel,Eingestellt,Zeuge,2025-09-09,4,38571.87,4,0
AZ-2023-003853,Raub,2023-05-24,05:32,Fechenheim,50.185363,8.781164,Katherina-Finke-Gasse,Niedrig,Gerichtlich,Patrouille,2023-08-29,4,1680.12,3,5
AZ-2023-003854,Urkundenfälschung,2023-12-16,22:20,Höchst,50.12441,8.534974,Leif-Wähner-Ring,Hoch,Eingestellt,Patrouille,2024-02-13,2,9164.39,4,5
AZ-2023-003855,Diebstahl,2025-10-21,08:01,Bornheim,50.171054,8.588386,Noackweg,Hoch,Abgeschlossen,Opfer,2025-12-17,2,0.0,0,5
AZ-2024-003856,Hausfriedensbruch,2025-10-21,20:07,Höchst,50.101665,8.67464,Ritterring,Dringend,Ermittlung läuft,Anonym,,2,0.0,0,15
AZ-2024-003857,Körperverletzung,2023-12-14,19:47,Nied,50.125706,8.542864,Herrmannring,Mittel,Ermittlung läuft,Notruf,,4,34110.99,2,3
AZ-2025-003858,Computerbetrug,2024-09-12,23:41,Nieder-Eschbach,50.122183,8.596901,Aumannallee,Niedrig,Ermittlung läuft,Anonym,,3,3414.23,1,0
AZ-2023-003859,Hausfriedensbruch,2025-11-07,23:17,Eckenheim,50.078049,8.730907,Jacobi Jäckelweg,Hoch,Gerichtlich,Zeuge,2026-06-20,3,26978.42,5,11
AZ-2024-003860,Computerbetrug,2024-03-14,22:16,Sindlingen,50.173233,8.487419,Pohlallee,Mittel,Ermittlung läuft,Anonym,,4,48730.46,4,15
AZ-2023-003861,Betrug,2023-12-04,04:55,Eschersheim,50.100067,8.710997,Dowergring,Mittel,Gerichtlich,Patrouille,2024-06-01,2,40588.07,5,5
AZ-2024-003862,Hausfriedensbruch,2024-01-14,15:10,Nieder-Eschbach,50.173445,8.694203,Gebhard-Langern-Platz,Hoch,Ermittlung läuft,Zeuge,,2,22646.65,2,4
AZ-2025-003863,Verkehrsdelikt,2024-11-07,08:50,Zeilsheim,50.041732,8.674945,Ole-Oestrovsky-Gasse,Mittel,Abgeschlossen,Anonym,2025-06-27,1,15967.05,0,13
AZ-2023-003864,Erpressung,2024-02-17,17:00,Dornbusch,50.087781,8.630369,Cilly-Weihmann-Allee,Niedrig,Abgeschlossen,Notruf,2024-05-26,2,6811.29,4,3
AZ-2024-003865,Einbruchdiebstahl,2025-10-20,12:17,Preungesheim,50.086994,8.565713,Klingelhöferplatz,Niedrig,Abgeschlossen,Opfer,2026-02-15,1,30572.39,3,10
AZ-2025-003866,Einbruchdiebstahl,2023-02-09,21:53,Westend-Nord,50.109066,8.655813,Hans-Jürgen-Kostolzin-Allee,Mittel,Ermittlung läuft,Opfer,,2,35656.05,0,4
AZ-2025-003867,Beleidigung,2023-10-04,18:14,Dornbusch,50.029761,8.631934,Wally-Höfig-Allee,Dringend,Gerichtlich,Opfer,2023-11-12,4,46280.66,5,1
AZ-2023-003868,Raub,2024-12-18,17:16,Praunheim,50.020989,8.473959,Putzplatz,Niedrig,Ermittlung läuft,Notruf,,3,4019.24,1,13
AZ-2024-003869,Verkehrsdelikt,2023-05-15,01:34,Westend-Nord,50.073789,8.537922,Stiebitzring,Dringend,Abgeschlossen,Zeuge,2023-10-03,2,2507.17,4,15
AZ-2025-003870,Hausfriedensbruch,2025-01-07,10:32,Nied,50.174788,8.665666,Kreinstr.,Niedrig,Eingestellt,Notruf,2025-04-23,4,2157.3,3,10
AZ-2025-003871,Verkehrsdelikt,2023-06-09,03:36,Dornbusch,50.114664,8.565753,Hofmannring,Mittel,Abgeschlossen,Opfer,2024-03-01,1,22629.52,4,10
AZ-2024-003872,Diebstahl,2024-08-23,10:29,Innenstadt,50.100862,8.695608,Athanasios-Sager-Weg,Hoch,Ermittlung läuft,Patrouille,,2,39567.32,3,9
AZ-2025-003873,Computerbetrug,2024-04-19,05:54,Westend-Nord,50.070472,8.791509,Schmidtkegasse,Hoch,Abgeschlossen,Notruf,2024-10-29,3,0.0,3,1
AZ-2025-003874,Unterschlagung,2023-06-22,20:22,Riederwald,50.044134,8.603513,Metzstr.,Niedrig,Eingestellt,Anonym,2024-01-11,1,6289.24,4,4
AZ-2025-003875,Urkundenfälschung,2023-02-24,01:35,Unterliederbach,50.086648,8.739788,Hövelgasse,Hoch,Ermittlung läuft,Notruf,,1,34311.48,5,9
AZ-2025-003876,Sachbeschädigung,2024-02-16,05:15,Sossenheim,50.140014,8.648702,Alexandra-Stolze-Platz,Mittel,Abgeschlossen,Opfer,2024-08-09,1,0.0,1,4
AZ-2023-003877,Bedrohung,2025-01-02,09:32,Frankfurter Berg,50.119033,8.525985,Stiffelplatz,Niedrig,Ermittlung läuft,Notruf,,4,10382.06,3,14
AZ-2023-003878,Diebstahl,2023-06-29,01:36,Nordend-West,50.042298,8.648114,Scholzstr.,Niedrig,Ermittlung läuft,Opfer,,2,19959.34,0,14
AZ-2025-003879,Erpressung,2023-01-27,16:45,Riederwald,50.158308,8.573169,Laurenz-Neuschäfer-Ring,Niedrig,Abgeschlossen,Notruf,2023-08-29,2,34739.12,3,11
AZ-2023-003880,Betrug,2023-01-08,04:55,Westend-Süd,50.183089,8.525072,Luise-Hornig-Gasse,Mittel,Abgeschlossen,Anonym,2023-06-15,1,10066.33,1,14
AZ-2024-003881,Bedrohung,2024-11-02,18:57,Sindlingen,50.101607,8.786537,Benthinplatz,Dringend,Ermittlung läuft,Zeuge,,4,0.0,1,6
AZ-2025-003882,Diebstahl,2024-03-11,16:01,Nied,50.135422,8.72254,Scheelgasse,Niedrig,Ermittlung läuft,Notruf,,4,45328.27,2,12
AZ-2023-003883,Verkehrsdelikt,2023-02-10,17:14,Nieder-Eschbach,50.115642,8.595085,Adele-Jäkel-Gasse,Hoch,Ermittlung läuft,Zeuge,,4,42818.43,1,3
AZ-2025-003884,Verkehrsdelikt,2023-09-28,06:14,Niederursel,50.072394,8.695889,Kitzmannweg,Dringend,Ermittlung läuft,Opfer,,1,14335.97,5,0
AZ-2025-003885,Drogendelikt,2024-03-29,14:22,Höchst,50.03416,8.563905,Berend-Hermann-Platz,Mittel,Ermittlung läuft,Opfer,,4,43904.04,5,4
AZ-2024-003886,Sachbeschädigung,2025-06-30,16:25,Riederwald,50.1612,8.567078,Hölzenbecherallee,Hoch,Ermittlung läuft,Patrouille,,3,49165.53,0,4
AZ-2025-003887,Erpressung,2023-05-16,21:38,Bergen-Enkheim,50.160622,8.558116,Ute-Christoph-Allee,Hoch,Abgeschlossen,Opfer,2024-03-08,3,0.0,2,11
AZ-2023-003888,Raub,2024-04-29,00:05,Schwanheim,50.080663,8.658722,Fechnerweg,Hoch,Eingestellt,Patrouille,2024-11-20,3,29370.32,0,8
AZ-2025-003889,Unterschlagung,2024-10-03,04:49,Griesheim,50.039629,8.681886,Steve-Sauer-Gasse,Dringend,Gerichtlich,Zeuge,2024-10-12,4,0.0,5,13
AZ-2023-003890,Einbruchdiebstahl,2023-02-15,09:08,Altstadt,50.187118,8.504578,Hartmanngasse,Dringend,Ermittlung läuft,Anonym,,4,17683.61,0,1
AZ-2025-003891,Drogendelikt,2023-05-04,16:18,Eckenheim,50.068925,8.585832,Klappplatz,Dringend,Abgeschlossen,Opfer,2023-10-18,2,0.0,0,10
AZ-2024-003892,Sachbeschädigung,2024-06-29,09:51,Berkersheim,50.030932,8.585879,Löchelstraße,Mittel,Ermittlung läuft,Anonym,,2,40417.01,3,1
AZ-2025-003893,Sachbeschädigung,2025-08-11,00:53,Sachsenhausen-Nord,50.137316,8.683929,Rosalinde-Heß-Ring,Hoch,Ermittlung läuft,Anonym,,2,31635.52,4,10
AZ-2023-003894,Diebstahl,2023-06-19,14:56,Nied,50.039974,8.571766,Gerlachstr.,Hoch,Ermittlung läuft,Anonym,,2,34354.9,3,12
AZ-2023-003895,Verkehrsdelikt,2023-09-23,14:56,Kalbach-Riedberg,50.045618,8.584458,Stiebitzring,Hoch,Ermittlung läuft,Opfer,,2,0.0,3,5
AZ-2025-003896,Beleidigung,2023-09-19,10:03,Hausen,50.069734,8.541178,Hedda-Wilmsen-Platz,Mittel,Abgeschlossen,Opfer,2024-01-10,1,0.0,3,8
AZ-2024-003897,Bedrohung,2025-05-18,15:23,Seckbach,50.059814,8.490432,Ernststraße,Hoch,Gerichtlich,Zeuge,2025-06-09,3,3084.89,4,15
AZ-2023-003898,Sachbeschädigung,2023-08-04,01:52,Niederursel,50.182615,8.56261,Kurt-Jäkel-Gasse,Niedrig,Gerichtlich,Patrouille,2024-07-30,1,2670.27,4,7
AZ-2024-003899,Hausfriedensbruch,2024-06-04,01:42,Nieder-Erlenbach,50.140438,8.489989,Rosenowweg,Dringend,Abgeschlossen,Anonym,2025-01-06,3,19614.69,2,9
AZ-2024-003900,Raub,2023-11-15,05:22,Preungesheim,50.09859,8.599969,Ritterplatz,Hoch,Ermittlung läuft,Notruf,,3,7077.21,1,15
AZ-2025-003901,Drogendelikt,2025-10-08,10:01,Bornheim,50.052834,8.735621,Zänkerallee,Dringend,Ermittlung läuft,Patrouille,,3,0.0,1,5
AZ-2025-003902,Urkundenfälschung,2023-07-04,13:24,Gallus,50.187964,8.588536,Dietzplatz,Niedrig,Ermittlung läuft,Patrouille,,4,0.0,2,5
AZ-2025-003903,Sachbeschädigung,2023-02-14,23:58,Zeilsheim,50.072261,8.761028,Täschering,Niedrig,Abgeschlossen,Opfer,2024-01-27,3,0.0,4,7
AZ-2024-003904,Beleidigung,2025-02-23,22:13,Schwanheim,50.150793,8.798254,Mosemannring,Hoch,Ermittlung läuft,Opfer,,2,10005.09,2,15
AZ-2024-003905,Unterschlagung,2025-08-16,20:27,Unterliederbach,50.17219,8.7072,Mohauptstraße,Hoch,Ermittlung läuft,Anonym,,2,40192.91,2,9
AZ-2024-003906,Sachbeschädigung,2025-03-06,19:37,Nieder-Eschbach,50.136655,8.760778,Misichergasse,Niedrig,Gerichtlich,Opfer,2025-09-05,4,46341.05,4,3
AZ-2025-003907,Computerbetrug,2024-07-03,21:49,Nieder-Eschbach,50.071153,8.755444,Vanessa-Wilms-Straße,Mittel,Abgeschlossen,Notruf,2025-06-03,4,31203.08,3,10
AZ-2024-003908,Urkundenfälschung,2023-02-18,10:25,Preungesheim,50.182346,8.585862,Kathi-Etzold-Weg,Niedrig,Ermittlung läuft,Zeuge,,4,40329.89,5,3
AZ-2025-003909,Diebstahl,2025-04-02,19:55,Nieder-Erlenbach,50.033792,8.594091,Zimmerplatz,Niedrig,Ermittlung läuft,Notruf,,1,21919.0,1,14
AZ-2024-003910,Urkundenfälschung,2023-01-17,02:46,Ostend,50.089636,8.542127,Eckbauerstr.,Dringend,Ermittlung läuft,Opfer,,3,0.0,3,1
AZ-2024-003911,Erpressung,2025-02-05,20:56,Nied,50.087681,8.723986,Blochallee,Niedrig,Gerichtlich,Patrouille,2025-04-02,3,0.0,1,12
AZ-2023-003912,Erpressung,2023-09-14,23:49,Zeilsheim,50.162543,8.569537,Eberthstraße,Niedrig,Ermittlung läuft,Opfer,,2,0.0,5,3
AZ-2023-003913,Körperverletzung,2023-03-07,22:30,Riederwald,50.076216,8.620145,Vincenzo-Wiek-Weg,Mittel,Eingestellt,Opfer,2023-05-17,1,10141.06,2,1
AZ-2024-003914,Betrug,2024-10-26,13:45,Nordend-West,50.158948,8.798026,Blochgasse,Niedrig,Ermittlung läuft,Zeuge,,3,19755.09,0,2
AZ-2023-003915,Raub,2025-03-02,23:29,Kalbach-Riedberg,50.026994,8.648254,Jurij-Seip-Gasse,Niedrig,Eingestellt,Patrouille,2026-02-05,3,18081.23,1,3
AZ-2025-003916,Verkehrsdelikt,2023-08-07,07:06,Nieder-Eschbach,50.067615,8.617382,Scheibegasse,Mittel,Ermittlung läuft,Patrouille,,1,0.0,5,0
AZ-2023-003917,Beleidigung,2024-12-01,08:44,Nied,50.176715,8.60706,Rosemannstraße,Dringend,Ermittlung läuft,Opfer,,3,0.0,4,3
AZ-2024-003918,Computerbetrug,2024-01-24,02:18,Altstadt,50.150664,8.564317,Bolandergasse,Mittel,Eingestellt,Zeuge,2024-05-29,4,42510.83,5,11
AZ-2024-003919,Beleidigung,2024-07-21,10:34,Nied,50.046822,8.52501,Hilma-Haase-Weg,Niedrig,Ermittlung läuft,Opfer,,1,2718.86,3,15
AZ-2024-003920,Hausfriedensbruch,2023-09-17,10:11,Ginnheim,50.150207,8.71147,Caren-Weihmann-Straße,Hoch,Abgeschlossen,Patrouille,2023-12-31,1,29437.47,3,14
AZ-2023-003921,Diebstahl,2025-09-28,09:41,Harheim,50.146862,8.474548,Hellmuth-Steuer-Allee,Dringend,Ermittlung läuft,Opfer,,3,0.0,5,15
AZ-2024-003922,Betrug,2023-07-30,00:43,Preungesheim,50.045074,8.617751,Kurt-Schottin-Ring,Mittel,Abgeschlossen,Notruf,2023-12-15,2,34417.09,4,14
AZ-2023-003923,Betrug,2023-09-15,09:33,Gallus,50.188913,8.747264,Magret-Neureuther-Weg,Hoch,Abgeschlossen,Opfer,2024-08-03,3,0.0,1,14
AZ-2024-003924,Verkehrsdelikt,2025-07-02,08:41,Nieder-Erlenbach,50.119241,8.535127,Erdal-Börner-Gasse,Niedrig,Ermittlung läuft,Opfer,,4,16974.97,3,15
AZ-2025-003925,Betrug,2024-11-17,04:10,Frankfurter Berg,50.029851,8.695958,Dörte-Dussen van-Weg,Niedrig,Ermittlung läuft,Zeuge,,3,0.0,1,6
AZ-2025-003926,Sachbeschädigung,2024-07-29,04:59,Nied,50.055697,8.743432,Ivan-Haase-Gasse,Hoch,Gerichtlich,Patrouille,2024-11-09,2,1644.04,0,4
AZ-2025-003927,Einbruchdiebstahl,2023-07-18,10:42,Höchst,50.112747,8.604158,Barthallee,Mittel,Abgeschlossen,Notruf,2023-11-24,3,36537.14,2,2
AZ-2024-003928,Urkundenfälschung,2025-09-09,17:44,Dornbusch,50.035558,8.544112,Kreingasse,Hoch,Eingestellt,Patrouille,2026-09-06,2,29823.64,3,15
AZ-2023-003929,Körperverletzung,2024-01-24,15:54,Kalbach-Riedberg,50.07109,8.763348,Kunibert-Lachmann-Straße,Dringend,Ermittlung läuft,Zeuge,,4,20002.72,1,9
AZ-2024-003930,Unterschlagung,2024-01-14,16:51,Ostend,50.029709,8.583247,Mariana-Heinz-Weg,Mittel,Ermittlung läuft,Patrouille,,4,37808.72,5,8
AZ-2024-003931,Beleidigung,2023-08-22,02:59,Unterliederbach,50.061918,8.482367,Schmidtkeweg,Hoch,Abgeschlossen,Notruf,2024-08-08,4,48861.32,3,15
AZ-2023-003932,Unterschlagung,2024-07-14,19:57,Nordend-Ost,50.079164,8.546012,Sontagstr.,Mittel,Ermittlung läuft,Patrouille,,3,41076.79,1,7
AZ-2023-003933,Betrug,2024-09-10,21:38,Kalbach-Riedberg,50.167245,8.507619,Steven-Fiebig-Allee,Mittel,Ermittlung läuft,Zeuge,,3,1817.28,4,13
AZ-2025-003934,Hausfriedensbruch,2025-07-05,13:47,Niederursel,50.152301,8.499472,Hans-Friedrich-Faust-Allee,Mittel,Eingestellt,Opfer,2026-06-20,3,0.0,2,12
AZ-2025-003935,Betrug,2025-09-21,18:53,Sossenheim,50.146757,8.726407,Götz-Pergande-Allee,Hoch,Ermittlung läuft,Opfer,,1,32130.7,1,15
AZ-2023-003936,Urkundenfälschung,2024-03-12,10:40,Rödelheim,50.125362,8.642313,Willy-Naser-Ring,Niedrig,Abgeschlossen,Notruf,2024-06-08,4,13196.34,2,14
AZ-2023-003937,Drogendelikt,2025-06-13,16:58,Nordend-West,50.015585,8.492766,Stahrgasse,Hoch,Abgeschlossen,Patrouille,2025-08-26,1,49258.35,3,15
AZ-2025-003938,Erpressung,2023-06-18,16:45,Rödelheim,50.025237,8.50936,Kochweg,Dringend,Eingestellt,Patrouille,2024-06-10,1,13593.32,4,2
AZ-2023-003939,Hausfriedensbruch,2024-09-04,22:56,Ostend,50.128919,8.687376,Kreinstraße,Dringend,Abgeschlossen,Patrouille,2025-06-11,2,15575.21,1,14
AZ-2025-003940,Raub,2024-09-27,00:18,Nieder-Erlenbach,50.192377,8.745773,Vitali-Lindau-Straße,Mittel,Ermittlung läuft,Notruf,,1,2472.73,1,11
AZ-2023-003941,Diebstahl,2025-07-16,21:17,Ostend,50.030718,8.657819,André-Hölzenbecher-Straße,Hoch,Ermittlung läuft,Anonym,,2,0.0,0,3
AZ-2024-003942,Hausfriedensbruch,2023-11-05,17:40,Frankfurter Berg,50.135154,8.65881,Carmela-Krebs-Gasse,Mittel,Ermittlung läuft,Notruf,,2,0.0,2,1
AZ-2025-003943,Erpressung,2023-05-27,00:35,Bornheim,50.166334,8.560086,Beerweg,Hoch,Abgeschlossen,Notruf,2024-01-15,1,16109.85,5,1
AZ-2025-003944,Einbruchdiebstahl,2025-03-04,08:09,Nieder-Eschbach,50.043575,8.751542,Bergerring,Dringend,Abgeschlossen,Notruf,2025-12-06,1,40001.48,2,9
AZ-2025-003945,Hausfriedensbruch,2023-06-05,05:05,Preungesheim,50.065709,8.596502,Volkmar-Ullrich-Straße,Mittel,Ermittlung läuft,Notruf,,1,7310.76,1,7
AZ-2023-003946,Sachbeschädigung,2024-11-15,04:25,Nordend-West,50.188469,8.540795,Andersplatz,Dringend,Ermittlung läuft,Zeuge,,3,44768.21,3,5
AZ-2025-003947,Drogendelikt,2025-11-04,08:31,Westend-Süd,50.105679,8.788159,Ottoallee,Hoch,Abgeschlossen,Notruf,2026-04-14,1,0.0,4,8
AZ-2024-003948,Unterschlagung,2024-05-16,16:55,Unterliederbach,50.087887,8.486479,Nicolas-Trapp-Weg,Hoch,Eingestellt,Anonym,2024-11-19,4,39254.48,4,10
AZ-2025-003949,Sachbeschädigung,2024-04-17,23:08,Griesheim,50.096093,8.582237,Peukertgasse,Niedrig,Ermittlung läuft,Opfer,,4,43725.07,4,6
AZ-2023-003950,Beleidigung,2023-09-15,12:46,Fechenheim,50.156235,8.775549,Gerhild-Flantz-Ring,Hoch,Ermittlung läuft,Notruf,,3,43370.84,5,6
AZ-2024-003951,Körperverletzung,2025-03-15,17:12,Nordend-West,50.016539,8.543698,Miesweg,Dringend,Abgeschlossen,Patrouille,2025-12-15,1,47801.49,0,4
AZ-2023-003952,Bedrohung,2023-03-22,08:53,Berkersheim,50.073784,8.576146,Karl-Heinrich-Ziegert-Allee,Dringend,Abgeschlossen,Opfer,2023-08-30,4,0.0,5,3
AZ-2024-003953,Urkundenfälschung,2024-03-03,19:09,Westend-Süd,50.174218,8.541144,Kreuselgasse,Mittel,Eingestellt,Zeuge,2024-05-20,1,0.0,4,5
AZ-2025-003954,Diebstahl,2023-03-04,09:41,Schwanheim,50.183866,8.713793,Kohlstraße,Niedrig,Abgeschlossen,Opfer,2023-12-24,2,0.0,3,6
AZ-2023-003955,Erpressung,2025-10-09,20:30,Seckbach,50.12247,8.498505,Christine-Trommler-Weg,Mittel,Abgeschlossen,Anonym,2026-04-11,2,3396.41,1,14
AZ-2025-003956,Unterschlagung,2023-01-30,23:18,Altstadt,50.100374,8.559618,Ehlertweg,Hoch,Ermittlung läuft,Zeuge,,4,30096.32,0,2
AZ-2025-003957,Einbruchdiebstahl,2024-04-07,19:09,Unterliederbach,50.172152,8.606967,Schachtstr.,Mittel,Abgeschlossen,Anonym,2024-07-23,2,28048.31,0,7
AZ-2024-003958,Bedrohung,2023-01-29,22:01,Hausen,50.184139,8.656363,Sauerstr.,Dringend,Abgeschlossen,Opfer,2023-05-27,4,0.0,5,1
AZ-2023-003959,Hausfriedensbruch,2024-08-04,15:43,Höchst,50.066939,8.591655,Börnergasse,Hoch,Abgeschlossen,Anonym,2025-06-17,1,32260.48,0,12
AZ-2023-003960,Hausfriedensbruch,2024-08-13,21:57,Bockenheim,50.186012,8.732159,Mona-Wagner-Platz,Mittel,Ermittlung läuft,Zeuge,,4,28971.11,2,6
AZ-2025-003961,Körperverletzung,2023-10-29,01:04,Nieder-Erlenbach,50.194225,8.65553,Dursun-Stadelmann-Gasse,Niedrig,Gerichtlich,Notruf,2023-11-24,2,0.0,5,4
AZ-2024-003962,Körperverletzung,2025-10-16,09:47,Dornbusch,50.159165,8.501734,Stiebitzstraße,Niedrig,Abgeschlossen,Anonym,2026-02-21,2,47013.24,2,4
AZ-2024-003963,Unterschlagung,2024-11-25,07:31,Nordend-West,50.063009,8.720648,Wesackplatz,Hoch,Ermittlung läuft,Anonym,,3,24970.87,1,6
AZ-2023-003964,Erpressung,2023-09-25,16:42,Zeilsheim,50.024952,8.493567,Egon-Gertz-Allee,Niedrig,Abgeschlossen,Zeuge,2023-11-12,3,36947.36,3,5
AZ-2023-003965,Raub,2024-05-06,09:57,Dornbusch,50.135511,8.755745,Wendestraße,Niedrig,Ermittlung läuft,Patrouille,,4,0.0,0,12
AZ-2024-003966,Urkundenfälschung,2023-11-19,13:53,Sindlingen,50.176218,8.782251,Burkhard-Schmidtke-Ring,Dringend,Abgeschlossen,Anonym,2024-04-18,4,0.0,3,13
AZ-2023-003967,Urkundenfälschung,2025-06-15,22:11,Dornbusch,50.037561,8.756958,Arne-Weiß-Gasse,Dringend,Abgeschlossen,Patrouille,2026-01-21,1,0.0,0,9
AZ-2025-003968,Betrug,2023-05-10,01:46,Bergen-Enkheim,50.145944,8.521215,Wiekring,Mittel,Ermittlung läuft,Zeuge,,4,5790.24,3,5
AZ-2025-003969,Hausfriedensbruch,2024-10-27,03:20,Dornbusch,50.107485,8.795159,Stefania-Gertz-Ring,Dringend,Eingestellt,Zeuge,2025-07-19,3,0.0,4,0
AZ-2024-003970,Bedrohung,2025-02-03,01:32,Nordend-West,50.130842,8.714899,Hildburg-Mende-Straße,Niedrig,Ermittlung läuft,Patrouille,,2,37984.93,3,6
AZ-2024-003971,Sachbeschädigung,2023-02-14,16:53,Bornheim,50.162942,8.58072,Fanny-Ruppersberger-Weg,Mittel,Abgeschlossen,Opfer,2023-11-26,3,0.0,1,7
AZ-2024-003972,Bedrohung,2024-01-29,10:35,Griesheim,50.137999,8.496241,Hans-Michael-Herrmann-Straße,Dringend,Abgeschlossen,Zeuge,2024-05-04,1,0.0,1,10
AZ-2025-003973,Urkundenfälschung,2023-10-13,06:21,Nordend-West,50.093595,8.625651,Stiebitzring,Hoch,Eingestellt,Notruf,2023-11-01,1,46938.57,4,6
AZ-2024-003974,Computerbetrug,2023-12-09,16:25,Rödelheim,50.032232,8.504774,Hans-Wolfgang-Weihmann-Platz,Hoch,Eingestellt,Opfer,2024-04-29,3,5615.08,5,4
AZ-2024-003975,Bedrohung,2024-09-21,11:42,Frankfurter Berg,50.146253,8.685518,Rädelallee,Mittel,Ermittlung läuft,Opfer,,2,0.0,0,6
AZ-2024-003976,Beleidigung,2023-04-01,21:42,Ostend,50.113554,8.498676,Diedrich-Säuberlich-Gasse,Hoch,Eingestellt,Opfer,2023-09-28,3,0.0,3,4
AZ-2024-003977,Erpressung,2023-11-08,11:53,Seckbach,50.147069,8.667664,Hansjürgen-Beer-Platz,Niedrig,Abgeschlossen,Anonym,2023-12-02,3,22161.26,1,7
AZ-2025-003978,Computerbetrug,2024-03-13,02:11,Berkersheim,50.171914,8.700676,Oskar-Wohlgemut-Straße,Hoch,Eingestellt,Patrouille,2025-01-28,4,17050.84,5,1
AZ-2024-003979,Computerbetrug,2023-11-17,04:00,Dornbusch,50.082358,8.650427,Miodrag-Gorlitz-Allee,Mittel,Abgeschlossen,Notruf,2023-12-03,3,0.0,1,8
AZ-2024-003980,Drogendelikt,2025-03-22,10:04,Nordend-Ost,50.081548,8.779719,Grein Grothallee,Niedrig,Abgeschlossen,Opfer,2026-03-13,1,0.0,2,1
AZ-2023-003981,Urkundenfälschung,2025-07-17,18:57,Zeilsheim,50.064418,8.473817,Cecilia-Mühle-Weg,Dringend,Abgeschlossen,Zeuge,2025-11-16,1,28080.51,5,7
AZ-2023-003982,Betrug,2023-08-13,14:51,Unterliederbach,50.164826,8.710204,Klemmstr.,Niedrig,Ermittlung läuft,Patrouille,,3,0.0,1,14
AZ-2024-003983,Körperverletzung,2024-10-18,06:06,Kalbach-Riedberg,50.038629,8.794861,Luzie-Börner-Straße,Mittel,Abgeschlossen,Opfer,2025-04-10,3,44881.4,5,1
AZ-2023-003984,Unterschlagung,2023-03-09,04:20,Kalbach-Riedberg,50.166048,8.58159,Schomberstraße,Mittel,Abgeschlossen,Patrouille,2023-11-23,1,9252.09,4,15
AZ-2025-003985,Einbruchdiebstahl,2024-07-01,00:42,Nieder-Erlenbach,50.081956,8.683582,Cathleen-Budig-Platz,Mittel,Abgeschlossen,Opfer,2025-03-16,3,0.0,4,1
AZ-2025-003986,Unterschlagung,2023-11-24,13:19,Kalbach-Riedberg,50.129474,8.664015,Ditschleringasse,Hoch,Ermittlung läuft,Zeuge,,4,47001.52,5,8
AZ-2025-003987,Computerbetrug,2024-08-07,15:29,Riederwald,50.102285,8.675871,Heinrichgasse,Mittel,Abgeschlossen,Anonym,2024-11-17,2,0.0,2,2
AZ-2025-003988,Bedrohung,2025-01-21,23:41,Gallus,50.161323,8.756528,Barkholzplatz,Mittel,Abgeschlossen,Zeuge,2025-06-05,3,0.0,4,8
AZ-2024-003989,Einbruchdiebstahl,2023-08-17,11:57,Nieder-Erlenbach,50.164354,8.698528,Hermannstraße,Hoch,Abgeschlossen,Opfer,2024-05-11,2,45326.35,1,3
AZ-2023-003990,Unterschlagung,2024-06-22,20:59,Innenstadt,50.12468,8.546553,Börnerallee,Niedrig,Ermittlung läuft,Zeuge,,2,3511.56,5,9
AZ-2023-003991,Körperverletzung,2023-01-26,15:22,Unterliederbach,50.11779,8.648328,Wencke-Hövel-Gasse,Dringend,Ermittlung läuft,Opfer,,3,36974.21,2,7
AZ-2024-003992,Hausfriedensbruch,2023-05-02,10:13,Nied,50.061937,8.718897,Monique-Pohl-Weg,Hoch,Ermittlung läuft,Zeuge,,2,27730.22,4,3
AZ-2025-003993,Computerbetrug,2025-03-18,02:14,Sossenheim,50.030344,8.762181,Kuhlstr.,Niedrig,Gerichtlich,Notruf,2026-02-22,2,40920.72,3,3
AZ-2025-003994,Computerbetrug,2024-09-21,12:14,Unterliederbach,50.067959,8.647164,Benita-Thanel-Gasse,Dringend,Ermittlung läuft,Opfer,,4,0.0,1,5
AZ-2023-003995,Hausfriedensbruch,2024-02-13,16:14,Praunheim,50.101662,8.574397,Hesseweg,Mittel,Eingestellt,Notruf,2024-04-24,3,0.0,3,11
AZ-2023-003996,Bedrohung,2024-12-03,17:20,Sachsenhausen-Süd,50.081007,8.776036,Antonino-Kambs-Straße,Mittel,Abgeschlossen,Zeuge,2025-04-23,1,25218.59,5,8
AZ-2025-003997,Betrug,2023-02-18,10:47,Nieder-Erlenbach,50.060568,8.688282,Gutering,Dringend,Abgeschlossen,Opfer,2023-04-13,4,41829.53,4,1
AZ-2025-003998,Sachbeschädigung,2024-06-14,21:17,Westend-Nord,50.111147,8.781893,Fredo-Haase-Weg,Mittel,Abgeschlossen,Patrouille,2024-08-06,1,44178.03,5,9
AZ-2024-003999,Diebstahl,2025-04-17,03:14,Hausen,50.061914,8.534036,Werneckeweg,Mittel,Ermittlung läuft,Patrouille,,3,41094.25,5,12
AZ-2024-004000,Verkehrsdelikt,2024-01-27,09:40,Preungesheim,50.035624,8.760156,Hubert-Nohlmans-Gasse,Niedrig,Abgeschlossen,Anonym,2024-06-17,1,45762.06,4,4
AZ-2023-004001,Unterschlagung,2023-10-22,21:41,Bonames,50.126425,8.61264,Mustafa-Boucsein-Straße,Hoch,Gerichtlich,Zeuge,2024-02-02,3,0.0,0,5
AZ-2025-004002,Urkundenfälschung,2025-07-06,08:20,Bergen-Enkheim,50.082165,8.586463,Reni-Rohleder-Straße,Mittel,Abgeschlossen,Patrouille,2025-11-30,1,43533.94,1,15
AZ-2023-004003,Betrug,2024-04-17,13:18,Schwanheim,50.082278,8.782916,Justus-Ullrich-Gasse,Niedrig,Eingestellt,Patrouille,2024-08-05,4,0.0,3,1
AZ-2024-004004,Sachbeschädigung,2023-04-29,19:21,Kalbach-Riedberg,50.061318,8.725046,Arif-Oestrovsky-Weg,Mittel,Abgeschlossen,Opfer,2023-05-16,1,0.0,3,11
AZ-2024-004005,Sachbeschädigung,2024-10-16,15:18,Fechenheim,50.067427,8.537629,Gabi-Killer-Straße,Hoch,Abgeschlossen,Opfer,2025-10-07,1,26015.05,2,1
AZ-2023-004006,Einbruchdiebstahl,2023-12-08,16:37,Bergen-Enkheim,50.155492,8.674595,Jähnallee,Dringend,Abgeschlossen,Patrouille,2024-05-06,4,29971.51,1,11
AZ-2025-004007,Raub,2024-03-24,19:45,Nordend-Ost,50.171213,8.525735,Amir-Blümel-Gasse,Hoch,Eingestellt,Opfer,2024-09-19,4,0.0,3,14
AZ-2023-004008,Körperverletzung,2023-06-16,16:34,Nied,50.175507,8.776975,Antonia-Schlosser-Straße,Mittel,Abgeschlossen,Notruf,2024-05-17,1,20619.14,3,7
AZ-2024-004009,Erpressung,2024-01-17,04:07,Zeilsheim,50.097366,8.724415,Birgit-Nerger-Gasse,Hoch,Abgeschlossen,Zeuge,2024-12-18,3,0.0,3,5
AZ-2025-004010,Urkundenfälschung,2023-02-19,08:21,Berkersheim,50.055292,8.786579,Wilmsstraße,Dringend,Ermittlung läuft,Anonym,,1,6881.85,3,4
AZ-2024-004011,Erpressung,2024-07-13,07:36,Bahnhofsviertel,50.150591,8.544417,Stefano-Tintzmann-Straße,Mittel,Abgeschlossen,Opfer,2024-08-14,2,41189.78,4,2
AZ-2025-004012,Betrug,2025-08-28,16:31,Rödelheim,50.127912,8.755311,Erhard-Mangold-Gasse,Niedrig,Eingestellt,Zeuge,2026-08-10,4,37692.05,5,12
AZ-2025-004013,Beleidigung,2023-10-18,12:41,Eckenheim,50.109671,8.615594,Kitzmannplatz,Niedrig,Gerichtlich,Zeuge,2024-08-13,3,39835.92,5,14
AZ-2023-004014,Erpressung,2024-03-10,09:19,Altstadt,50.109198,8.736229,Mälzergasse,Hoch,Eingestellt,Notruf,2024-10-13,3,33288.84,4,5
AZ-2025-004015,Bedrohung,2024-04-24,20:25,Sachsenhausen-Nord,50.032852,8.752465,Hinrich-Davids-Weg,Niedrig,Eingestellt,Anonym,2025-03-30,4,43956.47,4,12
AZ-2023-004016,Erpressung,2025-02-23,07:41,Unterliederbach,50.146825,8.632696,Henry-Lehmann-Allee,Dringend,Eingestellt,Notruf,2025-10-06,2,6404.28,1,12
AZ-2024-004017,Körperverletzung,2023-01-24,00:50,Harheim,50.081201,8.556241,Lydia-Austermühle-Allee,Mittel,Eingestellt,Anonym,2023-08-03,2,28685.4,0,2
AZ-2025-004018,Diebstahl,2025-07-29,10:58,Nied,50.112926,8.514986,Margaret-Bohlander-Gasse,Dringend,Ermittlung läuft,Notruf,,4,0.0,4,5
AZ-2025-004019,Beleidigung,2025-02-04,13:45,Sachsenhausen-Süd,50.091751,8.485164,Ferdi-Mangold-Platz,Niedrig,Ermittlung läuft,Opfer,,1,0.0,1,9
AZ-2025-004020,Computerbetrug,2024-08-25,12:27,Nied,50.140379,8.578847,Beyerring,Hoch,Ermittlung läuft,Anonym,,4,49640.66,3,11
AZ-2023-004021,Sachbeschädigung,2025-10-16,01:19,Nieder-Eschbach,50.161243,8.537962,Schleichweg,Hoch,Gerichtlich,Zeuge,2026-07-28,1,0.0,3,2
AZ-2023-004022,Verkehrsdelikt,2025-07-21,12:49,Ginnheim,50.115407,8.618874,Klaus-Günter-Ehlert-Weg,Mittel,Ermittlung läuft,Patrouille,,3,33954.37,5,14
AZ-2023-004023,Drogendelikt,2023-02-22,23:52,Riederwald,50.099325,8.48777,Naserweg,Hoch,Gerichtlich,Notruf,2023-08-01,3,29359.68,3,14
AZ-2024-004024,Sachbeschädigung,2024-05-29,15:07,Bahnhofsviertel,50.141299,8.606411,Gerlind-Buchholz-Gasse,Niedrig,Abgeschlossen,Zeuge,2024-07-14,1,45880.89,4,15
AZ-2025-004025,Hausfriedensbruch,2025-08-20,12:24,Innenstadt,50.024428,8.52453,Ringplatz,Mittel,Gerichtlich,Notruf,2025-09-19,3,10858.88,1,4
AZ-2024-004026,Raub,2024-05-23,10:20,Sachsenhausen-Süd,50.020329,8.573941,Trappweg,Dringend,Ermittlung läuft,Opfer,,1,0.0,0,5
AZ-2025-004027,Urkundenfälschung,2025-01-09,08:52,Gallus,50.118864,8.506739,Hartmannstraße,Dringend,Abgeschlossen,Patrouille,2025-01-29,3,16467.13,2,3
AZ-2024-004028,Diebstahl,2025-06-29,12:20,Seckbach,50.11589,8.610355,Kobeltallee,Mittel,Abgeschlossen,Notruf,2026-05-16,2,30796.53,3,11
AZ-2024-004029,Bedrohung,2025-10-02,04:03,Nordend-Ost,50.145733,8.705421,Södingplatz,Mittel,Gerichtlich,Zeuge,2026-09-13,4,0.0,1,5
AZ-2025-004030,Erpressung,2025-11-10,16:23,Seckbach,50.126943,8.620518,Junckenweg,Niedrig,Gerichtlich,Notruf,2026-09-08,1,6429.77,3,2
AZ-2024-004031,Drogendelikt,2023-05-03,08:19,Unterliederbach,50.03231,8.50629,Bernward-Kensy-Straße,Niedrig,Abgeschlossen,Notruf,2024-01-18,4,26945.9,0,6
AZ-2025-004032,Unterschlagung,2023-07-25,04:41,Gallus,50.12622,8.484196,Holtgasse,Dringend,Eingestellt,Patrouille,2024-04-04,1,25353.2,4,10
AZ-2025-004033,Diebstahl,2024-03-10,23:48,Zeilsheim,50.047492,8.746552,Siegried-Etzler-Weg,Mittel,Ermittlung läuft,Anonym,,4,39263.7,1,7
AZ-2025-004034,Hausfriedensbruch,2023-01-07,00:16,Sachsenhausen-Süd,50.135186,8.738601,Leo-Weihmann-Weg,Dringend,Gerichtlich,Anonym,2023-05-25,3,6158.47,0,8
AZ-2024-004035,Raub,2023-10-01,06:52,Harheim,50.017526,8.765121,Ewald-Köhler-Allee,Dringend,Ermittlung läuft,Opfer,,2,12976.95,3,2
AZ-2025-004036,Einbruchdiebstahl,2024-04-14,09:54,Zeilsheim,50.031787,8.766929,Armin-Heinz-Allee,Dringend,Ermittlung läuft,Notruf,,3,24316.88,1,10
AZ-2023-004037,Computerbetrug,2023-06-23,22:40,Sindlingen,50.075007,8.60968,Seipallee,Niedrig,Ermittlung läuft,Opfer,,3,0.0,0,14
AZ-2023-004038,Sachbeschädigung,2023-11-12,08:30,Niederursel,50.086731,8.50944,Drewesgasse,Hoch,Eingestellt,Opfer,2024-11-11,1,0.0,2,12
AZ-2024-004039,Urkundenfälschung,2024-07-08,03:54,Nieder-Eschbach,50.052858,8.490293,Beerring,Hoch,Abgeschlossen,Patrouille,2025-03-22,1,0.0,1,12
AZ-2024-004040,Hausfriedensbruch,2024-02-02,22:45,Nordend-Ost,50.168697,8.691102,Schachtstraße,Niedrig,Ermittlung läuft,Anonym,,2,0.0,4,6
AZ-2023-004041,Einbruchdiebstahl,2023-04-02,18:09,Sindlingen,50.152652,8.539856,Caspargasse,Hoch,Ermittlung läuft,Zeuge,,2,25713.12,0,15
AZ-2024-004042,Raub,2023-12-03,19:19,Gallus,50.088829,8.637262,Schmidtstraße,Niedrig,Ermittlung läuft,Opfer,,3,30739.34,5,4
AZ-2023-004043,Beleidigung,2024-11-18,10:34,Berkersheim,50.127401,8.55138,Bährallee,Mittel,Ermittlung läuft,Notruf,,4,0.0,5,9
AZ-2025-004044,Computerbetrug,2025-06-22,13:49,Bornheim,50.190821,8.716596,Krausstraße,Niedrig,Eingestellt,Notruf,2026-01-15,3,39216.5,1,3
AZ-2024-004045,Drogendelikt,2023-08-04,01:44,Ostend,50.053169,8.602449,Helmut-Haering-Straße,Dringend,Eingestellt,Notruf,2024-01-27,3,37719.84,1,8
AZ-2023-004046,Diebstahl,2023-05-29,03:53,Nieder-Erlenbach,50.041533,8.647939,Gertrud-Losekann-Weg,Hoch,Ermittlung läuft,Opfer,,2,33517.49,5,5
AZ-2023-004047,Urkundenfälschung,2024-06-03,14:39,Preungesheim,50.165129,8.567122,Gertrude-Jäkel-Gasse,Hoch,Abgeschlossen,Patrouille,2025-05-28,3,44281.95,4,1
AZ-2025-004048,Unterschlagung,2025-03-03,18:03,Sossenheim,50.119314,8.651959,Bauerstr.,Hoch,Ermittlung läuft,Anonym,,3,42243.03,3,1
AZ-2023-004049,Raub,2023-10-27,12:37,Dornbusch,50.117795,8.591979,Hesseallee,Mittel,Eingestellt,Zeuge,2023-11-20,1,0.0,0,15
AZ-2024-004050,Sachbeschädigung,2025-08-10,15:12,Nordend-West,50.187008,8.636972,Kathy-Baum-Ring,Niedrig,Ermittlung läuft,Opfer,,2,0.0,3,14
AZ-2025-004051,Einbruchdiebstahl,2025-07-08,01:22,Rödelheim,50.103773,8.516841,Loosallee,Niedrig,Ermittlung läuft,Opfer,,4,5197.87,1,4
AZ-2025-004052,Urkundenfälschung,2025-02-04,07:58,Harheim,50.141495,8.642581,Malgorzata-Dörr-Weg,Hoch,Ermittlung läuft,Zeuge,,3,21121.84,3,8
AZ-2024-004053,Beleidigung,2023-12-30,04:06,Eschersheim,50.163825,8.500966,Ullmannweg,Hoch,Ermittlung läuft,Patrouille,,3,0.0,5,9
AZ-2023-004054,Hausfriedensbruch,2025-04-14,22:04,Kalbach-Riedberg,50.139429,8.59955,Reinhardtstraße,Niedrig,Ermittlung läuft,Notruf,,1,0.0,3,15
AZ-2025-004055,Urkundenfälschung,2025-09-29,07:00,Dornbusch,50.128532,8.780347,Ruppersbergerweg,Dringend,Gerichtlich,Zeuge,2026-08-26,4,0.0,3,5
AZ-2023-004056,Einbruchdiebstahl,2023-04-27,09:02,Dornbusch,50.047044,8.693393,Fröhlichstraße,Hoch,Ermittlung läuft,Zeuge,,1,0.0,3,10
AZ-2024-004057,Körperverletzung,2025-05-19,22:40,Gallus,50.177005,8.720112,Weinhageplatz,Hoch,Eingestellt,Patrouille,2025-09-08,3,4239.34,4,0
AZ-2024-004058,Verkehrsdelikt,2024-05-29,07:05,Unterliederbach,50.190812,8.647855,Serpil-Austermühle-Ring,Dringend,Gerichtlich,Patrouille,2025-03-02,4,0.0,4,6
AZ-2024-004059,Unterschlagung,2025-02-22,07:13,Nordend-Ost,50.021261,8.564571,Casparplatz,Hoch,Eingestellt,Opfer,2025-05-17,1,44930.9,5,0
AZ-2025-004060,Bedrohung,2025-08-24,01:04,Westend-Süd,50.035345,8.640974,Kallertstr.,Mittel,Eingestellt,Notruf,2026-03-13,2,6469.95,3,14
AZ-2025-004061,Urkundenfälschung,2024-04-18,02:19,Innenstadt,50.065434,8.581503,Benderstr.,Mittel,Gerichtlich,Opfer,2024-11-09,2,31619.34,4,13
AZ-2023-004062,Betrug,2025-06-03,20:46,Schwanheim,50.144352,8.618879,Klotzring,Mittel,Ermittlung läuft,Notruf,,2,0.0,4,5
AZ-2023-004063,Unterschlagung,2023-12-06,20:05,Fechenheim,50.039883,8.783003,Zänkerweg,Dringend,Ermittlung läuft,Anonym,,3,17878.92,4,4
AZ-2025-004064,Raub,2025-07-06,08:59,Höchst,50.181315,8.708622,Falko-Jäntsch-Weg,Mittel,Ermittlung läuft,Notruf,,1,44249.04,5,3
AZ-2025-004065,Hausfriedensbruch,2024-02-13,08:14,Eckenheim,50.136538,8.495161,Hettnerallee,Niedrig,Abgeschlossen,Opfer,2024-11-13,3,8461.31,4,14
AZ-2024-004066,Körperverletzung,2024-07-07,15:27,Sachsenhausen-Nord,50.146876,8.491121,Tibor-Misicher-Gasse,Hoch,Ermittlung läuft,Opfer,,4,7748.65,0,12
AZ-2023-004067,Einbruchdiebstahl,2023-04-23,08:25,Zeilsheim,50.019795,8.707885,Andersstraße,Dringend,Ermittlung läuft,Notruf,,4,511.01,2,6
AZ-2024-004068,Urkundenfälschung,2023-05-27,06:39,Berkersheim,50.052759,8.565119,Waltraud-Klemt-Straße,Mittel,Abgeschlossen,Notruf,2024-02-28,4,45549.73,1,9
AZ-2025-004069,Verkehrsdelikt,2023-12-27,08:10,Kalbach-Riedberg,50.155867,8.495656,Rüdiger-Bohlander-Weg,Dringend,Abgeschlossen,Zeuge,2024-06-10,2,25233.38,3,3
AZ-2025-004070,Erpressung,2023-11-23,08:53,Zeilsheim,50.170994,8.653616,Karl-Ernst-Schmidt-Weg,Hoch,Abgeschlossen,Anonym,2024-10-08,1,34651.23,0,13
AZ-2023-004071,Unterschlagung,2023-09-07,05:54,Ginnheim,50.188475,8.709261,Bolnbachstraße,Dringend,Abgeschlossen,Notruf,2024-04-06,2,0.0,4,12
AZ-2023-004072,Drogendelikt,2025-10-27,08:33,Sindlingen,50.083117,8.524387,Jobst-Wilms-Ring,Hoch,Ermittlung läuft,Notruf,,2,37831.25,4,13
AZ-2025-004073,Diebstahl,2024-10-11,02:59,Bornheim,50.075532,8.508358,Oderwaldplatz,Dringend,Ermittlung läuft,Anonym,,4,14969.23,3,0
AZ-2025-004074,Sachbeschädigung,2023-08-21,13:37,Sachsenhausen-Nord,50.039932,8.477424,Eugenia-Gertz-Platz,Mittel,Ermittlung läuft,Notruf,,2,1515.5,2,7
AZ-2023-004075,Raub,2023-05-28,06:51,Bornheim,50.074589,8.598975,Holger-Drewes-Allee,Hoch,Abgeschlossen,Opfer,2024-04-02,3,3393.34,4,0
AZ-2024-004076,Betrug,2024-09-29,11:34,Seckbach,50.05443,8.652833,Hans-Erich-Stolze-Weg,Hoch,Eingestellt,Zeuge,2025-05-06,3,2858.62,2,2
AZ-2025-004077,Raub,2023-02-14,23:25,Bahnhofsviertel,50.017283,8.654419,Sagerring,Mittel,Abgeschlossen,Patrouille,2023-09-17,2,47927.84,4,2
AZ-2023-004078,Betrug,2024-11-20,16:40,Schwanheim,50.042948,8.594886,Birgitta-Trupp-Platz,Niedrig,Abgeschlossen,Zeuge,2025-02-18,4,19524.01,5,1
AZ-2024-004079,Erpressung,2023-11-26,17:38,Nordend-West,50.04775,8.760194,Urszula-Trüb-Ring,Dringend,Abgeschlossen,Patrouille,2024-11-25,4,29473.86,0,15
AZ-2025-004080,Urkundenfälschung,2023-08-15,11:16,Nordend-West,50.140763,8.788923,Bachmannweg,Niedrig,Abgeschlossen,Patrouille,2024-05-30,2,11127.96,3,12
AZ-2023-004081,Einbruchdiebstahl,2024-09-17,09:37,Westend-Süd,50.098939,8.564489,Reuterweg,Mittel,Ermittlung läuft,Notruf,,4,38818.53,2,12
AZ-2025-004082,Beleidigung,2025-06-08,23:55,Fechenheim,50.15314,8.778177,Dorle-Heinz-Ring,Niedrig,Ermittlung läuft,Notruf,,1,19144.47,5,1
AZ-2024-004083,Hausfriedensbruch,2025-01-27,14:32,Westend-Nord,50.090153,8.722075,Curt-Patberg-Straße,Mittel,Abgeschlossen,Anonym,2025-09-10,4,43295.21,2,15
AZ-2025-004084,Verkehrsdelikt,2024-04-10,00:28,Sindlingen,50.11242,8.481343,Angelica-Buchholz-Platz,Mittel,Ermittlung läuft,Notruf,,2,0.0,4,13
AZ-2024-004085,Computerbetrug,2024-09-16,12:53,Nied,50.155811,8.52202,Massimo-Rudolph-Ring,Hoch,Ermittlung läuft,Notruf,,3,45536.55,4,8
AZ-2025-004086,Drogendelikt,2024-02-05,17:27,Innenstadt,50.166663,8.697862,Boucseinweg,Hoch,Abgeschlossen,Zeuge,2024-07-16,3,44541.68,2,11
AZ-2025-004087,Verkehrsdelikt,2025-07-19,06:35,Nieder-Eschbach,50.128987,8.707203,Holzapfelplatz,Mittel,Eingestellt,Anonym,2026-01-17,1,21219.46,1,0
AZ-2023-004088,Drogendelikt,2023-09-14,20:14,Seckbach,50.172083,8.604088,Mathias-auch Schlauchin-Ring,Hoch,Eingestellt,Anonym,2024-05-24,4,0.0,4,14
AZ-2024-004089,Körperverletzung,2025-03-16,16:29,Ginnheim,50.080966,8.769647,Ladeckweg,Niedrig,Abgeschlossen,Notruf,2025-10-05,3,13310.36,4,13
AZ-2023-004090,Körperverletzung,2023-08-09,20:36,Preungesheim,50.094414,8.678881,Möchlichenring,Dringend,Gerichtlich,Patrouille,2024-06-27,4,41087.54,2,8
AZ-2023-004091,Drogendelikt,2023-04-30,13:03,Berkersheim,50.021271,8.505227,Goran-Koch-Gasse,Dringend,Ermittlung läuft,Anonym,,4,8127.94,3,7
AZ-2023-004092,Erpressung,2024-03-15,05:51,Gallus,50.181039,8.79184,Fischerstr.,Dringend,Eingestellt,Anonym,2024-10-02,2,21020.67,4,2
AZ-2024-004093,Körperverletzung,2023-09-16,01:02,Unterliederbach,50.138908,8.619188,Ehrhard-Schlosser-Platz,Hoch,Abgeschlossen,Notruf,2024-07-03,1,36218.12,3,0
AZ-2025-004094,Urkundenfälschung,2023-05-30,05:39,Bergen-Enkheim,50.053051,8.69357,Pergandeweg,Hoch,Eingestellt,Patrouille,2024-03-10,3,0.0,3,8
AZ-2024-004095,Hausfriedensbruch,2025-03-02,00:31,Fechenheim,50.022591,8.61354,Handestraße,Mittel,Abgeschlossen,Anonym,2025-09-04,3,2503.89,2,10
AZ-2023-004096,Betrug,2025-02-05,15:44,Riederwald,50.111114,8.734539,Gerlinde-van der Dussen-Platz,Mittel,Abgeschlossen,Opfer,2025-09-04,1,0.0,3,11
AZ-2023-004097,Körperverletzung,2025-09-06,20:28,Frankfurter Berg,50.035761,8.561262,Wiekweg,Niedrig,Ermittlung läuft,Opfer,,3,63.77,3,14
AZ-2024-004098,Beleidigung,2023-12-21,02:59,Nieder-Erlenbach,50.165228,8.61273,Valeri-Buchholz-Platz,Niedrig,Abgeschlossen,Anonym,2024-05-19,1,30529.92,1,3
AZ-2025-004099,Sachbeschädigung,2023-06-15,13:30,Eckenheim,50.057338,8.558995,Rennerweg,Dringend,Ermittlung läuft,Patrouille,,1,33717.49,5,3
AZ-2024-004100,Urkundenfälschung,2025-04-12,21:26,Rödelheim,50.161948,8.50538,Mina-Rädel-Gasse,Dringend,Ermittlung läuft,Opfer,,2,7655.9,0,12
AZ-2023-004101,Computerbetrug,2023-05-09,21:01,Bonames,50.05777,8.47886,Sorgatzstr.,Dringend,Ermittlung läuft,Opfer,,3,9708.91,2,2
AZ-2023-004102,Bedrohung,2024-06-28,12:00,Dornbusch,50.041181,8.70037,Junckring,Dringend,Eingestellt,Anonym,2025-04-16,3,15537.57,2,3
AZ-2023-004103,Körperverletzung,2025-08-14,11:24,Fechenheim,50.031081,8.787531,Mary-Ruppert-Ring,Mittel,Abgeschlossen,Opfer,2026-03-06,2,9028.75,2,0
AZ-2023-004104,Drogendelikt,2023-08-23,21:54,Bornheim,50.02978,8.722603,Mattias-Henk-Ring,Hoch,Abgeschlossen,Anonym,2024-03-13,1,22977.03,3,15
AZ-2023-004105,Hausfriedensbruch,2023-03-11,22:21,Kalbach-Riedberg,50.126599,8.749161,Ulrich-Jopich-Allee,Niedrig,Abgeschlossen,Anonym,2023-05-15,1,0.0,5,2
AZ-2023-004106,Einbruchdiebstahl,2025-03-19,21:57,Hausen,50.123176,8.499045,Henni-Hendriks-Straße,Mittel,Abgeschlossen,Zeuge,2025-06-29,1,18282.17,0,11
AZ-2024-004107,Computerbetrug,2023-11-24,15:14,Fechenheim,50.152697,8.615832,Klotzgasse,Dringend,Ermittlung läuft,Notruf,,2,0.0,0,5
AZ-2024-004108,Körperverletzung,2025-11-11,12:59,Nieder-Erlenbach,50.019259,8.553468,Römerstr.,Niedrig,Ermittlung läuft,Zeuge,,3,29049.16,4,5
AZ-2023-004109,Bedrohung,2023-11-23,05:16,Praunheim,50.172575,8.555575,Silke-Klotz-Allee,Dringend,Abgeschlossen,Notruf,2024-11-17,1,28682.41,1,4
AZ-2024-004110,Körperverletzung,2023-10-02,01:56,Kalbach-Riedberg,50.141175,8.563002,Schleichplatz,Mittel,Abgeschlossen,Anonym,2024-04-23,2,44017.41,5,3
AZ-2024-004111,Bedrohung,2024-08-26,07:11,Preungesheim,50.142503,8.527911,Zimmerstraße,Niedrig,Eingestellt,Patrouille,2024-10-30,1,2772.71,5,1
AZ-2023-004112,Raub,2025-04-27,03:51,Ostend,50.015378,8.634172,Cathrin-Eberth-Weg,Mittel,Gerichtlich,Anonym,2026-01-21,3,9812.49,2,4
AZ-2025-004113,Betrug,2023-05-02,22:22,Bonames,50.092545,8.658537,Leokadia-Ladeck-Allee,Hoch,Abgeschlossen,Notruf,2023-08-31,1,9343.01,3,5
AZ-2023-004114,Bedrohung,2023-01-04,22:16,Westend-Nord,50.186562,8.673827,Edeltraud-Heß-Ring,Dringend,Abgeschlossen,Opfer,2023-11-01,1,11395.29,0,5
AZ-2023-004115,Computerbetrug,2025-06-01,23:04,Nied,50.031623,8.770888,Johanngasse,Dringend,Ermittlung läuft,Zeuge,,2,0.0,2,2
AZ-2023-004116,Computerbetrug,2023-03-19,05:26,Harheim,50.01798,8.539725,Rüdiger-Linke-Weg,Mittel,Ermittlung läuft,Zeuge,,1,11318.38,0,7
AZ-2025-004117,Hausfriedensbruch,2024-06-06,02:50,Westend-Nord,50.166661,8.796482,Christine-Oderwald-Allee,Mittel,Ermittlung läuft,Opfer,,1,11560.76,1,14
AZ-2023-004118,Hausfriedensbruch,2023-10-20,18:34,Westend-Nord,50.110244,8.776974,Rotraut-Girschner-Straße,Niedrig,Abgeschlossen,Patrouille,2024-01-26,2,25373.25,5,12
AZ-2025-004119,Drogendelikt,2025-10-29,00:47,Sindlingen,50.148422,8.630797,Guiseppe-Dussen van-Straße,Hoch,Abgeschlossen,Opfer,2025-11-12,4,36856.64,4,14
AZ-2023-004120,Hausfriedensbruch,2025-01-24,04:23,Westend-Nord,50.189184,8.664529,Wielochstr.,Hoch,Ermittlung läuft,Patrouille,,1,0.0,5,14
AZ-2024-004121,Einbruchdiebstahl,2024-06-18,08:34,Bergen-Enkheim,50.160557,8.511835,Weimergasse,Hoch,Abgeschlossen,Opfer,2024-12-13,2,0.0,2,1
AZ-2023-004122,Unterschlagung,2023-12-25,11:45,Westend-Nord,50.186703,8.732059,Olga-Beer-Straße,Mittel,Abgeschlossen,Zeuge,2024-09-16,4,0.0,0,14
AZ-2024-004123,Einbruchdiebstahl,2024-07-14,17:20,Seckbach,50.076119,8.745918,Helena-Geisel-Gasse,Dringend,Ermittlung läuft,Zeuge,,4,41219.58,2,8
AZ-2023-004124,Bedrohung,2025-10-19,15:31,Harheim,50.185275,8.720807,Anka-Radisch-Straße,Dringend,Ermittlung läuft,Notruf,,2,6468.97,3,2
AZ-2025-004125,Erpressung,2023-08-18,00:54,Seckbach,50.157758,8.521578,Klappplatz,Dringend,Gerichtlich,Patrouille,2023-10-24,3,38412.29,1,2
AZ-2025-004126,Beleidigung,2025-05-08,17:44,Preungesheim,50.189377,8.761915,Textorstr.,Niedrig,Ermittlung läuft,Notruf,,3,35664.86,0,15
AZ-2025-004127,Computerbetrug,2023-04-07,20:17,Ginnheim,50.035879,8.698654,Ingetraut-Hornig-Gasse,Mittel,Gerichtlich,Opfer,2023-10-05,1,47755.39,0,0
AZ-2023-004128,Raub,2023-08-23,15:41,Ginnheim,50.108167,8.79008,Kallertstr.,Mittel,Ermittlung läuft,Patrouille,,4,46118.17,0,6
AZ-2023-004129,Bedrohung,2023-05-08,12:45,Schwanheim,50.159213,8.742607,Irmtrud-Bien-Gasse,Niedrig,Gerichtlich,Anonym,2024-04-12,4,17009.1,5,6
AZ-2023-004130,Sachbeschädigung,2023-11-28,23:17,Bonames,50.135038,8.776319,Meisterstraße,Mittel,Gerichtlich,Opfer,2024-05-21,1,46649.31,5,11
AZ-2024-004131,Körperverletzung,2024-07-03,06:08,Preungesheim,50.064655,8.657963,Weihmannallee,Dringend,Ermittlung läuft,Anonym,,4,39602.57,5,15
AZ-2024-004132,Computerbetrug,2025-08-27,15:50,Nieder-Eschbach,50.024637,8.547436,Hoffmannallee,Niedrig,Ermittlung läuft,Anonym,,3,0.0,0,12
AZ-2023-004133,Unterschlagung,2025-05-21,10:26,Seckbach,50.078943,8.712686,Thiesplatz,Hoch,Ermittlung läuft,Zeuge,,2,24347.13,4,12
AZ-2025-004134,Bedrohung,2024-09-05,23:23,Seckbach,50.01508,8.600923,Isabell-Wilms-Weg,Hoch,Abgeschlossen,Opfer,2025-02-15,3,0.0,4,6
AZ-2023-004135,Beleidigung,2025-03-23,18:14,Westend-Nord,50.127649,8.653488,Gerfried-Albers-Weg,Dringend,Ermittlung läuft,Opfer,,1,28385.95,5,6
AZ-2024-004136,Hausfriedensbruch,2023-02-04,05:02,Eckenheim,50.188933,8.677696,Steuerweg,Mittel,Abgeschlossen,Opfer,2023-08-11,4,20399.74,0,2
AZ-2025-004137,Einbruchdiebstahl,2025-05-29,02:37,Unterliederbach,50.168426,8.781111,Kramerring,Niedrig,Ermittlung läuft,Notruf,,3,1603.73,2,2
AZ-2025-004138,Urkundenfälschung,2024-09-27,01:18,Ostend,50.058436,8.483749,Gierschnerstr.,Hoch,Abgeschlossen,Anonym,2025-06-10,4,3197.55,1,5
AZ-2024-004139,Drogendelikt,2023-12-04,16:20,Rödelheim,50.169309,8.770916,Wirthgasse,Niedrig,Ermittlung läuft,Opfer,,2,43573.21,5,2
AZ-2025-004140,Körperverletzung,2025-10-16,20:36,Kalbach-Riedberg,50.036204,8.655067,Konstantin-Nohlmans-Ring,Mittel,Abgeschlossen,Zeuge,2025-12-16,3,0.0,1,14
AZ-2025-004141,Erpressung,2023-06-25,19:01,Sindlingen,50.13039,8.500716,Carmela-Pohl-Weg,Dringend,Ermittlung läuft,Zeuge,,3,12160.34,1,1
AZ-2025-004142,Einbruchdiebstahl,2024-06-07,14:36,Eckenheim,50.087716,8.641002,Hörlering,Mittel,Abgeschlossen,Patrouille,2025-01-30,4,41424.09,2,4
AZ-2023-004143,Sachbeschädigung,2024-10-25,08:25,Altstadt,50.052397,8.544033,Junckenallee,Niedrig,Eingestellt,Patrouille,2025-07-03,4,0.0,5,12
AZ-2023-004144,Hausfriedensbruch,2023-11-07,07:18,Bahnhofsviertel,50.080875,8.716319,Uta-Fechner-Gasse,Mittel,Gerichtlich,Anonym,2024-02-12,1,597.29,0,3
AZ-2023-004145,Unterschlagung,2023-07-03,04:37,Sossenheim,50.024281,8.689721,Steffen-Pohl-Ring,Dringend,Ermittlung läuft,Patrouille,,1,17397.26,3,7
AZ-2025-004146,Verkehrsdelikt,2025-07-11,01:31,Frankfurter Berg,50.061928,8.698409,Dippelring,Mittel,Ermittlung läuft,Notruf,,3,0.0,1,11
AZ-2025-004147,Einbruchdiebstahl,2024-05-05,10:22,Kalbach-Riedberg,50.148286,8.513335,Gehringergasse,Dringend,Abgeschlossen,Notruf,2024-12-17,4,0.0,4,15
AZ-2023-004148,Raub,2024-09-20,18:00,Seckbach,50.131359,8.596837,Höfigstraße,Niedrig,Abgeschlossen,Patrouille,2024-11-12,1,0.0,4,11
AZ-2024-004149,Drogendelikt,2024-08-31,01:03,Fechenheim,50.106726,8.670583,Haufferplatz,Niedrig,Ermittlung läuft,Anonym,,3,18447.43,5,8
AZ-2024-004150,Drogendelikt,2024-10-04,12:47,Bonames,50.163411,8.786076,Heserstr.,Niedrig,Abgeschlossen,Opfer,2025-07-27,2,0.0,0,2
AZ-2024-004151,Drogendelikt,2024-11-02,04:11,Innenstadt,50.019564,8.501359,Steffi-Heinrich-Allee,Mittel,Abgeschlossen,Anonym,2025-04-08,3,0.0,0,4
AZ-2023-004152,Diebstahl,2023-08-12,14:08,Bockenheim,50.121578,8.544971,Faustgasse,Mittel,Eingestellt,Patrouille,2023-09-09,1,27377.55,2,14
AZ-2023-004153,Sachbeschädigung,2025-07-21,23:32,Zeilsheim,50.034869,8.706599,Birgid-Pechel-Platz,Niedrig,Abgeschlossen,Notruf,2025-12-22,2,4977.86,1,12
AZ-2024-004154,Sachbeschädigung,2023-05-21,16:28,Bergen-Enkheim,50.104527,8.770446,Doreen-Benthin-Weg,Hoch,Abgeschlossen,Opfer,2024-03-18,3,43412.58,2,10
AZ-2024-004155,Sachbeschädigung,2024-11-28,03:20,Westend-Süd,50.189497,8.553392,Ahmad-Niemeier-Gasse,Dringend,Ermittlung läuft,Opfer,,3,0.0,4,9
AZ-2024-004156,Bedrohung,2025-04-08,23:02,Dornbusch,50.13206,8.776539,Haasering,Mittel,Abgeschlossen,Patrouille,2025-08-27,1,33867.0,4,6
AZ-2023-004157,Unterschlagung,2024-05-23,15:21,Preungesheim,50.137923,8.505099,Wagenknechtstraße,Niedrig,Abgeschlossen,Notruf,2025-03-19,2,26029.1,2,8
AZ-2024-004158,Raub,2024-12-12,00:40,Seckbach,50.14217,8.683667,Marjan-Metz-Ring,Mittel,Ermittlung läuft,Notruf,,1,46023.41,3,13
AZ-2024-004159,Körperverletzung,2025-10-25,01:38,Westend-Süd,50.113708,8.770428,Irena-Trapp-Gasse,Mittel,Abgeschlossen,Patrouille,2026-05-22,3,9112.86,2,11
AZ-2024-004160,Diebstahl,2024-06-20,20:31,Bergen-Enkheim,50.17912,8.530191,Löwerstraße,Mittel,Abgeschlossen,Opfer,2024-08-29,4,19040.56,1,9
AZ-2025-004161,Diebstahl,2023-03-14,04:56,Nieder-Eschbach,50.020189,8.585431,Christophallee,Hoch,Ermittlung läuft,Notruf,,1,9378.36,2,6
AZ-2023-004162,Drogendelikt,2023-02-12,19:27,Seckbach,50.179126,8.53673,Karl-Heinrich-Wagenknecht-Allee,Dringend,Abgeschlossen,Zeuge,2023-09-30,3,24648.77,1,1
AZ-2023-004163,Körperverletzung,2024-06-18,11:21,Rödelheim,50.089929,8.533064,Wendelin-Klapp-Gasse,Mittel,Abgeschlossen,Zeuge,2024-10-01,2,35921.42,4,3
AZ-2023-004164,Hausfriedensbruch,2023-08-29,21:02,Harheim,50.103037,8.534702,Iwona-Bruder-Ring,Niedrig,Ermittlung läuft,Notruf,,4,27951.5,4,3
AZ-2024-004165,Unterschlagung,2025-04-05,17:49,Berkersheim,50.139845,8.608551,Amelie-Käster-Ring,Hoch,Gerichtlich,Opfer,2025-04-17,2,21677.08,0,6
AZ-2023-004166,Computerbetrug,2024-04-06,17:04,Bahnhofsviertel,50.040248,8.568239,Schuchhardtweg,Hoch,Abgeschlossen,Zeuge,2024-12-20,3,49788.72,1,8
AZ-2023-004167,Erpressung,2025-02-10,19:33,Ginnheim,50.101122,8.552433,Ilse-Stroh-Ring,Hoch,Abgeschlossen,Opfer,2025-07-02,4,0.0,2,0
AZ-2024-004168,Betrug,2023-07-05,10:49,Nieder-Eschbach,50.183522,8.642955,Sven-Ditschlerin-Allee,Niedrig,Ermittlung läuft,Zeuge,,2,0.0,1,1
AZ-2023-004169,Computerbetrug,2023-11-29,00:07,Fechenheim,50.039425,8.687298,Grein Grothallee,Niedrig,Gerichtlich,Notruf,2024-10-12,2,16164.23,2,11
AZ-2025-004170,Hausfriedensbruch,2024-12-25,01:22,Sindlingen,50.1129,8.742746,Türkan-Schulz-Allee,Dringend,Ermittlung läuft,Zeuge,,3,0.0,3,4
AZ-2025-004171,Urkundenfälschung,2024-08-28,09:14,Praunheim,50.152193,8.473017,Ismail-Etzler-Weg,Niedrig,Abgeschlossen,Zeuge,2025-05-06,1,2667.91,1,12
AZ-2025-004172,Erpressung,2024-07-18,19:06,Praunheim,50.072891,8.665201,Hartmannweg,Hoch,Ermittlung läuft,Notruf,,3,0.0,1,15
AZ-2023-004173,Raub,2024-11-24,23:13,Westend-Nord,50.1029,8.66361,Josip-Möchlichen-Platz,Mittel,Ermittlung läuft,Notruf,,2,20504.34,3,7
AZ-2023-004174,Erpressung,2024-03-02,15:12,Seckbach,50.167665,8.65131,Gotthardweg,Niedrig,Gerichtlich,Zeuge,2024-06-15,1,8424.83,1,0
AZ-2024-004175,Beleidigung,2023-05-28,04:28,Bornheim,50.085041,8.602501,Holzapfelplatz,Hoch,Abgeschlossen,Notruf,2023-06-18,4,0.0,0,3
AZ-2024-004176,Einbruchdiebstahl,2023-09-22,23:32,Bockenheim,50.066667,8.502657,Evelyne-Cichorius-Weg,Mittel,Ermittlung läuft,Zeuge,,3,0.0,5,9
AZ-2024-004177,Körperverletzung,2025-08-26,17:46,Ostend,50.030524,8.613874,Ada-Lübs-Gasse,Dringend,Abgeschlossen,Anonym,2026-08-11,3,33417.62,4,2
AZ-2025-004178,Einbruchdiebstahl,2023-11-09,12:55,Zeilsheim,50.1106,8.738252,Rohtstr.,Niedrig,Ermittlung läuft,Patrouille,,3,39473.22,0,14
AZ-2025-004179,Betrug,2024-05-04,06:12,Rödelheim,50.181019,8.628323,Ingeborg-Gieß-Gasse,Hoch,Eingestellt,Opfer,2025-03-15,3,24810.83,2,14
AZ-2024-004180,Einbruchdiebstahl,2024-04-18,08:19,Ginnheim,50.173215,8.73635,Strohring,Dringend,Gerichtlich,Patrouille,2024-11-10,4,28382.87,1,3
AZ-2025-004181,Unterschlagung,2023-06-20,00:04,Westend-Nord,50.03788,8.526254,Schülerstr.,Niedrig,Gerichtlich,Patrouille,2024-01-03,3,26627.15,1,6
AZ-2023-004182,Betrug,2025-05-21,23:35,Bockenheim,50.020957,8.687553,Fatima-Keudel-Straße,Mittel,Abgeschlossen,Patrouille,2025-12-10,1,0.0,5,10
AZ-2023-004183,Sachbeschädigung,2023-12-05,05:20,Zeilsheim,50.137824,8.565864,Pia-Jacob-Platz,Niedrig,Abgeschlossen,Notruf,2024-10-01,4,5136.03,0,6
AZ-2024-004184,Körperverletzung,2023-11-21,08:30,Nordend-Ost,50.101563,8.490581,Staudestraße,Hoch,Ermittlung läuft,Opfer,,2,21911.56,2,10
AZ-2023-004185,Körperverletzung,2024-07-14,11:55,Gallus,50.151743,8.548031,Schuchhardtstraße,Dringend,Abgeschlossen,Patrouille,2025-03-04,3,22777.89,2,14
AZ-2024-004186,Beleidigung,2023-07-05,11:47,Preungesheim,50.085378,8.790978,Ringstraße,Niedrig,Abgeschlossen,Notruf,2024-02-12,2,19344.54,1,2
AZ-2023-004187,Hausfriedensbruch,2024-03-19,13:03,Nied,50.171286,8.571715,Dietzplatz,Mittel,Eingestellt,Opfer,2024-11-26,3,47313.24,4,12
AZ-2025-004188,Diebstahl,2024-10-11,02:24,Harheim,50.067307,8.743276,Viviane-Wende-Ring,Hoch,Ermittlung läuft,Patrouille,,1,0.0,2,7
AZ-2025-004189,Drogendelikt,2023-01-28,21:42,Sindlingen,50.018422,8.794417,Matthäiring,Niedrig,Abgeschlossen,Anonym,2023-04-26,1,30778.51,4,13
AZ-2023-004190,Computerbetrug,2024-11-05,23:36,Schwanheim,50.033127,8.654364,Geza-Löffler-Gasse,Dringend,Abgeschlossen,Anonym,2025-03-07,1,45414.32,5,3
AZ-2025-004191,Hausfriedensbruch,2025-05-14,15:04,Nieder-Eschbach,50.093043,8.488113,Vito-Juncken-Allee,Dringend,Abgeschlossen,Notruf,2025-11-01,4,27341.44,2,3
AZ-2023-004192,Beleidigung,2025-05-21,17:11,Bonames,50.188759,8.797902,Nick-Textor-Straße,Hoch,Ermittlung läuft,Notruf,,3,3299.38,2,9
AZ-2023-004193,Körperverletzung,2023-06-20,21:23,Eckenheim,50.107555,8.663932,Laura-Nette-Straße,Niedrig,Gerichtlich,Zeuge,2024-01-17,4,38436.78,3,15
AZ-2025-004194,Hausfriedensbruch,2024-02-13,08:32,Praunheim,50.154441,8.510288,Striebitzplatz,Dringend,Gerichtlich,Notruf,2024-12-02,4,32942.61,5,12
AZ-2025-004195,Einbruchdiebstahl,2024-10-10,09:01,Gallus,50.031895,8.728422,Klaus Peter-Heuser-Weg,Mittel,Ermittlung läuft,Notruf,,2,38956.58,3,11
AZ-2023-004196,Diebstahl,2025-08-03,03:14,Sindlingen,50.129166,8.740672,Romana-Zänker-Straße,Niedrig,Eingestellt,Notruf,2026-07-01,3,31282.2,1,8
AZ-2023-004197,Sachbeschädigung,2023-05-08,05:14,Gallus,50.16054,8.647821,Caren-Wirth-Ring,Niedrig,Abgeschlossen,Patrouille,2023-12-28,4,41220.66,2,0
AZ-2023-004198,Betrug,2025-03-22,22:56,Nieder-Eschbach,50.179445,8.519301,Steuerring,Hoch,Ermittlung läuft,Anonym,,3,0.0,3,5
AZ-2024-004199,Urkundenfälschung,2023-09-01,00:46,Bornheim,50.05087,8.706758,Kreinallee,Mittel,Abgeschlossen,Zeuge,2024-03-10,4,18430.09,2,0
AZ-2024-004200,Urkundenfälschung,2025-01-15,18:31,Hausen,50.017978,8.621835,Löfflerstraße,Hoch,Ermittlung läuft,Patrouille,,1,38399.01,4,6
AZ-2023-004201,Einbruchdiebstahl,2023-01-09,22:25,Zeilsheim,50.11646,8.641351,Blochring,Dringend,Abgeschlossen,Notruf,2023-03-28,2,6781.29,5,2
AZ-2023-004202,Einbruchdiebstahl,2023-05-24,13:58,Innenstadt,50.096357,8.673978,Vogtplatz,Dringend,Gerichtlich,Opfer,2023-09-16,1,0.0,5,5
AZ-2024-004203,Diebstahl,2024-03-13,18:28,Zeilsheim,50.015487,8.656177,Schusterallee,Niedrig,Abgeschlossen,Patrouille,2024-11-24,2,15008.32,1,8
AZ-2023-004204,Körperverletzung,2024-08-03,07:05,Griesheim,50.186898,8.675568,Leszek-Meister-Straße,Niedrig,Ermittlung läuft,Opfer,,4,42669.75,0,1
AZ-2025-004205,Unterschlagung,2024-01-13,23:21,Innenstadt,50.147041,8.520219,Christa-Geisel-Weg,Mittel,Eingestellt,Zeuge,2024-12-26,1,3032.05,2,6
AZ-2023-004206,Hausfriedensbruch,2023-03-02,14:06,Griesheim,50.112421,8.652638,Liane-Schomber-Gasse,Hoch,Ermittlung läuft,Patrouille,,3,0.0,4,4
AZ-2024-004207,Unterschlagung,2025-10-08,20:22,Nieder-Erlenbach,50.11303,8.704819,Ehlertstr.,Niedrig,Abgeschlossen,Anonym,2026-08-17,4,0.0,4,9
AZ-2025-004208,Drogendelikt,2025-05-02,20:28,Sachsenhausen-Süd,50.173411,8.527998,Undine-Ullmann-Gasse,Hoch,Ermittlung läuft,Opfer,,3,0.0,3,8
AZ-2024-004209,Computerbetrug,2025-08-03,02:59,Berkersheim,50.155738,8.568007,Conradiallee,Hoch,Abgeschlossen,Zeuge,2026-08-03,4,4243.37,1,8
AZ-2025-004210,Einbruchdiebstahl,2024-12-07,00:05,Sachsenhausen-Süd,50.135316,8.737835,Kitzmannallee,Niedrig,Ermittlung läuft,Anonym,,1,0.0,3,1
AZ-2025-004211,Hausfriedensbruch,2025-07-23,12:11,Riederwald,50.120205,8.739579,Gerda-Binner-Weg,Mittel,Abgeschlossen,Notruf,2025-08-10,2,0.0,4,8
AZ-2023-004212,Urkundenfälschung,2025-08-18,05:46,Dornbusch,50.023488,8.535933,Othmar-Reising-Platz,Niedrig,Ermittlung läuft,Anonym,,2,0.0,1,5
AZ-2025-004213,Drogendelikt,2025-01-01,23:57,Nieder-Erlenbach,50.134594,8.733539,Mechthild-Reising-Straße,Hoch,Gerichtlich,Opfer,2025-01-10,4,35399.17,3,5
AZ-2025-004214,Verkehrsdelikt,2024-07-21,14:58,Harheim,50.136491,8.494399,Klaus Dieter-Fritsch-Ring,Niedrig,Eingestellt,Notruf,2025-04-05,1,19465.14,0,6
AZ-2023-004215,Beleidigung,2025-06-26,09:59,Riederwald,50.078692,8.496042,Lehmannplatz,Dringend,Ermittlung läuft,Notruf,,2,0.0,1,2
AZ-2023-004216,Drogendelikt,2024-06-04,04:05,Westend-Nord,50.019453,8.687205,Thea-Aumann-Gasse,Dringend,Ermittlung läuft,Patrouille,,2,499.75,0,6
AZ-2023-004217,Einbruchdiebstahl,2024-03-30,18:18,Praunheim,50.035615,8.716916,Katherina-Putz-Gasse,Dringend,Ermittlung läuft,Zeuge,,4,14865.92,5,4
AZ-2023-004218,Einbruchdiebstahl,2023-09-20,04:20,Westend-Süd,50.090809,8.761814,Zorbachstraße,Hoch,Abgeschlossen,Opfer,2023-11-15,3,0.0,1,8
AZ-2023-004219,Computerbetrug,2025-01-14,13:19,Sossenheim,50.054277,8.629797,Gerwin-Holzapfel-Ring,Niedrig,Abgeschlossen,Opfer,2025-08-11,1,12050.27,3,11
AZ-2024-004220,Drogendelikt,2025-09-04,19:17,Höchst,50.176034,8.623071,Hermann-Josef-Schüler-Allee,Dringend,Abgeschlossen,Notruf,2026-02-19,4,22058.47,2,2
AZ-2023-004221,Sachbeschädigung,2024-03-26,09:44,Niederursel,50.18004,8.722726,Antonius-Heydrich-Allee,Mittel,Abgeschlossen,Patrouille,2024-10-20,2,0.0,3,8
AZ-2025-004222,Beleidigung,2024-12-24,06:44,Ginnheim,50.137327,8.708639,Margareta-Ziegert-Straße,Mittel,Ermittlung läuft,Zeuge,,3,659.9,2,6
AZ-2025-004223,Sachbeschädigung,2024-10-07,19:02,Riederwald,50.166702,8.504879,Eigenwilligallee,Dringend,Eingestellt,Patrouille,2025-04-03,1,20016.14,0,10
AZ-2025-004224,Urkundenfälschung,2023-06-25,17:58,Sindlingen,50.089293,8.539078,Caspargasse,Niedrig,Ermittlung läuft,Zeuge,,3,26945.43,2,2
AZ-2025-004225,Hausfriedensbruch,2023-02-04,17:03,Westend-Süd,50.189338,8.665646,Alwina-Ullmann-Allee,Mittel,Abgeschlossen,Patrouille,2023-03-01,3,18620.38,1,13
AZ-2025-004226,Computerbetrug,2024-07-17,01:08,Sachsenhausen-Nord,50.175206,8.529485,Bärergasse,Niedrig,Abgeschlossen,Anonym,2025-05-31,3,128.98,1,3
AZ-2025-004227,Computerbetrug,2023-10-24,22:53,Nieder-Eschbach,50.075642,8.660061,Dragan-Wähner-Weg,Hoch,Ermittlung läuft,Anonym,,2,3505.43,5,14
AZ-2023-004228,Unterschlagung,2023-08-16,13:25,Bahnhofsviertel,50.178669,8.543084,Gudeallee,Niedrig,Ermittlung läuft,Zeuge,,4,10231.25,4,1
AZ-2024-004229,Computerbetrug,2024-05-24,04:44,Ginnheim,50.111713,8.602187,Ziegertring,Niedrig,Ermittlung läuft,Notruf,,2,32716.26,2,2
AZ-2025-004230,Verkehrsdelikt,2024-09-30,17:07,Höchst,50.170589,8.753943,Peukertweg,Mittel,Eingestellt,Notruf,2024-11-26,1,0.0,1,15
AZ-2024-004231,Diebstahl,2023-01-30,05:07,Praunheim,50.113111,8.722593,Lambert-Höfig-Straße,Mittel,Ermittlung läuft,Patrouille,,3,29942.26,3,7
AZ-2025-004232,Hausfriedensbruch,2023-06-30,06:42,Westend-Nord,50.036101,8.735488,Eckhard-Hettner-Allee,Mittel,Ermittlung läuft,Patrouille,,2,0.0,5,12
AZ-2023-004233,Körperverletzung,2025-02-16,22:24,Berkersheim,50.123837,8.786885,Kohlring,Hoch,Ermittlung läuft,Opfer,,3,12893.46,3,0
AZ-2024-004234,Erpressung,2023-06-07,09:26,Harheim,50.038602,8.584573,Davidsplatz,Hoch,Abgeschlossen,Patrouille,2024-06-04,4,30954.01,3,1
AZ-2023-004235,Bedrohung,2023-02-27,15:18,Hausen,50.168058,8.533944,Rörrichtring,Mittel,Abgeschlossen,Notruf,2023-06-17,3,0.0,3,11
AZ-2023-004236,Raub,2023-08-16,16:01,Kalbach-Riedberg,50.134374,8.598779,Hölzenbecherweg,Hoch,Abgeschlossen,Patrouille,2024-04-08,2,27928.98,3,2
AZ-2024-004237,Diebstahl,2023-10-16,06:57,Altstadt,50.153111,8.631567,Ralph-Bachmann-Straße,Dringend,Gerichtlich,Opfer,2024-04-14,1,29819.36,3,4
AZ-2024-004238,Verkehrsdelikt,2024-05-27,21:43,Unterliederbach,50.191091,8.55345,Köhlerallee,Mittel,Abgeschlossen,Zeuge,2024-12-17,2,37019.97,5,5
AZ-2025-004239,Körperverletzung,2025-03-23,07:13,Ostend,50.075125,8.632519,Torben-Hauffer-Weg,Mittel,Abgeschlossen,Zeuge,2025-11-19,3,0.0,5,11
AZ-2025-004240,Urkundenfälschung,2024-01-26,19:14,Sossenheim,50.176805,8.795292,Roberto-Winkler-Platz,Mittel,Abgeschlossen,Anonym,2024-04-24,1,44215.3,2,12
AZ-2024-004241,Hausfriedensbruch,2023-01-29,09:03,Sindlingen,50.13339,8.564363,Koch IIstraße,Niedrig,Ermittlung läuft,Notruf,,3,10281.79,2,15
AZ-2023-004242,Hausfriedensbruch,2023-11-21,19:54,Bornheim,50.063265,8.716711,Francesca-Jockel-Ring,Hoch,Abgeschlossen,Zeuge,2024-02-15,4,15613.62,4,7
AZ-2024-004243,Sachbeschädigung,2024-04-01,21:53,Sachsenhausen-Nord,50.085088,8.600584,Marcella-Schuchhardt-Gasse,Mittel,Eingestellt,Opfer,2025-02-20,1,29263.59,3,15
AZ-2023-004244,Beleidigung,2024-07-24,11:50,Altstadt,50.079781,8.707053,Bärbel-Geisler-Platz,Niedrig,Ermittlung läuft,Anonym,,4,41273.46,2,5
AZ-2023-004245,Erpressung,2025-08-30,19:52,Frankfurter Berg,50.181703,8.509379,Scheelplatz,Dringend,Abgeschlossen,Patrouille,2026-02-12,3,14230.83,1,14
AZ-2025-004246,Bedrohung,2025-10-11,03:36,Ostend,50.123771,8.784155,Friedemann-Kusch-Weg,Hoch,Abgeschlossen,Zeuge,2026-04-13,2,15510.76,3,15
AZ-2023-004247,Bedrohung,2023-11-26,18:06,Dornbusch,50.105445,8.564941,Preißweg,Niedrig,Ermittlung läuft,Patrouille,,4,96.51,1,6
AZ-2025-004248,Betrug,2023-06-30,21:37,Sossenheim,50.099921,8.518959,Branko-Wilms-Straße,Hoch,Eingestellt,Patrouille,2023-09-01,2,48644.18,5,0
AZ-2025-004249,Raub,2024-06-25,11:20,Seckbach,50.190745,8.775816,Langernring,Niedrig,Abgeschlossen,Opfer,2024-08-17,1,33714.97,3,9
AZ-2024-004250,Raub,2024-09-23,14:59,Rödelheim,50.091269,8.710136,Flantzgasse,Niedrig,Ermittlung läuft,Anonym,,2,23464.96,2,14
AZ-2024-004251,Diebstahl,2023-03-28,22:10,Sachsenhausen-Süd,50.096567,8.512385,Strohstr.,Dringend,Ermittlung läuft,Anonym,,2,0.0,1,0
AZ-2025-004252,Beleidigung,2024-03-24,11:32,Riederwald,50.058243,8.724739,Adolphring,Dringend,Ermittlung läuft,Anonym,,3,0.0,5,13
AZ-2025-004253,Verkehrsdelikt,2024-01-08,22:16,Sossenheim,50.062634,8.592056,Katherina-Rörricht-Straße,Mittel,Ermittlung läuft,Opfer,,3,39504.57,4,10
AZ-2023-004254,Raub,2025-01-03,05:54,Bahnhofsviertel,50.043055,8.615951,Johannweg,Hoch,Ermittlung läuft,Patrouille,,3,42102.6,1,5
AZ-2025-004255,Körperverletzung,2023-03-19,10:18,Bockenheim,50.145519,8.620314,Marius-Misicher-Allee,Mittel,Abgeschlossen,Anonym,2023-12-08,4,12423.46,2,7
AZ-2023-004256,Verkehrsdelikt,2025-07-22,00:54,Frankfurter Berg,50.041301,8.488781,Pieperstr.,Niedrig,Abgeschlossen,Anonym,2025-11-16,3,17803.14,3,13
AZ-2023-004257,Körperverletzung,2024-01-22,04:38,Höchst,50.164471,8.600899,Sonia-Döhn-Straße,Hoch,Eingestellt,Notruf,2024-12-26,4,0.0,4,12
AZ-2024-004258,Sachbeschädigung,2024-02-25,15:18,Höchst,50.057618,8.477348,Philippe-Eckbauer-Gasse,Dringend,Eingestellt,Zeuge,2024-03-29,2,25567.99,0,14
AZ-2025-004259,Beleidigung,2024-11-14,16:16,Westend-Nord,50.075062,8.789266,Annamaria-Weiß-Gasse,Dringend,Gerichtlich,Patrouille,2024-12-01,3,0.0,4,15
AZ-2023-004260,Hausfriedensbruch,2025-03-10,23:07,Altstadt,50.064078,8.608878,Hans-Rudolf-Mangold-Gasse,Hoch,Abgeschlossen,Zeuge,2025-11-08,1,43281.37,4,5
AZ-2024-004261,Beleidigung,2025-07-12,00:53,Bergen-Enkheim,50.030974,8.500344,Reinhilde-Löffler-Straße,Dringend,Ermittlung läuft,Patrouille,,3,0.0,0,15
AZ-2025-004262,Körperverletzung,2023-04-12,13:17,Nied,50.024064,8.788607,Erdmute-Pruschke-Straße,Mittel,Gerichtlich,Patrouille,2023-08-29,2,48407.22,0,3
AZ-2023-004263,Verkehrsdelikt,2024-10-27,10:40,Innenstadt,50.165209,8.557352,Karina-Rogge-Straße,Mittel,Ermittlung läuft,Zeuge,,1,3192.06,1,0
AZ-2024-004264,Beleidigung,2024-04-12,19:22,Riederwald,50.028422,8.614224,Andersring,Niedrig,Ermittlung läuft,Patrouille,,2,0.0,1,8
AZ-2023-004265,Hausfriedensbruch,2024-11-01,01:53,Nied,50.091072,8.697442,Sönke-Hornig-Allee,Mittel,Eingestellt,Notruf,2025-08-24,4,23376.78,5,1
AZ-2024-004266,Diebstahl,2025-02-25,00:27,Höchst,50.076827,8.759378,Preißring,Hoch,Ermittlung läuft,Zeuge,,1,8899.78,5,8
AZ-2025-004267,Diebstahl,2023-02-15,22:47,Sindlingen,50.067905,8.563988,Roseweg,Hoch,Ermittlung läuft,Opfer,,2,5062.83,1,4
AZ-2025-004268,Bedrohung,2024-08-18,13:06,Ginnheim,50.135519,8.523268,Friedemann-Hoffmann-Weg,Niedrig,Ermittlung läuft,Zeuge,,2,3946.12,4,3
AZ-2025-004269,Sachbeschädigung,2023-10-11,13:46,Kalbach-Riedberg,50.172155,8.598173,Madlen-Schmiedecke-Allee,Hoch,Abgeschlossen,Opfer,2023-12-25,4,0.0,1,13
AZ-2024-004270,Urkundenfälschung,2025-10-22,17:20,Niederursel,50.189469,8.79778,Pohlstr.,Dringend,Abgeschlossen,Anonym,2026-05-26,3,48040.83,1,2
AZ-2023-004271,Erpressung,2025-02-06,15:36,Frankfurter Berg,50.074472,8.506029,Mudestraße,Hoch,Abgeschlossen,Patrouille,2025-09-20,3,247.47,5,9
AZ-2025-004272,Urkundenfälschung,2024-11-04,14:54,Westend-Süd,50.060081,8.685534,Tabea-Kabus-Allee,Mittel,Eingestellt,Opfer,2025-03-25,1,43766.17,0,9
AZ-2024-004273,Diebstahl,2025-03-01,10:58,Harheim,50.194796,8.777202,Gregor-Pruschke-Allee,Niedrig,Abgeschlossen,Zeuge,2026-02-05,2,41753.84,0,1
AZ-2024-004274,Unterschlagung,2025-11-11,02:50,Rödelheim,50.143132,8.649016,Atzlerring,Niedrig,Gerichtlich,Zeuge,2026-08-24,1,0.0,3,0
AZ-2023-004275,Urkundenfälschung,2025-11-07,20:41,Eschersheim,50.140636,8.55499,Gießplatz,Mittel,Ermittlung läuft,Patrouille,,4,4469.38,5,2
AZ-2024-004276,Raub,2024-11-10,02:56,Bornheim,50.117288,8.590823,Börnergasse,Mittel,Ermittlung läuft,Zeuge,,4,4425.41,3,5
AZ-2025-004277,Drogendelikt,2023-01-23,00:00,Nied,50.112589,8.642912,Tintzmannplatz,Hoch,Abgeschlossen,Zeuge,2023-10-19,3,0.0,3,5
AZ-2025-004278,Beleidigung,2023-11-24,05:32,Bergen-Enkheim,50.184578,8.612914,Henri-Dehmel-Weg,Mittel,Ermittlung läuft,Zeuge,,3,17750.69,4,2
AZ-2025-004279,Beleidigung,2023-04-02,23:59,Westend-Nord,50.098419,8.754631,Kabusgasse,Niedrig,Abgeschlossen,Opfer,2023-06-21,4,22565.34,0,3
AZ-2025-004280,Sachbeschädigung,2023-01-20,05:52,Eschersheim,50.160916,8.728676,Emma-Mosemann-Weg,Mittel,Eingestellt,Patrouille,2024-01-15,3,0.0,2,2
AZ-2024-004281,Betrug,2024-08-28,18:17,Unterliederbach,50.018601,8.558856,Cemal-Killer-Allee,Mittel,Ermittlung läuft,Anonym,,4,40626.43,4,2
AZ-2024-004282,Drogendelikt,2023-08-02,16:32,Westend-Süd,50.15118,8.717494,Muharrem-Schottin-Gasse,Niedrig,Ermittlung läuft,Patrouille,,3,26769.97,5,14
AZ-2025-004283,Bedrohung,2023-04-03,08:09,Höchst,50.139612,8.770131,Karl-Hölzenbecher-Straße,Dringend,Ermittlung läuft,Notruf,,2,0.0,2,8
AZ-2024-004284,Sachbeschädigung,2025-03-14,12:01,Frankfurter Berg,50.156263,8.529733,Kochstr.,Dringend,Eingestellt,Opfer,2025-11-24,2,18038.55,0,4
AZ-2025-004285,Beleidigung,2023-08-26,12:54,Berkersheim,50.047379,8.598097,Hermighausenstr.,Mittel,Eingestellt,Notruf,2024-04-12,2,0.0,4,1
AZ-2025-004286,Beleidigung,2024-06-27,05:25,Altstadt,50.067422,8.601275,Curt-Scheel-Platz,Dringend,Abgeschlossen,Anonym,2025-06-20,3,48582.73,4,7
AZ-2025-004287,Diebstahl,2023-10-26,02:39,Gallus,50.164001,8.714923,Janette-Hande-Ring,Hoch,Ermittlung läuft,Patrouille,,2,0.0,4,10
AZ-2024-004288,Einbruchdiebstahl,2024-03-06,09:44,Altstadt,50.089934,8.757365,Jonathan-Rose-Gasse,Dringend,Abgeschlossen,Opfer,2024-09-06,3,0.0,2,9
AZ-2024-004289,Computerbetrug,2023-07-17,12:59,Berkersheim,50.091463,8.68853,Lucie-Preiß-Weg,Niedrig,Ermittlung läuft,Notruf,,1,0.0,1,7
AZ-2023-004290,Betrug,2025-06-21,18:01,Bornheim,50.1655,8.616542,Kabusstr.,Niedrig,Ermittlung läuft,Notruf,,4,0.0,5,0
AZ-2025-004291,Verkehrsdelikt,2024-10-29,13:37,Nordend-Ost,50.145395,8.690661,Walterallee,Niedrig,Gerichtlich,Anonym,2025-01-11,1,7036.45,1,1
AZ-2024-004292,Betrug,2025-09-04,10:15,Zeilsheim,50.150912,8.780475,Häringplatz,Mittel,Ermittlung läuft,Notruf,,4,45871.23,3,7
AZ-2023-004293,Bedrohung,2024-07-25,19:20,Westend-Süd,50.140356,8.730024,Lieselotte-Heinrich-Platz,Hoch,Eingestellt,Zeuge,2025-04-25,1,39431.34,2,8
AZ-2023-004294,Körperverletzung,2023-05-19,22:18,Bergen-Enkheim,50.027155,8.766062,Susi-Schmiedecke-Platz,Mittel,Abgeschlossen,Notruf,2023-11-21,1,47750.84,2,4
AZ-2024-004295,Unterschlagung,2025-04-11,02:30,Bergen-Enkheim,50.090411,8.491722,Grzegorz-Mülichen-Gasse,Mittel,Ermittlung läuft,Notruf,,2,49908.22,3,8
AZ-2023-004296,Bedrohung,2024-10-07,08:29,Harheim,50.054378,8.690417,Buchholzgasse,Dringend,Ermittlung läuft,Opfer,,3,4502.92,0,1
AZ-2025-004297,Körperverletzung,2024-09-13,21:15,Fechenheim,50.191121,8.682527,Angelika-Mans-Straße,Hoch,Eingestellt,Opfer,2024-12-02,2,0.0,4,2
AZ-2024-004298,Körperverletzung,2025-10-20,22:24,Unterliederbach,50.065783,8.564086,Junkenring,Niedrig,Ermittlung läuft,Zeuge,,1,34321.36,5,2
AZ-2025-004299,Bedrohung,2024-12-12,23:32,Sachsenhausen-Nord,50.031482,8.672857,Ilija-Römer-Straße,Dringend,Eingestellt,Patrouille,2025-06-29,2,49544.42,0,9
AZ-2023-004300,Sachbeschädigung,2024-12-31,00:42,Bonames,50.02791,8.629303,Wohlgemutstraße,Dringend,Ermittlung läuft,Patrouille,,2,3740.19,2,2
AZ-2025-004301,Beleidigung,2024-08-06,05:48,Nieder-Erlenbach,50.172502,8.788239,Klappring,Niedrig,Abgeschlossen,Opfer,2025-02-27,3,0.0,5,5
AZ-2025-004302,Verkehrsdelikt,2023-05-17,04:05,Griesheim,50.127427,8.731254,Radischgasse,Mittel,Eingestellt,Zeuge,2024-04-08,1,1945.9,1,5
AZ-2025-004303,Verkehrsdelikt,2025-11-01,18:28,Sindlingen,50.079562,8.623231,Valeri-Geisel-Allee,Hoch,Abgeschlossen,Notruf,2026-10-29,3,1081.79,4,9
AZ-2023-004304,Verkehrsdelikt,2025-01-27,04:02,Altstadt,50.124624,8.561374,Trubplatz,Dringend,Abgeschlossen,Patrouille,2025-07-25,3,9666.3,1,0
AZ-2024-004305,Einbruchdiebstahl,2024-06-05,23:20,Bonames,50.143537,8.516324,Römerstraße,Hoch,Ermittlung läuft,Opfer,,2,49904.31,0,8
AZ-2025-004306,Urkundenfälschung,2023-07-06,07:48,Eschersheim,50.051477,8.587168,Täscheallee,Dringend,Ermittlung läuft,Zeuge,,2,0.0,1,6
AZ-2023-004307,Körperverletzung,2023-01-23,11:27,Nordend-Ost,50.176288,8.767526,Stolzegasse,Mittel,Ermittlung läuft,Notruf,,2,34825.74,3,15
AZ-2025-004308,Beleidigung,2023-04-21,16:11,Bonames,50.185146,8.715137,Sieringring,Mittel,Abgeschlossen,Opfer,2023-06-30,1,3829.86,4,0
AZ-2023-004309,Diebstahl,2024-03-18,21:46,Rödelheim,50.101772,8.658953,Andrei-Kobelt-Straße,Niedrig,Ermittlung läuft,Opfer,,1,30368.41,3,0
AZ-2025-004310,Körperverletzung,2023-11-28,00:54,Sossenheim,50.042585,8.656927,Vogtstraße,Niedrig,Eingestellt,Patrouille,2024-08-22,2,0.0,2,13
AZ-2025-004311,Unterschlagung,2024-01-03,17:15,Bonames,50.105988,8.656027,Elke-Römer-Platz,Dringend,Eingestellt,Notruf,2024-07-17,4,22863.88,4,15
AZ-2025-004312,Raub,2023-04-16,05:17,Gallus,50.062028,8.52399,Kösterplatz,Dringend,Ermittlung läuft,Patrouille,,3,0.0,5,5
AZ-2024-004313,Betrug,2025-08-24,00:56,Bonames,50.022274,8.630939,Hans-Otto-Margraf-Ring,Mittel,Ermittlung läuft,Patrouille,,1,0.0,3,12
AZ-2024-004314,Raub,2024-02-29,12:12,Riederwald,50.150791,8.582165,Adolf-Schaaf-Ring,Dringend,Abgeschlossen,Notruf,2025-01-11,1,0.0,1,8
AZ-2025-004315,Urkundenfälschung,2024-05-31,10:17,Gallus,50.090849,8.657873,Dehmelring,Mittel,Ermittlung läuft,Notruf,,2,0.0,2,14
AZ-2024-004316,Drogendelikt,2023-04-30,16:42,Bergen-Enkheim,50.18086,8.589871,Paffrathgasse,Niedrig,Ermittlung läuft,Patrouille,,3,19449.36,4,8
AZ-2024-004317,Körperverletzung,2023-05-01,16:44,Bahnhofsviertel,50.099707,8.488117,Beerweg,Niedrig,Abgeschlossen,Patrouille,2023-11-03,1,8337.65,1,10
AZ-2025-004318,Urkundenfälschung,2025-05-05,00:24,Bockenheim,50.075253,8.587428,Segebahnstraße,Hoch,Gerichtlich,Zeuge,2026-02-02,3,0.0,3,0
AZ-2025-004319,Urkundenfälschung,2024-07-09,17:32,Fechenheim,50.111088,8.702553,Beyerweg,Niedrig,Eingestellt,Anonym,2024-12-10,1,16156.35,5,10
AZ-2025-004320,Beleidigung,2025-06-22,12:33,Seckbach,50.132249,8.733052,Höfigweg,Niedrig,Gerichtlich,Zeuge,2026-02-05,4,47600.22,5,1
AZ-2024-004321,Drogendelikt,2024-03-28,13:22,Sindlingen,50.169897,8.483491,Wilfriede-Rudolph-Gasse,Dringend,Gerichtlich,Patrouille,2025-03-28,2,0.0,0,14
AZ-2023-004322,Sachbeschädigung,2023-04-20,10:21,Gallus,50.02035,8.699943,Schlosserweg,Hoch,Ermittlung läuft,Opfer,,1,23496.33,1,15
AZ-2025-004323,Einbruchdiebstahl,2024-08-14,19:27,Hausen,50.105178,8.638155,Noackplatz,Niedrig,Abgeschlossen,Opfer,2024-10-09,4,41310.88,0,3
AZ-2023-004324,Diebstahl,2024-11-10,23:33,Griesheim,50.0836,8.768133,Weißallee,Dringend,Eingestellt,Anonym,2025-02-02,3,25717.11,4,9
AZ-2023-004325,Unterschlagung,2025-05-07,04:02,Nordend-West,50.067268,8.478071,Arnim-Koch II-Gasse,Dringend,Ermittlung läuft,Notruf,,2,19964.42,5,9
AZ-2025-004326,Einbruchdiebstahl,2023-04-05,02:49,Zeilsheim,50.065906,8.615798,Ilona-Wähner-Platz,Niedrig,Abgeschlossen,Anonym,2023-05-29,1,34433.32,1,14
AZ-2024-004327,Unterschlagung,2023-06-12,20:22,Bergen-Enkheim,50.154428,8.718024,Darko-Lindner-Gasse,Mittel,Gerichtlich,Anonym,2023-08-10,2,34931.05,2,6
AZ-2024-004328,Beleidigung,2024-06-22,13:14,Nieder-Erlenbach,50.147079,8.646495,Tibor-Schweitzer-Allee,Mittel,Ermittlung läuft,Patrouille,,3,11544.51,3,9
AZ-2024-004329,Einbruchdiebstahl,2024-11-12,14:07,Bockenheim,50.139625,8.731853,Lutz-Dietz-Weg,Dringend,Ermittlung läuft,Anonym,,2,0.0,5,0
AZ-2025-004330,Körperverletzung,2025-06-24,02:08,Sachsenhausen-Nord,50.091312,8.640187,Gudeweg,Hoch,Ermittlung läuft,Patrouille,,3,38157.5,1,14
AZ-2025-004331,Körperverletzung,2024-05-17,18:43,Niederursel,50.134499,8.780204,Meik-Steinberg-Ring,Hoch,Abgeschlossen,Patrouille,2025-01-10,4,0.0,3,8
AZ-2024-004332,Sachbeschädigung,2024-02-03,04:15,Bahnhofsviertel,50.150368,8.773918,Saskia-Schaaf-Allee,Mittel,Ermittlung läuft,Anonym,,4,37875.01,2,9
AZ-2025-004333,Verkehrsdelikt,2023-03-18,00:18,Seckbach,50.159961,8.792301,Plathgasse,Hoch,Ermittlung läuft,Notruf,,4,3453.91,4,12
AZ-2024-004334,Hausfriedensbruch,2025-05-05,21:24,Bockenheim,50.051834,8.662717,Lindauallee,Mittel,Abgeschlossen,Notruf,2026-03-01,1,35204.53,3,1
AZ-2025-004335,Hausfriedensbruch,2025-09-24,23:43,Schwanheim,50.128204,8.738717,Carmelo-Gröttner-Weg,Mittel,Gerichtlich,Opfer,2026-08-03,1,5406.3,1,12
AZ-2025-004336,Bedrohung,2023-09-24,08:00,Sachsenhausen-Nord,50.029713,8.581651,Jana-Hethur-Gasse,Dringend,Abgeschlossen,Patrouille,2024-01-06,4,43741.64,2,13
AZ-2023-004337,Raub,2024-01-31,23:46,Eckenheim,50.183418,8.772204,Tibor-Beyer-Ring,Hoch,Eingestellt,Notruf,2024-04-21,4,43224.91,5,9
AZ-2024-004338,Einbruchdiebstahl,2025-10-22,17:53,Nieder-Eschbach,50.150365,8.765417,Heidrun-Pärtzelt-Straße,Dringend,Eingestellt,Patrouille,2025-11-03,2,0.0,1,4
AZ-2023-004339,Computerbetrug,2024-04-04,09:51,Ginnheim,50.096497,8.791876,Evi-Weinhold-Gasse,Hoch,Gerichtlich,Opfer,2025-03-15,1,12295.78,5,14
AZ-2025-004340,Urkundenfälschung,2023-12-31,21:17,Bahnhofsviertel,50.11439,8.569176,Höfigstr.,Dringend,Abgeschlossen,Anonym,2024-10-07,4,11144.3,5,10
AZ-2023-004341,Verkehrsdelikt,2024-04-23,20:29,Sachsenhausen-Nord,50.184144,8.529664,Drubinring,Mittel,Ermittlung läuft,Zeuge,,3,33979.65,5,1
AZ-2023-004342,Betrug,2024-11-06,12:00,Bahnhofsviertel,50.048101,8.560257,Rosenowallee,Niedrig,Ermittlung läuft,Opfer,,2,43811.39,0,1
AZ-2025-004343,Computerbetrug,2025-03-06,17:19,Sachsenhausen-Nord,50.138729,8.563105,Carolin-Mitschke-Gasse,Mittel,Ermittlung läuft,Anonym,,3,1965.48,5,6
AZ-2024-004344,Beleidigung,2023-12-25,00:02,Dornbusch,50.03901,8.513963,Sinaida-Conradi-Platz,Niedrig,Abgeschlossen,Opfer,2024-09-28,1,42175.12,0,11
AZ-2023-004345,Urkundenfälschung,2024-10-12,21:51,Praunheim,50.036815,8.533794,Hans-Gerd-Junck-Weg,Dringend,Abgeschlossen,Patrouille,2025-03-11,1,5454.65,0,4
AZ-2024-004346,Diebstahl,2024-01-08,05:18,Nieder-Eschbach,50.135724,8.757009,Krista-Geisler-Gasse,Niedrig,Ermittlung läuft,Zeuge,,2,0.0,1,5
AZ-2025-004347,Hausfriedensbruch,2023-09-05,06:36,Eschersheim,50.039434,8.707087,Fatima-Köster-Straße,Niedrig,Abgeschlossen,Patrouille,2024-08-26,2,15847.24,1,4
AZ-2025-004348,Urkundenfälschung,2023-07-24,22:17,Westend-Süd,50.030267,8.75019,Philomena-Ullrich-Platz,Niedrig,Eingestellt,Anonym,2024-06-11,3,0.0,1,2
AZ-2025-004349,Unterschlagung,2023-01-01,10:39,Bockenheim,50.068492,8.68925,Stiffelweg,Niedrig,Abgeschlossen,Patrouille,2023-12-02,2,42033.23,5,9
AZ-2024-004350,Sachbeschädigung,2023-09-08,19:54,Schwanheim,50.15687,8.756975,Jutta-Wende-Allee,Niedrig,Abgeschlossen,Zeuge,2024-07-21,1,0.0,2,6
AZ-2024-004351,Beleidigung,2023-08-22,13:44,Altstadt,50.029104,8.567899,Lothar-Bloch-Straße,Mittel,Abgeschlossen,Zeuge,2023-09-24,4,0.0,2,12
AZ-2023-004352,Bedrohung,2023-10-26,20:40,Frankfurter Berg,50.019614,8.651441,Gießring,Dringend,Ermittlung läuft,Opfer,,4,7254.36,5,6
AZ-2024-004353,Raub,2025-07-22,04:23,Eschersheim,50.024247,8.79959,Carmine-Jopich-Straße,Dringend,Gerichtlich,Notruf,2025-10-01,1,21281.91,0,4
AZ-2024-004354,Betrug,2025-08-08,19:19,Nieder-Eschbach,50.032446,8.479129,Martina-Graf-Ring,Hoch,Eingestellt,Opfer,2025-08-24,2,8253.89,5,14
AZ-2025-004355,Verkehrsdelikt,2023-03-31,14:42,Harheim,50.086287,8.611508,Hans D.-Hübel-Ring,Dringend,Ermittlung läuft,Zeuge,,2,41269.81,5,4
AZ-2023-004356,Drogendelikt,2023-10-16,17:44,Fechenheim,50.023118,8.476589,Hettnergasse,Dringend,Ermittlung läuft,Anonym,,3,3036.74,2,13
AZ-2024-004357,Diebstahl,2023-09-24,05:21,Innenstadt,50.108305,8.676315,Klappstr.,Hoch,Eingestellt,Patrouille,2024-02-12,2,27464.44,2,15
AZ-2024-004358,Betrug,2023-03-14,10:42,Nordend-Ost,50.125263,8.623221,Keudelallee,Niedrig,Abgeschlossen,Opfer,2023-08-22,4,4761.26,1,7
AZ-2025-004359,Betrug,2024-07-08,11:14,Riederwald,50.068596,8.54035,Schülerweg,Dringend,Ermittlung läuft,Anonym,,4,32589.68,1,3
AZ-2025-004360,Raub,2023-04-14,22:11,Bahnhofsviertel,50.105609,8.69753,Arndt-Sauer-Straße,Dringend,Gerichtlich,Patrouille,2023-05-16,3,487.63,1,8
AZ-2023-004361,Erpressung,2024-06-07,01:21,Bonames,50.093681,8.712827,Asta-Roskoth-Platz,Dringend,Abgeschlossen,Patrouille,2024-12-14,2,38526.94,0,8
AZ-2025-004362,Hausfriedensbruch,2024-08-30,22:42,Nieder-Eschbach,50.171034,8.703102,Kensyweg,Mittel,Abgeschlossen,Zeuge,2025-02-07,3,0.0,2,8
AZ-2024-004363,Hausfriedensbruch,2023-06-27,05:48,Nieder-Eschbach,50.165248,8.736433,Hänelring,Hoch,Abgeschlossen,Patrouille,2023-08-10,2,0.0,4,7
AZ-2023-004364,Verkehrsdelikt,2023-10-16,19:40,Ginnheim,50.105169,8.622568,Conradistr.,Dringend,Abgeschlossen,Opfer,2024-09-28,1,30756.38,2,10
AZ-2023-004365,Hausfriedensbruch,2023-02-17,18:50,Ginnheim,50.110663,8.693064,Jobst-Harloff-Straße,Dringend,Eingestellt,Opfer,2023-10-08,2,45905.97,0,10
AZ-2025-004366,Hausfriedensbruch,2023-11-26,11:06,Bergen-Enkheim,50.036641,8.77045,Beckmanngasse,Hoch,Ermittlung läuft,Notruf,,2,0.0,0,2
AZ-2023-004367,Diebstahl,2025-06-07,12:23,Unterliederbach,50.085235,8.764237,Willibald-Etzold-Straße,Niedrig,Eingestellt,Patrouille,2025-12-19,2,0.0,4,1
AZ-2024-004368,Bedrohung,2023-06-11,11:25,Bonames,50.097521,8.765753,Köhlerstr.,Dringend,Eingestellt,Anonym,2023-06-24,3,13231.85,3,14
AZ-2024-004369,Urkundenfälschung,2024-03-07,10:39,Riederwald,50.139225,8.536017,Sorgatzstr.,Mittel,Gerichtlich,Patrouille,2024-05-27,4,13102.47,0,12
AZ-2024-004370,Einbruchdiebstahl,2023-09-08,13:58,Sindlingen,50.138744,8.718411,Mariusz-Tintzmann-Gasse,Niedrig,Eingestellt,Notruf,2024-04-15,2,0.0,2,10
AZ-2024-004371,Erpressung,2025-11-07,12:07,Höchst,50.025022,8.659077,Andersplatz,Dringend,Abgeschlossen,Anonym,2025-12-27,2,48462.57,2,13
AZ-2024-004372,Körperverletzung,2023-11-13,07:19,Sossenheim,50.091157,8.772929,Mülichenring,Hoch,Ermittlung läuft,Notruf,,2,10310.11,3,9
AZ-2024-004373,Bedrohung,2025-06-28,14:40,Hausen,50.104954,8.542787,Seifertgasse,Niedrig,Ermittlung läuft,Zeuge,,1,47436.28,3,15
AZ-2023-004374,Raub,2025-02-23,21:02,Bahnhofsviertel,50.065896,8.799381,Sigrid-Klemt-Ring,Niedrig,Ermittlung läuft,Notruf,,3,30548.31,4,1
AZ-2024-004375,Diebstahl,2025-03-15,03:32,Schwanheim,50.069273,8.730605,Volker-Ritter-Platz,Hoch,Eingestellt,Notruf,2025-10-03,4,39956.96,0,6
AZ-2024-004376,Betrug,2025-02-08,06:42,Unterliederbach,50.065959,8.648253,Theobald-Schmiedt-Straße,Mittel,Ermittlung läuft,Notruf,,1,48397.64,1,2
AZ-2024-004377,Sachbeschädigung,2025-07-24,07:26,Höchst,50.185609,8.793402,Wagenknechtstraße,Niedrig,Ermittlung läuft,Notruf,,1,45160.25,3,15
AZ-2025-004378,Drogendelikt,2023-12-01,21:12,Sindlingen,50.089184,8.781161,Henkring,Dringend,Abgeschlossen,Patrouille,2024-07-23,4,20833.71,0,5
AZ-2024-004379,Computerbetrug,2023-11-20,12:07,Gallus,50.148385,8.513715,Schinkering,Hoch,Gerichtlich,Patrouille,2024-10-29,4,0.0,5,8
AZ-2024-004380,Urkundenfälschung,2023-06-28,14:27,Nordend-Ost,50.144203,8.532309,Stiebitzstraße,Niedrig,Ermittlung läuft,Zeuge,,3,23916.08,0,7
AZ-2025-004381,Körperverletzung,2024-02-22,16:40,Hausen,50.194081,8.544518,Benthinplatz,Hoch,Eingestellt,Notruf,2024-11-06,4,473.03,1,7
AZ-2023-004382,Drogendelikt,2023-03-24,17:49,Berkersheim,50.122889,8.537355,Siegmund-Loos-Ring,Dringend,Ermittlung läuft,Opfer,,3,27375.73,4,11
AZ-2025-004383,Verkehrsdelikt,2025-05-03,23:36,Kalbach-Riedberg,50.022724,8.535731,Scheelgasse,Hoch,Ermittlung läuft,Anonym,,4,0.0,5,0
AZ-2024-004384,Drogendelikt,2024-06-13,01:51,Westend-Nord,50.063227,8.777615,Angelina-Geisel-Ring,Niedrig,Ermittlung läuft,Opfer,,1,16393.93,4,11
AZ-2024-004385,Urkundenfälschung,2024-02-01,18:59,Altstadt,50.160611,8.728485,Ursula-Rosenow-Platz,Niedrig,Abgeschlossen,Anonym,2024-12-26,1,32624.53,2,15
AZ-2025-004386,Verkehrsdelikt,2025-01-07,16:45,Hausen,50.045467,8.722327,Gilda-Kade-Gasse,Niedrig,Gerichtlich,Opfer,2025-02-10,2,34422.43,2,9
AZ-2023-004387,Raub,2024-06-22,21:17,Riederwald,50.180003,8.768995,Lorenz-Zorbach-Platz,Dringend,Ermittlung läuft,Opfer,,1,29572.46,4,10
AZ-2025-004388,Betrug,2023-09-28,12:04,Frankfurter Berg,50.078462,8.694897,Mielcarekstraße,Hoch,Eingestellt,Patrouille,2024-09-27,4,21727.91,0,11
AZ-2024-004389,Sachbeschädigung,2023-08-15,04:33,Bergen-Enkheim,50.050172,8.615618,Veli-Ackermann-Allee,Niedrig,Gerichtlich,Notruf,2024-03-19,2,0.0,1,11
AZ-2023-004390,Bedrohung,2025-03-21,17:40,Zeilsheim,50.1178,8.680073,Hans-Wilhelm-Gerlach-Ring,Niedrig,Ermittlung läuft,Zeuge,,3,42074.03,1,8
AZ-2023-004391,Körperverletzung,2024-02-23,03:54,Fechenheim,50.046897,8.710435,Butteplatz,Mittel,Abgeschlossen,Patrouille,2025-01-07,2,0.0,3,2
AZ-2023-004392,Beleidigung,2023-12-21,00:56,Westend-Nord,50.070817,8.514238,Nadja-Haase-Straße,Dringend,Gerichtlich,Zeuge,2024-09-02,4,26537.91,3,4
AZ-2023-004393,Hausfriedensbruch,2025-11-12,14:02,Eschersheim,50.060412,8.603653,Isabella-Henschel-Platz,Niedrig,Ermittlung läuft,Zeuge,,4,29227.44,0,15
AZ-2024-004394,Einbruchdiebstahl,2023-03-02,00:49,Unterliederbach,50.084414,8.652121,Adolphstraße,Hoch,Gerichtlich,Opfer,2023-12-29,3,29305.3,1,8
AZ-2025-004395,Beleidigung,2025-01-15,20:59,Bonames,50.088169,8.69271,Moritz-Ditschlerin-Straße,Dringend,Abgeschlossen,Opfer,2025-02-27,2,20390.01,0,0
AZ-2024-004396,Verkehrsdelikt,2023-06-11,07:43,Rödelheim,50.027517,8.534299,Thanelplatz,Mittel,Ermittlung läuft,Notruf,,3,49916.49,0,2
AZ-2023-004397,Diebstahl,2025-04-21,19:02,Niederursel,50.020157,8.709655,Staudestraße,Dringend,Ermittlung läuft,Opfer,,3,37291.31,2,4
AZ-2025-004398,Unterschlagung,2024-08-20,17:21,Nieder-Erlenbach,50.128127,8.688223,Trappplatz,Mittel,Eingestellt,Anonym,2024-10-17,2,0.0,0,9
AZ-2024-004399,Drogendelikt,2024-05-19,20:24,Praunheim,50.110057,8.548657,Reimer-Eckbauer-Ring,Dringend,Abgeschlossen,Notruf,2024-11-19,4,30787.09,0,0
AZ-2024-004400,Computerbetrug,2025-09-26,06:30,Schwanheim,50.177109,8.786009,Roger-Wirth-Ring,Dringend,Ermittlung läuft,Patrouille,,2,17083.12,4,5
AZ-2024-004401,Einbruchdiebstahl,2025-01-31,21:28,Eckenheim,50.062817,8.713065,Steuerweg,Mittel,Ermittlung läuft,Anonym,,2,25593.74,3,8
AZ-2025-004402,Urkundenfälschung,2023-12-19,03:03,Ginnheim,50.169331,8.486694,Schenkstraße,Dringend,Abgeschlossen,Anonym,2024-04-23,3,29503.26,1,0
AZ-2024-004403,Urkundenfälschung,2023-09-03,16:48,Sindlingen,50.17886,8.481399,Necati-Niemeier-Allee,Mittel,Eingestellt,Anonym,2023-10-05,2,36338.48,4,11
AZ-2023-004404,Verkehrsdelikt,2025-02-08,14:48,Praunheim,50.15603,8.785853,Helfried-Schlosser-Platz,Niedrig,Eingestellt,Anonym,2025-09-19,2,20559.81,2,9
AZ-2025-004405,Raub,2024-09-06,20:12,Altstadt,50.155802,8.640564,Paul-Gerhard-Klotz-Ring,Mittel,Abgeschlossen,Notruf,2025-01-01,2,0.0,5,2
AZ-2025-004406,Beleidigung,2025-03-04,15:32,Zeilsheim,50.155525,8.726833,Eleni-Scheuermann-Straße,Niedrig,Ermittlung läuft,Patrouille,,3,0.0,1,5
AZ-2024-004407,Einbruchdiebstahl,2025-01-29,16:11,Harheim,50.034359,8.651211,Freia-Hein-Platz,Hoch,Gerichtlich,Anonym,2025-11-29,2,0.0,4,6
AZ-2024-004408,Urkundenfälschung,2023-07-20,22:02,Nieder-Erlenbach,50.174987,8.599542,Grafgasse,Hoch,Ermittlung läuft,Notruf,,1,13979.83,0,12
AZ-2025-004409,Verkehrsdelikt,2024-10-22,23:31,Harheim,50.033669,8.635662,Lambert-Lübs-Gasse,Hoch,Ermittlung läuft,Zeuge,,1,20568.71,1,13
AZ-2025-004410,Beleidigung,2024-01-01,08:27,Eckenheim,50.1813,8.531117,Krausweg,Dringend,Ermittlung läuft,Anonym,,4,11635.64,3,12
AZ-2023-004411,Körperverletzung,2025-05-08,12:29,Sachsenhausen-Nord,50.165981,8.481223,Simon-Flantz-Ring,Mittel,Gerichtlich,Patrouille,2025-12-19,3,4101.89,2,15
AZ-2023-004412,Erpressung,2025-11-04,09:57,Preungesheim,50.142888,8.650699,Kraushaarweg,Dringend,Ermittlung läuft,Anonym,,2,24042.83,3,4
AZ-2023-004413,Betrug,2023-04-30,16:09,Höchst,50.034728,8.594578,Beerring,Mittel,Gerichtlich,Opfer,2024-01-10,1,0.0,5,7
AZ-2024-004414,Unterschlagung,2023-11-08,15:50,Schwanheim,50.064079,8.7012,Gießplatz,Niedrig,Gerichtlich,Zeuge,2024-01-19,4,0.0,4,12
AZ-2024-004415,Verkehrsdelikt,2025-07-02,02:32,Zeilsheim,50.036422,8.691689,Stollstr.,Niedrig,Ermittlung läuft,Notruf,,2,0.0,2,6
AZ-2023-004416,Körperverletzung,2023-04-14,19:50,Fechenheim,50.147428,8.624398,Vittorio-Carsten-Ring,Niedrig,Abgeschlossen,Anonym,2024-03-19,2,34314.51,2,8
AZ-2024-004417,Beleidigung,2023-03-17,04:27,Rödelheim,50.135267,8.762906,Gerhild-Lachmann-Gasse,Dringend,Abgeschlossen,Patrouille,2023-04-16,2,15269.38,4,10
AZ-2025-004418,Betrug,2024-08-17,05:54,Praunheim,50.124976,8.590867,Marco-Eckbauer-Weg,Dringend,Ermittlung läuft,Notruf,,4,21673.97,2,7
AZ-2025-004419,Computerbetrug,2025-04-18,13:35,Griesheim,50.189497,8.799737,Striebitzstraße,Mittel,Abgeschlossen,Patrouille,2025-10-01,1,49807.12,1,6
AZ-2023-004420,Erpressung,2025-09-27,06:12,Nieder-Erlenbach,50.133581,8.747326,Zeljko-Söding-Allee,Hoch,Eingestellt,Patrouille,2026-04-24,3,48094.32,1,0
AZ-2023-004421,Raub,2024-08-30,04:50,Bornheim,50.124833,8.507801,Löchelallee,Dringend,Abgeschlossen,Anonym,2025-03-07,4,12859.99,2,5
AZ-2024-004422,Diebstahl,2025-06-06,02:51,Sossenheim,50.157139,8.574707,Laszlo-Löffler-Ring,Niedrig,Ermittlung läuft,Zeuge,,1,49469.81,3,11
AZ-2024-004423,Einbruchdiebstahl,2023-11-08,02:40,Sachsenhausen-Nord,50.171876,8.587702,Dörte-Mende-Weg,Mittel,Abgeschlossen,Notruf,2024-01-18,4,41918.14,1,1
AZ-2024-004424,Urkundenfälschung,2025-05-18,13:59,Frankfurter Berg,50.081075,8.607974,Zahnstraße,Dringend,Ermittlung läuft,Zeuge,,2,2399.17,0,2
AZ-2024-004425,Sachbeschädigung,2023-04-15,18:57,Nied,50.189897,8.76041,Reinhardtring,Mittel,Gerichtlich,Patrouille,2023-10-30,4,34388.89,3,2
AZ-2025-004426,Beleidigung,2023-07-30,15:41,Preungesheim,50.138958,8.785094,Liliane-Gieß-Straße,Dringend,Eingestellt,Anonym,2024-07-17,1,35891.95,3,2
AZ-2023-004427,Unterschlagung,2025-10-23,17:31,Bergen-Enkheim,50.152035,8.589891,Steuergasse,Dringend,Eingestellt,Opfer,2026-07-15,2,23324.89,2,1
AZ-2023-004428,Urkundenfälschung,2025-10-28,20:29,Fechenheim,50.080529,8.497923,Ahmed-Kallert-Allee,Niedrig,Ermittlung läuft,Zeuge,,1,12917.94,3,2
AZ-2023-004429,Sachbeschädigung,2024-08-19,01:27,Bahnhofsviertel,50.107864,8.735549,Gumprichstr.,Dringend,Abgeschlossen,Zeuge,2025-04-04,4,43793.83,2,13
AZ-2023-004430,Sachbeschädigung,2024-02-25,18:05,Ginnheim,50.157251,8.622843,Lübsgasse,Dringend,Ermittlung läuft,Anonym,,2,32442.71,1,7
AZ-2024-004431,Beleidigung,2023-08-15,23:55,Sachsenhausen-Nord,50.015743,8.502446,Holzapfelgasse,Niedrig,Eingestellt,Patrouille,2024-04-19,4,35083.17,1,4
AZ-2023-004432,Einbruchdiebstahl,2025-04-05,12:37,Nordend-Ost,50.057087,8.51596,Oda-Niemeier-Straße,Mittel,Ermittlung läuft,Zeuge,,3,40959.89,3,7
AZ-2023-004433,Unterschlagung,2023-03-05,04:45,Ostend,50.194931,8.798236,Binnerstr.,Niedrig,Abgeschlossen,Opfer,2023-09-29,1,34379.68,4,10
AZ-2025-004434,Drogendelikt,2024-01-29,11:37,Bockenheim,50.148207,8.775781,Herrmannstraße,Mittel,Ermittlung läuft,Notruf,,3,45925.48,5,4
AZ-2025-004435,Sachbeschädigung,2024-08-31,10:43,Ostend,50.124411,8.635463,Steuerring,Mittel,Abgeschlossen,Anonym,2024-11-09,1,7429.08,1,5
AZ-2025-004436,Verkehrsdelikt,2024-04-05,19:11,Griesheim,50.072535,8.502398,Babette-Hethur-Platz,Niedrig,Abgeschlossen,Patrouille,2024-12-02,3,0.0,2,0
AZ-2023-004437,Drogendelikt,2024-11-18,22:19,Ostend,50.049589,8.568747,Klemmstraße,Niedrig,Abgeschlossen,Notruf,2025-05-24,1,7907.28,5,9
AZ-2025-004438,Verkehrsdelikt,2023-08-29,08:43,Nied,50.139211,8.755705,Tim-Junk-Ring,Dringend,Ermittlung läuft,Notruf,,3,34423.24,0,0
AZ-2024-004439,Sachbeschädigung,2024-07-19,10:48,Schwanheim,50.104659,8.564484,Dietlinde-Dowerg-Ring,Dringend,Gerichtlich,Opfer,2025-01-17,4,0.0,3,11
AZ-2023-004440,Hausfriedensbruch,2024-02-16,14:09,Ostend,50.064316,8.783389,Annie-Warmer-Straße,Mittel,Ermittlung läuft,Notruf,,3,14505.19,5,7
AZ-2024-004441,Bedrohung,2025-05-02,19:10,Sachsenhausen-Nord,50.025824,8.503618,Hanni-Caspar-Weg,Hoch,Gerichtlich,Opfer,2025-06-01,3,2555.31,4,15
AZ-2024-004442,Diebstahl,2023-02-04,16:59,Seckbach,50.106366,8.729312,Felix-Vogt-Platz,Dringend,Abgeschlossen,Patrouille,2023-06-11,1,0.0,3,8
AZ-2025-004443,Betrug,2025-03-13,15:35,Berkersheim,50.165593,8.768885,Losekannring,Hoch,Eingestellt,Notruf,2025-10-25,1,0.0,5,7
AZ-2024-004444,Diebstahl,2023-08-17,17:58,Seckbach,50.135099,8.72679,Mielcarekweg,Hoch,Ermittlung läuft,Zeuge,,3,16672.2,2,0
AZ-2023-004445,Hausfriedensbruch,2025-04-17,01:15,Sindlingen,50.129035,8.798796,Slavica-Wagner-Weg,Dringend,Gerichtlich,Zeuge,2025-11-24,1,1979.56,4,3
AZ-2024-004446,Verkehrsdelikt,2025-09-21,03:59,Nordend-Ost,50.059034,8.520968,Benthingasse,Hoch,Abgeschlossen,Zeuge,2026-04-02,3,22070.81,5,6
AZ-2024-004447,Einbruchdiebstahl,2023-06-03,21:46,Westend-Nord,50.147757,8.567269,Köhlergasse,Mittel,Ermittlung läuft,Opfer,,2,11744.98,3,0
AZ-2024-004448,Unterschlagung,2023-03-25,18:29,Harheim,50.033908,8.739768,Eileen-Ullrich-Allee,Mittel,Ermittlung läuft,Anonym,,4,24477.09,0,14
AZ-2024-004449,Computerbetrug,2024-01-19,20:49,Preungesheim,50.138633,8.583842,Ralf-Peter-Peukert-Allee,Dringend,Abgeschlossen,Zeuge,2024-02-21,4,27711.77,0,6
AZ-2024-004450,Drogendelikt,2023-01-14,01:46,Höchst,50.182731,8.525824,Miguel-Schweitzer-Allee,Mittel,Eingestellt,Zeuge,2023-05-05,4,24405.63,4,7
AZ-2025-004451,Beleidigung,2025-05-03,02:37,Sossenheim,50.145242,8.481501,Löchelstraße,Mittel,Abgeschlossen,Anonym,2025-06-21,4,0.0,4,0
AZ-2023-004452,Sachbeschädigung,2023-12-28,13:19,Harheim,50.147598,8.745324,Hans-Eberhard-Weinhold-Ring,Niedrig,Eingestellt,Patrouille,2024-12-04,1,8059.16,5,13
AZ-2025-004453,Beleidigung,2024-10-07,20:50,Bergen-Enkheim,50.156058,8.623779,Marzena-Löwer-Gasse,Mittel,Abgeschlossen,Patrouille,2025-10-07,4,21211.04,3,3
AZ-2024-004454,Diebstahl,2023-09-19,07:01,Bornheim,50.054634,8.74816,Centa-Heß-Ring,Niedrig,Ermittlung läuft,Zeuge,,1,5349.17,1,7
AZ-2025-004455,Betrug,2023-02-03,15:13,Westend-Nord,50.133336,8.77847,Henri-Binner-Ring,Mittel,Abgeschlossen,Zeuge,2023-11-24,2,0.0,1,13
AZ-2024-004456,Raub,2024-12-18,04:52,Frankfurter Berg,50.028938,8.617282,Handeallee,Mittel,Ermittlung läuft,Zeuge,,3,1721.61,4,2
AZ-2025-004457,Körperverletzung,2023-05-17,19:40,Bonames,50.072881,8.481226,Höfigweg,Niedrig,Abgeschlossen,Zeuge,2023-07-22,3,0.0,5,9
AZ-2023-004458,Betrug,2023-08-08,05:52,Westend-Nord,50.168679,8.491548,Karl-Ernst-Otto-Allee,Dringend,Ermittlung läuft,Patrouille,,1,9085.25,3,1
AZ-2023-004459,Einbruchdiebstahl,2024-02-04,18:03,Bergen-Enkheim,50.115389,8.615934,Edda-Kuhl-Platz,Mittel,Abgeschlossen,Notruf,2024-06-16,1,1575.75,2,3
AZ-2024-004460,Raub,2024-09-12,03:16,Ostend,50.111853,8.732257,Heydrichgasse,Dringend,Ermittlung läuft,Zeuge,,1,27777.07,2,7
AZ-2025-004461,Betrug,2024-11-25,19:04,Höchst,50.075424,8.54673,Hänelgasse,Hoch,Eingestellt,Notruf,2025-07-29,1,38251.56,5,6
AZ-2024-004462,Unterschlagung,2024-09-22,15:21,Westend-Nord,50.154238,8.738911,Sontagplatz,Mittel,Ermittlung läuft,Patrouille,,4,0.0,5,12
AZ-2025-004463,Körperverletzung,2024-07-07,01:40,Sossenheim,50.081438,8.780213,Hethurstraße,Niedrig,Gerichtlich,Anonym,2025-06-21,3,23757.92,3,0
AZ-2023-004464,Diebstahl,2025-06-25,14:23,Sindlingen,50.178691,8.795547,Dietzplatz,Dringend,Abgeschlossen,Zeuge,2026-02-08,1,0.0,0,7
AZ-2025-004465,Körperverletzung,2023-02-12,15:13,Sachsenhausen-Nord,50.057124,8.600092,Alfred-Tröst-Ring,Hoch,Gerichtlich,Anonym,2023-08-16,4,468.18,3,12
AZ-2025-004466,Verkehrsdelikt,2023-08-27,13:38,Praunheim,50.162869,8.576179,Carl-Heinz-Schmidtke-Ring,Hoch,Ermittlung läuft,Patrouille,,1,14877.62,4,3
AZ-2025-004467,Erpressung,2024-06-13,09:59,Höchst,50.152288,8.557988,Schachtstraße,Mittel,Ermittlung läuft,Notruf,,4,0.0,1,11
AZ-2024-004468,Hausfriedensbruch,2023-07-16,18:44,Gallus,50.111167,8.774874,Riehlstraße,Hoch,Abgeschlossen,Zeuge,2023-11-16,3,45088.52,4,5
AZ-2025-004469,Computerbetrug,2025-08-04,14:30,Riederwald,50.031022,8.593199,Rohtgasse,Dringend,Gerichtlich,Zeuge,2026-03-31,4,0.0,0,6
AZ-2025-004470,Verkehrsdelikt,2023-08-02,03:15,Westend-Nord,50.127613,8.636511,Kargering,Dringend,Eingestellt,Anonym,2024-07-18,2,12073.37,4,1
AZ-2025-004471,Beleidigung,2025-07-12,15:09,Westend-Süd,50.068784,8.739536,Martinplatz,Niedrig,Eingestellt,Notruf,2026-04-28,2,1297.55,2,13
AZ-2025-004472,Erpressung,2025-02-25,21:25,Höchst,50.174066,8.755872,Weimerstraße,Niedrig,Ermittlung läuft,Opfer,,3,36706.65,4,14
AZ-2025-004473,Diebstahl,2024-02-09,14:40,Ostend,50.094547,8.475626,Annita-Thanel-Platz,Mittel,Abgeschlossen,Patrouille,2024-02-29,1,33956.12,0,15
AZ-2025-004474,Computerbetrug,2025-07-06,04:12,Bahnhofsviertel,50.128959,8.721684,Hermighausenstraße,Niedrig,Gerichtlich,Patrouille,2026-04-30,2,9734.65,0,3
AZ-2024-004475,Unterschlagung,2023-11-25,10:07,Innenstadt,50.191881,8.564568,Gesa-Rudolph-Gasse,Hoch,Eingestellt,Patrouille,2024-08-27,1,0.0,0,7
AZ-2024-004476,Diebstahl,2025-07-10,23:18,Berkersheim,50.036647,8.585,Rörrichtring,Mittel,Abgeschlossen,Notruf,2026-03-24,1,36836.38,0,0
AZ-2023-004477,Betrug,2025-09-18,08:35,Westend-Süd,50.041813,8.648436,Hartmut-Weinhold-Weg,Niedrig,Abgeschlossen,Opfer,2026-06-13,1,40355.54,3,5
AZ-2024-004478,Beleidigung,2023-04-09,15:42,Schwanheim,50.138345,8.659802,Jähnring,Dringend,Gerichtlich,Zeuge,2023-11-19,4,39262.34,3,4
AZ-2024-004479,Urkundenfälschung,2025-01-22,00:51,Unterliederbach,50.16791,8.624927,Mentzelweg,Dringend,Ermittlung läuft,Anonym,,3,7400.49,5,6
AZ-2025-004480,Körperverletzung,2023-09-02,20:22,Frankfurter Berg,50.016438,8.775131,Beckerplatz,Dringend,Ermittlung läuft,Anonym,,2,0.0,1,10
AZ-2024-004481,Bedrohung,2025-07-28,02:58,Höchst,50.138966,8.699123,Emine-Kitzmann-Weg,Niedrig,Abgeschlossen,Notruf,2026-06-02,4,48865.3,0,7
AZ-2024-004482,Bedrohung,2025-08-11,12:01,Preungesheim,50.141447,8.497378,Liebeltallee,Niedrig,Abgeschlossen,Notruf,2026-07-16,3,28684.36,4,3
AZ-2023-004483,Einbruchdiebstahl,2025-09-07,17:10,Harheim,50.062887,8.491123,Karoline-Hölzenbecher-Weg,Hoch,Eingestellt,Patrouille,2026-04-16,2,0.0,1,10
AZ-2024-004484,Computerbetrug,2024-10-02,18:38,Schwanheim,50.10702,8.620433,Heinzstraße,Dringend,Gerichtlich,Notruf,2024-11-06,2,29091.61,1,2
AZ-2025-004485,Bedrohung,2025-05-18,16:12,Griesheim,50.016717,8.78742,Pius-auch Schlauchin-Gasse,Dringend,Ermittlung läuft,Patrouille,,3,0.0,0,3
AZ-2023-004486,Einbruchdiebstahl,2023-09-08,04:25,Bornheim,50.04717,8.67182,Riza-Harloff-Platz,Dringend,Eingestellt,Notruf,2024-07-10,1,38973.72,1,9
AZ-2025-004487,Hausfriedensbruch,2025-10-09,15:41,Riederwald,50.032398,8.50541,Cecilia-Hoffmann-Platz,Dringend,Abgeschlossen,Opfer,2025-11-07,3,3966.84,0,10
AZ-2023-004488,Bedrohung,2025-10-05,03:34,Sindlingen,50.075409,8.531155,Krista-Wulff-Allee,Niedrig,Gerichtlich,Notruf,2026-04-29,3,42084.51,3,11
AZ-2023-004489,Beleidigung,2025-05-04,11:34,Bergen-Enkheim,50.066023,8.680718,Rognerstraße,Niedrig,Ermittlung läuft,Opfer,,4,0.0,3,6
AZ-2024-004490,Erpressung,2025-05-18,09:23,Sachsenhausen-Süd,50.043725,8.497813,Weitzelplatz,Dringend,Abgeschlossen,Notruf,2025-07-01,3,0.0,2,15
AZ-2023-004491,Sachbeschädigung,2023-10-06,03:43,Riederwald,50.181218,8.493438,Scheuermannring,Dringend,Ermittlung läuft,Anonym,,2,43559.21,0,5
AZ-2024-004492,Urkundenfälschung,2025-10-24,05:36,Innenstadt,50.145481,8.530617,Winklerring,Niedrig,Abgeschlossen,Zeuge,2026-07-06,2,1385.63,5,7
AZ-2023-004493,Verkehrsdelikt,2024-01-22,13:26,Seckbach,50.066727,8.671529,Giovanna-Striebitz-Allee,Mittel,Abgeschlossen,Notruf,2024-11-26,4,14818.75,1,5
AZ-2024-004494,Erpressung,2024-08-16,10:28,Bonames,50.18206,8.769777,Paffrathstr.,Dringend,Ermittlung läuft,Anonym,,3,49563.07,5,12
AZ-2023-004495,Verkehrsdelikt,2023-03-28,08:04,Schwanheim,50.176945,8.502429,Heckerallee,Niedrig,Gerichtlich,Notruf,2023-07-02,3,0.0,1,6
AZ-2023-004496,Erpressung,2025-02-14,06:53,Dornbusch,50.103745,8.768185,Oderwaldallee,Hoch,Ermittlung läuft,Patrouille,,3,23470.39,0,5
AZ-2025-004497,Diebstahl,2023-04-12,01:28,Bahnhofsviertel,50.188166,8.597581,Hörleallee,Dringend,Ermittlung läuft,Anonym,,2,0.0,1,15
AZ-2025-004498,Unterschlagung,2025-06-15,12:44,Nieder-Eschbach,50.050646,8.780399,Frankeallee,Mittel,Abgeschlossen,Anonym,2025-12-02,1,35062.8,2,1
AZ-2025-004499,Betrug,2025-01-12,16:33,Dornbusch,50.036081,8.721792,Roland-Hövel-Gasse,Hoch,Ermittlung läuft,Notruf,,3,44321.01,0,2
AZ-2023-004500,Urkundenfälschung,2023-01-09,07:46,Unterliederbach,50.096329,8.702314,Wiekstraße,Dringend,Ermittlung läuft,Anonym,,2,13265.1,1,2
AZ-2023-004501,Körperverletzung,2023-03-02,22:25,Zeilsheim,50.167928,8.777135,Hedda-Dippel-Straße,Hoch,Ermittlung läuft,Zeuge,,2,0.0,0,12
AZ-2025-004502,Diebstahl,2024-05-23,09:02,Eschersheim,50.085154,8.672636,Lindnerstraße,Niedrig,Ermittlung läuft,Notruf,,3,41027.21,0,0
AZ-2024-004503,Unterschlagung,2023-05-28,14:23,Eschersheim,50.067721,8.690198,Fabienne-Baum-Weg,Niedrig,Ermittlung läuft,Patrouille,,1,0.0,3,15
AZ-2024-004504,Erpressung,2023-02-18,02:53,Nieder-Erlenbach,50.058152,8.786618,Frederik-Schmidt-Weg,Mittel,Eingestellt,Anonym,2023-08-28,2,8421.15,0,4
AZ-2024-004505,Hausfriedensbruch,2024-05-08,16:43,Schwanheim,50.177174,8.687138,Doris-Rudolph-Allee,Niedrig,Ermittlung läuft,Zeuge,,4,0.0,1,12
AZ-2024-004506,Diebstahl,2023-12-03,17:57,Schwanheim,50.053155,8.786592,Barkholzring,Mittel,Abgeschlossen,Patrouille,2024-04-17,4,6929.41,2,8
AZ-2023-004507,Unterschlagung,2023-10-26,09:52,Nied,50.043303,8.611008,Guido-Roskoth-Allee,Mittel,Abgeschlossen,Opfer,2024-01-11,2,11802.83,5,12
AZ-2024-004508,Körperverletzung,2023-04-01,21:43,Eckenheim,50.039505,8.687995,Stolzegasse,Dringend,Ermittlung läuft,Patrouille,,2,13605.03,0,14
AZ-2023-004509,Bedrohung,2024-03-24,00:39,Sossenheim,50.159321,8.700093,Barkholzweg,Mittel,Eingestellt,Patrouille,2024-12-15,2,0.0,1,13
AZ-2023-004510,Betrug,2024-04-08,11:51,Sossenheim,50.043971,8.640183,Rohlederstr.,Niedrig,Abgeschlossen,Anonym,2024-10-21,2,38416.65,4,1
AZ-2024-004511,Raub,2023-02-24,19:11,Nordend-West,50.094687,8.647022,Mirjam-Fritsch-Straße,Hoch,Abgeschlossen,Patrouille,2023-09-27,3,0.0,5,9
AZ-2023-004512,Urkundenfälschung,2023-10-16,19:57,Gallus,50.103066,8.612502,Ullrichallee,Mittel,Abgeschlossen,Opfer,2024-02-13,3,10140.34,5,11
AZ-2025-004513,Sachbeschädigung,2025-01-31,22:28,Rödelheim,50.103665,8.58361,Hanni-Mude-Allee,Niedrig,Abgeschlossen,Zeuge,2025-05-30,4,5692.95,3,8
AZ-2023-004514,Raub,2024-12-10,12:44,Zeilsheim,50.095066,8.587454,Mariusz-Eigenwillig-Ring,Dringend,Abgeschlossen,Zeuge,2025-06-28,4,0.0,4,2
AZ-2025-004515,Urkundenfälschung,2024-04-01,07:50,Frankfurter Berg,50.08089,8.526742,Rosel-Becker-Platz,Hoch,Gerichtlich,Patrouille,2024-08-04,1,0.0,2,9
AZ-2023-004516,Computerbetrug,2023-08-20,01:45,Zeilsheim,50.02997,8.765677,Miesplatz,Mittel,Abgeschlossen,Zeuge,2024-01-07,2,0.0,0,14
AZ-2025-004517,Drogendelikt,2024-04-12,17:11,Fechenheim,50.092418,8.790119,Hendriksallee,Dringend,Eingestellt,Notruf,2025-03-07,2,0.0,3,0
AZ-2025-004518,Computerbetrug,2025-04-26,09:34,Riederwald,50.159432,8.774537,Xenia-Misicher-Weg,Dringend,Gerichtlich,Patrouille,2025-11-27,4,4930.71,1,10
AZ-2025-004519,Computerbetrug,2023-06-15,02:01,Griesheim,50.183452,8.572103,Magarete-Schleich-Ring,Mittel,Ermittlung läuft,Patrouille,,1,12241.05,3,11
AZ-2023-004520,Computerbetrug,2024-01-25,04:39,Fechenheim,50.067179,8.636209,Ioannis-Misicher-Allee,Mittel,Abgeschlossen,Zeuge,2024-12-07,1,36286.71,0,12
AZ-2023-004521,Computerbetrug,2024-10-23,06:12,Seckbach,50.123095,8.783949,Ahmed-Weiß-Gasse,Niedrig,Ermittlung läuft,Anonym,,4,44202.03,0,2
AZ-2024-004522,Urkundenfälschung,2024-11-25,02:47,Praunheim,50.164202,8.726272,Pölitzstraße,Hoch,Ermittlung läuft,Anonym,,2,0.0,3,11
AZ-2024-004523,Diebstahl,2025-08-25,17:09,Ginnheim,50.024321,8.476846,Boucseinallee,Mittel,Abgeschlossen,Opfer,2025-09-10,2,37143.08,4,9
AZ-2023-004524,Hausfriedensbruch,2024-01-24,18:05,Hausen,50.192393,8.675239,Heßweg,Niedrig,Ermittlung läuft,Patrouille,,2,26448.28,5,7
AZ-2025-004525,Hausfriedensbruch,2023-07-26,05:39,Sachsenhausen-Süd,50.17221,8.713379,Ira-Wulf-Weg,Mittel,Abgeschlossen,Opfer,2024-01-08,4,0.0,0,2
AZ-2025-004526,Sachbeschädigung,2023-02-12,21:39,Riederwald,50.149298,8.747801,Theo-Nerger-Allee,Mittel,Gerichtlich,Zeuge,2023-05-05,2,40879.0,0,1
AZ-2024-004527,Urkundenfälschung,2023-07-19,11:48,Seckbach,50.17966,8.791009,Klaus-Jürgen-Kruschwitz-Allee,Hoch,Ermittlung läuft,Anonym,,4,14075.4,5,4
AZ-2025-004528,Computerbetrug,2023-03-10,18:28,Unterliederbach,50.165025,8.604963,Ottmar-Kuhl-Allee,Mittel,Abgeschlossen,Zeuge,2023-11-06,1,0.0,2,10
AZ-2024-004529,Raub,2024-02-16,02:38,Griesheim,50.065122,8.516104,Lorchallee,Mittel,Abgeschlossen,Opfer,2025-01-11,4,0.0,3,5
AZ-2024-004530,Diebstahl,2024-12-09,00:30,Sindlingen,50.050289,8.740785,Edwin-Fiebig-Ring,Hoch,Gerichtlich,Patrouille,2025-03-04,3,4158.54,5,9
AZ-2024-004531,Bedrohung,2024-03-14,13:00,Sossenheim,50.086682,8.615093,Irmtraut-Geisler-Ring,Dringend,Eingestellt,Opfer,2024-04-27,1,10005.04,1,4
AZ-2024-004532,Computerbetrug,2024-10-09,15:23,Ostend,50.058379,8.540401,Sontagring,Niedrig,Abgeschlossen,Zeuge,2025-07-14,2,30730.67,4,3
AZ-2025-004533,Sachbeschädigung,2023-01-13,04:36,Bockenheim,50.094498,8.642427,Siglinde-Henk-Straße,Mittel,Ermittlung läuft,Patrouille,,4,0.0,2,4
AZ-2023-004534,Diebstahl,2023-09-26,07:52,Dornbusch,50.152077,8.519287,Josef-Dietz-Ring,Niedrig,Ermittlung läuft,Patrouille,,3,7055.99,0,11
AZ-2023-004535,Beleidigung,2025-02-19,12:50,Fechenheim,50.093832,8.610148,Vadim-Tröst-Straße,Mittel,Ermittlung läuft,Patrouille,,1,11904.92,1,3
AZ-2023-004536,Bedrohung,2023-02-27,17:19,Nieder-Eschbach,50.126093,8.745125,Kathy-Heß-Ring,Niedrig,Ermittlung läuft,Opfer,,1,20595.61,3,13
AZ-2025-004537,Unterschlagung,2023-01-22,04:52,Ginnheim,50.170659,8.653973,Strohstraße,Hoch,Eingestellt,Zeuge,2024-01-04,1,44163.0,5,13
AZ-2024-004538,Urkundenfälschung,2023-08-23,04:17,Harheim,50.08262,8.682623,Zirmestraße,Dringend,Abgeschlossen,Notruf,2024-08-14,4,21391.38,1,13
AZ-2024-004539,Bedrohung,2025-01-22,19:43,Nied,50.047937,8.784884,Rosenowring,Hoch,Eingestellt,Notruf,2025-02-18,3,27238.83,2,9
AZ-2023-004540,Diebstahl,2024-10-03,14:24,Harheim,50.068084,8.620314,Klara-Etzold-Platz,Niedrig,Ermittlung läuft,Zeuge,,2,19318.78,1,11
AZ-2023-004541,Hausfriedensbruch,2023-11-23,23:47,Praunheim,50.057216,8.514337,Bauerplatz,Niedrig,Abgeschlossen,Patrouille,2024-01-08,4,11364.81,2,5
AZ-2024-004542,Urkundenfälschung,2023-05-17,20:31,Bornheim,50.160767,8.74277,Rosering,Dringend,Abgeschlossen,Notruf,2023-11-12,2,40353.44,0,4
AZ-2024-004543,Erpressung,2023-04-11,06:02,Schwanheim,50.051139,8.773899,Jäntschweg,Niedrig,Ermittlung läuft,Zeuge,,1,0.0,0,11
AZ-2024-004544,Raub,2024-02-04,05:15,Eckenheim,50.026219,8.658967,Caterina-Schulz-Ring,Niedrig,Abgeschlossen,Notruf,2024-07-18,2,27858.24,0,12
AZ-2024-004545,Verkehrsdelikt,2024-02-14,02:38,Unterliederbach,50.064626,8.650191,Trübstraße,Dringend,Abgeschlossen,Patrouille,2024-07-15,4,0.0,4,1
AZ-2024-004546,Hausfriedensbruch,2025-05-13,10:04,Eschersheim,50.030369,8.798591,Försterweg,Dringend,Ermittlung läuft,Opfer,,4,0.0,1,2
AZ-2024-004547,Urkundenfälschung,2024-09-13,03:23,Nieder-Erlenbach,50.114886,8.61583,Gabriel-Schlosser-Ring,Niedrig,Ermittlung läuft,Zeuge,,1,17054.96,2,1
AZ-2025-004548,Sachbeschädigung,2025-04-13,20:38,Hausen,50.076293,8.627739,Hertrampfweg,Niedrig,Ermittlung läuft,Opfer,,2,41567.12,5,6
AZ-2023-004549,Betrug,2024-03-14,13:02,Höchst,50.016027,8.633852,André-Hahn-Weg,Niedrig,Gerichtlich,Notruf,2024-06-08,1,23491.12,3,13
AZ-2025-004550,Erpressung,2023-03-30,07:05,Zeilsheim,50.130691,8.614811,Finkestr.,Niedrig,Abgeschlossen,Patrouille,2024-02-11,4,1090.3,2,10
AZ-2024-004551,Erpressung,2024-04-29,23:04,Niederursel,50.118263,8.533718,Joerg-Knappe-Allee,Niedrig,Abgeschlossen,Notruf,2024-09-25,1,2182.36,4,14
AZ-2024-004552,Hausfriedensbruch,2023-11-08,13:41,Eckenheim,50.184994,8.582314,Müllerstr.,Hoch,Ermittlung läuft,Zeuge,,3,49861.06,0,1
AZ-2025-004553,Urkundenfälschung,2025-06-07,12:01,Nordend-West,50.056929,8.476331,Wiltrud-Kaul-Allee,Dringend,Ermittlung läuft,Zeuge,,4,6166.67,1,7
AZ-2025-004554,Sachbeschädigung,2025-02-12,06:18,Niederursel,50.158321,8.647182,Cäcilia-Otto-Ring,Mittel,Ermittlung läuft,Opfer,,4,0.0,2,11
AZ-2024-004555,Hausfriedensbruch,2025-11-11,03:25,Nordend-Ost,50.19025,8.608386,Kostolzinallee,Mittel,Ermittlung läuft,Anonym,,4,16392.72,4,3
AZ-2024-004556,Erpressung,2025-01-10,13:29,Bergen-Enkheim,50.15023,8.678671,Seifertplatz,Niedrig,Ermittlung läuft,Notruf,,1,33460.57,4,3
AZ-2025-004557,Betrug,2023-10-13,11:28,Nieder-Erlenbach,50.020517,8.700313,Gertzstraße,Mittel,Eingestellt,Patrouille,2024-05-08,4,0.0,3,1
AZ-2025-004558,Beleidigung,2025-04-19,15:22,Innenstadt,50.020926,8.72863,Austermühleweg,Niedrig,Abgeschlossen,Opfer,2025-10-11,1,37244.44,4,14
AZ-2025-004559,Diebstahl,2025-05-13,09:50,Höchst,50.132256,8.698185,Miroslaw-Hecker-Ring,Niedrig,Abgeschlossen,Notruf,2025-05-23,3,7085.37,3,13
AZ-2024-004560,Urkundenfälschung,2023-10-03,10:26,Westend-Nord,50.026565,8.749484,Helmut-Fischer-Ring,Mittel,Gerichtlich,Anonym,2024-04-04,1,0.0,0,8
AZ-2024-004561,Unterschlagung,2024-01-02,04:52,Bergen-Enkheim,50.067632,8.566138,Gabi-Gunpf-Ring,Hoch,Abgeschlossen,Zeuge,2024-12-13,2,26377.95,4,8
AZ-2023-004562,Computerbetrug,2023-02-14,20:17,Harheim,50.08271,8.769881,Miesstr.,Niedrig,Ermittlung läuft,Opfer,,4,6852.6,0,14
AZ-2024-004563,Unterschlagung,2023-07-28,08:07,Bahnhofsviertel,50.034663,8.531222,Melanie-Weinhold-Weg,Hoch,Ermittlung läuft,Zeuge,,2,31661.54,5,5
AZ-2025-004564,Einbruchdiebstahl,2025-02-07,20:54,Dornbusch,50.031346,8.544684,Jolanta-Gutknecht-Ring,Dringend,Eingestellt,Zeuge,2025-06-01,4,35980.2,1,10
AZ-2025-004565,Sachbeschädigung,2023-09-20,03:37,Sachsenhausen-Süd,50.186901,8.5257,Rochus-Schomber-Gasse,Niedrig,Abgeschlossen,Zeuge,2024-07-01,3,42424.45,0,2
AZ-2024-004566,Computerbetrug,2025-01-12,09:30,Altstadt,50.139479,8.678611,Patberggasse,Mittel,Eingestellt,Zeuge,2025-11-12,2,0.0,5,1
AZ-2025-004567,Einbruchdiebstahl,2024-10-05,07:37,Sachsenhausen-Süd,50.157843,8.552195,Röhrdanzstr.,Hoch,Ermittlung läuft,Zeuge,,2,33228.63,4,6
AZ-2025-004568,Hausfriedensbruch,2025-07-27,22:33,Ginnheim,50.051336,8.473101,Wiebke-Blümel-Straße,Niedrig,Gerichtlich,Patrouille,2025-12-19,4,14055.39,3,6
AZ-2024-004569,Diebstahl,2023-01-10,00:37,Harheim,50.164966,8.50525,Ioannis-Hertrampf-Allee,Dringend,Ermittlung läuft,Anonym,,2,0.0,4,4
AZ-2023-004570,Urkundenfälschung,2024-07-10,01:05,Innenstadt,50.046106,8.639206,Helen-Siering-Platz,Dringend,Ermittlung läuft,Anonym,,1,23216.43,1,3
AZ-2025-004571,Erpressung,2025-08-07,11:40,Sossenheim,50.096832,8.521302,Helen-Trupp-Straße,Niedrig,Abgeschlossen,Notruf,2025-08-30,4,17510.34,0,10
AZ-2023-004572,Urkundenfälschung,2025-05-21,11:56,Innenstadt,50.065321,8.766026,Arthur-Schlosser-Ring,Mittel,Ermittlung läuft,Notruf,,4,0.0,0,14
AZ-2024-004573,Hausfriedensbruch,2023-10-04,14:28,Eckenheim,50.136538,8.752583,Conradiweg,Mittel,Ermittlung läuft,Zeuge,,4,0.0,0,13
AZ-2025-004574,Betrug,2023-08-16,08:49,Bonames,50.132362,8.509892,Jaqueline-Bolnbach-Platz,Mittel,Abgeschlossen,Zeuge,2023-11-19,1,33801.73,2,4
AZ-2024-004575,Computerbetrug,2023-11-18,18:17,Nordend-Ost,50.127489,8.603534,Bolanderplatz,Dringend,Abgeschlossen,Zeuge,2024-09-02,1,23168.46,5,1
AZ-2024-004576,Unterschlagung,2023-07-11,00:54,Rödelheim,50.182487,8.733583,Ingo-Sauer-Weg,Dringend,Abgeschlossen,Notruf,2023-08-17,3,44973.31,3,3
AZ-2025-004577,Drogendelikt,2024-11-19,10:30,Rödelheim,50.022709,8.55903,Mitschkegasse,Hoch,Ermittlung läuft,Zeuge,,4,24825.81,5,7
AZ-2024-004578,Sachbeschädigung,2025-09-04,04:51,Innenstadt,50.165606,8.733918,Marco-Zobel-Allee,Hoch,Abgeschlossen,Anonym,2026-03-06,2,0.0,0,11
AZ-2023-004579,Erpressung,2023-06-02,21:59,Nordend-Ost,50.124031,8.790603,Hans-Peter-Müller-Gasse,Mittel,Ermittlung läuft,Patrouille,,4,0.0,5,2
AZ-2023-004580,Hausfriedensbruch,2023-07-18,00:12,Nordend-West,50.019727,8.624586,Carstenstraße,Niedrig,Eingestellt,Opfer,2024-04-16,1,12688.03,2,7
AZ-2025-004581,Einbruchdiebstahl,2025-11-13,15:38,Nieder-Erlenbach,50.179182,8.59553,Eckhard-Riehl-Weg,Hoch,Ermittlung läuft,Opfer,,3,43088.74,4,3
AZ-2023-004582,Drogendelikt,2025-05-04,12:11,Zeilsheim,50.023508,8.534477,Doreen-Neuschäfer-Ring,Mittel,Eingestellt,Notruf,2026-04-23,3,37637.83,0,2
AZ-2025-004583,Sachbeschädigung,2024-11-09,02:44,Schwanheim,50.184294,8.730725,Constance-Losekann-Gasse,Mittel,Abgeschlossen,Notruf,2024-11-22,2,14533.15,5,9
AZ-2023-004584,Diebstahl,2025-03-23,08:57,Rödelheim,50.188264,8.619016,Wulffweg,Niedrig,Eingestellt,Opfer,2025-09-27,4,47743.16,4,14
AZ-2023-004585,Betrug,2024-09-26,05:30,Seckbach,50.183276,8.561681,Damaris-Schuster-Weg,Hoch,Ermittlung läuft,Patrouille,,2,33964.94,2,6
AZ-2025-004586,Beleidigung,2025-10-11,18:16,Eckenheim,50.060271,8.493553,Ackermannring,Dringend,Ermittlung läuft,Notruf,,3,40813.18,3,5
AZ-2024-004587,Diebstahl,2025-01-08,08:21,Sachsenhausen-Nord,50.171953,8.534087,Schinkering,Mittel,Eingestellt,Opfer,2025-04-11,1,36730.58,5,2
AZ-2025-004588,Raub,2023-10-07,05:56,Nordend-Ost,50.065774,8.673811,Schülerplatz,Niedrig,Gerichtlich,Zeuge,2024-08-06,1,0.0,5,7
AZ-2024-004589,Diebstahl,2024-09-03,03:19,Nieder-Eschbach,50.139268,8.490403,Patbergstraße,Niedrig,Abgeschlossen,Notruf,2025-08-20,4,13011.14,5,3
AZ-2023-004590,Erpressung,2023-12-25,16:12,Ostend,50.116926,8.740367,Seidelring,Dringend,Ermittlung läuft,Notruf,,1,8856.36,2,2
AZ-2024-004591,Verkehrsdelikt,2023-05-31,13:36,Harheim,50.158042,8.708653,Reichmannplatz,Dringend,Eingestellt,Opfer,2023-09-29,4,0.0,3,14
AZ-2025-004592,Betrug,2024-03-03,00:44,Schwanheim,50.036227,8.723231,Höfigweg,Niedrig,Eingestellt,Anonym,2024-05-24,2,39274.8,5,1
AZ-2024-004593,Raub,2025-04-08,23:32,Hausen,50.067306,8.64681,Schomberstraße,Dringend,Abgeschlossen,Notruf,2025-11-02,2,18264.02,5,14
AZ-2023-004594,Raub,2024-01-31,03:05,Riederwald,50.053716,8.566573,Zita-Wernecke-Platz,Dringend,Ermittlung läuft,Notruf,,3,39667.1,2,9
AZ-2024-004595,Körperverletzung,2024-04-04,03:13,Bonames,50.111557,8.758446,Albersring,Mittel,Ermittlung läuft,Notruf,,2,0.0,1,4
AZ-2025-004596,Hausfriedensbruch,2023-03-12,22:18,Berkersheim,50.168876,8.790481,Oderwaldplatz,Dringend,Gerichtlich,Patrouille,2023-03-20,1,14389.01,4,1
AZ-2025-004597,Hausfriedensbruch,2023-08-11,16:30,Schwanheim,50.101982,8.728262,Carsten-Wesack-Straße,Niedrig,Abgeschlossen,Anonym,2024-06-22,3,15934.16,5,5
AZ-2024-004598,Bedrohung,2025-09-30,14:44,Schwanheim,50.07961,8.769789,Dehmelallee,Niedrig,Ermittlung läuft,Notruf,,2,21282.84,1,5
AZ-2023-004599,Drogendelikt,2023-03-14,09:03,Sachsenhausen-Süd,50.166422,8.726112,Karzweg,Mittel,Eingestellt,Anonym,2023-10-10,1,35577.8,4,14
AZ-2024-004600,Körperverletzung,2023-06-12,03:50,Höchst,50.019742,8.547114,Hans-Jürgen-Wulff-Gasse,Dringend,Ermittlung läuft,Notruf,,1,29492.07,3,14
AZ-2025-004601,Betrug,2023-05-18,12:11,Unterliederbach,50.032025,8.560836,Heino-Jäntsch-Weg,Dringend,Abgeschlossen,Patrouille,2024-01-30,4,0.0,3,6
AZ-2023-004602,Urkundenfälschung,2023-11-27,03:51,Bornheim,50.028174,8.710295,Junckenallee,Hoch,Ermittlung läuft,Zeuge,,4,47894.78,4,12
AZ-2025-004603,Erpressung,2023-11-11,14:14,Praunheim,50.092185,8.538698,Dobesweg,Mittel,Ermittlung läuft,Anonym,,3,0.0,3,13
AZ-2023-004604,Diebstahl,2023-07-08,14:32,Ostend,50.073328,8.649739,Schmidtplatz,Dringend,Eingestellt,Zeuge,2023-07-19,2,25618.79,3,7
AZ-2024-004605,Verkehrsdelikt,2025-08-20,00:06,Sossenheim,50.12635,8.751298,Markus-Franke-Platz,Niedrig,Ermittlung läuft,Patrouille,,2,45511.87,3,3
AZ-2023-004606,Erpressung,2023-10-25,21:22,Nieder-Eschbach,50.053681,8.794698,Zimmerplatz,Dringend,Abgeschlossen,Anonym,2024-02-28,2,21028.57,2,5
AZ-2023-004607,Diebstahl,2023-08-29,10:04,Fechenheim,50.14614,8.703919,Elena-Spieß-Platz,Niedrig,Ermittlung läuft,Opfer,,2,15763.06,5,11
AZ-2025-004608,Verkehrsdelikt,2024-01-27,19:36,Frankfurter Berg,50.190777,8.61234,Plathstraße,Mittel,Eingestellt,Opfer,2024-05-21,4,40735.93,1,13
AZ-2024-004609,Beleidigung,2025-04-30,14:28,Gallus,50.030656,8.775209,Zahnweg,Mittel,Ermittlung läuft,Notruf,,3,0.0,0,14
AZ-2024-004610,Einbruchdiebstahl,2023-05-29,22:47,Fechenheim,50.040523,8.710086,Heinring,Dringend,Eingestellt,Anonym,2023-12-29,3,1407.49,2,12
AZ-2025-004611,Betrug,2024-05-28,03:14,Bahnhofsviertel,50.019198,8.6038,Jähnring,Dringend,Ermittlung läuft,Opfer,,3,10114.98,5,11
AZ-2024-004612,Unterschlagung,2025-04-21,00:38,Altstadt,50.133299,8.73302,Leonardo-Kade-Allee,Niedrig,Abgeschlossen,Zeuge,2025-06-05,4,43274.27,5,11
AZ-2023-004613,Sachbeschädigung,2023-01-03,06:41,Unterliederbach,50.054138,8.728373,Weinhagering,Dringend,Ermittlung läuft,Patrouille,,1,36910.09,5,9
AZ-2024-004614,Bedrohung,2024-03-05,04:11,Niederursel,50.190159,8.63001,Jäntschstraße,Mittel,Abgeschlossen,Patrouille,2024-03-17,1,34412.91,1,14
AZ-2023-004615,Sachbeschädigung,2024-11-18,19:47,Westend-Süd,50.109559,8.750067,Wiekstraße,Niedrig,Gerichtlich,Notruf,2025-05-26,1,0.0,2,12
AZ-2025-004616,Drogendelikt,2024-09-18,01:47,Bonames,50.096033,8.572202,Klothilde-Kusch-Gasse,Dringend,Ermittlung läuft,Anonym,,3,14345.39,0,15
AZ-2024-004617,Raub,2024-07-13,03:20,Innenstadt,50.189612,8.682865,Klappweg,Dringend,Eingestellt,Notruf,2025-06-20,3,18810.62,1,5
AZ-2025-004618,Hausfriedensbruch,2023-07-16,09:35,Niederursel,50.085968,8.526507,Yvonne-Meyer-Ring,Niedrig,Eingestellt,Patrouille,2024-05-09,2,14542.17,2,2
AZ-2024-004619,Beleidigung,2023-06-02,22:54,Sachsenhausen-Nord,50.130304,8.704366,Maria-Tlustek-Platz,Hoch,Abgeschlossen,Notruf,2023-07-04,4,30932.8,3,12
AZ-2024-004620,Unterschlagung,2023-10-03,09:14,Westend-Nord,50.175202,8.730368,Gesine-Trubin-Ring,Niedrig,Eingestellt,Anonym,2023-11-28,4,36433.9,4,12
AZ-2025-004621,Körperverletzung,2023-07-31,09:26,Ostend,50.188086,8.742438,Köstergasse,Mittel,Abgeschlossen,Notruf,2024-07-08,4,23945.4,0,5
AZ-2024-004622,Urkundenfälschung,2023-12-22,22:32,Dornbusch,50.017131,8.554215,Loosallee,Niedrig,Abgeschlossen,Anonym,2024-09-02,4,32971.05,1,1
AZ-2025-004623,Sachbeschädigung,2024-06-04,01:34,Nieder-Erlenbach,50.179873,8.518099,Junkstr.,Hoch,Ermittlung läuft,Patrouille,,4,0.0,1,14
AZ-2023-004624,Raub,2023-03-06,18:13,Westend-Nord,50.02998,8.531931,Ludmila-Hande-Weg,Hoch,Gerichtlich,Opfer,2024-01-11,3,0.0,1,9
AZ-2024-004625,Unterschlagung,2023-09-02,05:55,Bahnhofsviertel,50.140434,8.785567,Höfiggasse,Hoch,Abgeschlossen,Notruf,2024-04-02,4,45865.96,0,0
AZ-2025-004626,Körperverletzung,2023-11-08,16:35,Westend-Nord,50.069675,8.494916,Ingbert-Fritsch-Ring,Mittel,Ermittlung läuft,Zeuge,,1,7735.28,3,2
AZ-2025-004627,Hausfriedensbruch,2024-11-17,11:55,Zeilsheim,50.098467,8.776088,Ullmannstr.,Niedrig,Eingestellt,Patrouille,2025-02-09,1,15579.75,2,4
AZ-2023-004628,Bedrohung,2025-08-24,13:18,Riederwald,50.184423,8.479016,Bienallee,Hoch,Abgeschlossen,Anonym,2026-05-17,3,0.0,0,10
AZ-2024-004629,Körperverletzung,2023-08-12,23:47,Berkersheim,50.164632,8.712656,Strohweg,Mittel,Abgeschlossen,Notruf,2024-02-23,2,27965.25,0,4
AZ-2024-004630,Drogendelikt,2023-12-09,06:04,Rödelheim,50.115546,8.605175,Heringring,Niedrig,Ermittlung läuft,Opfer,,3,46043.48,2,14
AZ-2023-004631,Unterschlagung,2024-11-05,05:54,Höchst,50.021845,8.490621,Bonbachgasse,Hoch,Abgeschlossen,Patrouille,2025-07-20,2,39974.72,4,1
AZ-2025-004632,Bedrohung,2023-06-30,22:05,Hausen,50.189246,8.530386,Felicitas-Karz-Ring,Hoch,Abgeschlossen,Notruf,2024-05-06,1,0.0,0,10
AZ-2025-004633,Betrug,2023-07-29,00:57,Nieder-Eschbach,50.104222,8.677857,Mangoldring,Niedrig,Eingestellt,Opfer,2023-11-17,1,46427.41,4,12
AZ-2024-004634,Raub,2023-03-16,01:44,Nordend-West,50.166926,8.579554,Wieslaw-Eimer-Allee,Hoch,Abgeschlossen,Notruf,2023-11-16,2,9420.82,5,9
AZ-2024-004635,Unterschlagung,2025-10-14,13:19,Eckenheim,50.026331,8.564498,Marten-Wohlgemut-Allee,Hoch,Eingestellt,Anonym,2026-09-01,1,6004.97,5,0
AZ-2023-004636,Drogendelikt,2024-10-02,19:39,Griesheim,50.079487,8.477803,Flantzallee,Dringend,Eingestellt,Opfer,2024-11-09,3,2737.29,0,11
AZ-2024-004637,Drogendelikt,2024-05-23,00:32,Sachsenhausen-Süd,50.057983,8.472255,Dana-Jacob-Weg,Dringend,Abgeschlossen,Notruf,2024-06-16,4,37279.83,4,14
AZ-2025-004638,Körperverletzung,2023-01-11,13:18,Riederwald,50.106433,8.794613,Canan-Cichorius-Straße,Niedrig,Ermittlung läuft,Notruf,,2,30703.58,3,15
AZ-2024-004639,Diebstahl,2023-12-17,05:18,Frankfurter Berg,50.075974,8.509868,Matthias-Ruppersberger-Weg,Mittel,Eingestellt,Patrouille,2024-09-18,2,39648.74,0,14
AZ-2025-004640,Diebstahl,2023-06-07,21:03,Schwanheim,50.132499,8.78384,Rohtstr.,Hoch,Ermittlung läuft,Anonym,,2,48194.21,5,9
AZ-2025-004641,Raub,2024-07-29,07:40,Fechenheim,50.082478,8.612916,Stumpfgasse,Mittel,Abgeschlossen,Anonym,2025-04-13,2,36081.23,3,7
AZ-2025-004642,Drogendelikt,2024-05-30,21:05,Nordend-Ost,50.039646,8.609286,Laila-Winkler-Gasse,Hoch,Gerichtlich,Zeuge,2024-12-09,4,14842.83,5,7
AZ-2023-004643,Einbruchdiebstahl,2023-02-22,11:18,Bonames,50.145366,8.658951,Klingelhöferallee,Mittel,Ermittlung läuft,Notruf,,2,16951.11,1,7
AZ-2023-004644,Verkehrsdelikt,2023-03-17,01:37,Westend-Nord,50.175488,8.522882,Weinholdplatz,Dringend,Eingestellt,Zeuge,2023-06-07,3,9600.62,3,7
AZ-2023-004645,Urkundenfälschung,2023-08-19,22:30,Bornheim,50.156405,8.506175,Marijan-Mosemann-Platz,Mittel,Eingestellt,Notruf,2023-11-14,2,28889.16,3,1
AZ-2023-004646,Beleidigung,2025-08-20,06:55,Innenstadt,50.080512,8.548295,Klotzring,Dringend,Abgeschlossen,Anonym,2026-03-04,4,0.0,4,9
AZ-2024-004647,Einbruchdiebstahl,2023-07-25,04:14,Berkersheim,50.15829,8.756702,Gülten-Tlustek-Ring,Hoch,Ermittlung läuft,Opfer,,4,24472.94,4,12
AZ-2024-004648,Diebstahl,2024-06-03,04:08,Westend-Nord,50.052511,8.726414,Schleichweg,Mittel,Ermittlung läuft,Zeuge,,2,0.0,4,2
AZ-2023-004649,Sachbeschädigung,2024-09-06,08:08,Niederursel,50.181192,8.574223,Fridolin-Dussen van-Allee,Mittel,Abgeschlossen,Notruf,2025-06-17,3,0.0,2,13
AZ-2023-004650,Hausfriedensbruch,2024-05-29,05:09,Schwanheim,50.117267,8.757878,Loosstraße,Mittel,Ermittlung läuft,Zeuge,,4,3910.2,0,9
AZ-2025-004651,Unterschlagung,2025-02-27,05:38,Bornheim,50.106485,8.53404,Biggenallee,Hoch,Eingestellt,Patrouille,2025-11-10,2,37885.33,4,3
AZ-2025-004652,Erpressung,2025-06-07,13:51,Innenstadt,50.063513,8.475923,Siglinde-Peukert-Ring,Mittel,Ermittlung läuft,Notruf,,4,0.0,3,4
AZ-2024-004653,Einbruchdiebstahl,2023-06-05,11:44,Sindlingen,50.170059,8.683988,Carola-Mälzer-Gasse,Niedrig,Ermittlung läuft,Zeuge,,1,34358.47,1,2
AZ-2023-004654,Verkehrsdelikt,2023-11-28,04:10,Rödelheim,50.068846,8.789623,Zobelstr.,Mittel,Abgeschlossen,Patrouille,2024-07-05,3,31661.14,2,1
AZ-2025-004655,Raub,2024-03-30,16:36,Riederwald,50.10164,8.68643,Holzapfelstr.,Mittel,Eingestellt,Opfer,2024-09-08,2,9961.77,3,15
AZ-2023-004656,Urkundenfälschung,2024-08-29,05:10,Praunheim,50.026363,8.566424,Schulzgasse,Hoch,Abgeschlossen,Zeuge,2025-04-19,3,14327.79,5,12
AZ-2024-004657,Unterschlagung,2023-10-03,12:02,Preungesheim,50.056181,8.783653,Carmine-Davids-Weg,Hoch,Ermittlung läuft,Anonym,,1,42256.84,4,1
AZ-2025-004658,Raub,2024-03-26,08:30,Preungesheim,50.064231,8.674313,Annika-Freudenberger-Weg,Mittel,Abgeschlossen,Anonym,2024-08-09,1,0.0,0,7
AZ-2023-004659,Computerbetrug,2023-04-22,17:52,Bockenheim,50.147571,8.773634,Christiana-Mosemann-Weg,Dringend,Ermittlung läuft,Zeuge,,4,17823.07,0,14
AZ-2025-004660,Computerbetrug,2024-02-28,21:06,Nieder-Erlenbach,50.157834,8.689219,Kata-Briemer-Allee,Mittel,Abgeschlossen,Opfer,2024-05-20,1,0.0,2,4
AZ-2025-004661,Unterschlagung,2025-10-22,03:00,Riederwald,50.066018,8.751893,Hofmannstraße,Dringend,Gerichtlich,Zeuge,2026-06-13,1,26144.2,0,8
AZ-2024-004662,Unterschlagung,2024-05-18,17:56,Höchst,50.112519,8.596814,Warmerplatz,Niedrig,Ermittlung läuft,Patrouille,,2,47581.96,3,4
AZ-2024-004663,Erpressung,2023-10-27,07:49,Niederursel,50.125611,8.541152,Briemerplatz,Hoch,Ermittlung läuft,Patrouille,,3,17984.77,4,4
AZ-2023-004664,Raub,2023-01-31,11:19,Griesheim,50.080196,8.625347,Metzstr.,Dringend,Abgeschlossen,Anonym,2023-11-02,1,33059.67,4,1
AZ-2023-004665,Erpressung,2025-09-11,15:10,Bornheim,50.080601,8.540884,Bärerstraße,Dringend,Abgeschlossen,Notruf,2025-11-22,2,44627.28,1,10
AZ-2024-004666,Diebstahl,2023-03-10,15:00,Harheim,50.154105,8.4761,Albersstr.,Dringend,Ermittlung läuft,Patrouille,,2,0.0,3,4
AZ-2025-004667,Verkehrsdelikt,2024-10-01,16:20,Eckenheim,50.173785,8.634344,Bährgasse,Dringend,Abgeschlossen,Opfer,2025-01-30,3,0.0,2,7
AZ-2025-004668,Computerbetrug,2025-03-21,15:44,Nied,50.178501,8.693664,Mariusz-Loos-Platz,Mittel,Abgeschlossen,Notruf,2025-11-16,4,41115.28,4,1
AZ-2025-004669,Raub,2024-02-20,13:28,Fechenheim,50.181525,8.661095,Haufferstr.,Niedrig,Eingestellt,Zeuge,2024-12-17,2,0.0,2,15
AZ-2023-004670,Hausfriedensbruch,2023-10-26,05:12,Sindlingen,50.190286,8.672657,Reichmannstraße,Mittel,Abgeschlossen,Patrouille,2024-03-20,1,18802.61,4,11
AZ-2024-004671,Hausfriedensbruch,2024-04-19,12:19,Schwanheim,50.063813,8.752099,Kunigunda-Ruppert-Ring,Hoch,Ermittlung läuft,Patrouille,,3,0.0,4,7
AZ-2025-004672,Bedrohung,2025-02-15,16:48,Nieder-Erlenbach,50.119421,8.644481,Hans-Helmut-Wirth-Platz,Niedrig,Abgeschlossen,Anonym,2025-11-26,2,0.0,3,12
AZ-2023-004673,Computerbetrug,2024-08-06,09:46,Preungesheim,50.100646,8.588553,Leszek-Girschner-Gasse,Hoch,Abgeschlossen,Opfer,2024-09-15,1,38204.37,2,10
AZ-2023-004674,Bedrohung,2023-10-11,10:01,Sindlingen,50.024142,8.660863,Antje-Schleich-Gasse,Dringend,Gerichtlich,Notruf,2024-01-24,1,23519.39,4,15
AZ-2025-004675,Urkundenfälschung,2023-04-25,06:55,Eckenheim,50.174004,8.509274,Aynur-Keudel-Gasse,Mittel,Ermittlung läuft,Notruf,,2,0.0,5,4
AZ-2024-004676,Diebstahl,2025-11-12,11:33,Frankfurter Berg,50.098777,8.561009,Jopichplatz,Hoch,Abgeschlossen,Anonym,2026-06-26,2,0.0,1,3
AZ-2024-004677,Bedrohung,2025-06-17,23:58,Bergen-Enkheim,50.093004,8.752388,Hansgeorg-Jähn-Platz,Dringend,Ermittlung läuft,Zeuge,,1,19490.39,4,11
AZ-2023-004678,Verkehrsdelikt,2023-05-28,07:05,Gallus,50.044405,8.605295,Hillerplatz,Hoch,Abgeschlossen,Notruf,2023-10-23,4,26929.41,3,9
AZ-2024-004679,Verkehrsdelikt,2025-03-07,02:03,Sachsenhausen-Süd,50.11373,8.720445,Laila-Klapp-Gasse,Hoch,Eingestellt,Anonym,2025-11-02,1,16270.38,2,4
AZ-2024-004680,Beleidigung,2024-03-27,19:04,Nordend-Ost,50.101864,8.568362,Pia-Mans-Gasse,Niedrig,Abgeschlossen,Anonym,2024-06-16,3,6392.68,1,6
AZ-2025-004681,Einbruchdiebstahl,2024-04-29,03:25,Bornheim,50.023439,8.54896,Bauerstraße,Dringend,Abgeschlossen,Zeuge,2025-02-27,3,0.0,4,11
AZ-2025-004682,Diebstahl,2023-06-26,06:03,Bahnhofsviertel,50.081084,8.779705,Rainer-Binner-Straße,Mittel,Abgeschlossen,Patrouille,2023-12-17,2,47817.57,3,1
AZ-2023-004683,Diebstahl,2024-02-07,18:43,Altstadt,50.133555,8.608313,Kuhlplatz,Dringend,Ermittlung läuft,Anonym,,2,3313.88,5,13
AZ-2025-004684,Urkundenfälschung,2024-06-16,04:46,Preungesheim,50.033179,8.678882,Käte-Kramer-Weg,Dringend,Abgeschlossen,Anonym,2025-01-15,1,8295.93,1,3
AZ-2025-004685,Urkundenfälschung,2025-05-13,00:52,Bockenheim,50.112083,8.672781,Dogan-Gertz-Weg,Hoch,Ermittlung läuft,Notruf,,2,3991.18,0,9
AZ-2023-004686,Urkundenfälschung,2023-02-14,05:46,Sossenheim,50.052773,8.488361,Gotthold-Wernecke-Platz,Hoch,Ermittlung läuft,Zeuge,,2,20638.74,3,15
AZ-2024-004687,Hausfriedensbruch,2023-07-27,05:52,Rödelheim,50.121089,8.552487,Theda-Niemeier-Allee,Hoch,Abgeschlossen,Patrouille,2024-04-21,2,37903.88,1,2
AZ-2023-004688,Verkehrsdelikt,2025-09-04,21:31,Niederursel,50.046985,8.508664,Weißring,Dringend,Abgeschlossen,Patrouille,2026-03-28,4,41568.05,3,13
AZ-2023-004689,Beleidigung,2023-11-05,02:44,Eschersheim,50.036724,8.543693,Grein Grothplatz,Mittel,Ermittlung läuft,Zeuge,,3,0.0,0,12
AZ-2024-004690,Raub,2023-09-04,03:54,Berkersheim,50.027467,8.487307,Luise-Patberg-Ring,Hoch,Ermittlung läuft,Anonym,,2,0.0,5,8
AZ-2024-004691,Computerbetrug,2023-05-12,22:08,Seckbach,50.079682,8.595106,Hermighausenstr.,Dringend,Eingestellt,Patrouille,2023-09-25,2,122.14,1,6
AZ-2025-004692,Sachbeschädigung,2025-11-13,21:30,Bockenheim,50.162962,8.735697,Traude-Meyer-Gasse,Mittel,Abgeschlossen,Opfer,2026-08-12,4,21973.01,0,11
AZ-2023-004693,Urkundenfälschung,2024-02-22,09:09,Ostend,50.154352,8.63477,Raimund-Linke-Straße,Hoch,Ermittlung läuft,Anonym,,1,6037.68,2,11
AZ-2024-004694,Körperverletzung,2023-10-03,08:35,Sossenheim,50.169982,8.75904,Norbert-Klingelhöfer-Ring,Mittel,Abgeschlossen,Zeuge,2024-02-14,1,43719.36,4,0
AZ-2024-004695,Körperverletzung,2024-09-24,02:06,Bornheim,50.174677,8.493483,Sylvester-Siering-Ring,Niedrig,Abgeschlossen,Anonym,2025-01-01,1,5919.32,5,4
AZ-2024-004696,Erpressung,2025-03-09,15:17,Gallus,50.099537,8.63969,Hilma-Caspar-Allee,Mittel,Gerichtlich,Zeuge,2026-01-14,4,36089.69,1,9
AZ-2024-004697,Körperverletzung,2024-04-27,11:23,Dornbusch,50.020314,8.584052,Mudegasse,Dringend,Abgeschlossen,Notruf,2025-02-23,1,20497.44,4,12
AZ-2023-004698,Körperverletzung,2024-06-01,07:09,Berkersheim,50.062123,8.60062,Vollbrechtweg,Niedrig,Ermittlung läuft,Patrouille,,4,0.0,4,6
AZ-2023-004699,Computerbetrug,2023-11-23,12:12,Sachsenhausen-Süd,50.024365,8.521108,Bienplatz,Hoch,Ermittlung läuft,Anonym,,2,0.0,0,11
AZ-2025-004700,Verkehrsdelikt,2023-10-25,02:28,Nieder-Erlenbach,50.034856,8.494123,Hans Dieter-Rosemann-Gasse,Mittel,Eingestellt,Opfer,2024-08-03,2,0.0,3,3
AZ-2025-004701,Hausfriedensbruch,2024-12-01,21:10,Bergen-Enkheim,50.185744,8.796078,Anna-Marie-Förster-Platz,Dringend,Ermittlung läuft,Notruf,,2,9496.33,3,14
AZ-2023-004702,Verkehrsdelikt,2023-12-28,16:06,Praunheim,50.081545,8.755743,Wiekgasse,Mittel,Gerichtlich,Patrouille,2024-09-21,2,0.0,0,11
AZ-2025-004703,Drogendelikt,2025-07-06,22:13,Nieder-Erlenbach,50.126363,8.785215,Dina-Häring-Allee,Dringend,Ermittlung läuft,Patrouille,,4,0.0,2,9
AZ-2024-004704,Verkehrsdelikt,2023-11-08,21:08,Bonames,50.10376,8.675502,Köhlerstr.,Dringend,Gerichtlich,Opfer,2024-10-01,1,44001.4,5,10
AZ-2025-004705,Drogendelikt,2024-04-24,13:49,Harheim,50.144698,8.667435,Frankestraße,Hoch,Abgeschlossen,Opfer,2025-01-24,3,37606.69,1,5
AZ-2024-004706,Hausfriedensbruch,2023-03-07,03:34,Nieder-Eschbach,50.096329,8.497956,Hannes-Pohl-Platz,Hoch,Abgeschlossen,Zeuge,2023-10-11,1,31582.73,4,3
AZ-2023-004707,Drogendelikt,2023-11-03,22:31,Bockenheim,50.049805,8.598512,Ottomar-Dörschner-Platz,Mittel,Abgeschlossen,Notruf,2024-06-24,2,0.0,2,14
AZ-2023-004708,Drogendelikt,2023-01-25,18:37,Sindlingen,50.099704,8.591611,Aleksandra-Haase-Ring,Mittel,Gerichtlich,Opfer,2023-09-08,2,17831.12,3,11
AZ-2023-004709,Körperverletzung,2025-01-16,10:44,Sossenheim,50.182828,8.605745,Schomberring,Mittel,Abgeschlossen,Zeuge,2025-07-15,1,20968.93,2,10
AZ-2023-004710,Beleidigung,2024-12-09,07:03,Niederursel,50.018673,8.733811,Scholtzring,Mittel,Abgeschlossen,Anonym,2025-04-24,4,0.0,5,14
AZ-2025-004711,Computerbetrug,2023-01-20,15:41,Riederwald,50.144189,8.546531,Lieselotte-Bauer-Ring,Mittel,Gerichtlich,Patrouille,2023-12-03,2,0.0,2,8
AZ-2023-004712,Diebstahl,2023-09-23,07:44,Nied,50.121146,8.503809,Ricarda-Möchlichen-Gasse,Dringend,Ermittlung läuft,Opfer,,4,3783.45,0,13
AZ-2024-004713,Urkundenfälschung,2024-05-12,17:13,Frankfurter Berg,50.153457,8.534631,Sigrun-Ladeck-Gasse,Dringend,Abgeschlossen,Zeuge,2024-11-10,2,14241.39,1,8
AZ-2025-004714,Hausfriedensbruch,2023-05-08,11:35,Riederwald,50.155953,8.554545,Wiekstr.,Niedrig,Eingestellt,Anonym,2024-01-07,2,27349.84,3,7
AZ-2025-004715,Drogendelikt,2023-09-23,07:47,Westend-Süd,50.033335,8.772616,Gino-Ditschlerin-Gasse,Mittel,Ermittlung läuft,Opfer,,2,1293.2,2,7
AZ-2024-004716,Bedrohung,2024-04-25,07:12,Rödelheim,50.137315,8.631623,Hauffergasse,Niedrig,Ermittlung läuft,Patrouille,,2,41563.02,4,10
AZ-2023-004717,Raub,2025-10-28,02:18,Eckenheim,50.01717,8.781883,Bolzmanngasse,Hoch,Gerichtlich,Notruf,2026-08-05,4,0.0,2,4
AZ-2023-004718,Einbruchdiebstahl,2024-01-10,14:12,Sindlingen,50.089714,8.600405,Mitschkestraße,Dringend,Ermittlung läuft,Zeuge,,3,26521.64,5,1
AZ-2025-004719,Einbruchdiebstahl,2024-07-09,21:34,Ginnheim,50.034576,8.518216,Eimerallee,Dringend,Eingestellt,Notruf,2025-05-24,2,0.0,5,14
AZ-2023-004720,Körperverletzung,2025-09-27,19:36,Zeilsheim,50.018409,8.555369,Luciano-Mülichen-Straße,Mittel,Eingestellt,Zeuge,2026-06-22,2,21492.29,0,8
AZ-2024-004721,Verkehrsdelikt,2023-08-11,18:57,Innenstadt,50.103765,8.657338,Eckbauerring,Dringend,Ermittlung läuft,Opfer,,1,0.0,0,5
AZ-2024-004722,Verkehrsdelikt,2025-09-26,23:04,Eschersheim,50.044903,8.755841,Schmiedeckeweg,Hoch,Gerichtlich,Zeuge,2026-05-07,1,0.0,1,4
AZ-2025-004723,Drogendelikt,2023-06-01,03:14,Westend-Nord,50.106468,8.674124,Wladimir-Nohlmans-Allee,Dringend,Eingestellt,Zeuge,2024-02-22,4,0.0,2,2
AZ-2025-004724,Beleidigung,2024-10-21,15:10,Sossenheim,50.181323,8.654838,Fedor-Hartmann-Weg,Hoch,Eingestellt,Patrouille,2024-12-12,2,28327.75,4,2
AZ-2024-004725,Erpressung,2023-03-21,11:12,Schwanheim,50.016682,8.544815,Magret-Fechner-Platz,Mittel,Abgeschlossen,Opfer,2023-09-02,1,3300.17,0,15
AZ-2024-004726,Beleidigung,2024-04-20,08:22,Innenstadt,50.1714,8.665443,Josephine-Dehmel-Allee,Mittel,Abgeschlossen,Notruf,2024-06-02,4,42655.0,2,7
AZ-2024-004727,Computerbetrug,2024-04-06,19:24,Nordend-West,50.145933,8.666605,Holzapfelstr.,Niedrig,Ermittlung läuft,Opfer,,4,0.0,1,4
AZ-2025-004728,Drogendelikt,2025-07-15,07:30,Gallus,50.146489,8.770729,Jakob-Hecker-Ring,Niedrig,Eingestellt,Notruf,2025-10-12,1,3163.56,4,6
AZ-2024-004729,Beleidigung,2024-11-25,16:06,Sachsenhausen-Nord,50.032053,8.727247,Janett-Sorgatz-Ring,Hoch,Eingestellt,Zeuge,2025-08-18,2,46984.96,4,6
AZ-2025-004730,Urkundenfälschung,2025-01-20,09:11,Gallus,50.035966,8.703095,Tröststraße,Hoch,Ermittlung läuft,Notruf,,4,0.0,2,9
AZ-2023-004731,Hausfriedensbruch,2023-02-17,01:21,Rödelheim,50.102776,8.651946,Wesackplatz,Hoch,Abgeschlossen,Opfer,2023-12-12,2,47900.57,0,3
AZ-2024-004732,Urkundenfälschung,2023-01-27,21:29,Fechenheim,50.07818,8.779499,Löchelring,Mittel,Ermittlung läuft,Zeuge,,2,43319.02,0,13
AZ-2025-004733,Einbruchdiebstahl,2025-04-09,11:41,Innenstadt,50.043165,8.571466,Clarissa-Walter-Gasse,Mittel,Ermittlung läuft,Opfer,,3,41246.37,2,5
AZ-2024-004734,Raub,2024-08-29,16:20,Bornheim,50.028557,8.60434,Schülergasse,Niedrig,Ermittlung läuft,Anonym,,2,0.0,0,0
AZ-2023-004735,Betrug,2024-10-11,23:44,Nieder-Eschbach,50.073148,8.493287,Hans-Detlef-Austermühle-Platz,Dringend,Abgeschlossen,Anonym,2025-06-01,3,0.0,3,9
AZ-2023-004736,Erpressung,2024-03-25,03:01,Bornheim,50.035893,8.761451,Martina-Hellwig-Platz,Dringend,Ermittlung läuft,Notruf,,3,10702.59,2,15
AZ-2023-004737,Unterschlagung,2023-08-22,20:44,Bornheim,50.175169,8.722293,Junitzgasse,Mittel,Gerichtlich,Notruf,2024-04-25,4,12537.6,1,5
AZ-2024-004738,Raub,2024-05-31,16:01,Ostend,50.087376,8.676869,Netteallee,Niedrig,Abgeschlossen,Zeuge,2024-08-18,4,13886.51,2,1
AZ-2023-004739,Raub,2024-03-27,20:04,Sossenheim,50.159915,8.749005,Grafweg,Dringend,Gerichtlich,Opfer,2025-02-20,4,36322.81,5,13
AZ-2025-004740,Körperverletzung,2023-01-14,03:11,Nieder-Erlenbach,50.052854,8.478793,Mentzelplatz,Dringend,Ermittlung läuft,Zeuge,,3,16934.63,4,10
AZ-2023-004741,Urkundenfälschung,2024-08-30,09:57,Altstadt,50.11226,8.636214,Scholtzring,Dringend,Ermittlung läuft,Opfer,,1,28666.57,0,9
AZ-2024-004742,Diebstahl,2023-07-08,17:50,Bergen-Enkheim,50.132587,8.65487,Drubinweg,Hoch,Ermittlung läuft,Notruf,,2,0.0,4,15
AZ-2023-004743,Urkundenfälschung,2024-04-20,17:19,Fechenheim,50.045231,8.59213,Sölzerallee,Hoch,Ermittlung läuft,Opfer,,4,25190.33,5,11
AZ-2025-004744,Betrug,2023-09-20,07:32,Griesheim,50.152977,8.627239,Kallertplatz,Hoch,Ermittlung läuft,Patrouille,,4,11892.99,4,7
AZ-2023-004745,Hausfriedensbruch,2025-01-12,00:27,Nieder-Eschbach,50.18239,8.495588,Kargeallee,Dringend,Gerichtlich,Patrouille,2026-01-09,3,0.0,4,15
AZ-2023-004746,Urkundenfälschung,2023-09-28,22:49,Bockenheim,50.175896,8.790526,Wirthstr.,Mittel,Ermittlung läuft,Opfer,,4,412.27,1,4
AZ-2025-004747,Bedrohung,2023-10-10,16:32,Bockenheim,50.145541,8.732895,Spießgasse,Dringend,Gerichtlich,Zeuge,2024-08-23,1,6947.18,3,3
AZ-2025-004748,Bedrohung,2023-03-04,16:18,Bergen-Enkheim,50.019352,8.735528,Wiekstr.,Dringend,Ermittlung läuft,Notruf,,4,44688.06,1,12
AZ-2023-004749,Verkehrsdelikt,2024-01-28,21:40,Sachsenhausen-Nord,50.18135,8.711824,Bolnbachallee,Hoch,Abgeschlossen,Notruf,2024-05-19,2,25740.8,5,0
AZ-2023-004750,Bedrohung,2024-06-30,22:44,Ginnheim,50.123365,8.615994,Loosweg,Mittel,Ermittlung läuft,Anonym,,1,32452.11,3,2
AZ-2024-004751,Bedrohung,2023-06-19,16:03,Eschersheim,50.033713,8.627651,Walentina-Ring-Platz,Mittel,Abgeschlossen,Notruf,2024-03-27,3,24790.52,0,0
AZ-2023-004752,Unterschlagung,2024-05-29,03:58,Berkersheim,50.147271,8.543902,Henry-Mielcarek-Gasse,Dringend,Ermittlung läuft,Patrouille,,1,0.0,4,4
AZ-2025-004753,Sachbeschädigung,2025-10-02,15:41,Westend-Nord,50.185281,8.667027,Betty-Trub-Ring,Dringend,Ermittlung läuft,Patrouille,,1,21591.07,2,14
AZ-2025-004754,Diebstahl,2023-06-04,13:33,Westend-Nord,50.041585,8.685377,Pascale-Kensy-Ring,Niedrig,Abgeschlossen,Zeuge,2024-02-16,1,47999.42,2,0
AZ-2025-004755,Körperverletzung,2025-02-06,15:48,Rödelheim,50.107883,8.757526,Mälzerstr.,Dringend,Ermittlung läuft,Zeuge,,4,24178.31,4,0
AZ-2023-004756,Drogendelikt,2025-08-29,19:11,Nied,50.109664,8.538543,Waltraud-Pärtzelt-Platz,Mittel,Ermittlung läuft,Opfer,,1,37983.48,3,4
AZ-2023-004757,Körperverletzung,2023-04-13,22:54,Seckbach,50.179679,8.740423,Pergandeplatz,Hoch,Abgeschlossen,Anonym,2023-11-03,3,0.0,5,3
AZ-2024-004758,Beleidigung,2025-06-10,04:23,Bergen-Enkheim,50.079462,8.599896,Melanie-Stiffel-Platz,Dringend,Ermittlung läuft,Patrouille,,2,0.0,1,9
AZ-2023-004759,Drogendelikt,2023-04-28,18:53,Bergen-Enkheim,50.158763,8.518756,Hans-Ulrich-Wagner-Allee,Mittel,Gerichtlich,Patrouille,2023-08-15,3,0.0,1,0
AZ-2025-004760,Drogendelikt,2024-05-29,03:58,Nieder-Erlenbach,50.081699,8.573116,Putzstr.,Niedrig,Ermittlung läuft,Zeuge,,2,24516.86,1,12
AZ-2023-004761,Einbruchdiebstahl,2025-10-19,10:41,Schwanheim,50.148114,8.799944,Carin-Radisch-Weg,Hoch,Eingestellt,Notruf,2026-05-20,1,0.0,0,14
AZ-2023-004762,Betrug,2023-02-15,13:22,Nied,50.021746,8.612188,Luitgard-Reichmann-Ring,Mittel,Ermittlung läuft,Zeuge,,3,34044.5,1,1
AZ-2024-004763,Raub,2023-11-07,00:58,Fechenheim,50.19311,8.660144,Henny-Radisch-Platz,Niedrig,Abgeschlossen,Opfer,2024-05-15,3,0.0,2,8
AZ-2024-004764,Drogendelikt,2025-08-07,14:53,Nieder-Eschbach,50.05674,8.703607,Freudenbergergasse,Mittel,Abgeschlossen,Notruf,2025-11-08,4,0.0,0,8
AZ-2023-004765,Einbruchdiebstahl,2024-12-24,19:31,Praunheim,50.101746,8.708641,Evelyne-Schulz-Weg,Hoch,Abgeschlossen,Zeuge,2025-07-28,4,46204.01,4,5
AZ-2024-004766,Raub,2024-12-15,02:47,Bonames,50.182735,8.500487,Meryem-Weitzel-Allee,Mittel,Gerichtlich,Anonym,2025-11-28,2,27756.99,5,6
AZ-2024-004767,Hausfriedensbruch,2025-04-09,04:16,Nied,50.153974,8.559326,Ayse-Schmidt-Straße,Mittel,Abgeschlossen,Opfer,2025-04-21,2,39381.99,0,4
AZ-2024-004768,Hausfriedensbruch,2025-08-07,17:24,Nordend-Ost,50.136568,8.598376,Karl-Heinrich-Binner-Straße,Niedrig,Gerichtlich,Opfer,2025-11-02,3,1702.33,5,14
AZ-2025-004769,Diebstahl,2024-10-03,02:19,Westend-Nord,50.017845,8.767522,Krebsstr.,Dringend,Eingestellt,Notruf,2025-01-08,4,0.0,3,10
AZ-2024-004770,Körperverletzung,2023-12-25,21:15,Sindlingen,50.186174,8.776204,Mülichenstraße,Niedrig,Abgeschlossen,Patrouille,2024-11-24,3,14151.22,5,15
AZ-2024-004771,Computerbetrug,2024-01-26,16:55,Westend-Süd,50.015578,8.508458,Ernstweg,Mittel,Ermittlung läuft,Zeuge,,2,0.0,5,15
AZ-2024-004772,Urkundenfälschung,2025-05-16,23:26,Kalbach-Riedberg,50.141267,8.505266,Ackermanngasse,Dringend,Abgeschlossen,Patrouille,2025-12-02,3,0.0,4,6
AZ-2024-004773,Drogendelikt,2025-07-22,07:13,Dornbusch,50.159916,8.741853,Trommlerstr.,Niedrig,Ermittlung läuft,Opfer,,1,0.0,3,14
AZ-2024-004774,Körperverletzung,2024-01-26,20:23,Niederursel,50.119022,8.558509,Hänelweg,Mittel,Ermittlung läuft,Notruf,,3,41620.57,4,0
AZ-2024-004775,Betrug,2023-12-26,14:48,Gallus,50.125564,8.749717,Brian-Wende-Straße,Hoch,Ermittlung läuft,Zeuge,,2,0.0,4,14
AZ-2024-004776,Verkehrsdelikt,2025-01-03,10:19,Altstadt,50.104747,8.707562,Friedrich-Nerger-Platz,Hoch,Gerichtlich,Anonym,2025-08-02,4,0.0,0,4
AZ-2024-004777,Sachbeschädigung,2023-02-09,17:29,Ostend,50.064369,8.776238,Remo-Zimmer-Platz,Dringend,Ermittlung läuft,Zeuge,,1,0.0,4,6
AZ-2024-004778,Unterschlagung,2023-04-20,03:23,Bornheim,50.150444,8.693204,Kreinstr.,Niedrig,Ermittlung läuft,Zeuge,,3,1872.38,4,13
AZ-2024-004779,Urkundenfälschung,2024-01-30,17:42,Kalbach-Riedberg,50.123203,8.598143,Jacek-Killer-Gasse,Niedrig,Eingestellt,Anonym,2024-03-20,3,0.0,2,12
AZ-2025-004780,Sachbeschädigung,2023-03-01,23:23,Westend-Nord,50.059758,8.689337,Viviane-Hofmann-Platz,Hoch,Abgeschlossen,Notruf,2023-06-01,4,44412.17,2,6
AZ-2023-004781,Verkehrsdelikt,2024-04-20,06:20,Preungesheim,50.14087,8.508917,Ebertweg,Dringend,Ermittlung läuft,Opfer,,1,29121.65,1,14
AZ-2024-004782,Hausfriedensbruch,2025-02-17,19:49,Nieder-Eschbach,50.08923,8.625787,Harold-Martin-Platz,Dringend,Abgeschlossen,Opfer,2025-08-30,4,36419.65,4,11
AZ-2024-004783,Raub,2025-02-23,17:33,Höchst,50.073025,8.697684,Wesackring,Mittel,Eingestellt,Zeuge,2025-11-22,4,10916.11,5,9
AZ-2023-004784,Körperverletzung,2025-09-01,17:52,Nieder-Erlenbach,50.06341,8.7562,Fadime-Drubin-Weg,Niedrig,Ermittlung läuft,Patrouille,,1,25283.15,1,12
AZ-2025-004785,Sachbeschädigung,2024-09-15,03:47,Bonames,50.041355,8.762053,Pruschkegasse,Hoch,Ermittlung läuft,Anonym,,3,38590.16,4,0
AZ-2025-004786,Hausfriedensbruch,2024-04-02,11:08,Hausen,50.04615,8.791613,Heinrichweg,Mittel,Ermittlung läuft,Notruf,,4,811.57,5,14
AZ-2025-004787,Beleidigung,2023-03-15,12:09,Nied,50.015802,8.67494,Huhnallee,Mittel,Ermittlung läuft,Notruf,,1,0.0,5,1
AZ-2025-004788,Betrug,2024-10-29,13:44,Hausen,50.08273,8.659941,Aysel-Weimer-Weg,Mittel,Ermittlung läuft,Opfer,,2,34659.52,1,12
AZ-2023-004789,Körperverletzung,2024-11-27,21:16,Nied,50.029752,8.656598,Fliegnergasse,Niedrig,Abgeschlossen,Zeuge,2024-12-28,2,0.0,5,4
AZ-2025-004790,Beleidigung,2025-08-08,05:11,Ginnheim,50.058573,8.494056,Heydrichgasse,Niedrig,Ermittlung läuft,Anonym,,2,28434.6,5,14
AZ-2023-004791,Raub,2024-05-11,07:17,Fechenheim,50.124098,8.58204,Hermighausengasse,Hoch,Gerichtlich,Notruf,2024-05-26,2,0.0,1,12
AZ-2024-004792,Computerbetrug,2025-05-29,04:16,Unterliederbach,50.145945,8.796839,Loosstr.,Mittel,Ermittlung läuft,Anonym,,1,22421.33,1,12
AZ-2023-004793,Diebstahl,2025-05-16,06:13,Nieder-Erlenbach,50.127343,8.529202,Peggy-Tröst-Allee,Mittel,Abgeschlossen,Opfer,2026-04-09,4,0.0,5,13
AZ-2025-004794,Sachbeschädigung,2023-02-13,19:51,Sindlingen,50.050188,8.565749,Wernerring,Mittel,Gerichtlich,Notruf,2024-02-05,1,0.0,4,6
AZ-2024-004795,Raub,2024-02-18,17:05,Bergen-Enkheim,50.076795,8.679176,Annedore-Dobes-Gasse,Niedrig,Abgeschlossen,Patrouille,2024-07-05,2,0.0,4,10
AZ-2025-004796,Körperverletzung,2025-06-18,04:22,Sindlingen,50.157466,8.76404,Hendriksallee,Mittel,Ermittlung läuft,Opfer,,2,37987.34,3,0
AZ-2025-004797,Diebstahl,2023-02-03,07:06,Rödelheim,50.182208,8.574437,Tintzmannstraße,Niedrig,Ermittlung läuft,Patrouille,,2,0.0,2,7
AZ-2023-004798,Betrug,2024-01-23,22:08,Altstadt,50.079947,8.742139,Bohlanderweg,Niedrig,Eingestellt,Anonym,2024-09-02,3,26663.8,1,12
AZ-2023-004799,Drogendelikt,2024-09-05,10:38,Westend-Süd,50.059437,8.751371,Nora-Winkler-Ring,Dringend,Eingestellt,Anonym,2024-10-13,1,43962.15,2,13
AZ-2025-004800,Hausfriedensbruch,2023-03-22,12:40,Ostend,50.077421,8.493182,Hermannweg,Dringend,Eingestellt,Patrouille,2023-10-11,4,0.0,3,15
AZ-2024-004801,Betrug,2024-01-04,06:19,Zeilsheim,50.112099,8.773293,Lindnerweg,Dringend,Eingestellt,Patrouille,2024-08-20,2,19473.66,4,15
AZ-2023-004802,Bedrohung,2023-04-24,14:13,Kalbach-Riedberg,50.131418,8.513045,Klemmgasse,Mittel,Eingestellt,Zeuge,2023-10-01,4,30255.1,1,6
AZ-2025-004803,Beleidigung,2025-10-17,18:49,Bornheim,50.05899,8.706424,Edelbert-Trüb-Straße,Niedrig,Abgeschlossen,Patrouille,2026-05-02,4,1149.04,3,7
AZ-2023-004804,Raub,2025-01-04,05:25,Kalbach-Riedberg,50.078459,8.52988,Cosima-Oderwald-Platz,Mittel,Abgeschlossen,Zeuge,2025-07-28,2,449.87,0,8
AZ-2023-004805,Hausfriedensbruch,2025-06-09,20:59,Innenstadt,50.146989,8.507755,Stadelmannring,Hoch,Ermittlung läuft,Zeuge,,1,39828.29,5,15
AZ-2024-004806,Urkundenfälschung,2023-12-14,12:17,Sindlingen,50.095943,8.608994,Lidwina-Trommler-Straße,Mittel,Eingestellt,Zeuge,2024-03-03,3,46115.99,5,10
AZ-2024-004807,Urkundenfälschung,2024-06-22,02:23,Bockenheim,50.057295,8.634656,auch Schlauchinstr.,Dringend,Eingestellt,Patrouille,2024-09-17,2,27041.4,0,10
AZ-2024-004808,Sachbeschädigung,2025-10-04,09:27,Bonames,50.118381,8.569233,Bergerstr.,Niedrig,Gerichtlich,Notruf,2025-11-25,1,9236.87,4,8
AZ-2023-004809,Drogendelikt,2025-09-17,17:53,Schwanheim,50.03392,8.758403,Daniela-Seifert-Gasse,Mittel,Gerichtlich,Patrouille,2026-02-26,2,6876.58,4,0
AZ-2025-004810,Betrug,2023-11-26,06:06,Bahnhofsviertel,50.193658,8.758178,Erik-Wieloch-Platz,Hoch,Ermittlung läuft,Opfer,,1,0.0,1,0
AZ-2023-004811,Hausfriedensbruch,2024-08-16,05:42,Kalbach-Riedberg,50.113525,8.649862,Salzweg,Hoch,Abgeschlossen,Opfer,2025-08-13,3,32843.83,4,14
AZ-2025-004812,Betrug,2025-10-29,23:21,Ostend,50.027727,8.494098,Kreuselweg,Niedrig,Abgeschlossen,Notruf,2026-06-15,1,9189.0,3,12
AZ-2025-004813,Hausfriedensbruch,2025-11-06,15:17,Rödelheim,50.043837,8.549549,Nick-Seifert-Straße,Hoch,Eingestellt,Patrouille,2026-01-23,3,4558.33,4,10
AZ-2024-004814,Urkundenfälschung,2024-09-10,19:46,Nordend-West,50.149042,8.739852,Ruppersbergerallee,Niedrig,Ermittlung läuft,Patrouille,,3,15471.57,5,2
AZ-2023-004815,Körperverletzung,2025-01-14,06:24,Kalbach-Riedberg,50.075284,8.4956,Thea-Kuhl-Allee,Mittel,Gerichtlich,Opfer,2025-06-01,1,26333.09,5,12
AZ-2023-004816,Diebstahl,2025-08-27,01:19,Nordend-Ost,50.179626,8.600961,Staudegasse,Dringend,Eingestellt,Opfer,2025-10-26,4,0.0,3,11
AZ-2023-004817,Raub,2023-05-25,13:56,Bahnhofsviertel,50.130344,8.611344,Caroline-Girschner-Gasse,Hoch,Gerichtlich,Patrouille,2023-06-30,3,0.0,1,5
AZ-2023-004818,Körperverletzung,2025-09-14,04:39,Kalbach-Riedberg,50.043773,8.647583,Dippelring,Dringend,Ermittlung läuft,Notruf,,3,29865.38,1,8
AZ-2025-004819,Körperverletzung,2024-05-19,04:20,Bonames,50.104154,8.701339,Baumweg,Mittel,Eingestellt,Opfer,2024-11-06,4,28930.11,1,7
AZ-2023-004820,Drogendelikt,2024-06-07,11:50,Schwanheim,50.113695,8.500996,Herrmannring,Hoch,Abgeschlossen,Notruf,2024-09-28,4,21619.02,4,4
AZ-2024-004821,Beleidigung,2024-01-08,09:41,Eckenheim,50.108447,8.626954,Kitzmannplatz,Dringend,Eingestellt,Patrouille,2024-08-10,1,0.0,2,8
AZ-2023-004822,Drogendelikt,2025-05-06,06:27,Unterliederbach,50.186948,8.50609,Matthäiallee,Mittel,Abgeschlossen,Anonym,2025-12-15,3,29505.12,2,14
AZ-2025-004823,Erpressung,2024-01-11,15:08,Seckbach,50.073046,8.63154,Marten-Mielcarek-Allee,Dringend,Ermittlung läuft,Patrouille,,1,0.0,2,7
AZ-2024-004824,Diebstahl,2024-02-19,22:14,Nieder-Eschbach,50.174897,8.540723,Wilmsenallee,Niedrig,Ermittlung läuft,Patrouille,,3,18223.24,5,14
AZ-2025-004825,Raub,2025-10-12,21:52,Eckenheim,50.061539,8.678415,Hasan-Roht-Weg,Dringend,Ermittlung läuft,Zeuge,,3,0.0,4,14
AZ-2024-004826,Computerbetrug,2025-07-18,09:05,Berkersheim,50.03356,8.766018,Weihmannstraße,Niedrig,Gerichtlich,Patrouille,2025-12-16,2,6760.95,4,7
AZ-2024-004827,Urkundenfälschung,2023-12-23,04:29,Westend-Süd,50.102426,8.700209,Zahnallee,Dringend,Abgeschlossen,Opfer,2024-12-22,1,13950.98,5,7
AZ-2025-004828,Erpressung,2023-09-23,21:27,Praunheim,50.087372,8.497065,Michaela-Ortmann-Gasse,Mittel,Ermittlung läuft,Anonym,,3,8145.23,3,3
AZ-2025-004829,Unterschlagung,2023-01-23,11:20,Höchst,50.024148,8.704105,Kitzmannstr.,Dringend,Eingestellt,Opfer,2023-10-08,1,40537.22,3,4
AZ-2023-004830,Urkundenfälschung,2023-02-20,11:47,Praunheim,50.05686,8.600249,Malte-Jäkel-Gasse,Dringend,Abgeschlossen,Notruf,2023-07-03,2,43504.14,3,2
AZ-2023-004831,Körperverletzung,2023-11-23,23:50,Höchst,50.181606,8.743475,Felicitas-Lachmann-Ring,Niedrig,Abgeschlossen,Anonym,2024-02-28,4,22786.62,1,11
AZ-2025-004832,Urkundenfälschung,2024-09-05,01:28,Nieder-Erlenbach,50.112018,8.75036,Schwitalplatz,Niedrig,Abgeschlossen,Notruf,2025-01-19,2,13944.44,1,2
AZ-2025-004833,Hausfriedensbruch,2023-10-04,14:31,Ginnheim,50.151131,8.719894,Gutknechtring,Mittel,Ermittlung läuft,Notruf,,3,0.0,4,15
AZ-2024-004834,Computerbetrug,2023-11-24,08:08,Berkersheim,50.15565,8.561481,Killerring,Niedrig,Abgeschlossen,Patrouille,2024-08-13,1,46471.51,5,11
AZ-2024-004835,Unterschlagung,2024-03-15,03:27,Frankfurter Berg,50.023543,8.672375,Klotzallee,Dringend,Eingestellt,Patrouille,2024-11-02,2,1795.03,5,6
AZ-2023-004836,Betrug,2024-01-04,17:40,Nieder-Eschbach,50.082693,8.650102,Veronika-Geisler-Ring,Mittel,Ermittlung läuft,Anonym,,1,23989.63,0,5
AZ-2024-004837,Raub,2023-10-20,17:07,Nied,50.053622,8.556251,Engelbert-Grein Groth-Weg,Mittel,Abgeschlossen,Opfer,2023-11-24,4,27130.94,2,9
AZ-2023-004838,Sachbeschädigung,2024-11-29,08:37,Nieder-Erlenbach,50.112928,8.6321,Patbergweg,Mittel,Ermittlung läuft,Opfer,,1,36387.56,4,13
AZ-2023-004839,Raub,2025-10-20,22:25,Hausen,50.071775,8.642892,Werneckestr.,Dringend,Abgeschlossen,Notruf,2026-06-15,2,33555.02,1,5
AZ-2024-004840,Verkehrsdelikt,2024-01-06,14:00,Nied,50.174215,8.662392,Rocco-Schönland-Allee,Dringend,Gerichtlich,Opfer,2024-12-25,1,15612.97,1,10
AZ-2025-004841,Diebstahl,2023-05-04,14:53,Nordend-West,50.040191,8.613846,Hans-Ulrich-Davids-Gasse,Hoch,Abgeschlossen,Notruf,2024-03-31,2,12221.92,5,0
AZ-2023-004842,Bedrohung,2023-06-29,11:52,Bergen-Enkheim,50.027828,8.495856,Hesseplatz,Mittel,Ermittlung läuft,Opfer,,4,9463.96,5,8
AZ-2025-004843,Beleidigung,2023-09-05,20:41,Höchst,50.161624,8.786262,Reichmannring,Hoch,Abgeschlossen,Zeuge,2024-01-21,1,34975.76,4,1
AZ-2023-004844,Beleidigung,2023-12-29,00:11,Sachsenhausen-Süd,50.073341,8.727943,Eimerstraße,Niedrig,Abgeschlossen,Anonym,2024-02-21,4,0.0,2,4
AZ-2024-004845,Urkundenfälschung,2023-05-07,03:35,Seckbach,50.148793,8.578452,Michaele-Wähner-Ring,Mittel,Abgeschlossen,Zeuge,2023-10-13,1,23542.19,3,6
AZ-2023-004846,Beleidigung,2023-04-08,03:26,Gallus,50.0702,8.590551,Markus-Hecker-Straße,Hoch,Abgeschlossen,Patrouille,2024-01-22,3,36893.8,1,13
AZ-2025-004847,Unterschlagung,2023-01-02,12:20,Altstadt,50.150468,8.557552,Ismail-Rogge-Platz,Hoch,Abgeschlossen,Opfer,2023-03-01,1,23622.73,5,13
AZ-2024-004848,Körperverletzung,2023-09-24,04:37,Höchst,50.145051,8.564875,Bauerstraße,Hoch,Ermittlung läuft,Patrouille,,4,0.0,3,6
AZ-2025-004849,Bedrohung,2023-10-15,14:19,Frankfurter Berg,50.133623,8.601351,Marliese-Täsche-Platz,Dringend,Ermittlung läuft,Notruf,,3,47018.28,0,9
AZ-2023-004850,Raub,2025-08-08,21:55,Bonames,50.12045,8.741758,Paulina-Hecker-Straße,Dringend,Abgeschlossen,Zeuge,2026-02-28,4,7287.94,0,8
AZ-2023-004851,Beleidigung,2025-08-30,12:22,Bockenheim,50.153036,8.585849,Frithjof-Aumann-Ring,Hoch,Abgeschlossen,Notruf,2025-09-20,1,9375.19,5,2
AZ-2025-004852,Unterschlagung,2024-08-18,20:53,Eschersheim,50.033585,8.767984,Walentina-Bärer-Weg,Mittel,Ermittlung läuft,Notruf,,1,37219.69,0,14
AZ-2023-004853,Computerbetrug,2024-10-07,01:29,Sachsenhausen-Nord,50.096726,8.726997,Mangoldstraße,Niedrig,Abgeschlossen,Notruf,2025-08-05,1,24691.23,2,2
AZ-2025-004854,Einbruchdiebstahl,2025-11-13,18:12,Unterliederbach,50.127739,8.602814,Samuel-Gotthard-Weg,Mittel,Ermittlung läuft,Notruf,,2,21852.82,4,3
AZ-2025-004855,Verkehrsdelikt,2024-05-02,10:21,Sachsenhausen-Nord,50.080489,8.525183,Schottinstr.,Niedrig,Eingestellt,Anonym,2024-12-17,3,36188.66,3,12
AZ-2025-004856,Einbruchdiebstahl,2024-01-14,21:15,Westend-Süd,50.085745,8.722011,Weinholdring,Dringend,Abgeschlossen,Zeuge,2024-04-10,4,24194.22,5,13
AZ-2025-004857,Körperverletzung,2024-07-24,02:33,Nieder-Eschbach,50.180584,8.489039,Hessestraße,Mittel,Ermittlung läuft,Anonym,,2,10004.0,1,4
AZ-2023-004858,Sachbeschädigung,2023-03-02,23:42,Altstadt,50.095627,8.736408,Knappeplatz,Hoch,Ermittlung läuft,Notruf,,2,2117.05,4,13
AZ-2024-004859,Raub,2025-09-30,07:34,Riederwald,50.084719,8.585112,Reuterring,Mittel,Abgeschlossen,Notruf,2026-05-11,4,49635.27,1,5
AZ-2025-004860,Verkehrsdelikt,2025-09-12,09:39,Hausen,50.068444,8.780072,Verena-Süßebier-Platz,Hoch,Gerichtlich,Zeuge,2025-11-01,3,695.34,5,6
AZ-2023-004861,Raub,2024-03-11,12:48,Schwanheim,50.177886,8.568108,Tintzmannplatz,Niedrig,Gerichtlich,Zeuge,2024-04-05,2,2622.08,1,5
AZ-2024-004862,Einbruchdiebstahl,2024-08-30,23:32,Gallus,50.082788,8.572273,Dursun-Ziegert-Weg,Hoch,Abgeschlossen,Patrouille,2025-01-05,4,21814.79,5,7
AZ-2024-004863,Bedrohung,2024-09-13,00:34,Sossenheim,50.188593,8.634948,Reisingring,Mittel,Ermittlung läuft,Notruf,,4,15166.94,3,5
AZ-2025-004864,Drogendelikt,2023-12-16,14:42,Praunheim,50.029956,8.665818,Malgorzata-Schleich-Platz,Dringend,Eingestellt,Patrouille,2024-01-18,3,30798.01,3,6
AZ-2024-004865,Diebstahl,2024-05-18,15:07,Ostend,50.027848,8.537877,Truppweg,Dringend,Gerichtlich,Zeuge,2025-05-12,4,26414.57,0,14
AZ-2024-004866,Betrug,2023-04-12,06:51,Sachsenhausen-Süd,50.086178,8.543159,Vittorio-Heuser-Weg,Niedrig,Abgeschlossen,Notruf,2023-11-29,3,40151.23,5,8
AZ-2024-004867,Einbruchdiebstahl,2024-10-06,10:19,Bornheim,50.128946,8.683661,Veit-Schönland-Straße,Dringend,Ermittlung läuft,Patrouille,,2,41814.35,4,14
AZ-2023-004868,Sachbeschädigung,2023-09-30,21:02,Riederwald,50.174958,8.641892,Schäferstraße,Dringend,Ermittlung läuft,Anonym,,2,28634.72,5,12
AZ-2024-004869,Raub,2025-04-20,21:20,Nordend-West,50.090146,8.511583,Uta-Geißler-Gasse,Hoch,Ermittlung läuft,Anonym,,4,4078.34,0,7
AZ-2024-004870,Drogendelikt,2024-10-25,11:23,Westend-Süd,50.136951,8.692992,Römerweg,Niedrig,Abgeschlossen,Patrouille,2025-08-06,4,49919.13,3,15
AZ-2025-004871,Bedrohung,2024-01-16,20:06,Niederursel,50.093534,8.485169,Rosi-Kensy-Straße,Mittel,Ermittlung läuft,Anonym,,1,45218.7,3,7
AZ-2025-004872,Körperverletzung,2024-04-24,15:33,Bergen-Enkheim,50.185351,8.551971,Carl-Heinz-Stoll-Ring,Niedrig,Ermittlung läuft,Anonym,,4,22645.37,0,3
AZ-2024-004873,Raub,2025-02-24,06:42,Ostend,50.133839,8.673253,Valentine-Tschentscher-Ring,Niedrig,Ermittlung läuft,Notruf,,1,0.0,3,5
AZ-2023-004874,Raub,2023-07-28,10:12,Riederwald,50.175138,8.482461,Vogtgasse,Dringend,Ermittlung läuft,Zeuge,,4,44987.34,0,1
AZ-2024-004875,Unterschlagung,2024-12-20,10:42,Kalbach-Riedberg,50.132476,8.507622,Losekannweg,Niedrig,Ermittlung läuft,Zeuge,,3,29470.2,2,4
AZ-2024-004876,Erpressung,2024-04-05,04:22,Gallus,50.062662,8.73529,Robby-Hande-Allee,Mittel,Ermittlung läuft,Opfer,,2,4188.21,1,9
AZ-2025-004877,Diebstahl,2024-02-12,00:09,Hausen,50.133369,8.771554,Jesselstr.,Mittel,Ermittlung läuft,Notruf,,1,0.0,1,15
AZ-2025-004878,Einbruchdiebstahl,2025-05-15,23:37,Nied,50.060947,8.684992,Kabusplatz,Hoch,Ermittlung läuft,Notruf,,2,0.0,5,3
AZ-2024-004879,Drogendelikt,2023-09-05,00:53,Harheim,50.144809,8.476374,Fechnerallee,Dringend,Abgeschlossen,Notruf,2024-08-04,3,49358.79,1,9
AZ-2024-004880,Diebstahl,2024-01-27,23:15,Rödelheim,50.154725,8.640048,Albersstr.,Niedrig,Ermittlung läuft,Zeuge,,1,0.0,5,12
AZ-2023-004881,Raub,2023-06-21,06:25,Höchst,50.141992,8.578986,Ingetraut-Wende-Ring,Niedrig,Ermittlung läuft,Opfer,,2,46467.3,0,3
AZ-2024-004882,Beleidigung,2025-03-20,07:51,Ginnheim,50.154001,8.654491,Leila-Boucsein-Weg,Dringend,Gerichtlich,Opfer,2026-02-28,4,8398.78,1,0
AZ-2023-004883,Betrug,2024-05-16,08:42,Zeilsheim,50.156188,8.473222,Annerose-Lehmann-Allee,Mittel,Abgeschlossen,Notruf,2024-12-30,2,22514.5,5,14
AZ-2023-004884,Computerbetrug,2023-02-23,04:11,Eckenheim,50.017926,8.706806,Janna-Gude-Platz,Niedrig,Abgeschlossen,Zeuge,2023-03-09,2,30268.93,5,8
AZ-2025-004885,Hausfriedensbruch,2023-01-24,18:49,Harheim,50.078355,8.625455,Martine-Girschner-Gasse,Hoch,Eingestellt,Notruf,2023-08-30,3,17747.5,5,2
AZ-2025-004886,Einbruchdiebstahl,2025-06-23,02:13,Sachsenhausen-Nord,50.054997,8.764807,Vollbrechtgasse,Hoch,Eingestellt,Opfer,2025-07-19,2,0.0,4,9
AZ-2023-004887,Beleidigung,2024-02-22,06:08,Bahnhofsviertel,50.058717,8.743706,Cichoriusgasse,Niedrig,Ermittlung läuft,Patrouille,,2,18769.06,1,0
AZ-2023-004888,Betrug,2023-09-22,19:12,Bockenheim,50.075865,8.637201,Ruppersbergerweg,Niedrig,Abgeschlossen,Notruf,2024-07-22,3,0.0,0,5
AZ-2025-004889,Betrug,2024-10-28,11:25,Unterliederbach,50.10706,8.613792,Ladeckstraße,Mittel,Abgeschlossen,Zeuge,2024-12-16,3,0.0,3,9
AZ-2024-004890,Betrug,2024-09-09,07:31,Riederwald,50.078103,8.791814,Etzlerallee,Dringend,Eingestellt,Notruf,2024-09-19,2,0.0,5,15
AZ-2025-004891,Verkehrsdelikt,2025-02-21,07:59,Hausen,50.073555,8.622191,Gnatzgasse,Dringend,Eingestellt,Notruf,2025-06-03,3,4433.81,4,3
AZ-2025-004892,Einbruchdiebstahl,2024-07-15,04:55,Fechenheim,50.189968,8.590877,Klappplatz,Niedrig,Ermittlung läuft,Patrouille,,2,0.0,2,0
AZ-2024-004893,Sachbeschädigung,2023-07-28,07:37,Riederwald,50.140796,8.573256,Herrmannstraße,Mittel,Abgeschlossen,Notruf,2024-04-01,1,29308.96,1,9
AZ-2023-004894,Betrug,2023-01-25,17:44,Sossenheim,50.081028,8.692783,Hans-Erich-Heß-Straße,Hoch,Abgeschlossen,Opfer,2023-10-18,1,0.0,0,1
AZ-2024-004895,Raub,2024-08-10,20:05,Nordend-West,50.175103,8.701595,Henrik-Killer-Allee,Dringend,Abgeschlossen,Patrouille,2025-05-27,4,9414.7,1,3
AZ-2025-004896,Unterschlagung,2025-08-06,00:15,Harheim,50.145729,8.651765,Milan-Mentzel-Gasse,Hoch,Abgeschlossen,Opfer,2025-09-02,2,18136.84,2,0
AZ-2025-004897,Körperverletzung,2023-10-04,23:51,Unterliederbach,50.118545,8.699699,Bärerstr.,Mittel,Ermittlung läuft,Patrouille,,4,0.0,5,12
AZ-2024-004898,Drogendelikt,2023-10-27,04:17,Eckenheim,50.153711,8.785682,Brigitte-Bonbach-Allee,Niedrig,Abgeschlossen,Patrouille,2024-06-11,4,6415.39,1,10
AZ-2024-004899,Hausfriedensbruch,2024-12-06,02:30,Ginnheim,50.065499,8.697879,Dehmelplatz,Mittel,Ermittlung läuft,Notruf,,1,28953.31,2,8
AZ-2024-004900,Einbruchdiebstahl,2025-02-12,03:28,Sossenheim,50.055777,8.490387,Walburga-Rädel-Gasse,Dringend,Ermittlung läuft,Zeuge,,4,24464.94,0,2
AZ-2023-004901,Bedrohung,2023-11-18,12:01,Westend-Süd,50.106306,8.772717,Mato-Kraus-Ring,Dringend,Ermittlung läuft,Zeuge,,1,0.0,2,1
AZ-2025-004902,Hausfriedensbruch,2023-10-24,06:09,Riederwald,50.150753,8.602185,Luitgard-Rosenow-Weg,Niedrig,Gerichtlich,Zeuge,2024-10-09,1,0.0,2,9
AZ-2025-004903,Betrug,2025-03-04,21:53,Niederursel,50.028267,8.494337,Bohnbachplatz,Mittel,Ermittlung läuft,Anonym,,4,2956.26,4,2
AZ-2024-004904,Computerbetrug,2024-05-26,17:11,Riederwald,50.10032,8.523987,Fabienne-Scholl-Straße,Mittel,Eingestellt,Zeuge,2024-08-02,4,25856.78,1,6
AZ-2025-004905,Hausfriedensbruch,2025-04-12,15:20,Ginnheim,50.08915,8.593643,Antonietta-Harloff-Ring,Dringend,Abgeschlossen,Opfer,2025-12-07,4,41185.3,5,11
AZ-2025-004906,Hausfriedensbruch,2024-11-15,18:46,Nieder-Erlenbach,50.17563,8.769987,Pamela-Stoll-Platz,Dringend,Abgeschlossen,Opfer,2025-01-17,3,44886.62,4,14
AZ-2024-004907,Betrug,2023-02-07,13:12,Praunheim,50.128317,8.747031,Ruppersbergerplatz,Dringend,Ermittlung läuft,Notruf,,2,0.0,3,3
AZ-2024-004908,Diebstahl,2024-04-24,13:04,Fechenheim,50.133354,8.673879,Trappallee,Dringend,Ermittlung läuft,Notruf,,2,0.0,5,5
AZ-2025-004909,Erpressung,2023-11-13,22:01,Eschersheim,50.194096,8.79604,Ana-Fischer-Straße,Dringend,Abgeschlossen,Opfer,2024-10-07,3,0.0,1,4
AZ-2024-004910,Beleidigung,2024-07-26,10:38,Westend-Nord,50.145595,8.550765,Elwira-Bender-Weg,Niedrig,Gerichtlich,Patrouille,2024-09-26,2,0.0,2,4
AZ-2023-004911,Einbruchdiebstahl,2024-12-02,08:49,Praunheim,50.155197,8.735508,Malgorzata-Jockel-Ring,Mittel,Ermittlung läuft,Anonym,,2,2830.13,5,12
AZ-2024-004912,Erpressung,2023-09-17,01:22,Westend-Nord,50.049791,8.699372,Nicolas-Stoll-Platz,Hoch,Ermittlung läuft,Anonym,,2,27169.88,2,9
AZ-2024-004913,Diebstahl,2023-11-08,16:15,Bornheim,50.170111,8.762078,Ruth-Ditschlerin-Straße,Dringend,Ermittlung läuft,Zeuge,,4,36368.43,0,8
AZ-2025-004914,Diebstahl,2025-09-07,12:18,Schwanheim,50.086219,8.673131,Dunja-Förster-Weg,Mittel,Ermittlung läuft,Opfer,,3,0.0,1,9
AZ-2024-004915,Diebstahl,2023-05-23,14:41,Nordend-Ost,50.152326,8.71718,Metzweg,Niedrig,Abgeschlossen,Patrouille,2023-08-15,2,0.0,4,12
AZ-2023-004916,Computerbetrug,2023-01-28,19:01,Nied,50.150494,8.750888,Ziegertstraße,Niedrig,Ermittlung läuft,Anonym,,3,7821.19,0,8
AZ-2024-004917,Körperverletzung,2024-02-07,02:22,Riederwald,50.031652,8.732354,Grazyna-Röhrdanz-Gasse,Dringend,Ermittlung läuft,Anonym,,4,17251.11,5,12
AZ-2025-004918,Drogendelikt,2023-07-05,11:26,Niederursel,50.114968,8.784565,Hentschelring,Hoch,Ermittlung läuft,Zeuge,,3,18783.25,3,0
AZ-2025-004919,Bedrohung,2025-04-29,05:33,Frankfurter Berg,50.08451,8.740414,Igor-Noack-Platz,Dringend,Ermittlung läuft,Patrouille,,2,40170.89,4,15
AZ-2023-004920,Sachbeschädigung,2023-06-06,02:52,Gallus,50.057014,8.724648,Bergerring,Mittel,Abgeschlossen,Zeuge,2024-01-09,1,34339.75,3,1
AZ-2023-004921,Hausfriedensbruch,2025-06-13,23:50,Nieder-Erlenbach,50.070723,8.761881,Simona-Naser-Allee,Niedrig,Ermittlung läuft,Patrouille,,4,4471.85,1,1
AZ-2024-004922,Bedrohung,2024-03-05,07:53,Sossenheim,50.035813,8.495282,Minna-Pölitz-Gasse,Niedrig,Abgeschlossen,Opfer,2025-01-17,4,2617.64,3,8
AZ-2024-004923,Drogendelikt,2024-08-01,00:38,Nied,50.02036,8.719362,Putzstr.,Niedrig,Ermittlung läuft,Patrouille,,1,37046.8,3,0
AZ-2024-004924,Diebstahl,2023-03-31,11:18,Schwanheim,50.089554,8.586029,Werneckestr.,Hoch,Ermittlung läuft,Zeuge,,4,14845.27,0,7
AZ-2024-004925,Sachbeschädigung,2023-09-23,10:34,Sachsenhausen-Nord,50.15464,8.587262,Karl-Werner-Jungfer-Platz,Dringend,Abgeschlossen,Opfer,2024-02-02,2,2952.9,3,3
AZ-2025-004926,Bedrohung,2025-10-11,15:39,Griesheim,50.023065,8.75119,Wiekplatz,Niedrig,Abgeschlossen,Zeuge,2026-08-02,1,5381.49,2,11
AZ-2025-004927,Verkehrsdelikt,2023-02-27,14:50,Unterliederbach,50.01585,8.558213,Schomberstraße,Niedrig,Abgeschlossen,Notruf,2023-07-14,1,39228.18,1,4
AZ-2025-004928,Bedrohung,2023-08-07,01:38,Niederursel,50.023305,8.507292,Lübsstraße,Mittel,Ermittlung läuft,Zeuge,,4,44017.95,4,8
AZ-2024-004929,Erpressung,2025-08-05,19:12,Praunheim,50.054556,8.59827,Adeline-Barth-Straße,Niedrig,Abgeschlossen,Notruf,2026-07-06,1,0.0,3,1
AZ-2025-004930,Betrug,2024-03-28,07:33,Frankfurter Berg,50.138025,8.540733,Mario-Rörricht-Straße,Mittel,Abgeschlossen,Opfer,2024-06-18,3,0.0,2,10
AZ-2023-004931,Beleidigung,2025-10-14,04:29,Eschersheim,50.125193,8.719461,Jäkelstraße,Niedrig,Abgeschlossen,Anonym,2026-04-09,4,0.0,3,12
AZ-2023-004932,Sachbeschädigung,2025-01-07,14:31,Nied,50.113419,8.728343,Winklerweg,Niedrig,Abgeschlossen,Anonym,2025-09-09,3,25132.12,4,15
AZ-2024-004933,Drogendelikt,2023-09-26,00:58,Riederwald,50.141578,8.541774,Annelise-Berger-Platz,Dringend,Ermittlung läuft,Patrouille,,4,47098.59,4,7
AZ-2024-004934,Diebstahl,2025-03-31,14:54,Schwanheim,50.092677,8.493522,Leonhard-Schaaf-Allee,Niedrig,Eingestellt,Opfer,2025-04-16,1,44070.94,5,1
AZ-2024-004935,Hausfriedensbruch,2024-06-11,06:56,Westend-Nord,50.030896,8.750955,Flora-Johann-Allee,Niedrig,Abgeschlossen,Zeuge,2024-06-19,3,10499.75,5,6
AZ-2024-004936,Raub,2024-09-11,22:34,Bockenheim,50.175539,8.568213,Antonia-Baum-Gasse,Dringend,Ermittlung läuft,Zeuge,,3,45626.38,5,14
AZ-2025-004937,Sachbeschädigung,2024-09-09,06:56,Nieder-Erlenbach,50.085197,8.504158,Krauseplatz,Mittel,Gerichtlich,Patrouille,2025-05-05,4,25574.75,0,12
AZ-2025-004938,Sachbeschädigung,2024-12-28,22:42,Höchst,50.161904,8.521018,Rennergasse,Dringend,Eingestellt,Zeuge,2025-11-30,3,9187.29,4,0
AZ-2024-004939,Bedrohung,2024-06-12,23:51,Nieder-Eschbach,50.027412,8.777244,Warmerstr.,Niedrig,Abgeschlossen,Anonym,2024-06-22,3,0.0,1,8
AZ-2024-004940,Beleidigung,2024-09-21,11:31,Bergen-Enkheim,50.071156,8.532027,Andrea-Koch II-Allee,Niedrig,Abgeschlossen,Opfer,2025-01-25,2,37933.55,2,4
AZ-2024-004941,Betrug,2024-03-30,23:46,Westend-Süd,50.105223,8.505793,Sieglinde-Hamann-Gasse,Dringend,Eingestellt,Anonym,2025-02-22,3,0.0,5,1
AZ-2025-004942,Computerbetrug,2023-03-23,22:29,Bockenheim,50.12238,8.497056,Gotthardplatz,Hoch,Ermittlung läuft,Notruf,,1,15209.98,0,8
AZ-2024-004943,Erpressung,2025-11-09,04:09,Bockenheim,50.052698,8.794051,Briemerweg,Hoch,Ermittlung läuft,Anonym,,3,41335.96,3,6
AZ-2024-004944,Raub,2024-03-26,19:31,Kalbach-Riedberg,50.130158,8.602759,Agnes-Haering-Weg,Niedrig,Ermittlung läuft,Opfer,,4,0.0,2,3
AZ-2025-004945,Urkundenfälschung,2024-06-28,21:48,Bonames,50.054191,8.65947,Baptist-Kranz-Platz,Hoch,Eingestellt,Notruf,2024-12-14,1,8081.51,0,15
AZ-2023-004946,Verkehrsdelikt,2023-05-07,07:27,Seckbach,50.115301,8.72935,Stefanie-Hoffmann-Gasse,Mittel,Abgeschlossen,Notruf,2024-03-25,2,2400.9,2,5
AZ-2024-004947,Einbruchdiebstahl,2025-08-24,15:12,Kalbach-Riedberg,50.157646,8.502512,Gertraut-Kabus-Platz,Dringend,Abgeschlossen,Anonym,2026-06-04,1,28722.48,4,9
AZ-2025-004948,Verkehrsdelikt,2024-08-15,01:36,Eschersheim,50.168016,8.527089,Heidrichring,Mittel,Ermittlung läuft,Patrouille,,4,0.0,0,6
AZ-2025-004949,Raub,2023-02-15,05:10,Hausen,50.187176,8.620496,Beyerplatz,Hoch,Eingestellt,Zeuge,2023-03-09,3,10049.76,5,8
AZ-2025-004950,Bedrohung,2023-01-01,03:26,Sindlingen,50.158177,8.795289,Dorina-Hentschel-Weg,Hoch,Ermittlung läuft,Zeuge,,4,31218.92,5,7
AZ-2023-004951,Betrug,2024-02-10,15:04,Westend-Nord,50.078553,8.774046,Löchelweg,Niedrig,Abgeschlossen,Patrouille,2024-08-29,4,26882.75,0,6
AZ-2025-004952,Raub,2023-12-22,05:55,Sachsenhausen-Süd,50.183152,8.493998,Haaseweg,Niedrig,Gerichtlich,Zeuge,2024-07-16,1,30097.19,4,14
AZ-2023-004953,Betrug,2024-10-04,00:54,Fechenheim,50.130167,8.482403,Langeweg,Hoch,Gerichtlich,Zeuge,2025-06-06,1,40700.5,2,2
AZ-2023-004954,Computerbetrug,2025-08-10,21:18,Bockenheim,50.121817,8.792765,Senol-Lehmann-Straße,Mittel,Eingestellt,Notruf,2026-07-13,1,32062.9,3,0
AZ-2025-004955,Drogendelikt,2025-08-08,23:48,Schwanheim,50.09297,8.710569,Grein Grothallee,Hoch,Abgeschlossen,Opfer,2026-03-17,4,0.0,4,7
AZ-2023-004956,Hausfriedensbruch,2023-05-25,23:06,Sachsenhausen-Süd,50.16727,8.666375,Herrmannstr.,Niedrig,Ermittlung läuft,Anonym,,4,5496.44,1,9
AZ-2024-004957,Diebstahl,2024-06-05,08:22,Griesheim,50.124493,8.606933,Erica-Süßebier-Straße,Mittel,Ermittlung läuft,Patrouille,,1,33458.33,4,15
AZ-2024-004958,Beleidigung,2024-10-23,07:07,Frankfurter Berg,50.022988,8.758403,Herma-Wilms-Straße,Hoch,Ermittlung läuft,Opfer,,2,35697.15,0,3
AZ-2023-004959,Diebstahl,2025-02-17,11:17,Höchst,50.065588,8.649114,Giesela-Stumpf-Platz,Hoch,Ermittlung läuft,Opfer,,4,25023.07,5,12
AZ-2023-004960,Beleidigung,2023-05-02,14:10,Gallus,50.166351,8.765495,Fanny-Drewes-Gasse,Mittel,Ermittlung läuft,Zeuge,,2,0.0,3,5
AZ-2023-004961,Unterschlagung,2023-10-19,00:20,Eckenheim,50.160794,8.63935,Sabrina-Zorbach-Straße,Niedrig,Ermittlung läuft,Opfer,,3,25723.89,3,10
AZ-2023-004962,Körperverletzung,2023-11-03,07:09,Harheim,50.030448,8.482614,Hans-Dietrich-Reising-Ring,Niedrig,Ermittlung läuft,Anonym,,4,0.0,2,1
AZ-2025-004963,Erpressung,2023-09-20,11:50,Frankfurter Berg,50.058605,8.760586,Theresia-Warmer-Ring,Dringend,Eingestellt,Opfer,2023-10-30,3,0.0,5,13
AZ-2024-004964,Drogendelikt,2024-08-18,20:39,Ginnheim,50.017978,8.478695,Hölzenbecherstr.,Mittel,Abgeschlossen,Zeuge,2025-05-03,3,6834.11,2,4
AZ-2025-004965,Urkundenfälschung,2023-08-14,12:36,Preungesheim,50.173652,8.720874,Hölzenbecherallee,Hoch,Gerichtlich,Zeuge,2024-06-15,1,0.0,2,1
AZ-2023-004966,Einbruchdiebstahl,2025-06-09,10:19,Seckbach,50.109702,8.744681,Dörrallee,Niedrig,Abgeschlossen,Anonym,2026-02-25,4,20158.86,5,3
AZ-2025-004967,Urkundenfälschung,2025-06-28,01:54,Harheim,50.063495,8.725526,Rico-Gutknecht-Gasse,Niedrig,Ermittlung läuft,Zeuge,,4,0.0,0,4
AZ-2023-004968,Körperverletzung,2023-03-08,06:07,Eschersheim,50.092751,8.624406,Guteplatz,Dringend,Ermittlung läuft,Opfer,,3,46211.51,5,8
AZ-2024-004969,Verkehrsdelikt,2024-07-27,09:49,Eschersheim,50.185714,8.619793,Walfried-Naser-Gasse,Niedrig,Ermittlung läuft,Patrouille,,3,31137.21,4,14
AZ-2023-004970,Verkehrsdelikt,2025-10-02,11:43,Sossenheim,50.170241,8.51574,Heribert-Bender-Straße,Hoch,Eingestellt,Opfer,2025-12-08,2,0.0,0,6
AZ-2023-004971,Betrug,2025-08-18,23:13,Bockenheim,50.016992,8.571049,Denis-Wiek-Allee,Mittel,Eingestellt,Opfer,2025-08-31,1,6687.02,0,8
AZ-2023-004972,Diebstahl,2023-07-25,15:37,Ginnheim,50.118081,8.544033,Immo-Mälzer-Weg,Dringend,Ermittlung läuft,Zeuge,,3,581.16,0,7
AZ-2023-004973,Sachbeschädigung,2024-11-07,03:41,Rödelheim,50.024144,8.540317,Mangoldweg,Mittel,Ermittlung läuft,Notruf,,1,17786.43,3,4
AZ-2024-004974,Computerbetrug,2023-04-18,21:28,Höchst,50.027796,8.746703,Thoralf-Schenk-Gasse,Dringend,Ermittlung läuft,Opfer,,2,21372.03,4,4
AZ-2023-004975,Urkundenfälschung,2025-04-09,07:01,Gallus,50.17026,8.637269,Kristina-Häring-Allee,Mittel,Eingestellt,Anonym,2025-10-25,4,38078.31,2,5
AZ-2024-004976,Raub,2025-03-25,06:43,Schwanheim,50.146767,8.568713,Beyerstr.,Niedrig,Gerichtlich,Patrouille,2025-04-04,4,11247.31,1,5
AZ-2025-004977,Körperverletzung,2023-05-28,22:51,Altstadt,50.044325,8.75931,Tülay-Fliegner-Ring,Niedrig,Abgeschlossen,Notruf,2023-07-08,4,4006.14,5,5
AZ-2025-004978,Raub,2025-09-25,14:41,Schwanheim,50.097179,8.582224,Gertzring,Dringend,Gerichtlich,Notruf,2025-11-30,4,0.0,0,14
AZ-2024-004979,Verkehrsdelikt,2025-09-29,22:47,Berkersheim,50.070908,8.585336,Guteweg,Hoch,Abgeschlossen,Opfer,2026-02-15,4,16795.01,4,5
AZ-2025-004980,Diebstahl,2024-08-23,17:04,Ostend,50.181561,8.730607,Remo-Kramer-Platz,Niedrig,Ermittlung läuft,Opfer,,3,13637.7,2,10
AZ-2025-004981,Bedrohung,2025-07-05,06:20,Nordend-Ost,50.06245,8.735144,Pärtzeltgasse,Hoch,Ermittlung läuft,Anonym,,1,0.0,0,8
AZ-2024-004982,Drogendelikt,2025-06-02,23:23,Praunheim,50.070996,8.790867,Hans-Eberhard-Schottin-Platz,Hoch,Ermittlung läuft,Patrouille,,3,3360.54,1,1
AZ-2024-004983,Verkehrsdelikt,2024-05-02,16:52,Bergen-Enkheim,50.072438,8.522214,Sontagweg,Mittel,Ermittlung läuft,Anonym,,2,11204.8,3,1
AZ-2025-004984,Urkundenfälschung,2023-03-10,19:22,Nordend-West,50.054292,8.695963,Barthallee,Mittel,Ermittlung läuft,Opfer,,2,47526.52,3,3
AZ-2024-004985,Bedrohung,2024-12-20,17:16,Kalbach-Riedberg,50.140649,8.500561,Bohnbachallee,Hoch,Eingestellt,Opfer,2025-06-22,2,0.0,4,10
AZ-2023-004986,Sachbeschädigung,2025-11-04,06:05,Schwanheim,50.045838,8.630285,Dorothea-Rädel-Ring,Hoch,Gerichtlich,Zeuge,2026-03-02,4,36465.84,4,2
AZ-2025-004987,Einbruchdiebstahl,2024-07-02,17:23,Zeilsheim,50.185859,8.519612,Friedo-Rogge-Ring,Niedrig,Ermittlung läuft,Anonym,,4,0.0,3,10
AZ-2025-004988,Raub,2023-10-04,18:30,Berkersheim,50.161914,8.638762,Engelbert-Stolze-Gasse,Niedrig,Abgeschlossen,Anonym,2024-01-02,2,24372.66,5,11
AZ-2023-004989,Erpressung,2025-03-27,19:09,Westend-Süd,50.043934,8.672751,Pohlstr.,Niedrig,Abgeschlossen,Notruf,2025-08-26,1,0.0,4,2
AZ-2025-004990,Beleidigung,2023-08-10,03:06,Schwanheim,50.018679,8.705324,Elli-Tschentscher-Platz,Dringend,Abgeschlossen,Opfer,2024-01-17,4,0.0,0,11
AZ-2025-004991,Computerbetrug,2023-10-05,03:46,Hausen,50.038113,8.635862,Koch IIgasse,Dringend,Abgeschlossen,Zeuge,2023-10-13,1,11374.41,0,13
AZ-2024-004992,Körperverletzung,2023-09-23,18:20,Zeilsheim,50.180394,8.744439,Sabine-Döhn-Allee,Dringend,Abgeschlossen,Notruf,2023-11-02,4,37370.6,2,2
AZ-2025-004993,Computerbetrug,2025-04-04,12:53,Harheim,50.062967,8.582957,Adrian-Kranz-Gasse,Hoch,Ermittlung läuft,Patrouille,,3,14343.72,0,8
AZ-2025-004994,Einbruchdiebstahl,2025-11-04,16:25,Harheim,50.078727,8.63668,Margarete-Kraushaar-Weg,Hoch,Ermittlung läuft,Zeuge,,2,44224.21,3,13
AZ-2023-004995,Bedrohung,2025-05-13,14:15,Niederursel,50.081393,8.575652,Nadine-Hauffer-Allee,Dringend,Gerichtlich,Anonym,2025-11-11,2,4431.1,1,12
AZ-2024-004996,Unterschlagung,2023-08-12,17:26,Dornbusch,50.167541,8.600203,Carla-Ritter-Gasse,Hoch,Abgeschlossen,Notruf,2023-08-31,4,3169.21,2,11
AZ-2024-004997,Betrug,2025-02-10,16:53,Hausen,50.048046,8.772799,Friedhilde-Mülichen-Weg,Hoch,Abgeschlossen,Opfer,2025-11-27,2,9240.54,4,15
AZ-2024-004998,Hausfriedensbruch,2023-01-24,00:21,Bockenheim,50.029776,8.540784,Holzapfelweg,Mittel,Ermittlung läuft,Patrouille,,4,0.0,1,3
AZ-2024-004999,Einbruchdiebstahl,2023-05-14,20:16,Sossenheim,50.113749,8.788623,Mendeweg,Mittel,Ermittlung läuft,Notruf,,1,39160.0,3,3
AZ-2023-005000,Hausfriedensbruch,2023-12-15,02:49,Gallus,50.099997,8.621162,Hatice-Noack-Weg,Mittel,Abgeschlossen,Zeuge,2024-02-24,1,5647.88,5,7
